appearance_id,game_id,player_id,player_club_id,player_current_club_id,date,player_name,competition_id,yellow_cards,red_cards,goals,assists,minutes_played
2224728_1197,2224728,1197,678,678,2012-07-13,Peter Graulund,DK1,1,0,0,0,64
2222960_1716,2222960,1716,6996,6996,2012-07-14,David Odonkor,UKR1,0,0,0,1,27
2245041_2050,2245041,2050,2698,24,2012-07-14,Nelson Valdez,RUSS,0,0,0,0,26
2224729_1725,2224729,1725,173,173,2012-07-15,Jesper Christiansen,DK1,0,0,0,0,90
2224729_2703,2224729,2703,173,173,2012-07-15,Morten Skoubo,DK1,0,0,0,0,7
2224733_1423,2224733,1423,190,855,2012-07-15,Lars Jacobsen,DK1,0,0,0,0,90
2224731_1606,2224731,1606,2414,2414,2012-07-16,Morten Rasmussen,DK1,0,0,0,0,90
2222360_109,2222360,109,825,825,2012-07-19,Dedê,ELQ,0,0,0,0,90
2232104_1197,2232104,1197,678,678,2012-07-19,Peter Graulund,ELQ,0,0,0,0,59
2224561_1606,2224561,1606,2414,2414,2012-07-20,Morten Rasmussen,DK1,0,0,0,0,90
2222590_1331,2222590,1331,121,533,2012-07-21,Kevin Kuranyi,RU1,0,0,0,0,90
2222590_2309,2222590,2309,121,121,2012-07-21,Zvjezdan Misimovic,RU1,0,0,0,0,90
2222590_3321,2222590,3321,121,3725,2012-07-21,Luke Wilkshire,RU1,0,0,0,0,90
2222977_1716,2222977,1716,6996,6996,2012-07-21,David Odonkor,UKR1,0,0,0,0,56
2224564_1725,2224564,1725,173,173,2012-07-22,Jesper Christiansen,DK1,0,0,0,0,90
2224564_2703,2224564,2703,173,173,2012-07-22,Morten Skoubo,DK1,0,0,0,0,18
2224569_1423,2224569,1423,190,855,2012-07-22,Lars Jacobsen,DK1,0,0,0,0,90
2222591_2050,2222591,2050,2698,24,2012-07-23,Nelson Valdez,RU1,0,0,0,0,45
2224568_1197,2224568,1197,678,678,2012-07-23,Peter Graulund,DK1,1,0,0,0,37
2222361_109,2222361,109,825,825,2012-07-26,Dedê,ELQ,0,0,0,0,90
2244352_1197,2244352,1197,678,678,2012-07-26,Peter Graulund,ELQ,1,0,0,0,47
2222972_1716,2222972,1716,6996,6996,2012-07-27,David Odonkor,UKR1,0,0,0,1,61
2224573_1606,2224573,1606,2414,2414,2012-07-27,Morten Rasmussen,DK1,0,0,0,0,90
2222607_1331,2222607,1331,121,533,2012-07-28,Kevin Kuranyi,RU1,0,0,0,0,90
2222607_2309,2222607,2309,121,121,2012-07-28,Zvjezdan Misimovic,RU1,1,0,0,0,90
2222607_3321,2222607,3321,121,3725,2012-07-28,Luke Wilkshire,RU1,0,0,0,0,90
2224571_1423,2224571,1423,190,855,2012-07-28,Lars Jacobsen,DK1,0,0,0,0,90
2244655_3165,2244655,3165,1041,141,2012-07-28,Cris,FRCH,0,0,0,0,90
2222613_2050,2222613,2050,2698,24,2012-07-29,Nelson Valdez,RU1,1,0,0,0,69
2224567_1197,2224567,1197,678,678,2012-07-29,Peter Graulund,DK1,0,0,0,0,34
2224574_1725,2224574,1725,173,173,2012-07-29,Jesper Christiansen,DK1,0,0,0,0,90
2224574_2703,2224574,2703,173,173,2012-07-29,Morten Skoubo,DK1,0,0,0,0,76
2246628_1423,2246628,1423,190,855,2012-08-01,Lars Jacobsen,CLQ,0,0,0,0,90
2246628_3354,2246628,3354,2282,2282,2012-08-01,Jonathan Blondel,CLQ,1,0,0,0,90
2246606_1606,2246606,1606,2414,2414,2012-08-02,Morten Rasmussen,ELQ,0,0,0,0,90
2246609_1161,2246609,1161,46,46,2012-08-02,Javier Zanetti,ELQ,0,0,0,0,90
2246614_1331,2246614,1331,121,533,2012-08-02,Kevin Kuranyi,ELQ,0,0,0,1,90
2246614_2309,2246614,2309,121,121,2012-08-02,Zvjezdan Misimovic,ELQ,0,0,0,0,90
2246614_3321,2246614,3321,121,3725,2012-08-02,Luke Wilkshire,ELQ,0,0,0,0,90
2247085_3170,2247085,3170,499,1304,2012-08-02,Simon Cziommer,ELQ,0,0,0,0,12
2247088_1335,2247088,1335,42,42,2012-08-02,Steven Cherundolo,ELQ,0,0,0,0,90
2247088_1587,2247088,1587,42,42,2012-08-02,Mario Eggimann,ELQ,0,0,0,0,90
2247088_277,2247088,277,42,3368,2012-08-02,Sérgio da Silva Pinto,ELQ,0,0,0,0,90
2247088_2805,2247088,2805,42,42,2012-08-02,Christian Pander,ELQ,0,0,1,0,90
2247088_3114,2247088,3114,42,42,2012-08-02,Jan Schlaudraff,ELQ,0,0,0,0,79
2247091_3109,2247091,3109,31,31,2012-08-02,Steven Gerrard,ELQ,0,0,0,0,90
2247094_109,2247094,109,825,825,2012-08-02,Dedê,ELQ,0,0,0,1,90
2222993_1716,2222993,1716,6996,6996,2012-08-03,David Odonkor,UKR1,1,0,0,0,85
2224576_1725,2224576,1725,173,173,2012-08-03,Jesper Christiansen,DK1,0,0,0,0,90
2224576_2703,2224576,2703,173,173,2012-08-03,Morten Skoubo,DK1,1,0,1,0,22
2229922_3354,2229922,3354,2282,2282,2012-08-04,Jonathan Blondel,BE1,0,0,0,0,90
2230285_3251,2230285,3251,370,370,2012-08-04,Stephen Hughes,SC1,0,0,0,0,90
2222633_1331,2222633,1331,121,533,2012-08-05,Kevin Kuranyi,RU1,1,0,0,0,90
2222633_2309,2222633,2309,121,121,2012-08-05,Zvjezdan Misimovic,RU1,0,0,0,0,56
2222633_3321,2222633,3321,121,3725,2012-08-05,Luke Wilkshire,RU1,1,0,0,0,90
2230286_3322,2230286,3322,903,903,2012-08-05,Ben Williams,SC1,0,0,0,0,90
2224575_1606,2224575,1606,2414,2414,2012-08-06,Morten Rasmussen,DK1,0,0,0,0,90
2246639_1423,2246639,1423,190,855,2012-08-08,Lars Jacobsen,CLQ,1,0,0,0,90
2246639_3354,2246639,3354,2282,2282,2012-08-08,Jonathan Blondel,CLQ,0,0,0,0,90
2246604_1161,2246604,1161,46,46,2012-08-09,Javier Zanetti,ELQ,0,0,0,0,90
2246611_1606,2246611,1606,2414,2414,2012-08-09,Morten Rasmussen,ELQ,0,0,0,0,90
2246615_1331,2246615,1331,121,533,2012-08-09,Kevin Kuranyi,ELQ,0,0,0,0,90
2246615_2309,2246615,2309,121,121,2012-08-09,Zvjezdan Misimovic,ELQ,0,0,0,1,90
2246615_3321,2246615,3321,121,3725,2012-08-09,Luke Wilkshire,ELQ,0,0,0,0,90
2246652_1560,2246652,1560,306,306,2012-08-09,Youssef El Akchaoui,ELQ,0,0,0,0,16
2247100_1335,2247100,1335,42,42,2012-08-09,Steven Cherundolo,ELQ,0,0,0,0,90
2247100_1586,2247100,1586,42,42,2012-08-09,Christian Schulz,ELQ,0,0,0,0,39
2247100_1587,2247100,1587,42,42,2012-08-09,Mario Eggimann,ELQ,0,0,1,0,51
2247100_277,2247100,277,42,3368,2012-08-09,Sérgio da Silva Pinto,ELQ,0,0,0,0,64
2247101_109,2247101,109,825,825,2012-08-09,Dedê,ELQ,0,0,0,0,90
2247106_3170,2247106,3170,499,1304,2012-08-09,Simon Cziommer,ELQ,2,0,0,0,59
2247107_3109,2247107,3109,31,31,2012-08-09,Steven Gerrard,ELQ,0,0,1,0,90
2224593_1725,2224593,1725,173,173,2012-08-10,Jesper Christiansen,DK1,0,0,0,0,41
2224593_2703,2224593,2703,173,173,2012-08-10,Morten Skoubo,DK1,0,0,1,0,10
2250168_2048,2250168,2048,403,403,2012-08-10,Philipp Haastrup,NL1,0,0,0,0,90
2218677_2865,2218677,2865,506,167,2012-08-11,Stephan Lichtsteiner,SCI,1,0,0,0,89
2218677_77,2218677,77,506,506,2012-08-11,Lúcio,SCI,0,0,0,0,120
2222995_1716,2222995,1716,6996,6996,2012-08-11,David Odonkor,UKR1,0,0,0,0,90
2224737_3354,2224737,3354,2282,2282,2012-08-11,Jonathan Blondel,BE1,0,0,0,0,90
2227442_3251,2227442,3251,370,370,2012-08-11,Stephen Hughes,SC1,0,0,0,0,79
2229835_2878,2229835,2878,750,750,2012-08-11,Yassin Mikari,FR1,0,0,0,0,45
2229836_3165,2229836,3165,1041,141,2012-08-11,Cris,FR1,0,0,0,0,90
2229839_3266,2229839,3266,1158,1158,2012-08-11,Jérémie Aliadière,FR1,0,0,1,0,90
2222623_1331,2222623,1331,121,533,2012-08-12,Kevin Kuranyi,RU1,0,0,0,0,90
2222623_2050,2222623,2050,2698,24,2012-08-12,Nelson Valdez,RU1,0,0,0,0,73
2222623_2309,2222623,2309,121,121,2012-08-12,Zvjezdan Misimovic,RU1,0,0,0,0,80
2222623_3321,2222623,3321,121,3725,2012-08-12,Luke Wilkshire,RU1,1,0,0,0,90
2224582_1197,2224582,1197,678,678,2012-08-12,Peter Graulund,DK1,0,0,0,0,24
2224582_1423,2224582,1423,190,855,2012-08-12,Lars Jacobsen,DK1,0,0,0,0,90
2224585_1606,2224585,1606,2414,2414,2012-08-12,Morten Rasmussen,DK1,0,0,0,0,90
2227436_3322,2227436,3322,903,903,2012-08-12,Ben Williams,SC1,0,0,0,0,90
2229332_2219,2229332,2219,27,27,2012-08-12,Philipp Lahm,DFL,0,0,0,0,90
2229332_26,2229332,26,16,16,2012-08-12,Roman Weidenfeller,DFL,0,0,0,0,90
2236593_3160,2236593,3160,631,631,2012-08-12,John Terry,GBCS,0,0,0,0,90
2236593_3163,2236593,3163,631,281,2012-08-12,Frank Lampard,GBCS,1,0,0,0,90
2236593_3182,2236593,3182,631,12,2012-08-12,Ashley Cole,GBCS,1,0,0,0,90
2236593_3333,2236593,3333,281,1237,2012-08-12,James Milner,GBCS,0,0,0,1,90
2250174_3170,2250174,3170,499,1304,2012-08-12,Simon Cziommer,NL1,0,0,0,0,68
2250175_1560,2250175,1560,306,306,2012-08-12,Youssef El Akchaoui,NL1,0,0,0,0,57
2250175_3395,2250175,3395,467,132,2012-08-12,Gábor Babos,NL1,0,0,0,0,90
2221769_557,2221769,557,167,167,2012-08-17,Simon Jentzsch,DFB,0,0,0,0,90
2243774_109,2243774,109,825,825,2012-08-17,Dedê,TR1,0,0,0,0,90
2243774_1896,2243774,1896,19771,19771,2012-08-17,Ahmet Cebe,TR1,1,0,0,0,90
2221749_26,2221749,26,16,16,2012-08-18,Roman Weidenfeller,DFB,0,0,0,0,90
2221749_410,2221749,410,16,16,2012-08-18,Sebastian Kehl,DFB,0,0,0,0,90
2221753_1426,2221753,1426,79,79,2012-08-18,Cacau,DFB,0,0,0,1,45
2221753_264,2221753,264,79,79,2012-08-18,Tamás Hajnal,DFB,0,0,0,0,90
2221758_1094,2221758,1094,82,4,2012-08-18,Emanuel Pogatetz,DFB,0,0,0,1,90
2221760_1073,2221760,1073,15,16,2012-08-18,Manuel Friedrich,DFB,0,0,0,0,90
2221760_691,2221760,691,15,15,2012-08-18,Simon Rolfes,DFB,0,0,1,0,90
2221762_1474,2221762,1474,533,533,2012-08-18,Tim Wiese,DFB,0,0,0,0,90
2221764_1116,2221764,1116,65,65,2012-08-18,Thomas Kleine,DFB,0,0,0,0,90
2221764_258,2221764,258,65,33,2012-08-18,Gerald Asamoah,DFB,0,0,0,0,67
2221768_1428,2221768,1428,18,60,2012-08-18,Mike Hanke,DFB,0,0,0,0,9
2221768_568,2221768,568,18,18,2012-08-18,Martin Stranzl,DFB,0,0,0,0,90
2223001_1716,2223001,1716,6996,6996,2012-08-18,David Odonkor,UKR1,0,0,0,0,90
2224590_1423,2224590,1423,190,855,2012-08-18,Lars Jacobsen,DK1,0,0,0,0,90
2224739_3354,2224739,3354,2282,2282,2012-08-18,Jonathan Blondel,BE1,0,0,1,0,90
2227437_3322,2227437,3322,903,903,2012-08-18,Ben Williams,SC1,0,0,0,0,90
2227441_3251,2227441,3251,370,370,2012-08-18,Stephen Hughes,SC1,0,0,0,0,90
2229838_3165,2229838,3165,1041,141,2012-08-18,Cris,FR1,0,0,0,0,85
2229848_3266,2229848,3266,1158,1158,2012-08-18,Jérémie Aliadière,FR1,0,0,1,0,90
2230141_3156,2230141,3156,148,148,2012-08-18,William Gallas,GB1,0,0,0,0,90
2230142_1368,2230142,1368,379,1519,2012-08-18,Guy Demel,GB1,0,0,0,0,90
2230142_3146,2230142,3146,405,512,2012-08-18,Shay Given,GB1,0,0,0,0,90
2230142_3179,2230142,3179,379,371,2012-08-18,Carlton Cole,GB1,0,0,0,0,81
2230143_2998,2230143,2998,512,1003,2012-08-18,Robert Huth,GB1,0,0,0,0,90
2230143_3306,2230143,3306,512,1132,2012-08-18,Jonathan Walters,GB1,0,0,0,0,90
2230147_1662,2230147,1662,931,33,2012-08-18,Sascha Riether,GB1,0,0,0,0,90
2230147_2874,2230147,2874,931,265,2012-08-18,Mladen Petric,GB1,0,0,2,1,67
2230147_3220,2230147,3220,931,931,2012-08-18,John Arne Riise,GB1,0,0,0,1,90
2230147_3259,2230147,3259,931,931,2012-08-18,Damien Duff,GB1,0,0,1,1,74
2230147_3357,2230147,3357,931,1003,2012-08-18,Mark Schwarzer,GB1,0,0,0,0,90
2230149_3109,2230149,3109,31,31,2012-08-18,Steven Gerrard,GB1,0,0,0,0,90
2243767_3059,2243767,3059,524,524,2012-08-18,Ekrem Dag,TR1,0,0,0,0,31
2243768_3132,2243768,3132,1506,126,2012-08-18,Florin Cernat,TR1,1,0,0,1,90
2243768_831,2243768,831,1506,1506,2012-08-18,Selim Teber,TR1,0,0,0,0,73
2243770_2899,2243770,2899,2292,2292,2012-08-18,Hervé Tum,TR1,1,0,1,0,87
2244383_2963,2244383,2963,1084,714,2012-08-18,Martín Demichelis,ES1,0,0,0,0,90
2244383_3172,2244383,3172,940,940,2012-08-18,Quique de Lucas,ES1,0,0,0,0,90
2244384_2623,2244384,2623,368,167,2012-08-18,Piotr Trochowski,ES1,0,0,0,0,82
2250179_3170,2250179,3170,499,1304,2012-08-18,Simon Cziommer,NL1,1,0,0,0,43
2250181_1560,2250181,1560,306,306,2012-08-18,Youssef El Akchaoui,NL1,0,0,0,0,90
2221641_1335,2221641,1335,42,42,2012-08-19,Steven Cherundolo,DFB,0,0,0,0,62
2221641_277,2221641,277,42,3368,2012-08-19,Sérgio da Silva Pinto,DFB,0,0,2,1,90
2221641_2805,2221641,2805,42,42,2012-08-19,Christian Pander,DFB,0,0,0,1,90
2221641_3114,2221641,3114,42,42,2012-08-19,Jan Schlaudraff,DFB,0,0,2,1,90
2221754_1726,2221754,1726,41,610,2012-08-19,Heiko Westermann,DFB,0,0,0,0,90
2221754_1784,2221754,1784,41,39,2012-08-19,René Adler,DFB,0,0,0,0,90
2221761_1139,2221761,1139,39,39,2012-08-19,Nikolce Noveski,DFB,0,0,0,0,90
2221761_1363,2221761,1363,39,33,2012-08-19,Christian Wetklo,DFB,0,0,0,0,90
2221761_2923,2221761,2923,39,3368,2012-08-19,Andreas Ivanschitz,DFB,0,0,0,2,72
2221763_1277,2221763,1277,86,86,2012-08-19,Clemens Fritz,DFB,0,0,0,0,65
2221765_1496,2221765,1496,24,24,2012-08-19,Heiko Butscher,DFB,0,0,0,0,45
2221765_1565,2221765,1565,24,24,2012-08-19,Alexander Meier,DFB,0,0,0,0,90
2221765_332,2221765,332,24,24,2012-08-19,Benjamin Köhler,DFB,0,0,0,0,45
2221765_447,2221765,447,24,24,2012-08-19,Oka Nikolov,DFB,0,0,0,0,70
2221766_1075,2221766,1075,38,121,2012-08-19,Andriy Voronin,DFB,0,0,0,0,90
2221766_1568,2221766,1568,38,38,2012-08-19,Stefan Reisinger,DFB,0,0,1,0,90
2221766_2712,2221766,2712,38,38,2012-08-19,Nando Rafael,DFB,0,0,0,0,1
2221766_886,2221766,886,38,38,2012-08-19,Jens Langeneke,DFB,1,0,0,0,90
2221771_1150,2221771,1150,4,4,2012-08-19,Raphael Schäfer,DFB,0,0,0,0,120
2221771_823,2221771,823,4,4,2012-08-19,Hanno Balitsch,DFB,0,0,0,0,72
2221775_598,2221775,598,33,24,2012-08-19,Timo Hildebrand,DFB,0,0,0,0,90
2222608_1331,2222608,1331,121,533,2012-08-19,Kevin Kuranyi,RU1,2,0,0,0,90
2222608_2309,2222608,2309,121,121,2012-08-19,Zvjezdan Misimovic,RU1,0,0,0,0,85
2222608_3321,2222608,3321,121,3725,2012-08-19,Luke Wilkshire,RU1,0,0,0,0,45
2224591_1197,2224591,1197,678,678,2012-08-19,Peter Graulund,DK1,0,0,0,0,19
2224592_1606,2224592,1606,2414,2414,2012-08-19,Morten Rasmussen,DK1,0,0,0,0,90
2230148_3160,2230148,3160,631,631,2012-08-19,John Terry,GB1,0,0,0,0,90
2230148_3163,2230148,3163,631,281,2012-08-19,Frank Lampard,GB1,1,0,1,0,90
2230148_3182,2230148,3182,631,12,2012-08-19,Ashley Cole,GB1,0,0,0,0,90
2243771_3256,2243771,3256,114,15,2012-08-19,Roberto Hilbert,TR1,1,0,0,0,90
2243775_2148,2243775,2148,3216,2944,2012-08-19,Erdal Kilicaslan,TR1,0,0,0,0,2
2244382_2050,2244382,2050,1049,24,2012-08-19,Nelson Valdez,ES1,0,0,0,0,9
2250182_2048,2250182,2048,403,403,2012-08-19,Philipp Haastrup,NL1,1,0,0,0,90
2250185_3395,2250185,3395,467,132,2012-08-19,Gábor Babos,NL1,0,0,0,0,90
2221759_2219,2221759,2219,27,27,2012-08-20,Philipp Lahm,DFB,0,0,0,0,90
2221759_2514,2221759,2514,27,985,2012-08-20,Bastian Schweinsteiger,DFB,0,0,0,0,15
2221759_532,2221759,532,27,86,2012-08-20,Claudio Pizarro,DFB,0,0,1,0,9
2224540_2703,2224540,2703,173,173,2012-08-20,Morten Skoubo,DK1,0,0,0,0,13
2230144_3332,2230144,3332,985,985,2012-08-20,Wayne Rooney,GB1,0,0,0,0,90
2230144_3356,2230144,3356,29,989,2012-08-20,Sylvain Distin,GB1,0,0,0,0,90
2230144_3397,2230144,3397,985,985,2012-08-20,Paul Scholes,GB1,1,0,0,0,90
2230144_3404,2230144,3404,29,29,2012-08-20,Phil Neville,GB1,0,0,0,0,90
2243769_1792,2243769,1792,141,105,2012-08-20,Hamit Altintop,TR1,0,0,0,0,74
2243769_1841,2243769,1841,10484,10484,2012-08-20,Ali Bilgin,TR1,1,0,0,0,18
2243769_299,2243769,299,10484,10484,2012-08-20,Fabian Ernst,TR1,0,0,0,0,62
2243769_325,2243769,325,141,141,2012-08-20,Tomas Ujfalusi,TR1,0,0,0,0,90
2243773_755,2243773,755,589,589,2012-08-20,Deniz Baris,TR1,0,0,0,0,90
2243773_933,2243773,933,589,2293,2012-08-20,Ugur Inceman,TR1,1,0,1,0,90
2254401_3270,2254401,3270,36,1123,2012-08-21,Joseph Yobo,CLQ,0,0,0,0,90
2254405_1428,2254405,1428,18,60,2012-08-21,Mike Hanke,CLQ,0,0,0,0,21
2254405_568,2254405,568,18,18,2012-08-21,Martin Stranzl,CLQ,0,0,0,0,90
2254408_1423,2254408,1423,190,855,2012-08-21,Lars Jacobsen,CLQ,0,0,0,1,90
2225459_3160,2225459,3160,631,631,2012-08-22,John Terry,GB1,0,0,0,0,90
2225459_3163,2225459,3163,631,281,2012-08-22,Frank Lampard,GB1,0,0,1,0,90
2225459_3182,2225459,3182,631,12,2012-08-22,Ashley Cole,GB1,0,0,0,1,90
2254403_2963,2254403,2963,1084,714,2012-08-22,Martín Demichelis,CLQ,0,0,1,0,90
2254930_1331,2254930,1331,121,533,2012-08-22,Kevin Kuranyi,ELQ,0,0,0,0,75
2254930_1426,2254930,1426,79,79,2012-08-22,Cacau,ELQ,0,0,0,0,13
2254930_2309,2254930,2309,121,121,2012-08-22,Zvjezdan Misimovic,ELQ,0,0,0,0,38
2254930_264,2254930,264,79,79,2012-08-22,Tamás Hajnal,ELQ,0,0,0,0,77
2254930_3321,2254930,3321,121,3725,2012-08-22,Luke Wilkshire,ELQ,1,0,0,0,90
2254938_1161,2254938,1161,46,46,2012-08-23,Javier Zanetti,ELQ,0,0,0,0,90
2254956_1606,2254956,1606,2414,2414,2012-08-23,Morten Rasmussen,ELQ,0,0,0,0,90
2254962_1791,2254962,1791,449,167,2012-08-23,Halil Altintop,ELQ,0,0,0,0,90
2254965_10,2254965,10,398,398,2012-08-23,Miroslav Klose,ELQ,1,0,1,0,83
2254970_1560,2254970,1560,306,306,2012-08-23,Youssef El Akchaoui,ELQ,0,0,0,0,90
2254972_2233,2254972,2233,3368,3368,2012-08-23,Christian Lell,ELQ,0,0,0,2,90
2254976_3354,2254976,3354,2282,2282,2012-08-23,Jonathan Blondel,ELQ,0,0,1,1,90
2254990_1335,2254990,1335,42,42,2012-08-23,Steven Cherundolo,ELQ,0,0,0,1,90
2254990_277,2254990,277,42,3368,2012-08-23,Sérgio da Silva Pinto,ELQ,0,0,0,0,90
2254990_2805,2254990,2805,42,42,2012-08-23,Christian Pander,ELQ,0,0,0,1,90
2254990_3114,2254990,3114,42,42,2012-08-23,Jan Schlaudraff,ELQ,0,0,1,1,85
2222535_1277,2222535,1277,86,86,2012-08-24,Clemens Fritz,L1,0,0,0,0,90
2222535_2150,2222535,2150,16,16,2012-08-24,Oliver Kirch,L1,0,0,0,0,82
2222535_26,2222535,26,16,16,2012-08-24,Roman Weidenfeller,L1,0,0,0,0,90
2222535_410,2222535,410,16,16,2012-08-24,Sebastian Kehl,L1,1,0,0,0,90
2243780_2587,2243780,2587,10484,524,2012-08-24,Elyasa Süme,TR1,0,0,0,0,90
2243780_299,2243780,299,10484,10484,2012-08-24,Fabian Ernst,TR1,0,0,0,0,90
2243780_3132,2243780,3132,1506,126,2012-08-24,Florin Cernat,TR1,0,0,1,0,90
2243780_831,2243780,831,1506,1506,2012-08-24,Selim Teber,TR1,0,0,0,0,32
2222537_1428,2222537,1428,18,60,2012-08-25,Mike Hanke,L1,0,0,1,0,74
2222537_1474,2222537,1474,533,533,2012-08-25,Tim Wiese,L1,0,0,0,0,90
2222537_568,2222537,568,18,18,2012-08-25,Martin Stranzl,L1,0,0,0,0,90
2222538_1094,2222538,1094,82,4,2012-08-25,Emanuel Pogatetz,L1,0,0,0,0,90
2222538_1426,2222538,1426,79,79,2012-08-25,Cacau,L1,0,0,0,0,27
2222538_1667,2222538,1667,82,162,2012-08-25,Diego Benaglio,L1,0,0,0,0,90
2222538_264,2222538,264,79,79,2012-08-25,Tamás Hajnal,L1,0,0,0,0,45
2222539_1139,2222539,1139,39,39,2012-08-25,Nikolce Noveski,L1,0,0,0,0,90
2222539_1363,2222539,1363,39,33,2012-08-25,Christian Wetklo,L1,0,0,0,0,90
2222539_2923,2222539,2923,39,3368,2012-08-25,Andreas Ivanschitz,L1,0,0,1,0,71
2222540_1075,2222540,1075,38,121,2012-08-25,Andriy Voronin,L1,0,0,0,0,90
2222540_2712,2222540,2712,38,38,2012-08-25,Nando Rafael,L1,0,0,0,0,60
2222540_557,2222540,557,167,167,2012-08-25,Simon Jentzsch,L1,0,0,0,0,90
2222540_886,2222540,886,38,38,2012-08-25,Jens Langeneke,L1,0,0,0,0,90
2222541_1150,2222541,1150,4,4,2012-08-25,Raphael Schäfer,L1,0,0,0,0,90
2222541_1726,2222541,1726,41,610,2012-08-25,Heiko Westermann,L1,1,0,0,0,90
2222541_1784,2222541,1784,41,39,2012-08-25,René Adler,L1,0,0,0,0,90
2222541_823,2222541,823,4,4,2012-08-25,Hanno Balitsch,L1,1,0,1,0,90
2222542_1565,2222542,1565,24,24,2012-08-25,Alexander Meier,L1,0,0,0,0,90
2222542_332,2222542,332,24,24,2012-08-25,Benjamin Köhler,L1,0,0,0,0,2
2222542_691,2222542,691,15,15,2012-08-25,Simon Rolfes,L1,0,0,0,0,90
2222543_1116,2222543,1116,65,65,2012-08-25,Thomas Kleine,L1,1,0,0,0,90
2222543_2219,2222543,2219,27,27,2012-08-25,Philipp Lahm,L1,0,0,0,0,90
2222543_2514,2222543,2514,27,985,2012-08-25,Bastian Schweinsteiger,L1,0,0,0,0,18
2222543_532,2222543,532,27,86,2012-08-25,Claudio Pizarro,L1,0,0,0,0,9
2223007_1716,2223007,1716,6996,6996,2012-08-25,David Odonkor,UKR1,0,0,0,0,90
2225444_1327,2225444,1327,379,1159,2012-08-25,Alou Diarra,GB1,0,0,0,0,21
2225444_1368,2225444,1368,379,1519,2012-08-25,Guy Demel,GB1,0,0,0,0,90
2225444_3179,2225444,3179,379,371,2012-08-25,Carlton Cole,GB1,1,0,0,0,62
2225445_3146,2225445,3146,405,512,2012-08-25,Shay Given,GB1,0,0,0,0,90
2225445_3356,2225445,3356,29,989,2012-08-25,Sylvain Distin,GB1,0,0,0,0,90
2225445_3404,2225445,3404,29,29,2012-08-25,Phil Neville,GB1,0,0,0,0,90
2225447_1662,2225447,1662,931,33,2012-08-25,Sascha Riether,GB1,0,0,0,0,90
2225447_2874,2225447,2874,931,265,2012-08-25,Mladen Petric,GB1,0,0,0,0,73
2225447_3259,2225447,3259,931,931,2012-08-25,Damien Duff,GB1,0,0,1,0,90
2225447_3332,2225447,3332,985,985,2012-08-25,Wayne Rooney,GB1,0,0,0,0,22
2225447_3357,2225447,3357,931,1003,2012-08-25,Mark Schwarzer,GB1,0,0,0,0,90
2225447_3406,2225447,3406,985,985,2012-08-25,Ryan Giggs,GB1,0,0,0,0,9
2225448_3156,2225448,3156,148,148,2012-08-25,William Gallas,GB1,0,0,0,0,90
2225449_3163,2225449,3163,631,281,2012-08-25,Frank Lampard,GB1,0,0,0,0,3
2225449_3182,2225449,3182,631,12,2012-08-25,Ashley Cole,GB1,0,0,0,0,90
2227448_3322,2227448,3322,903,903,2012-08-25,Ben Williams,SC1,0,0,0,0,90
2242827_3172,2242827,3172,940,940,2012-08-25,Quique de Lucas,ES1,0,0,1,0,56
2242832_2963,2242832,2963,1084,714,2012-08-25,Martín Demichelis,ES1,1,0,0,0,90
2243777_1896,2243777,1896,19771,19771,2012-08-25,Ahmet Cebe,TR1,0,0,0,0,90
2243781_3059,2243781,3059,524,524,2012-08-25,Ekrem Dag,TR1,0,0,0,0,18
2243781_3270,2243781,3270,36,1123,2012-08-25,Joseph Yobo,TR1,0,0,0,0,90
2243784_109,2243784,109,825,825,2012-08-25,Dedê,TR1,0,0,0,0,90
2251267_2865,2251267,2865,506,167,2012-08-25,Stephan Lichtsteiner,IT1,0,0,1,0,78
2222536_1321,2222536,1321,33,114,2012-08-26,Jermaine Jones,L1,1,0,0,1,90
2222536_1335,2222536,1335,42,42,2012-08-26,Steven Cherundolo,L1,0,0,0,0,90
2222536_1587,2222536,1587,42,42,2012-08-26,Mario Eggimann,L1,0,0,0,0,90
2222536_277,2222536,277,42,3368,2012-08-26,Sérgio da Silva Pinto,L1,0,0,0,0,69
2222536_2805,2222536,2805,42,42,2012-08-26,Christian Pander,L1,0,0,0,1,90
2222536_3114,2222536,3114,42,42,2012-08-26,Jan Schlaudraff,L1,0,0,0,1,90
2222536_598,2222536,598,33,24,2012-08-26,Timo Hildebrand,L1,0,0,0,0,90
2224547_2703,2224547,2703,173,173,2012-08-26,Morten Skoubo,DK1,0,0,0,0,90
2224752_3354,2224752,3354,2282,2282,2012-08-26,Jonathan Blondel,BE1,1,0,0,0,90
2225451_2998,2225451,2998,512,1003,2012-08-26,Robert Huth,GB1,1,0,0,0,90
2225451_3195,2225451,3195,512,512,2012-08-26,Jermaine Pennant,GB1,0,0,0,0,65
2225451_3306,2225451,3306,512,1132,2012-08-26,Jonathan Walters,GB1,0,0,0,0,90
2225452_3109,2225452,3109,31,31,2012-08-26,Steven Gerrard,GB1,0,0,0,1,90
2225452_3202,2225452,3202,281,371,2012-08-26,Kolo Touré,GB1,0,0,0,0,90
2225452_3333,2225452,3333,281,1237,2012-08-26,James Milner,GB1,0,0,0,0,76
2242835_2623,2242835,2623,368,167,2012-08-26,Piotr Trochowski,ES1,0,0,0,1,90
2243776_1791,2243776,1791,449,167,2012-08-26,Halil Altintop,TR1,0,0,0,0,23
2243776_2899,2243776,2899,2292,2292,2012-08-26,Hervé Tum,TR1,0,0,0,0,90
2243783_1792,2243783,1792,141,105,2012-08-26,Hamit Altintop,TR1,0,0,0,0,59
2243783_325,2243783,325,141,141,2012-08-26,Tomas Ujfalusi,TR1,0,0,0,0,90
2243783_3256,2243783,3256,114,15,2012-08-26,Roberto Hilbert,TR1,0,0,0,0,90
2250191_1560,2250191,1560,306,306,2012-08-26,Youssef El Akchaoui,NL1,0,0,0,0,90
2250192_2048,2250192,2048,403,403,2012-08-26,Philipp Haastrup,NL1,1,0,0,0,90
2250192_3170,2250192,3170,499,1304,2012-08-26,Simon Cziommer,NL1,0,0,0,0,29
2250193_3395,2250193,3395,467,132,2012-08-26,Gábor Babos,NL1,1,0,0,0,90
2250480_3201,2250480,3201,3060,265,2012-08-26,Stathis Tavlaridis,GR1,1,0,0,0,90
2251263_10,2251263,10,398,398,2012-08-26,Miroslav Klose,IT1,1,0,0,0,90
2251264_2926,2251264,2926,1025,105,2012-08-26,György Garics,IT1,0,0,0,0,68
2251271_1161,2251271,1161,46,46,2012-08-26,Javier Zanetti,IT1,0,0,0,0,90
2224542_1606,2224542,1606,2414,2414,2012-08-27,Morten Rasmussen,DK1,1,0,0,0,90
2242830_2233,2242830,2233,3368,3368,2012-08-27,Christian Lell,ES1,0,0,0,0,90
2243778_755,2243778,755,589,589,2012-08-27,Deniz Baris,TR1,0,0,0,0,90
2243778_933,2243778,933,589,2293,2012-08-27,Ugur Inceman,TR1,0,0,0,0,90
2254404_2963,2254404,2963,1084,714,2012-08-28,Martín Demichelis,CLQ,0,0,0,0,90
2254931_1331,2254931,1331,121,533,2012-08-28,Kevin Kuranyi,ELQ,0,0,0,0,68
2254931_1426,2254931,1426,79,79,2012-08-28,Cacau,ELQ,0,0,0,0,12
2254931_2309,2254931,2309,121,121,2012-08-28,Zvjezdan Misimovic,ELQ,0,0,0,0,22
2254931_264,2254931,264,79,79,2012-08-28,Tamás Hajnal,ELQ,0,0,0,1,90
2254402_3270,2254402,3270,36,1123,2012-08-29,Joseph Yobo,CLQ,0,0,0,0,90
2254406_1428,2254406,1428,18,60,2012-08-29,Mike Hanke,CLQ,0,0,0,0,59
2254406_568,2254406,568,18,18,2012-08-29,Martin Stranzl,CLQ,0,0,0,0,90
2254407_1423,2254407,1423,190,855,2012-08-29,Lars Jacobsen,CLQ,0,0,0,0,120
2254939_1161,2254939,1161,46,46,2012-08-30,Javier Zanetti,ELQ,0,0,0,0,90
2254947_1613,2254947,1613,1091,855,2012-08-30,Vivian,ELQ,0,0,0,0,90
2254953_3109,2254953,3109,31,31,2012-08-30,Steven Gerrard,ELQ,0,0,0,0,90
2254957_1606,2254957,1606,2414,2414,2012-08-30,Morten Rasmussen,ELQ,0,0,0,0,90
2254971_1560,2254971,1560,306,306,2012-08-30,Youssef El Akchaoui,ELQ,0,0,0,0,71
2254977_3354,2254977,3354,2282,2282,2012-08-30,Jonathan Blondel,ELQ,0,0,0,0,61
2254991_1335,2254991,1335,42,42,2012-08-30,Steven Cherundolo,ELQ,0,0,0,0,70
2254991_1586,2254991,1586,42,42,2012-08-30,Christian Schulz,ELQ,0,0,0,1,39
2254991_1587,2254991,1587,42,42,2012-08-30,Mario Eggimann,ELQ,0,0,0,0,90
2254991_3114,2254991,3114,42,42,2012-08-30,Jan Schlaudraff,ELQ,0,0,0,1,63
2261148_1791,2261148,1791,449,167,2012-08-30,Halil Altintop,ELQ,0,0,0,0,60
2219795_3163,2219795,3163,631,281,2012-08-31,Frank Lampard,USC,0,0,0,1,90
2219795_3182,2219795,3182,631,12,2012-08-31,Ashley Cole,USC,0,0,0,0,89
2223015_1716,2223015,1716,6996,6996,2012-08-31,David Odonkor,UKR1,0,0,1,1,87
2231388_1116,2231388,1116,65,65,2012-08-31,Thomas Kleine,L1,0,0,0,0,90
2231388_1139,2231388,1139,39,39,2012-08-31,Nikolce Noveski,L1,1,0,0,0,90
2231388_1363,2231388,1363,39,33,2012-08-31,Christian Wetklo,L1,0,0,0,0,90
2231388_1684,2231388,1684,65,65,2012-08-31,Milorad Pekovic,L1,1,0,0,0,66
2231388_2923,2231388,2923,39,3368,2012-08-31,Andreas Ivanschitz,L1,0,0,0,0,90
2243981_109,2243981,109,825,825,2012-08-31,Dedê,TR1,0,0,0,0,90
2224556_1197,2224556,1197,678,678,2012-09-01,Peter Graulund,DK1,0,0,1,0,38
2225454_3156,2225454,3156,148,148,2012-09-01,William Gallas,GB1,0,0,0,0,90
2225458_3118,2225458,3118,1039,1039,2012-09-01,Kieron Dyer,GB1,0,0,0,0,18
2225458_3202,2225458,3202,281,371,2012-09-01,Kolo Touré,GB1,0,0,0,0,16
2225458_3333,2225458,3333,281,1237,2012-09-01,James Milner,GB1,0,0,0,0,9
2225472_3356,2225472,3356,29,989,2012-09-01,Sylvain Distin,GB1,1,0,0,0,90
2225472_3404,2225472,3404,29,29,2012-09-01,Phil Neville,GB1,1,0,0,0,73
2225473_1368,2225473,1368,379,1519,2012-09-01,Guy Demel,GB1,0,0,0,0,78
2225473_1662,2225473,1662,931,33,2012-09-01,Sascha Riether,GB1,0,0,0,0,90
2225473_2874,2225473,2874,931,265,2012-09-01,Mladen Petric,GB1,0,0,0,0,45
2225473_3179,2225473,3179,379,371,2012-09-01,Carlton Cole,GB1,0,0,0,0,22
2225473_3220,2225473,3220,931,931,2012-09-01,John Arne Riise,GB1,0,0,0,0,90
2225473_3259,2225473,3259,931,931,2012-09-01,Damien Duff,GB1,0,0,0,0,90
2225473_3357,2225473,3357,931,1003,2012-09-01,Mark Schwarzer,GB1,0,0,0,0,90
2225473_65,2225473,65,931,1091,2012-09-01,Dimitar Berbatov,GB1,0,0,0,0,45
2225474_2998,2225474,2998,512,1003,2012-09-01,Robert Huth,GB1,0,0,0,0,90
2225474_3306,2225474,3306,512,1132,2012-09-01,Jonathan Walters,GB1,0,0,1,1,90
2227480_3251,2227480,3251,370,370,2012-09-01,Stephen Hughes,SC1,0,0,0,0,66
2227485_3322,2227485,3322,903,903,2012-09-01,Ben Williams,SC1,0,0,0,0,90
2231386_1474,2231386,1474,533,533,2012-09-01,Tim Wiese,L1,0,0,0,0,90
2231386_1565,2231386,1565,24,24,2012-09-01,Alexander Meier,L1,0,0,2,0,90
2231387_1150,2231387,1150,4,4,2012-09-01,Raphael Schäfer,L1,0,0,0,0,90
2231387_1986,2231387,1986,4,167,2012-09-01,Markus Feulner,L1,0,0,0,0,1
2231387_26,2231387,26,16,16,2012-09-01,Roman Weidenfeller,L1,0,0,0,0,90
2231387_410,2231387,410,16,16,2012-09-01,Sebastian Kehl,L1,0,0,0,0,90
2231387_823,2231387,823,4,4,2012-09-01,Hanno Balitsch,L1,1,0,0,0,90
2231389_1075,2231389,1075,38,121,2012-09-01,Andriy Voronin,L1,0,0,0,0,90
2231389_1428,2231389,1428,18,60,2012-09-01,Mike Hanke,L1,0,0,0,0,9
2231389_1568,2231389,1568,38,38,2012-09-01,Stefan Reisinger,L1,0,0,0,0,60
2231389_568,2231389,568,18,18,2012-09-01,Martin Stranzl,L1,0,0,0,0,90
2231389_886,2231389,886,38,38,2012-09-01,Jens Langeneke,L1,0,0,0,0,90
2231390_1277,2231390,1277,86,86,2012-09-01,Clemens Fritz,L1,0,0,0,0,90
2231390_1726,2231390,1726,41,610,2012-09-01,Heiko Westermann,L1,0,0,0,0,90
2231390_1784,2231390,1784,41,39,2012-09-01,René Adler,L1,0,0,0,0,90
2231391_1321,2231391,1321,33,114,2012-09-01,Jermaine Jones,L1,0,0,1,0,90
2231391_557,2231391,557,167,167,2012-09-01,Simon Jentzsch,L1,0,0,0,0,90
2231392_691,2231392,691,15,15,2012-09-01,Simon Rolfes,L1,0,0,0,0,90
2242900_2963,2242900,2963,1084,714,2012-09-01,Martín Demichelis,ES1,0,0,0,0,90
2244004_3132,2244004,3132,1506,126,2012-09-01,Florin Cernat,TR1,0,0,0,0,90
2244004_3256,2244004,3256,114,15,2012-09-01,Roberto Hilbert,TR1,1,0,0,0,90
2244004_831,2244004,831,1506,1506,2012-09-01,Selim Teber,TR1,1,0,0,0,45
2244008_2587,2244008,2587,10484,524,2012-09-01,Elyasa Süme,TR1,0,0,0,0,90
2244008_2899,2244008,2899,2292,2292,2012-09-01,Hervé Tum,TR1,0,0,0,0,90
2244008_299,2244008,299,10484,10484,2012-09-01,Fabian Ernst,TR1,2,0,0,0,61
2244009_755,2244009,755,589,589,2012-09-01,Deniz Baris,TR1,0,0,0,0,90
2244009_933,2244009,933,589,2293,2012-09-01,Ugur Inceman,TR1,1,0,0,0,90
2244017_1896,2244017,1896,19771,19771,2012-09-01,Ahmet Cebe,TR1,1,0,0,0,45
2250196_2048,2250196,2048,403,403,2012-09-01,Philipp Haastrup,NL1,0,0,0,0,90
2250197_3395,2250197,3395,467,132,2012-09-01,Gábor Babos,NL1,0,0,0,0,90
2222632_1331,2222632,1331,121,533,2012-09-02,Kevin Kuranyi,RU1,0,0,0,0,20
2222632_2309,2222632,2309,121,121,2012-09-02,Zvjezdan Misimovic,RU1,0,0,0,0,2
2224543_1606,2224543,1606,2414,2414,2012-09-02,Morten Rasmussen,DK1,1,0,0,0,90
2224545_1423,2224545,1423,190,855,2012-09-02,Lars Jacobsen,DK1,0,0,0,2,90
2224545_2703,2224545,2703,173,173,2012-09-02,Morten Skoubo,DK1,0,0,0,1,81
2225456_3109,2225456,3109,31,31,2012-09-02,Steven Gerrard,GB1,0,0,0,0,90
2225457_3235,2225457,3235,985,1039,2012-09-02,Rio Ferdinand,GB1,0,0,0,1,90
2225457_3397,2225457,3397,985,985,2012-09-02,Paul Scholes,GB1,0,0,0,0,29
2231385_1094,2231385,1094,82,4,2012-09-02,Emanuel Pogatetz,L1,1,0,0,0,90
2231385_1335,2231385,1335,42,42,2012-09-02,Steven Cherundolo,L1,0,0,0,0,90
2231385_1587,2231385,1587,42,42,2012-09-02,Mario Eggimann,L1,0,0,0,0,90
2231385_1667,2231385,1667,82,162,2012-09-02,Diego Benaglio,L1,0,0,0,0,90
2231385_277,2231385,277,42,3368,2012-09-02,Sérgio da Silva Pinto,L1,0,0,0,0,90
2231385_3114,2231385,3114,42,42,2012-09-02,Jan Schlaudraff,L1,0,0,0,0,90
2231393_2219,2231393,2219,27,27,2012-09-02,Philipp Lahm,L1,0,0,0,1,90
2231393_2514,2231393,2514,27,985,2012-09-02,Bastian Schweinsteiger,L1,0,0,1,0,77
2231393_264,2231393,264,79,79,2012-09-02,Tamás Hajnal,L1,0,0,0,0,45
2231393_532,2231393,532,27,86,2012-09-02,Claudio Pizarro,L1,0,0,0,0,21
2242881_2050,2242881,2050,1049,24,2012-09-02,Nelson Valdez,ES1,0,0,0,0,9
2242883_2233,2242883,2233,3368,3368,2012-09-02,Christian Lell,ES1,0,0,1,0,90
2242886_2623,2242886,2623,368,167,2012-09-02,Piotr Trochowski,ES1,0,0,0,0,75
2244010_1791,2244010,1791,449,167,2012-09-02,Halil Altintop,TR1,0,0,0,0,45
2244010_3059,2244010,3059,524,524,2012-09-02,Ekrem Dag,TR1,0,0,0,0,72
2244011_3270,2244011,3270,36,1123,2012-09-02,Joseph Yobo,TR1,0,0,0,0,90
2244016_1792,2244016,1792,141,105,2012-09-02,Hamit Altintop,TR1,1,0,0,0,90
2250200_3170,2250200,3170,499,1304,2012-09-02,Simon Cziommer,NL1,0,0,0,0,1
2250203_1560,2250203,1560,306,306,2012-09-02,Youssef El Akchaoui,NL1,0,0,0,0,90
2251276_1161,2251276,1161,46,46,2012-09-02,Javier Zanetti,IT1,0,0,0,0,90
2251277_10,2251277,10,398,398,2012-09-02,Miroslav Klose,IT1,1,0,2,0,89
2251282_2865,2251282,2865,506,167,2012-09-02,Stephan Lichtsteiner,IT1,0,0,0,0,90
2250489_1613,2250489,1613,1091,855,2012-09-03,Vivian,GR1,0,0,0,0,90
2264590_2726,2264590,2726,2990,2990,2012-09-08,Romuald Peiser,POCP,0,0,0,0,90
2224549_1725,2224549,1725,173,173,2012-09-14,Jesper Christiansen,DK1,0,0,0,0,90
2224549_2703,2224549,2703,173,173,2012-09-14,Morten Skoubo,DK1,1,0,0,0,71
2224815_3354,2224815,3354,2282,2282,2012-09-14,Jonathan Blondel,BE1,1,0,0,0,90
2231421_1094,2231421,1094,82,4,2012-09-14,Emanuel Pogatetz,L1,0,0,0,0,90
2231421_1667,2231421,1667,82,162,2012-09-14,Diego Benaglio,L1,0,0,0,0,90
2223882_773,2223882,773,14171,14171,2012-09-15,David Jarolim,FR1,0,0,0,0,80
2224551_1423,2224551,1423,190,855,2012-09-15,Lars Jacobsen,DK1,0,0,0,0,90
2225460_3109,2225460,3109,31,31,2012-09-15,Steven Gerrard,GB1,0,0,0,0,90
2225460_3130,2225460,3130,289,289,2012-09-15,Titus Bramble,GB1,0,0,0,0,45
2225463_1397,2225463,1397,512,512,2012-09-15,Michael Owen,GB1,0,0,0,0,1
2225463_2998,2225463,2998,512,1003,2012-09-15,Robert Huth,GB1,0,0,0,0,90
2225463_3291,2225463,3291,281,984,2012-09-15,Gareth Barry,GB1,0,0,0,0,27
2225463_3306,2225463,3306,512,1132,2012-09-15,Jonathan Walters,GB1,0,0,0,1,90
2225464_1368,2225464,1368,379,1519,2012-09-15,Guy Demel,GB1,0,0,0,0,90
2225464_3179,2225464,3179,379,371,2012-09-15,Carlton Cole,GB1,0,0,0,0,57
2225465_3160,2225465,3160,631,631,2012-09-15,John Terry,GB1,0,0,0,0,90
2225465_3163,2225465,3163,631,281,2012-09-15,Frank Lampard,GB1,0,0,0,0,90
2225465_3182,2225465,3182,631,12,2012-09-15,Ashley Cole,GB1,0,0,0,0,90
2225467_3235,2225467,3235,985,1039,2012-09-15,Rio Ferdinand,GB1,0,0,0,0,90
2225467_3397,2225467,3397,985,985,2012-09-15,Paul Scholes,GB1,0,0,1,0,71
2225467_3406,2225467,3406,985,985,2012-09-15,Ryan Giggs,GB1,0,0,0,0,71
2225468_1662,2225468,1662,931,33,2012-09-15,Sascha Riether,GB1,0,0,0,0,90
2225468_3220,2225468,3220,931,931,2012-09-15,John Arne Riise,GB1,0,0,0,0,90
2225468_3259,2225468,3259,931,931,2012-09-15,Damien Duff,GB1,0,0,0,0,90
2225468_3357,2225468,3357,931,1003,2012-09-15,Mark Schwarzer,GB1,0,0,0,0,90
2225468_65,2225468,65,931,1091,2012-09-15,Dimitar Berbatov,GB1,0,0,2,0,90
2227462_3322,2227462,3322,903,903,2012-09-15,Ben Williams,SC1,0,0,0,0,90
2227467_3251,2227467,3251,370,370,2012-09-15,Stephen Hughes,SC1,0,0,0,0,90
2231416_1075,2231416,1075,38,121,2012-09-15,Andriy Voronin,L1,0,0,0,0,76
2231416_1426,2231416,1426,79,79,2012-09-15,Cacau,L1,0,0,0,0,90
2231416_264,2231416,264,79,79,2012-09-15,Tamás Hajnal,L1,0,0,0,0,86
2231416_2950,2231416,2950,38,42,2012-09-15,Robert Almer,L1,0,0,0,0,10
2231416_886,2231416,886,38,38,2012-09-15,Jens Langeneke,L1,0,0,0,0,90
2231419_1150,2231419,1150,4,4,2012-09-15,Raphael Schäfer,L1,0,0,0,0,90
2231419_1428,2231419,1428,18,60,2012-09-15,Mike Hanke,L1,0,0,0,0,22
2231419_568,2231419,568,18,18,2012-09-15,Martin Stranzl,L1,0,0,0,0,90
2231419_823,2231419,823,4,4,2012-09-15,Hanno Balitsch,L1,1,0,0,1,90
2231422_1116,2231422,1116,65,65,2012-09-15,Thomas Kleine,L1,0,0,0,0,90
2231422_1321,2231422,1321,33,114,2012-09-15,Jermaine Jones,L1,0,0,0,0,90
2231422_1684,2231422,1684,65,65,2012-09-15,Milorad Pekovic,L1,0,0,0,0,77
2231422_258,2231422,258,65,33,2012-09-15,Gerald Asamoah,L1,0,0,0,0,13
2231425_1277,2231425,1277,86,86,2012-09-15,Clemens Fritz,L1,0,0,0,0,90
2231425_1335,2231425,1335,42,42,2012-09-15,Steven Cherundolo,L1,0,0,0,0,90
2231425_1587,2231425,1587,42,42,2012-09-15,Mario Eggimann,L1,0,0,0,0,90
2231425_277,2231425,277,42,3368,2012-09-15,Sérgio da Silva Pinto,L1,1,0,0,0,90
2231425_3114,2231425,3114,42,42,2012-09-15,Jan Schlaudraff,L1,1,0,0,0,67
2231428_26,2231428,26,16,16,2012-09-15,Roman Weidenfeller,L1,0,0,0,0,90
2231428_410,2231428,410,16,16,2012-09-15,Sebastian Kehl,L1,0,0,0,0,90
2231429_1139,2231429,1139,39,39,2012-09-15,Nikolce Noveski,L1,0,0,0,0,90
2231429_1363,2231429,1363,39,33,2012-09-15,Christian Wetklo,L1,0,0,0,0,90
2231429_2219,2231429,2219,27,27,2012-09-15,Philipp Lahm,L1,0,0,0,0,90
2231429_2514,2231429,2514,27,985,2012-09-15,Bastian Schweinsteiger,L1,0,0,1,0,90
2231429_2923,2231429,2923,39,3368,2012-09-15,Andreas Ivanschitz,L1,0,0,0,0,11
2231429_532,2231429,532,27,86,2012-09-15,Claudio Pizarro,L1,0,0,0,0,1
2242875_215,2242875,215,1084,1084,2012-09-15,Roque Santa Cruz,ES1,0,0,0,0,22
2242875_2233,2242875,2233,3368,3368,2012-09-15,Christian Lell,ES1,1,0,0,0,90
2242875_2963,2242875,2963,1084,714,2012-09-15,Martín Demichelis,ES1,0,0,0,0,90
2242917_2050,2242917,2050,1049,24,2012-09-15,Nelson Valdez,ES1,0,0,0,0,24
2242917_3172,2242917,3172,940,940,2012-09-15,Quique de Lucas,ES1,0,0,0,0,29
2242922_2623,2242922,2623,368,167,2012-09-15,Piotr Trochowski,ES1,0,0,1,0,81
2243994_3132,2243994,3132,1506,126,2012-09-15,Florin Cernat,TR1,0,0,0,0,29
2243995_1841,2243995,1841,10484,10484,2012-09-15,Ali Bilgin,TR1,0,0,0,0,38
2243995_2587,2243995,2587,10484,524,2012-09-15,Elyasa Süme,TR1,0,0,0,0,90
2243995_3059,2243995,3059,524,524,2012-09-15,Ekrem Dag,TR1,0,0,0,0,76
2243997_3165,2243997,3165,141,141,2012-09-15,Cris,TR1,1,0,0,0,90
2243997_755,2243997,755,589,589,2012-09-15,Deniz Baris,TR1,1,0,0,0,90
2243997_933,2243997,933,589,2293,2012-09-15,Ugur Inceman,TR1,0,0,0,0,90
2250204_1443,2250204,1443,610,190,2012-09-15,Christian Poulsen,NL1,0,0,0,0,68
2250205_2048,2250205,2048,403,403,2012-09-15,Philipp Haastrup,NL1,0,0,0,0,90
2250206_1560,2250206,1560,306,306,2012-09-15,Youssef El Akchaoui,NL1,0,0,0,0,45
2250207_3395,2250207,3395,467,132,2012-09-15,Gábor Babos,NL1,0,0,0,0,90
2222656_1331,2222656,1331,121,533,2012-09-16,Kevin Kuranyi,RU1,0,0,0,0,90
2222656_2309,2222656,2309,121,121,2012-09-16,Zvjezdan Misimovic,RU1,1,0,0,0,25
2222656_3205,2222656,3205,1083,1083,2012-09-16,David Bentley,RU1,1,0,0,0,90
2223033_1716,2223033,1716,6996,6996,2012-09-16,David Odonkor,UKR1,0,0,0,0,90
2223857_3266,2223857,3266,1158,1158,2012-09-16,Jérémie Aliadière,FR1,0,0,0,0,45
2224550_1606,2224550,1606,2414,2414,2012-09-16,Morten Rasmussen,DK1,1,0,0,0,90
2225466_3156,2225466,3156,148,148,2012-09-16,William Gallas,GB1,0,0,0,0,90
2231415_1474,2231415,1474,533,533,2012-09-16,Tim Wiese,L1,0,0,0,0,90
2231415_2358,2231415,2358,533,82,2012-09-16,Patrick Ochs,L1,1,0,0,0,90
2231424_1565,2231424,1565,24,24,2012-09-16,Alexander Meier,L1,0,0,0,2,86
2231424_1726,2231424,1726,41,610,2012-09-16,Heiko Westermann,L1,0,0,1,0,90
2231424_1784,2231424,1784,41,39,2012-09-16,René Adler,L1,0,0,0,0,90
2231424_332,2231424,332,24,24,2012-09-16,Benjamin Köhler,L1,0,0,0,0,1
2243996_109,2243996,109,825,825,2012-09-16,Dedê,TR1,0,0,1,0,90
2243998_1791,2243998,1791,449,167,2012-09-16,Halil Altintop,TR1,0,0,1,0,86
2243999_1896,2243999,1896,19771,19771,2012-09-16,Ahmet Cebe,TR1,0,0,0,0,90
2244005_3270,2244005,3270,36,1123,2012-09-16,Joseph Yobo,TR1,0,0,0,0,90
2250212_3170,2250212,3170,499,1304,2012-09-16,Simon Cziommer,NL1,0,0,0,0,18
2251283_10,2251283,10,398,398,2012-09-16,Miroslav Klose,IT1,0,0,1,0,90
2251285_2865,2251285,2865,506,167,2012-09-16,Stephan Lichtsteiner,IT1,0,0,0,0,14
2251290_2926,2251290,2926,1025,105,2012-09-16,György Garics,IT1,0,0,0,0,15
2251292_1161,2251292,1161,46,46,2012-09-16,Javier Zanetti,IT1,0,0,0,0,90
2225469_3276,2225469,3276,762,873,2012-09-17,Shola Ameobi,GB1,1,0,0,1,10
2225469_3356,2225469,3356,29,989,2012-09-17,Sylvain Distin,GB1,0,0,0,0,90
2225469_3404,2225469,3404,29,29,2012-09-17,Phil Neville,GB1,1,0,0,0,90
2244018_2899,2244018,2899,2292,2292,2012-09-17,Hervé Tum,TR1,0,0,0,0,90
2244018_3256,2244018,3256,114,15,2012-09-17,Roberto Hilbert,TR1,0,0,1,0,90
2262150_1321,2262150,1321,33,114,2012-09-18,Jermaine Jones,CL,1,0,0,0,90
2262151_215,2262151,215,1084,1084,2012-09-18,Roque Santa Cruz,CL,0,0,0,0,28
2262151_2963,2262151,2963,1084,714,2012-09-18,Martín Demichelis,CL,1,0,0,0,90
2262153_3291,2262153,3291,281,984,2012-09-18,Gareth Barry,CL,0,0,0,0,90
2262154_1443,2262154,1443,610,190,2012-09-18,Christian Poulsen,CL,0,0,0,0,90
2262154_26,2262154,26,16,16,2012-09-18,Roman Weidenfeller,CL,0,0,0,0,90
2262154_410,2262154,410,16,16,2012-09-18,Sebastian Kehl,CL,0,0,0,0,90
2262155_2865,2262155,2865,506,167,2012-09-19,Stephan Lichtsteiner,CL,0,0,0,0,77
2262155_3160,2262155,3160,631,631,2012-09-19,John Terry,CL,0,0,0,0,90
2262155_3163,2262155,3163,631,281,2012-09-19,Frank Lampard,CL,0,0,0,0,90
2262155_3182,2262155,3182,631,12,2012-09-19,Ashley Cole,CL,0,0,0,1,90
2262157_2050,2262157,2050,1049,24,2012-09-19,Nelson Valdez,CL,0,0,1,0,27
2262157_2219,2262157,2219,27,27,2012-09-19,Philipp Lahm,CL,0,0,0,0,90
2262157_2514,2262157,2514,27,985,2012-09-19,Bastian Schweinsteiger,CL,0,0,1,0,90
2262157_532,2262157,532,27,86,2012-09-19,Claudio Pizarro,CL,0,0,0,0,63
2262161_1792,2262161,1792,141,105,2012-09-19,Hamit Altintop,CL,0,0,0,0,90
2262161_3397,2262161,3397,985,985,2012-09-19,Paul Scholes,CL,0,0,0,0,79
2262384_3270,2262384,3270,36,1123,2012-09-20,Joseph Yobo,EL,0,0,0,0,90
2262384_3292,2262384,3292,244,1132,2012-09-20,Joey Barton,EL,0,0,0,0,71
2262385_1428,2262385,1428,18,60,2012-09-20,Mike Hanke,EL,0,0,0,0,82
2262386_3354,2262386,3354,2282,2282,2012-09-20,Jonathan Blondel,EL,1,0,0,0,73
2262387_3276,2262387,3276,762,873,2012-09-20,Shola Ameobi,EL,0,0,0,0,90
2262388_1426,2262388,1426,79,79,2012-09-20,Cacau,EL,0,0,0,1,90
2262388_264,2262388,264,79,79,2012-09-20,Tamás Hajnal,EL,0,0,0,1,82
2262389_1423,2262389,1423,190,855,2012-09-20,Lars Jacobsen,EL,0,0,0,0,90
2262394_1161,2262394,1161,46,46,2012-09-20,Javier Zanetti,EL,0,0,0,0,90
2262399_10,2262399,10,398,398,2012-09-20,Miroslav Klose,EL,0,0,0,0,90
2262400_691,2262400,691,15,15,2012-09-20,Simon Rolfes,EL,0,0,0,0,90
2262402_1335,2262402,1335,42,42,2012-09-20,Steven Cherundolo,EL,0,0,0,0,90
2262402_1587,2262402,1587,42,42,2012-09-20,Mario Eggimann,EL,1,0,0,0,90
2262402_277,2262402,277,42,3368,2012-09-20,Sérgio da Silva Pinto,EL,0,0,0,0,31
2262402_3114,2262402,3114,42,42,2012-09-20,Jan Schlaudraff,EL,0,0,0,0,90
2231426_1150,2231426,1150,4,4,2012-09-21,Raphael Schäfer,L1,0,0,0,0,90
2231426_1565,2231426,1565,24,24,2012-09-21,Alexander Meier,L1,1,0,0,0,90
2231426_823,2231426,823,4,4,2012-09-21,Hanno Balitsch,L1,0,0,0,0,90
2243876_3132,2243876,3132,1506,126,2012-09-21,Florin Cernat,TR1,0,0,0,0,72
2243876_755,2243876,755,589,589,2012-09-21,Deniz Baris,TR1,0,0,0,0,90
2243876_933,2243876,933,589,2293,2012-09-21,Ugur Inceman,TR1,1,0,0,0,90
2222654_1331,2222654,1331,121,533,2012-09-22,Kevin Kuranyi,RU1,0,0,1,1,90
2222654_2309,2222654,2309,121,121,2012-09-22,Zvjezdan Misimovic,RU1,1,0,0,1,20
2222654_3321,2222654,3321,121,3725,2012-09-22,Luke Wilkshire,RU1,1,0,0,0,90
2223848_3266,2223848,3266,1158,1158,2012-09-22,Jérémie Aliadière,FR1,1,0,0,1,90
2225461_1397,2225461,1397,512,512,2012-09-22,Michael Owen,GB1,0,0,0,0,26
2225461_2998,2225461,2998,512,1003,2012-09-22,Robert Huth,GB1,0,0,0,0,90
2225461_3160,2225461,3160,631,631,2012-09-22,John Terry,GB1,0,0,0,0,2
2225461_3163,2225461,3163,631,281,2012-09-22,Frank Lampard,GB1,0,0,0,0,9
2225461_3182,2225461,3182,631,12,2012-09-22,Ashley Cole,GB1,0,0,1,0,90
2225461_3306,2225461,3306,512,1132,2012-09-22,Jonathan Walters,GB1,0,0,0,0,90
2225479_1368,2225479,1368,379,1519,2012-09-22,Guy Demel,GB1,0,0,0,0,90
2225479_3130,2225479,3130,289,289,2012-09-22,Titus Bramble,GB1,0,0,0,0,90
2225479_3179,2225479,3179,379,371,2012-09-22,Carlton Cole,GB1,0,0,0,0,77
2225480_1662,2225480,1662,931,33,2012-09-22,Sascha Riether,GB1,0,0,0,0,90
2225480_3220,2225480,3220,931,931,2012-09-22,John Arne Riise,GB1,0,0,0,0,90
2225480_3259,2225480,3259,931,931,2012-09-22,Damien Duff,GB1,0,0,1,0,90
2225480_3357,2225480,3357,931,1003,2012-09-22,Mark Schwarzer,GB1,0,0,0,0,90
2225480_65,2225480,65,931,1091,2012-09-22,Dimitar Berbatov,GB1,0,0,0,1,90
2225481_3404,2225481,3404,29,29,2012-09-22,Phil Neville,GB1,0,0,0,0,90
2227471_3322,2227471,3322,903,903,2012-09-22,Ben Williams,SC1,1,0,0,0,90
2231409_1094,2231409,1094,82,4,2012-09-22,Emanuel Pogatetz,L1,0,0,0,0,90
2231409_1116,2231409,1116,65,65,2012-09-22,Thomas Kleine,L1,0,0,0,0,90
2231409_1667,2231409,1667,82,162,2012-09-22,Diego Benaglio,L1,0,0,0,0,90
2231409_1684,2231409,1684,65,65,2012-09-22,Milorad Pekovic,L1,0,0,0,0,19
2231409_258,2231409,258,65,33,2012-09-22,Gerald Asamoah,L1,0,0,0,0,7
2231414_1726,2231414,1726,41,610,2012-09-22,Heiko Westermann,L1,0,0,0,0,90
2231414_1784,2231414,1784,41,39,2012-09-22,René Adler,L1,1,0,0,0,90
2231414_26,2231414,26,16,16,2012-09-22,Roman Weidenfeller,L1,0,0,0,0,90
2231414_410,2231414,410,16,16,2012-09-22,Sebastian Kehl,L1,0,0,0,0,63
2231418_1075,2231418,1075,38,121,2012-09-22,Andriy Voronin,L1,0,0,0,0,80
2231418_1772,2231418,1772,38,38,2012-09-22,Du-ri Cha,L1,0,0,0,0,10
2231418_2712,2231418,2712,38,38,2012-09-22,Nando Rafael,L1,0,0,0,0,19
2231418_886,2231418,886,38,38,2012-09-22,Jens Langeneke,L1,0,0,0,0,90
2231423_1321,2231423,1321,33,114,2012-09-22,Jermaine Jones,L1,0,0,0,0,78
2231423_2219,2231423,2219,27,27,2012-09-22,Philipp Lahm,L1,0,0,0,0,90
2231423_2514,2231423,2514,27,985,2012-09-22,Bastian Schweinsteiger,L1,0,0,0,0,89
2231427_1139,2231427,1139,39,39,2012-09-22,Nikolce Noveski,L1,0,0,0,0,90
2231427_1363,2231427,1363,39,33,2012-09-22,Christian Wetklo,L1,0,0,0,0,90
2231427_2923,2231427,2923,39,3368,2012-09-22,Andreas Ivanschitz,L1,0,0,1,0,61
2243874_109,2243874,109,825,825,2012-09-22,Dedê,TR1,1,0,0,0,90
2243890_3059,2243890,3059,524,524,2012-09-22,Ekrem Dag,TR1,0,0,0,0,90
2243890_3256,2243890,3256,114,15,2012-09-22,Roberto Hilbert,TR1,0,0,0,0,90
2250216_2048,2250216,2048,403,403,2012-09-22,Philipp Haastrup,NL1,0,0,0,0,90
2250216_3395,2250216,3395,467,132,2012-09-22,Gábor Babos,NL1,0,0,0,0,90
2250219_3170,2250219,3170,499,1304,2012-09-22,Simon Cziommer,NL1,0,0,0,0,28
2251298_2865,2251298,2865,506,167,2012-09-22,Stephan Lichtsteiner,IT1,0,0,0,0,17
2251298_77,2251298,77,506,506,2012-09-22,Lúcio,IT1,0,0,0,0,90
2222660_3205,2222660,3205,1083,1083,2012-09-23,David Bentley,RU1,0,0,0,0,90
2223849_773,2223849,773,14171,14171,2012-09-23,David Jarolim,FR1,0,0,0,0,90
2224565_1606,2224565,1606,2414,2414,2012-09-23,Morten Rasmussen,DK1,2,0,0,0,41
2224565_1725,2224565,1725,173,173,2012-09-23,Jesper Christiansen,DK1,0,0,0,0,90
2224565_2703,2224565,2703,173,173,2012-09-23,Morten Skoubo,DK1,0,0,0,0,90
2224566_1423,2224566,1423,190,855,2012-09-23,Lars Jacobsen,DK1,1,0,0,0,90
2224806_3354,2224806,3354,2282,2282,2012-09-23,Jonathan Blondel,BE1,0,0,0,0,85
2225462_3109,2225462,3109,31,31,2012-09-23,Steven Gerrard,GB1,0,0,1,0,90
2225462_3235,2225462,3235,985,1039,2012-09-23,Rio Ferdinand,GB1,0,0,0,0,90
2225462_3397,2225462,3397,985,985,2012-09-23,Paul Scholes,GB1,1,0,0,0,45
2225462_3406,2225462,3406,985,985,2012-09-23,Ryan Giggs,GB1,0,0,0,0,90
2225483_3118,2225483,3118,1039,1039,2012-09-23,Kieron Dyer,GB1,1,0,0,0,87
2225483_3156,2225483,3156,148,148,2012-09-23,William Gallas,GB1,0,0,0,0,90
2225485_3276,2225485,3276,762,873,2012-09-23,Shola Ameobi,GB1,0,0,0,0,5
2227474_3251,2227474,3251,370,370,2012-09-23,Stephen Hughes,SC1,0,0,0,0,90
2231410_1428,2231410,1428,18,60,2012-09-23,Mike Hanke,L1,0,0,0,0,24
2231410_568,2231410,568,18,18,2012-09-23,Martin Stranzl,L1,1,0,0,0,90
2231413_1277,2231413,1277,86,86,2012-09-23,Clemens Fritz,L1,0,0,0,0,90
2231413_1426,2231413,1426,79,79,2012-09-23,Cacau,L1,0,0,1,0,90
2231420_1335,2231420,1335,42,42,2012-09-23,Steven Cherundolo,L1,0,0,0,0,90
2231420_1587,2231420,1587,42,42,2012-09-23,Mario Eggimann,L1,1,0,0,0,90
2231420_277,2231420,277,42,3368,2012-09-23,Sérgio da Silva Pinto,L1,0,0,0,0,90
2231420_3114,2231420,3114,42,42,2012-09-23,Jan Schlaudraff,L1,0,0,0,0,90
2242902_2050,2242902,2050,1049,24,2012-09-23,Nelson Valdez,ES1,0,0,0,0,80
2242912_215,2242912,215,1084,1084,2012-09-23,Roque Santa Cruz,ES1,0,0,0,0,34
2242912_2963,2242912,2963,1084,714,2012-09-23,Martín Demichelis,ES1,1,0,0,0,90
2242913_2233,2242913,2233,3368,3368,2012-09-23,Christian Lell,ES1,0,0,0,0,90
2243877_1792,2243877,1792,141,105,2012-09-23,Hamit Altintop,TR1,0,0,0,1,90
2243877_1896,2243877,1896,19771,19771,2012-09-23,Ahmet Cebe,TR1,1,0,0,0,90
2243877_3165,2243877,3165,141,141,2012-09-23,Cris,TR1,0,0,0,0,90
2243886_2899,2243886,2899,2292,2292,2012-09-23,Hervé Tum,TR1,0,0,0,0,82
2243897_2587,2243897,2587,10484,524,2012-09-23,Elyasa Süme,TR1,1,0,0,0,90
2243897_299,2243897,299,10484,10484,2012-09-23,Fabian Ernst,TR1,0,0,0,0,90
2250217_1443,2250217,1443,610,190,2012-09-23,Christian Poulsen,NL1,0,0,0,0,70
2250502_2138,2250502,2138,7185,40426,2012-09-23,Mladen Kascelan,GR1,0,0,0,0,45
2251294_2926,2251294,2926,1025,105,2012-09-23,György Garics,IT1,0,0,0,1,90
2251299_10,2251299,10,398,398,2012-09-23,Miroslav Klose,IT1,0,0,0,0,14
2242905_2623,2242905,2623,368,167,2012-09-24,Piotr Trochowski,ES1,0,0,0,0,72
2243891_1791,2243891,1791,449,167,2012-09-24,Halil Altintop,TR1,0,0,0,0,90
2243891_3270,2243891,3270,36,1123,2012-09-24,Joseph Yobo,TR1,0,0,0,0,90
2231403_1565,2231403,1565,24,24,2012-09-25,Alexander Meier,L1,0,0,0,0,90
2231403_26,2231403,26,16,16,2012-09-25,Roman Weidenfeller,L1,0,0,0,0,90
2231403_410,2231403,410,16,16,2012-09-25,Sebastian Kehl,L1,0,0,0,0,90
2231404_1116,2231404,1116,65,65,2012-09-25,Thomas Kleine,L1,0,0,0,0,90
2231404_1568,2231404,1568,38,38,2012-09-25,Stefan Reisinger,L1,0,0,0,0,19
2231404_1772,2231404,1772,38,38,2012-09-25,Du-ri Cha,L1,0,0,0,0,27
2231404_258,2231404,258,65,33,2012-09-25,Gerald Asamoah,L1,0,0,0,0,16
2231404_886,2231404,886,38,38,2012-09-25,Jens Langeneke,L1,0,0,0,0,90
2231412_1094,2231412,1094,82,4,2012-09-25,Emanuel Pogatetz,L1,0,0,0,0,90
2231412_1667,2231412,1667,82,162,2012-09-25,Diego Benaglio,L1,0,0,0,0,90
2231412_2219,2231412,2219,27,27,2012-09-25,Philipp Lahm,L1,0,0,0,1,90
2231412_2514,2231412,2514,27,985,2012-09-25,Bastian Schweinsteiger,L1,1,0,1,0,90
2231412_532,2231412,532,27,86,2012-09-25,Claudio Pizarro,L1,0,0,0,0,11
2231438_1139,2231438,1139,39,39,2012-09-25,Nikolce Noveski,L1,0,0,0,0,90
2231438_1363,2231438,1363,39,33,2012-09-25,Christian Wetklo,L1,1,0,0,0,90
2231438_2923,2231438,2923,39,3368,2012-09-25,Andreas Ivanschitz,L1,0,0,0,0,64
2231438_690,2231438,690,39,39,2012-09-25,Ivan Klasnic,L1,0,0,0,0,15
2251305_2865,2251305,2865,506,167,2012-09-25,Stephan Lichtsteiner,IT1,0,0,0,0,90
2265180_1197,2265180,1197,678,678,2012-09-25,Peter Graulund,DKP,0,0,1,0,90
2231400_1150,2231400,1150,4,4,2012-09-26,Raphael Schäfer,L1,0,0,0,0,90
2231400_1335,2231400,1335,42,42,2012-09-26,Steven Cherundolo,L1,0,0,0,0,90
2231400_1587,2231400,1587,42,42,2012-09-26,Mario Eggimann,L1,0,0,0,0,90
2231400_1986,2231400,1986,4,167,2012-09-26,Markus Feulner,L1,0,0,0,1,33
2231400_277,2231400,277,42,3368,2012-09-26,Sérgio da Silva Pinto,L1,0,0,0,0,90
2231400_3114,2231400,3114,42,42,2012-09-26,Jan Schlaudraff,L1,0,0,0,0,68
2231400_823,2231400,823,4,4,2012-09-26,Hanno Balitsch,L1,0,0,0,0,90
2231401_691,2231401,691,15,15,2012-09-26,Simon Rolfes,L1,0,0,0,0,90
2231405_1426,2231405,1426,79,79,2012-09-26,Cacau,L1,1,0,0,0,90
2231405_264,2231405,264,79,79,2012-09-26,Tamás Hajnal,L1,0,0,0,0,45
2231417_1428,2231417,1428,18,60,2012-09-26,Mike Hanke,L1,0,0,0,0,90
2231417_1726,2231417,1726,41,610,2012-09-26,Heiko Westermann,L1,0,0,0,1,90
2231417_1784,2231417,1784,41,39,2012-09-26,René Adler,L1,0,0,0,0,90
2231417_568,2231417,568,18,18,2012-09-26,Martin Stranzl,L1,0,1,1,0,53
2231437_1277,2231437,1277,86,86,2012-09-26,Clemens Fritz,L1,0,0,0,0,90
2240552_3395,2240552,3395,467,132,2012-09-26,Gábor Babos,NLP,0,0,0,0,120
2240553_1443,2240553,1443,610,190,2012-09-26,Christian Poulsen,NLP,1,0,0,0,76
2251304_1161,2251304,1161,46,46,2012-09-26,Javier Zanetti,IT1,0,0,0,0,90
2251308_10,2251308,10,398,398,2012-09-26,Miroslav Klose,IT1,0,0,0,0,90
2251312_3159,2251312,3159,416,130,2012-09-26,Valerio Di Cesare,IT1,0,0,0,0,74
2258368_3170,2258368,3170,499,1304,2012-09-26,Simon Cziommer,NLP,0,0,0,1,90
2266060_1331,2266060,1331,121,533,2012-09-26,Kevin Kuranyi,RUP,0,0,0,0,51
2231397_1075,2231397,1075,38,121,2012-09-28,Andriy Voronin,L1,0,0,0,1,56
2231397_1321,2231397,1321,33,114,2012-09-28,Jermaine Jones,L1,1,0,0,0,73
2231397_1568,2231397,1568,38,38,2012-09-28,Stefan Reisinger,L1,0,0,0,0,45
2231397_1772,2231397,1772,38,38,2012-09-28,Du-ri Cha,L1,0,0,0,0,7
2231397_886,2231397,886,38,38,2012-09-28,Jens Langeneke,L1,1,0,0,0,90
2243879_1792,2243879,1792,141,105,2012-09-28,Hamit Altintop,TR1,0,0,0,0,17
2243879_3165,2243879,3165,141,141,2012-09-28,Cris,TR1,0,0,0,0,90
2223872_3266,2223872,3266,1158,1158,2012-09-29,Jérémie Aliadière,FR1,0,0,0,0,90
2224606_1423,2224606,1423,190,855,2012-09-29,Lars Jacobsen,DK1,0,0,0,1,90
2225475_3160,2225475,3160,631,631,2012-09-29,John Terry,GB1,0,0,0,0,90
2225475_3182,2225475,3182,631,12,2012-09-29,Ashley Cole,GB1,0,0,0,0,90
2225477_3356,2225477,3356,29,989,2012-09-29,Sylvain Distin,GB1,0,0,0,0,1
2225477_3404,2225477,3404,29,29,2012-09-29,Phil Neville,GB1,0,0,0,0,90
2225490_3130,2225490,3130,289,289,2012-09-29,Titus Bramble,GB1,0,0,0,0,90
2225493_3276,2225493,3276,762,873,2012-09-29,Shola Ameobi,GB1,0,0,0,0,21
2225494_2998,2225494,2998,512,1003,2012-09-29,Robert Huth,GB1,0,0,0,0,90
2225494_3306,2225494,3306,512,1132,2012-09-29,Jonathan Walters,GB1,1,0,0,1,90
2225496_1662,2225496,1662,931,33,2012-09-29,Sascha Riether,GB1,0,0,0,0,90
2225496_2874,2225496,2874,931,265,2012-09-29,Mladen Petric,GB1,0,0,1,0,66
2225496_3220,2225496,3220,931,931,2012-09-29,John Arne Riise,GB1,0,0,0,1,90
2225496_3259,2225496,3259,931,931,2012-09-29,Damien Duff,GB1,0,0,0,0,90
2225496_3291,2225496,3291,281,984,2012-09-29,Gareth Barry,GB1,0,0,0,0,76
2225496_3357,2225496,3357,931,1003,2012-09-29,Mark Schwarzer,GB1,0,0,0,0,90
2225497_3156,2225497,3156,148,148,2012-09-29,William Gallas,GB1,0,0,0,0,90
2225497_3235,2225497,3235,985,1039,2012-09-29,Rio Ferdinand,GB1,0,0,0,0,90
2225497_3332,2225497,3332,985,985,2012-09-29,Wayne Rooney,GB1,0,0,0,1,45
2225497_3397,2225497,3397,985,985,2012-09-29,Paul Scholes,GB1,0,0,0,0,90
2225497_3406,2225497,3406,985,985,2012-09-29,Ryan Giggs,GB1,0,0,0,0,45
2225498_3109,2225498,3109,31,31,2012-09-29,Steven Gerrard,GB1,0,0,1,0,90
2227458_3251,2227458,3251,370,370,2012-09-29,Stephen Hughes,SC1,0,0,0,0,90
2227458_3322,2227458,3322,903,903,2012-09-29,Ben Williams,SC1,0,0,0,0,90
2231394_1150,2231394,1150,4,4,2012-09-29,Raphael Schäfer,L1,0,0,0,0,90
2231394_1426,2231394,1426,79,79,2012-09-29,Cacau,L1,0,0,0,0,33
2231394_823,2231394,823,4,4,2012-09-29,Hanno Balitsch,L1,0,0,0,0,74
2231395_1277,2231395,1277,86,86,2012-09-29,Clemens Fritz,L1,0,0,0,0,90
2231395_2219,2231395,2219,27,27,2012-09-29,Philipp Lahm,L1,0,0,0,0,90
2231395_2514,2231395,2514,27,985,2012-09-29,Bastian Schweinsteiger,L1,1,0,0,0,75
2231395_532,2231395,532,27,86,2012-09-29,Claudio Pizarro,L1,0,0,0,0,58
2231399_1335,2231399,1335,42,42,2012-09-29,Steven Cherundolo,L1,0,0,0,0,90
2231399_1587,2231399,1587,42,42,2012-09-29,Mario Eggimann,L1,0,0,0,0,77
2231399_1726,2231399,1726,41,610,2012-09-29,Heiko Westermann,L1,0,0,0,0,90
2231399_1784,2231399,1784,41,39,2012-09-29,René Adler,L1,0,0,0,0,90
2231399_277,2231399,277,42,3368,2012-09-29,Sérgio da Silva Pinto,L1,0,0,0,0,90
2231399_3114,2231399,3114,42,42,2012-09-29,Jan Schlaudraff,L1,0,0,0,0,45
2231407_1116,2231407,1116,65,65,2012-09-29,Thomas Kleine,L1,0,0,0,0,90
2231407_1684,2231407,1684,65,65,2012-09-29,Milorad Pekovic,L1,1,0,0,0,74
2231407_691,2231407,691,15,15,2012-09-29,Simon Rolfes,L1,0,0,0,0,90
2231408_1144,2231408,1144,18,18,2012-09-29,Christofer Heimeroth,L1,0,0,0,0,13
2231408_1428,2231408,1428,18,60,2012-09-29,Mike Hanke,L1,0,0,0,0,62
2231408_26,2231408,26,16,16,2012-09-29,Roman Weidenfeller,L1,0,0,0,0,90
2231408_410,2231408,410,16,16,2012-09-29,Sebastian Kehl,L1,0,0,0,0,83
2242837_2623,2242837,2623,368,167,2012-09-29,Piotr Trochowski,ES1,0,0,1,0,37
2242840_215,2242840,215,1084,1084,2012-09-29,Roque Santa Cruz,ES1,0,0,0,1,22
2242840_2963,2242840,2963,1084,714,2012-09-29,Martín Demichelis,ES1,0,0,0,0,90
2242850_2050,2242850,2050,1049,24,2012-09-29,Nelson Valdez,ES1,0,0,0,0,5
2243872_3059,2243872,3059,524,524,2012-09-29,Ekrem Dag,TR1,0,0,1,0,90
2243878_1841,2243878,1841,10484,10484,2012-09-29,Ali Bilgin,TR1,0,0,0,0,12
2243878_2587,2243878,2587,10484,524,2012-09-29,Elyasa Süme,TR1,1,0,0,0,90
2243878_299,2243878,299,10484,10484,2012-09-29,Fabian Ernst,TR1,0,0,0,0,90
2243878_3270,2243878,3270,36,1123,2012-09-29,Joseph Yobo,TR1,0,0,0,0,90
2243901_1896,2243901,1896,19771,19771,2012-09-29,Ahmet Cebe,TR1,1,0,0,0,90
2243901_3132,2243901,3132,1506,126,2012-09-29,Florin Cernat,TR1,0,0,1,0,88
2250223_3395,2250223,3395,467,132,2012-09-29,Gábor Babos,NL1,0,0,0,0,90
2250224_3170,2250224,3170,499,1304,2012-09-29,Simon Cziommer,NL1,0,0,0,0,12
2250226_1443,2250226,1443,610,190,2012-09-29,Christian Poulsen,NL1,0,0,0,0,90
2222646_3205,2222646,3205,1083,1083,2012-09-30,David Bentley,RU1,0,0,0,0,90
2222658_1331,2222658,1331,121,533,2012-09-30,Kevin Kuranyi,RU1,0,0,0,0,16
2222658_3321,2222658,3321,121,3725,2012-09-30,Luke Wilkshire,RU1,1,0,0,0,90
2223034_1716,2223034,1716,6996,6996,2012-09-30,David Odonkor,UKR1,1,0,1,0,79
2224603_1725,2224603,1725,173,173,2012-09-30,Jesper Christiansen,DK1,0,0,0,0,90
2224603_2703,2224603,2703,173,173,2012-09-30,Morten Skoubo,DK1,0,0,0,0,45
2224845_3354,2224845,3354,2282,2282,2012-09-30,Jonathan Blondel,BE1,1,0,0,0,90
2231398_1565,2231398,1565,24,24,2012-09-30,Alexander Meier,L1,0,0,2,0,90
2231411_1094,2231411,1094,82,4,2012-09-30,Emanuel Pogatetz,L1,0,0,0,0,76
2231411_1139,2231411,1139,39,39,2012-09-30,Nikolce Noveski,L1,0,0,0,0,90
2231411_1363,2231411,1363,39,33,2012-09-30,Christian Wetklo,L1,0,0,0,0,90
2231411_1667,2231411,1667,82,162,2012-09-30,Diego Benaglio,L1,0,0,0,0,90
2231411_2923,2231411,2923,39,3368,2012-09-30,Andreas Ivanschitz,L1,0,0,0,2,90
2242841_2233,2242841,2233,3368,3368,2012-09-30,Christian Lell,ES1,0,0,0,0,90
2242843_3366,2242843,3366,418,5,2012-09-30,Kaká,ES1,0,0,0,0,45
2243880_2899,2243880,2899,2292,2292,2012-09-30,Hervé Tum,TR1,0,0,0,0,90
2243880_755,2243880,755,589,589,2012-09-30,Deniz Baris,TR1,0,0,0,0,56
2243880_933,2243880,933,589,2293,2012-09-30,Ugur Inceman,TR1,0,0,2,0,90
2243922_109,2243922,109,825,825,2012-09-30,Dedê,TR1,1,0,0,0,90
2250228_2048,2250228,2048,403,403,2012-09-30,Philipp Haastrup,NL1,1,0,0,0,90
2251314_2926,2251314,2926,1025,105,2012-09-30,György Garics,IT1,0,0,0,1,90
2251316_1161,2251316,1161,46,46,2012-09-30,Javier Zanetti,IT1,0,0,0,0,90
2251318_10,2251318,10,398,398,2012-09-30,Miroslav Klose,IT1,1,0,0,1,90
2225495_1368,2225495,1368,379,1519,2012-10-01,Guy Demel,GB1,0,0,0,0,90
2225495_3179,2225495,3179,379,371,2012-10-01,Carlton Cole,GB1,1,0,0,0,72
2243909_3256,2243909,3256,114,15,2012-10-01,Roberto Hilbert,TR1,0,0,0,0,90
2262164_3163,2262164,3163,631,281,2012-10-02,Frank Lampard,CL,0,0,0,1,90
2262164_3182,2262164,3182,631,12,2012-10-02,Ashley Cole,CL,0,0,0,0,90
2262165_2865,2262165,2865,506,167,2012-10-02,Stephan Lichtsteiner,CL,1,0,0,0,90
2262166_2219,2262166,2219,27,27,2012-10-02,Philipp Lahm,CL,0,0,0,0,90
2262166_2514,2262166,2514,27,985,2012-10-02,Bastian Schweinsteiger,CL,0,0,0,0,13
2262166_532,2262166,532,27,86,2012-10-02,Claudio Pizarro,CL,1,0,0,0,15
2262167_2050,2262167,2050,1049,24,2012-10-02,Nelson Valdez,CL,0,0,0,0,6
2262169_3235,2262169,3235,985,1039,2012-10-02,Rio Ferdinand,CL,1,0,0,0,90
2262169_3332,2262169,3332,985,985,2012-10-02,Wayne Rooney,CL,0,0,0,2,90
2262176_215,2262176,215,1084,1084,2012-10-03,Roque Santa Cruz,CL,0,0,0,0,24
2262176_2963,2262176,2963,1084,714,2012-10-03,Martín Demichelis,CL,1,0,0,0,90
2262177_1443,2262177,1443,610,190,2012-10-03,Christian Poulsen,CL,0,0,0,0,69
2262177_3366,2262177,3366,418,5,2012-10-03,Kaká,CL,0,0,0,1,75
2262178_26,2262178,26,16,16,2012-10-03,Roman Weidenfeller,CL,0,0,0,0,90
2262178_410,2262178,410,16,16,2012-10-03,Sebastian Kehl,CL,0,0,0,0,2
2265172_1606,2265172,1606,2414,2414,2012-10-03,Morten Rasmussen,DKP,0,0,0,0,90
2262413_1073,2262413,1073,15,16,2012-10-04,Manuel Friedrich,EL,1,0,0,0,45
2262413_691,2262413,691,15,15,2012-10-04,Simon Rolfes,EL,0,0,0,0,90
2262416_1335,2262416,1335,42,42,2012-10-04,Steven Cherundolo,EL,0,0,0,0,90
2262416_1587,2262416,1587,42,42,2012-10-04,Mario Eggimann,EL,0,0,0,0,90
2262416_2233,2262416,2233,3368,3368,2012-10-04,Christian Lell,EL,0,0,0,0,33
2262416_277,2262416,277,42,3368,2012-10-04,Sérgio da Silva Pinto,EL,0,0,0,0,90
2262416_3114,2262416,3114,42,42,2012-10-04,Jan Schlaudraff,EL,0,0,0,0,11
2262417_3109,2262417,3109,31,31,2012-10-04,Steven Gerrard,EL,0,0,0,0,25
2262420_568,2262420,568,18,18,2012-10-04,Martin Stranzl,EL,0,0,0,0,90
2262420_837,2262420,837,18,18,2012-10-04,Thorben Marx,EL,1,0,0,0,90
2262421_3292,2262421,3292,244,1132,2012-10-04,Joey Barton,EL,1,0,0,0,90
2262422_3115,2262422,3115,40,40,2012-10-04,David Bellion,EL,0,0,0,0,22
2262422_3276,2262422,3276,762,873,2012-10-04,Shola Ameobi,EL,0,0,1,0,90
2262423_3354,2262423,3354,2282,2282,2012-10-04,Jonathan Blondel,EL,1,0,0,0,90
2262424_1426,2262424,1426,79,79,2012-10-04,Cacau,EL,0,0,0,0,23
2262424_264,2262424,264,79,79,2012-10-04,Tamás Hajnal,EL,0,0,0,0,68
2222647_3205,2222647,3205,1083,1083,2012-10-05,David Bentley,RU1,0,0,0,0,80
2224614_2703,2224614,2703,173,173,2012-10-05,Morten Skoubo,DK1,0,0,0,0,5
2231432_1277,2231432,1277,86,86,2012-10-05,Clemens Fritz,L1,0,0,0,0,90
2242848_3172,2242848,3172,940,940,2012-10-05,Quique de Lucas,ES1,0,0,1,0,8
2243902_3059,2243902,3059,524,524,2012-10-05,Ekrem Dag,TR1,0,0,0,0,90
2243902_755,2243902,755,589,589,2012-10-05,Deniz Baris,TR1,0,0,0,0,90
2243902_933,2243902,933,589,2293,2012-10-05,Ugur Inceman,TR1,0,0,0,0,90
2243904_1791,2243904,1791,449,167,2012-10-05,Halil Altintop,TR1,0,0,0,0,86
2243904_2587,2243904,2587,10484,524,2012-10-05,Elyasa Süme,TR1,1,0,0,0,90
2243904_299,2243904,299,10484,10484,2012-10-05,Fabian Ernst,TR1,0,0,0,0,90
2243905_3132,2243905,3132,1506,126,2012-10-05,Florin Cernat,TR1,0,0,0,0,90
2250231_3395,2250231,3395,467,132,2012-10-05,Gábor Babos,NL1,0,0,0,0,90
2223047_1716,2223047,1716,6996,6996,2012-10-06,David Odonkor,UKR1,0,0,0,0,70
2223856_773,2223856,773,14171,14171,2012-10-06,David Jarolim,FR1,0,0,0,0,58
2224787_3176,2224787,3176,520,2282,2012-10-06,Eidur Gudjohnsen,BE1,0,0,1,0,25
2225489_3160,2225489,3160,631,631,2012-10-06,John Terry,GB1,0,0,0,0,90
2225489_3163,2225489,3163,631,281,2012-10-06,Frank Lampard,GB1,0,0,1,0,67
2225489_3182,2225489,3182,631,12,2012-10-06,Ashley Cole,GB1,0,0,0,0,90
2225492_3291,2225492,3291,281,984,2012-10-06,Gareth Barry,GB1,0,0,0,0,90
2225492_3333,2225492,3333,281,1237,2012-10-06,James Milner,GB1,0,0,1,0,90
2225501_3356,2225501,3356,29,989,2012-10-06,Sylvain Distin,GB1,0,0,0,0,45
2225501_3404,2225501,3404,29,29,2012-10-06,Phil Neville,GB1,1,0,0,0,81
2227454_3251,2227454,3251,370,370,2012-10-06,Stephen Hughes,SC1,1,0,0,0,90
2231402_2219,2231402,2219,27,27,2012-10-06,Philipp Lahm,L1,0,0,0,0,90
2231402_2358,2231402,2358,533,82,2012-10-06,Patrick Ochs,L1,0,0,0,0,73
2231402_2514,2231402,2514,27,985,2012-10-06,Bastian Schweinsteiger,L1,0,0,0,0,90
2231406_1094,2231406,1094,82,4,2012-10-06,Emanuel Pogatetz,L1,0,0,0,0,52
2231406_1667,2231406,1667,82,162,2012-10-06,Diego Benaglio,L1,0,0,0,0,90
2231430_1075,2231430,1075,38,121,2012-10-06,Andriy Voronin,L1,0,0,0,0,18
2231430_1139,2231430,1139,39,39,2012-10-06,Nikolce Noveski,L1,1,0,1,0,90
2231430_1363,2231430,1363,39,33,2012-10-06,Christian Wetklo,L1,0,0,0,0,90
2231430_1772,2231430,1772,38,38,2012-10-06,Du-ri Cha,L1,0,0,0,0,26
2231430_2923,2231430,2923,39,3368,2012-10-06,Andreas Ivanschitz,L1,0,0,0,1,90
2231430_886,2231430,886,38,38,2012-10-06,Jens Langeneke,L1,0,0,0,0,90
2231431_1116,2231431,1116,65,65,2012-10-06,Thomas Kleine,L1,0,0,0,0,90
2231431_1726,2231431,1726,41,610,2012-10-06,Heiko Westermann,L1,0,0,0,0,90
2231431_1784,2231431,1784,41,39,2012-10-06,René Adler,L1,0,0,0,0,90
2231431_258,2231431,258,65,33,2012-10-06,Gerald Asamoah,L1,0,0,0,0,88
2231434_1150,2231434,1150,4,4,2012-10-06,Raphael Schäfer,L1,1,0,0,0,90
2231434_823,2231434,823,4,4,2012-10-06,Hanno Balitsch,L1,0,0,0,0,72
2238003_1368,2238003,1368,379,1519,2012-10-06,Guy Demel,GB1,0,0,0,0,73
2238003_3179,2238003,3179,379,371,2012-10-06,Carlton Cole,GB1,0,0,0,0,8
2243892_2899,2243892,2899,2292,2292,2012-10-06,Hervé Tum,TR1,0,0,0,0,90
2243903_109,2243903,109,825,825,2012-10-06,Dedê,TR1,0,0,0,0,90
2243903_1792,2243903,1792,141,105,2012-10-06,Hamit Altintop,TR1,1,0,0,0,90
2243903_3165,2243903,3165,141,141,2012-10-06,Cris,TR1,0,0,0,0,90
2250232_2048,2250232,2048,403,403,2012-10-06,Philipp Haastrup,NL1,0,0,0,0,90
2251954_3322,2251954,3322,903,903,2012-10-06,Ben Williams,SC1,0,0,0,0,90
2267558_3201,2267558,3201,3060,265,2012-10-06,Stathis Tavlaridis,GR1,0,0,0,0,1
2222652_2309,2222652,2309,121,121,2012-10-07,Zvjezdan Misimovic,RU1,0,0,0,0,3
2223864_3266,2223864,3266,1158,1158,2012-10-07,Jérémie Aliadière,FR1,0,0,1,0,90
2224618_1423,2224618,1423,190,855,2012-10-07,Lars Jacobsen,DK1,0,0,0,0,90
2224831_3354,2224831,3354,2282,2282,2012-10-07,Jonathan Blondel,BE1,1,0,0,0,90
2225486_3235,2225486,3235,985,1039,2012-10-07,Rio Ferdinand,GB1,1,0,0,0,90
2225486_3276,2225486,3276,762,873,2012-10-07,Shola Ameobi,GB1,0,0,0,0,27
2225486_3332,2225486,3332,985,985,2012-10-07,Wayne Rooney,GB1,0,0,0,2,79
2225486_3397,2225486,3397,985,985,2012-10-07,Paul Scholes,GB1,1,0,0,0,3
2225486_3406,2225486,3406,985,985,2012-10-07,Ryan Giggs,GB1,0,0,0,0,11
2225487_1662,2225487,1662,931,33,2012-10-07,Sascha Riether,GB1,0,0,0,1,90
2225487_3220,2225487,3220,931,931,2012-10-07,John Arne Riise,GB1,0,0,0,1,90
2225487_3259,2225487,3259,931,931,2012-10-07,Damien Duff,GB1,0,0,0,0,90
2225487_3357,2225487,3357,931,1003,2012-10-07,Mark Schwarzer,GB1,0,0,0,0,90
2225491_2998,2225491,2998,512,1003,2012-10-07,Robert Huth,GB1,1,0,0,0,90
2225491_3109,2225491,3109,31,31,2012-10-07,Steven Gerrard,GB1,0,0,0,0,90
2225491_3306,2225491,3306,512,1132,2012-10-07,Jonathan Walters,GB1,1,0,0,0,90
2225500_3156,2225500,3156,148,148,2012-10-07,William Gallas,GB1,0,0,0,0,90
2231433_1565,2231433,1565,24,24,2012-10-07,Alexander Meier,L1,0,0,0,0,90
2231433_568,2231433,568,18,18,2012-10-07,Martin Stranzl,L1,0,0,0,0,90
2231433_837,2231433,837,18,18,2012-10-07,Thorben Marx,L1,1,0,0,0,90
2231435_1335,2231435,1335,42,42,2012-10-07,Steven Cherundolo,L1,1,0,0,0,81
2231435_1587,2231435,1587,42,42,2012-10-07,Mario Eggimann,L1,0,0,0,0,90
2231435_26,2231435,26,16,16,2012-10-07,Roman Weidenfeller,L1,0,0,0,0,90
2231435_277,2231435,277,42,3368,2012-10-07,Sérgio da Silva Pinto,L1,0,0,0,0,77
2231435_3114,2231435,3114,42,42,2012-10-07,Jan Schlaudraff,L1,1,0,0,0,90
2231435_410,2231435,410,16,16,2012-10-07,Sebastian Kehl,L1,0,0,0,0,90
2231436_691,2231436,691,15,15,2012-10-07,Simon Rolfes,L1,1,0,0,0,90
2242844_215,2242844,215,1084,1084,2012-10-07,Roque Santa Cruz,ES1,0,0,1,0,45
2242844_2963,2242844,2963,1084,714,2012-10-07,Martín Demichelis,ES1,0,0,0,0,90
2242846_2050,2242846,2050,1049,24,2012-10-07,Nelson Valdez,ES1,1,0,0,0,22
2242853_3366,2242853,3366,418,5,2012-10-07,Kaká,ES1,0,0,0,0,9
2243887_3256,2243887,3256,114,15,2012-10-07,Roberto Hilbert,TR1,0,0,0,0,90
2243887_3270,2243887,3270,36,1123,2012-10-07,Joseph Yobo,TR1,0,0,0,0,70
2250235_1443,2250235,1443,610,190,2012-10-07,Christian Poulsen,NL1,0,0,0,0,45
2251325_2926,2251325,2926,1025,105,2012-10-07,György Garics,IT1,0,0,0,0,90
2251327_1161,2251327,1161,46,46,2012-10-07,Javier Zanetti,IT1,0,0,0,0,90
2251329_10,2251329,10,398,398,2012-10-07,Miroslav Klose,IT1,0,0,2,0,72
2251331_2865,2251331,2865,506,167,2012-10-07,Stephan Lichtsteiner,IT1,0,0,0,0,67
2231506_1116,2231506,1116,65,65,2012-10-19,Thomas Kleine,L1,1,0,0,0,90
2231506_1474,2231506,1474,533,533,2012-10-19,Tim Wiese,L1,0,0,0,0,90
2231506_258,2231506,258,65,33,2012-10-19,Gerald Asamoah,L1,0,0,0,0,90
2243928_1792,2243928,1792,141,105,2012-10-19,Hamit Altintop,TR1,0,0,0,0,90
2223901_3266,2223901,3266,1158,1158,2012-10-20,Jérémie Aliadière,FR1,0,0,0,0,72
2223906_773,2223906,773,14171,14171,2012-10-20,David Jarolim,FR1,0,0,0,0,45
2224796_3354,2224796,3354,2282,2282,2012-10-20,Jonathan Blondel,BE1,1,0,0,0,83
2224805_3176,2224805,3176,520,2282,2012-10-20,Eidur Gudjohnsen,BE1,0,0,1,0,90
2225506_3156,2225506,3156,148,148,2012-10-20,William Gallas,GB1,1,0,1,0,90
2225506_3163,2225506,3163,631,281,2012-10-20,Frank Lampard,GB1,0,0,0,0,1
2225506_3182,2225506,3182,631,12,2012-10-20,Ashley Cole,GB1,0,0,0,0,90
2225507_3291,2225507,3291,281,984,2012-10-20,Gareth Barry,GB1,0,0,0,0,79
2225507_3333,2225507,3333,281,1237,2012-10-20,James Milner,GB1,0,1,0,0,23
2225508_3109,2225508,3109,31,31,2012-10-20,Steven Gerrard,GB1,0,0,0,0,90
2225509_1397,2225509,1397,512,512,2012-10-20,Michael Owen,GB1,0,0,0,0,16
2225509_2998,2225509,2998,512,1003,2012-10-20,Robert Huth,GB1,0,0,0,0,90
2225509_3235,2225509,3235,985,1039,2012-10-20,Rio Ferdinand,GB1,0,0,0,0,90
2225509_3306,2225509,3306,512,1132,2012-10-20,Jonathan Walters,GB1,0,0,0,0,70
2225509_3332,2225509,3332,985,985,2012-10-20,Wayne Rooney,GB1,0,0,2,1,90
2225509_3397,2225509,3397,985,985,2012-10-20,Paul Scholes,GB1,1,0,0,0,70
2225510_1662,2225510,1662,931,33,2012-10-20,Sascha Riether,GB1,0,0,0,0,90
2225510_2874,2225510,2874,931,265,2012-10-20,Mladen Petric,GB1,0,0,0,0,64
2225510_3220,2225510,3220,931,931,2012-10-20,John Arne Riise,GB1,1,0,0,1,90
2225510_3357,2225510,3357,931,1003,2012-10-20,Mark Schwarzer,GB1,0,0,0,0,90
2225510_65,2225510,65,931,1091,2012-10-20,Dimitar Berbatov,GB1,0,0,0,0,90
2227450_3251,2227450,3251,370,370,2012-10-20,Stephen Hughes,SC1,0,0,0,0,90
2227451_3322,2227451,3322,903,903,2012-10-20,Ben Williams,SC1,0,0,0,0,90
2231501_1335,2231501,1335,42,42,2012-10-20,Steven Cherundolo,L1,0,0,0,0,90
2231501_1565,2231501,1565,24,24,2012-10-20,Alexander Meier,L1,0,0,1,0,90
2231501_1587,2231501,1587,42,42,2012-10-20,Mario Eggimann,L1,0,0,0,0,90
2231501_277,2231501,277,42,3368,2012-10-20,Sérgio da Silva Pinto,L1,1,0,0,0,77
2231501_2805,2231501,2805,42,42,2012-10-20,Christian Pander,L1,0,0,0,0,13
2231501_3114,2231501,3114,42,42,2012-10-20,Jan Schlaudraff,L1,0,0,0,0,30
2231502_1075,2231502,1075,38,121,2012-10-20,Andriy Voronin,L1,0,0,0,0,45
2231502_1772,2231502,1772,38,38,2012-10-20,Du-ri Cha,L1,0,0,0,0,90
2231502_2219,2231502,2219,27,27,2012-10-20,Philipp Lahm,L1,0,0,0,0,90
2231502_2514,2231502,2514,27,985,2012-10-20,Bastian Schweinsteiger,L1,0,0,0,0,82
2231502_2712,2231502,2712,38,38,2012-10-20,Nando Rafael,L1,0,0,0,0,8
2231502_886,2231502,886,38,38,2012-10-20,Jens Langeneke,L1,0,0,0,0,90
2231504_1321,2231504,1321,33,114,2012-10-20,Jermaine Jones,L1,0,0,0,0,11
2231504_26,2231504,26,16,16,2012-10-20,Roman Weidenfeller,L1,0,0,0,0,90
2231504_410,2231504,410,16,16,2012-10-20,Sebastian Kehl,L1,0,0,0,0,56
2231511_1139,2231511,1139,39,39,2012-10-20,Nikolce Noveski,L1,0,0,0,0,90
2231511_1363,2231511,1363,39,33,2012-10-20,Christian Wetklo,L1,1,0,0,0,90
2231511_2923,2231511,2923,39,3368,2012-10-20,Andreas Ivanschitz,L1,0,0,0,0,90
2231511_691,2231511,691,15,15,2012-10-20,Simon Rolfes,L1,1,0,0,0,80
2231513_1094,2231513,1094,82,4,2012-10-20,Emanuel Pogatetz,L1,0,0,0,0,68
2231513_1667,2231513,1667,82,162,2012-10-20,Diego Benaglio,L1,0,0,0,0,90
2231514_1428,2231514,1428,18,60,2012-10-20,Mike Hanke,L1,0,0,0,0,16
2231514_568,2231514,568,18,18,2012-10-20,Martin Stranzl,L1,0,0,0,0,90
2231514_837,2231514,837,18,18,2012-10-20,Thorben Marx,L1,0,0,0,0,90
2242854_3172,2242854,3172,940,940,2012-10-20,Quique de Lucas,ES1,0,0,0,0,18
2242854_3366,2242854,3366,418,5,2012-10-20,Kaká,ES1,0,0,0,1,45
2242859_2050,2242859,2050,1049,24,2012-10-20,Nelson Valdez,ES1,1,0,1,0,30
2242877_215,2242877,215,1084,1084,2012-10-20,Roque Santa Cruz,ES1,0,0,0,0,31
2242877_2963,2242877,2963,1084,714,2012-10-20,Martín Demichelis,ES1,1,0,0,0,90
2243917_755,2243917,755,589,589,2012-10-20,Deniz Baris,TR1,0,0,0,0,90
2243917_933,2243917,933,589,2293,2012-10-20,Ugur Inceman,TR1,1,0,0,0,90
2243923_2899,2243923,2899,2292,2292,2012-10-20,Hervé Tum,TR1,0,0,0,1,90
2250240_1443,2250240,1443,610,190,2012-10-20,Christian Poulsen,NL1,0,0,0,0,90
2250242_3170,2250242,3170,499,1304,2012-10-20,Simon Cziommer,NL1,0,0,0,0,90
2250243_2048,2250243,2048,403,403,2012-10-20,Philipp Haastrup,NL1,0,0,0,0,90
2250244_3395,2250244,3395,467,132,2012-10-20,Gábor Babos,NL1,0,0,0,0,90
2251338_2865,2251338,2865,506,167,2012-10-20,Stephan Lichtsteiner,IT1,0,0,0,0,90
2251339_10,2251339,10,398,398,2012-10-20,Miroslav Klose,IT1,0,0,1,0,90
2222681_1331,2222681,1331,121,533,2012-10-21,Kevin Kuranyi,RU1,0,0,0,0,72
2222681_3321,2222681,3321,121,3725,2012-10-21,Luke Wilkshire,RU1,0,0,0,0,90
2222686_3205,2222686,3205,1083,1083,2012-10-21,David Bentley,RU1,0,0,0,0,83
2223057_1716,2223057,1716,6996,6996,2012-10-21,David Odonkor,UKR1,0,0,0,0,58
2224586_1423,2224586,1423,190,855,2012-10-21,Lars Jacobsen,DK1,0,0,0,0,90
2224588_1606,2224588,1606,2414,2414,2012-10-21,Morten Rasmussen,DK1,0,0,0,0,90
2224620_2703,2224620,2703,173,173,2012-10-21,Morten Skoubo,DK1,0,0,0,0,12
2225502_3276,2225502,3276,762,873,2012-10-21,Shola Ameobi,GB1,1,0,0,0,38
2225504_3356,2225504,3356,29,989,2012-10-21,Sylvain Distin,GB1,0,0,0,1,90
2225504_3404,2225504,3404,29,29,2012-10-21,Phil Neville,GB1,0,0,0,0,90
2231505_1726,2231505,1726,41,610,2012-10-21,Heiko Westermann,L1,0,0,0,0,90
2231505_1784,2231505,1784,41,39,2012-10-21,René Adler,L1,0,0,0,0,90
2231505_264,2231505,264,79,79,2012-10-21,Tamás Hajnal,L1,0,0,0,0,10
2231505_2953,2231505,2953,41,41,2012-10-21,Paul Scharner,L1,0,0,0,0,5
2231512_1150,2231512,1150,4,4,2012-10-21,Raphael Schäfer,L1,0,0,0,0,45
2231512_823,2231512,823,4,4,2012-10-21,Hanno Balitsch,L1,1,0,0,0,90
2243924_109,2243924,109,825,825,2012-10-21,Dedê,TR1,0,0,0,0,90
2243925_1791,2243925,1791,449,167,2012-10-21,Halil Altintop,TR1,0,0,0,0,90
2243925_3256,2243925,3256,114,15,2012-10-21,Roberto Hilbert,TR1,0,0,0,0,90
2243926_1841,2243926,1841,10484,10484,2012-10-21,Ali Bilgin,TR1,0,0,0,0,17
2243926_2587,2243926,2587,10484,524,2012-10-21,Elyasa Süme,TR1,0,0,0,0,73
2243926_299,2243926,299,10484,10484,2012-10-21,Fabian Ernst,TR1,0,0,0,0,90
2243931_1896,2243931,1896,19771,19771,2012-10-21,Ahmet Cebe,TR1,0,0,0,0,22
2243931_3059,2243931,3059,524,524,2012-10-21,Ekrem Dag,TR1,0,0,0,0,90
2251334_2926,2251334,2926,1025,105,2012-10-21,György Garics,IT1,0,0,0,0,90
2251337_1161,2251337,1161,46,46,2012-10-21,Javier Zanetti,IT1,0,0,0,0,90
2251340_3159,2251340,3159,416,130,2012-10-21,Valerio Di Cesare,IT1,1,0,0,0,90
2262180_77,2262180,77,506,506,2012-10-23,Lúcio,CL,0,0,0,0,76
2262181_3160,2262181,3160,631,631,2012-10-23,John Terry,CL,0,0,0,0,90
2262181_3163,2262181,3163,631,281,2012-10-23,Frank Lampard,CL,0,0,0,0,18
2262181_3182,2262181,3182,631,12,2012-10-23,Ashley Cole,CL,1,0,0,0,90
2262182_2219,2262182,2219,27,27,2012-10-23,Philipp Lahm,CL,0,0,0,1,90
2262182_2514,2262182,2514,27,985,2012-10-23,Bastian Schweinsteiger,CL,1,0,0,0,90
2262185_3332,2262185,3332,985,985,2012-10-23,Wayne Rooney,CL,0,0,0,0,90
2262185_3406,2262185,3406,985,985,2012-10-23,Ryan Giggs,CL,0,0,0,0,11
2262186_1792,2262186,1792,141,105,2012-10-23,Hamit Altintop,CL,0,0,0,0,39
2262189_1321,2262189,1321,33,114,2012-10-24,Jermaine Jones,CL,0,0,0,0,45
2262191_215,2262191,215,1084,1084,2012-10-24,Roque Santa Cruz,CL,0,0,0,0,20
2262191_2963,2262191,2963,1084,714,2012-10-24,Martín Demichelis,CL,0,0,0,0,90
2262193_26,2262193,26,16,16,2012-10-24,Roman Weidenfeller,CL,0,0,0,0,90
2262193_410,2262193,410,16,16,2012-10-24,Sebastian Kehl,CL,0,0,0,1,90
2262194_1443,2262194,1443,610,190,2012-10-24,Christian Poulsen,CL,0,0,0,0,90
2262194_3291,2262194,3291,281,984,2012-10-24,Gareth Barry,CL,0,0,0,0,71
2262194_3333,2262194,3333,281,1237,2012-10-24,James Milner,CL,0,0,0,1,77
2262431_1161,2262431,1161,46,46,2012-10-25,Javier Zanetti,EL,0,0,0,0,38
2262436_1073,2262436,1073,15,16,2012-10-25,Manuel Friedrich,EL,0,0,0,0,90
2262436_691,2262436,691,15,15,2012-10-25,Simon Rolfes,EL,0,0,0,0,90
2262438_2233,2262438,2233,3368,3368,2012-10-25,Christian Lell,EL,0,0,0,0,90
2262439_1335,2262439,1335,42,42,2012-10-25,Steven Cherundolo,EL,0,0,0,0,90
2262439_1586,2262439,1586,42,42,2012-10-25,Christian Schulz,EL,0,0,0,0,90
2262439_1587,2262439,1587,42,42,2012-10-25,Mario Eggimann,EL,0,0,0,0,90
2262439_277,2262439,277,42,3368,2012-10-25,Sérgio da Silva Pinto,EL,0,0,0,0,90
2262439_2805,2262439,2805,42,42,2012-10-25,Christian Pander,EL,0,0,0,0,1
2262441_3109,2262441,3109,31,31,2012-10-25,Steven Gerrard,EL,0,0,0,0,90
2262444_1428,2262444,1428,18,60,2012-10-25,Mike Hanke,EL,0,0,0,0,10
2262444_3292,2262444,3292,244,1132,2012-10-25,Joey Barton,EL,0,0,0,0,90
2262444_568,2262444,568,18,18,2012-10-25,Martin Stranzl,EL,0,0,0,0,90
2262444_837,2262444,837,18,18,2012-10-25,Thorben Marx,EL,0,0,0,1,90
2262447_3276,2262447,3276,762,873,2012-10-25,Shola Ameobi,EL,0,0,0,1,45
2262447_3354,2262447,3354,2282,2282,2012-10-25,Jonathan Blondel,EL,1,0,0,0,84
2262448_1423,2262448,1423,190,855,2012-10-25,Lars Jacobsen,EL,0,0,0,0,90
2262448_264,2262448,264,79,79,2012-10-25,Tamás Hajnal,EL,0,0,0,0,6
2222694_3205,2222694,3205,1083,1083,2012-10-26,David Bentley,RU1,0,0,0,0,85
2224769_3176,2224769,3176,520,2282,2012-10-26,Eidur Gudjohnsen,BE1,0,0,1,0,90
2227477_3322,2227477,3322,903,903,2012-10-26,Ben Williams,SC1,0,0,0,0,90
2231486_1726,2231486,1726,41,610,2012-10-26,Heiko Westermann,L1,0,0,0,0,90
2231486_1784,2231486,1784,41,39,2012-10-26,René Adler,L1,0,0,0,0,90
2231486_557,2231486,557,167,167,2012-10-26,Simon Jentzsch,L1,0,0,0,0,90
2243919_2587,2243919,2587,10484,524,2012-10-26,Elyasa Süme,TR1,0,0,0,0,90
2243919_299,2243919,299,10484,10484,2012-10-26,Fabian Ernst,TR1,0,0,0,1,90
2243919_3256,2243919,3256,114,15,2012-10-26,Roberto Hilbert,TR1,0,0,0,0,90
2243957_109,2243957,109,825,825,2012-10-26,Dedê,TR1,0,0,0,0,90
2243957_2899,2243957,2899,2292,2292,2012-10-26,Hervé Tum,TR1,0,0,0,0,90
2223018_1716,2223018,1716,6996,6996,2012-10-27,David Odonkor,UKR1,0,0,0,0,90
2224770_1532,2224770,1532,28643,28643,2012-10-27,Wesley Sonck,BE1,0,0,0,0,90
2225512_1397,2225512,1397,512,512,2012-10-27,Michael Owen,GB1,0,0,0,0,11
2225512_2998,2225512,2998,512,1003,2012-10-27,Robert Huth,GB1,0,0,0,0,90
2225512_3306,2225512,3306,512,1132,2012-10-27,Jonathan Walters,GB1,0,0,0,0,72
2225516_1662,2225516,1662,931,33,2012-10-27,Sascha Riether,GB1,0,0,0,0,90
2225516_3220,2225516,3220,931,931,2012-10-27,John Arne Riise,GB1,0,0,0,0,90
2225516_3259,2225516,3259,931,931,2012-10-27,Damien Duff,GB1,0,0,0,1,67
2225516_3357,2225516,3357,931,1003,2012-10-27,Mark Schwarzer,GB1,0,0,0,0,90
2225516_65,2225516,65,931,1091,2012-10-27,Dimitar Berbatov,GB1,0,0,1,0,90
2225518_3179,2225518,3179,379,371,2012-10-27,Carlton Cole,GB1,0,0,0,0,26
2225522_3202,2225522,3202,281,371,2012-10-27,Kolo Touré,GB1,0,0,0,0,5
2225522_3291,2225522,3291,281,984,2012-10-27,Gareth Barry,GB1,0,0,0,0,90
2225522_488,2225522,488,2288,2288,2012-10-27,Gerhard Tremmel,GB1,0,0,0,0,24
2231484_1116,2231484,1116,65,65,2012-10-27,Thomas Kleine,L1,0,0,0,0,90
2231484_1684,2231484,1684,65,65,2012-10-27,Milorad Pekovic,L1,0,0,0,0,29
2231484_258,2231484,258,65,33,2012-10-27,Gerald Asamoah,L1,0,0,0,0,85
2231488_26,2231488,26,16,16,2012-10-27,Roman Weidenfeller,L1,0,0,0,0,90
2231488_410,2231488,410,16,16,2012-10-27,Sebastian Kehl,L1,1,0,0,0,90
2231491_1321,2231491,1321,33,114,2012-10-27,Jermaine Jones,L1,0,0,0,0,90
2231491_1986,2231491,1986,4,167,2012-10-27,Markus Feulner,L1,0,0,0,0,67
2231491_823,2231491,823,4,4,2012-10-27,Hanno Balitsch,L1,0,0,0,0,69
2231492_1139,2231492,1139,39,39,2012-10-27,Nikolce Noveski,L1,0,0,0,0,90
2231492_1363,2231492,1363,39,33,2012-10-27,Christian Wetklo,L1,0,0,0,0,90
2231492_1474,2231492,1474,533,533,2012-10-27,Tim Wiese,L1,0,0,0,0,90
2231500_1075,2231500,1075,38,121,2012-10-27,Andriy Voronin,L1,0,0,0,0,90
2231500_1667,2231500,1667,82,162,2012-10-27,Diego Benaglio,L1,0,0,0,0,90
2231500_2712,2231500,2712,38,38,2012-10-27,Nando Rafael,L1,0,0,0,0,34
2231500_886,2231500,886,38,38,2012-10-27,Jens Langeneke,L1,0,0,1,0,90
2242856_215,2242856,215,1084,1084,2012-10-27,Roque Santa Cruz,ES1,0,0,0,0,90
2242856_2963,2242856,2963,1084,714,2012-10-27,Martín Demichelis,ES1,1,0,0,0,90
2242858_2050,2242858,2050,1049,24,2012-10-27,Nelson Valdez,ES1,0,0,0,0,28
2243921_1896,2243921,1896,19771,19771,2012-10-27,Ahmet Cebe,TR1,0,0,0,0,1
2243936_1792,2243936,1792,141,105,2012-10-27,Hamit Altintop,TR1,0,0,0,1,69
2243936_3165,2243936,3165,141,141,2012-10-27,Cris,TR1,0,0,1,0,90
2250250_2048,2250250,2048,403,403,2012-10-27,Philipp Haastrup,NL1,0,0,0,0,90
2250251_3395,2250251,3395,467,132,2012-10-27,Gábor Babos,NL1,0,0,0,0,90
2251949_3251,2251949,3251,370,370,2012-10-27,Stephen Hughes,SC1,1,0,0,0,78
2222693_1331,2222693,1331,121,533,2012-10-28,Kevin Kuranyi,RU1,0,0,0,1,90
2222693_3321,2222693,3321,121,3725,2012-10-28,Luke Wilkshire,RU1,1,0,0,0,90
2223898_3266,2223898,3266,1158,1158,2012-10-28,Jérémie Aliadière,FR1,0,0,2,0,90
2223921_3115,2223921,3115,40,40,2012-10-28,David Bellion,FR1,0,0,0,0,45
2224597_2703,2224597,2703,173,173,2012-10-28,Morten Skoubo,DK1,0,0,0,0,90
2225511_3156,2225511,3156,148,148,2012-10-28,William Gallas,GB1,0,0,0,0,90
2225517_3276,2225517,3276,762,873,2012-10-28,Shola Ameobi,GB1,0,0,0,1,61
2225520_3109,2225520,3109,31,31,2012-10-28,Steven Gerrard,GB1,0,0,0,1,90
2225520_3356,2225520,3356,29,989,2012-10-28,Sylvain Distin,GB1,0,0,0,0,90
2225520_3404,2225520,3404,29,29,2012-10-28,Phil Neville,GB1,1,0,0,0,90
2225526_3182,2225526,3182,631,12,2012-10-28,Ashley Cole,GB1,0,0,0,0,90
2225526_3235,2225526,3235,985,1039,2012-10-28,Rio Ferdinand,GB1,0,0,0,0,90
2225526_3332,2225526,3332,985,985,2012-10-28,Wayne Rooney,GB1,1,0,0,0,74
2225526_3406,2225526,3406,985,985,2012-10-28,Ryan Giggs,GB1,0,0,0,0,16
2231489_1565,2231489,1565,24,24,2012-10-28,Alexander Meier,L1,1,0,1,0,90
2231490_1428,2231490,1428,18,60,2012-10-28,Mike Hanke,L1,0,0,0,0,21
2231490_1587,2231490,1587,42,42,2012-10-28,Mario Eggimann,L1,0,0,0,0,90
2231490_277,2231490,277,42,3368,2012-10-28,Sérgio da Silva Pinto,L1,0,0,0,0,82
2231490_2805,2231490,2805,42,42,2012-10-28,Christian Pander,L1,0,0,0,0,6
2231490_3114,2231490,3114,42,42,2012-10-28,Jan Schlaudraff,L1,0,0,1,0,90
2231490_568,2231490,568,18,18,2012-10-28,Martin Stranzl,L1,1,0,0,0,90
2231490_837,2231490,837,18,18,2012-10-28,Thorben Marx,L1,0,0,0,0,90
2231494_1073,2231494,1073,15,16,2012-10-28,Manuel Friedrich,L1,0,0,0,0,1
2231494_2219,2231494,2219,27,27,2012-10-28,Philipp Lahm,L1,0,0,0,0,90
2231494_2514,2231494,2514,27,985,2012-10-28,Bastian Schweinsteiger,L1,0,0,0,0,74
2231494_532,2231494,532,27,86,2012-10-28,Claudio Pizarro,L1,0,0,0,1,16
2231494_691,2231494,691,15,15,2012-10-28,Simon Rolfes,L1,0,0,0,0,90
2243918_3132,2243918,3132,1506,126,2012-10-28,Florin Cernat,TR1,0,0,0,0,85
2243929_3059,2243929,3059,524,524,2012-10-28,Ekrem Dag,TR1,0,0,0,1,90
2243937_1791,2243937,1791,449,167,2012-10-28,Halil Altintop,TR1,0,0,0,0,60
2250253_1443,2250253,1443,610,190,2012-10-28,Christian Poulsen,NL1,0,0,0,0,90
2250257_3170,2250257,3170,499,1304,2012-10-28,Simon Cziommer,NL1,0,0,0,0,45
2251343_1161,2251343,1161,46,46,2012-10-28,Javier Zanetti,IT1,0,0,0,0,90
2251343_2926,2251343,2926,1025,105,2012-10-28,György Garics,IT1,0,0,0,0,90
2251344_2865,2251344,2865,506,167,2012-10-28,Stephan Lichtsteiner,IT1,0,0,0,0,87
2251345_10,2251345,10,398,398,2012-10-28,Miroslav Klose,IT1,0,0,0,0,90
2224598_1423,2224598,1423,190,855,2012-10-29,Lars Jacobsen,DK1,0,0,0,0,90
2224598_1606,2224598,1606,2414,2414,2012-10-29,Morten Rasmussen,DK1,0,0,0,0,90
2243946_755,2243946,755,589,589,2012-10-29,Deniz Baris,TR1,0,0,1,0,84
2258316_557,2258316,557,167,167,2012-10-30,Simon Jentzsch,DFB,0,0,0,0,90
2258319_123,2258319,123,33,33,2012-10-30,Christoph Metzelder,DFB,0,0,0,0,45
2258319_1321,2258319,1321,33,114,2012-10-30,Jermaine Jones,DFB,0,0,0,0,90
2258319_598,2258319,598,33,24,2012-10-30,Timo Hildebrand,DFB,0,0,0,0,90
2258320_26,2258320,26,16,16,2012-10-30,Roman Weidenfeller,DFB,0,0,0,0,90
2258320_410,2258320,410,16,16,2012-10-30,Sebastian Kehl,DFB,0,0,0,0,17
2258322_1139,2258322,1139,39,39,2012-10-30,Nikolce Noveski,DFB,0,0,0,0,90
2258322_1363,2258322,1363,39,33,2012-10-30,Christian Wetklo,DFB,0,0,0,0,90
2258322_2923,2258322,2923,39,3368,2012-10-30,Andreas Ivanschitz,DFB,0,0,1,0,81
2269533_2050,2269533,2050,1049,24,2012-10-30,Nelson Valdez,CDR,0,0,1,0,90
2270781_3205,2270781,3205,1083,1083,2012-10-30,David Bentley,RUP,0,0,0,0,101
2224773_1532,2224773,1532,28643,28643,2012-10-31,Wesley Sonck,BE1,0,0,0,0,90
2224776_3176,2224776,3176,520,2282,2012-10-31,Eidur Gudjohnsen,BE1,0,0,1,0,83
2251357_1161,2251357,1161,46,46,2012-10-31,Javier Zanetti,IT1,0,0,0,0,90
2251359_10,2251359,10,398,398,2012-10-31,Miroslav Klose,IT1,1,0,0,0,90
2258312_1073,2258312,1073,15,16,2012-10-31,Manuel Friedrich,DFB,0,0,1,0,120
2258312_2421,2258312,2421,15,38,2012-10-31,Michael Rensing,DFB,1,0,0,0,120
2258312_691,2258312,691,15,15,2012-10-31,Simon Rolfes,DFB,0,0,0,0,22
2258318_1335,2258318,1335,42,42,2012-10-31,Steven Cherundolo,DFB,0,0,0,0,120
2258318_1587,2258318,1587,42,42,2012-10-31,Mario Eggimann,DFB,0,0,0,0,120
2258318_277,2258318,277,42,3368,2012-10-31,Sérgio da Silva Pinto,DFB,0,0,0,0,62
2258318_2805,2258318,2805,42,42,2012-10-31,Christian Pander,DFB,0,0,0,0,120
2258318_3114,2258318,3114,42,42,2012-10-31,Jan Schlaudraff,DFB,1,0,0,0,120
2258321_532,2258321,532,27,86,2012-10-31,Claudio Pizarro,DFB,0,0,2,2,90
2258321_80,2258321,80,27,27,2012-10-31,Tom Starke,DFB,0,0,0,0,90
2258323_1428,2258323,1428,18,60,2012-10-31,Mike Hanke,DFB,0,0,0,0,48
2258323_2712,2258323,2712,38,38,2012-10-31,Nando Rafael,DFB,0,0,1,0,38
2258323_568,2258323,568,18,18,2012-10-31,Martin Stranzl,DFB,0,0,0,0,120
2258323_837,2258323,837,18,18,2012-10-31,Thorben Marx,DFB,0,0,0,0,72
2258323_886,2258323,886,38,38,2012-10-31,Jens Langeneke,DFB,0,0,0,0,120
2258324_1667,2258324,1667,82,162,2012-10-31,Diego Benaglio,DFB,0,0,0,0,90
2258325_264,2258325,264,79,79,2012-10-31,Tamás Hajnal,DFB,0,0,1,0,90
2266630_3170,2266630,3170,499,1304,2012-10-31,Simon Cziommer,NLP,0,0,0,0,90
2269532_3366,2269532,3366,418,5,2012-10-31,Kaká,CDR,0,0,1,0,90
2269534_215,2269534,215,1084,1084,2012-10-31,Roque Santa Cruz,CDR,0,0,2,0,78
2269540_3172,2269540,3172,940,940,2012-10-31,Quique de Lucas,CDR,0,0,0,0,63
2270784_1331,2270784,1331,121,533,2012-10-31,Kevin Kuranyi,RUP,1,0,1,0,90
2270784_2309,2270784,2309,121,121,2012-10-31,Zvjezdan Misimovic,RUP,0,0,0,0,31
2269538_2233,2269538,2233,3368,3368,2012-11-01,Christian Lell,CDR,0,0,0,0,90
2222695_3205,2222695,3205,1083,1083,2012-11-02,David Bentley,RU1,0,0,0,0,62
2223912_3266,2223912,3266,1158,1158,2012-11-02,Jérémie Aliadière,FR1,0,0,0,0,90
2231476_1116,2231476,1116,65,65,2012-11-02,Thomas Kleine,L1,0,0,0,0,90
2231476_1565,2231476,1565,24,24,2012-11-02,Alexander Meier,L1,0,0,1,0,90
2231476_1684,2231476,1684,65,65,2012-11-02,Milorad Pekovic,L1,0,0,0,0,90
2231476_258,2231476,258,65,33,2012-11-02,Gerald Asamoah,L1,1,0,0,0,89
2231476_332,2231476,332,24,24,2012-11-02,Benjamin Köhler,L1,0,0,0,0,14
2243932_1792,2243932,1792,141,105,2012-11-02,Hamit Altintop,TR1,1,0,0,0,90
2243932_3165,2243932,3165,141,141,2012-11-02,Cris,TR1,1,0,0,0,90
2224838_1532,2224838,1532,28643,28643,2012-11-03,Wesley Sonck,BE1,0,0,0,0,90
2224844_3176,2224844,3176,520,2282,2012-11-03,Eidur Gudjohnsen,BE1,0,0,0,0,90
2225514_3235,2225514,3235,985,1039,2012-11-03,Rio Ferdinand,GB1,0,0,0,0,90
2225514_3332,2225514,3332,985,985,2012-11-03,Wayne Rooney,GB1,1,0,0,1,90
2225515_1662,2225515,1662,931,33,2012-11-03,Sascha Riether,GB1,0,0,0,0,90
2225515_2874,2225515,2874,931,265,2012-11-03,Mladen Petric,GB1,0,0,0,0,15
2225515_3220,2225515,3220,931,931,2012-11-03,John Arne Riise,GB1,1,0,0,0,59
2225515_3259,2225515,3259,931,931,2012-11-03,Damien Duff,GB1,0,0,0,0,90
2225515_3356,2225515,3356,29,989,2012-11-03,Sylvain Distin,GB1,0,0,0,0,1
2225515_3357,2225515,3357,931,1003,2012-11-03,Mark Schwarzer,GB1,0,0,0,0,90
2225515_3404,2225515,3404,29,29,2012-11-03,Phil Neville,GB1,0,0,0,0,90
2225515_65,2225515,65,931,1091,2012-11-03,Dimitar Berbatov,GB1,0,0,0,1,90
2225534_2998,2225534,2998,512,1003,2012-11-03,Robert Huth,GB1,0,0,0,0,90
2225534_3306,2225534,3306,512,1132,2012-11-03,Jonathan Walters,GB1,0,0,0,0,69
2225538_3182,2225538,3182,631,12,2012-11-03,Ashley Cole,GB1,0,0,0,0,90
2225538_488,2225538,488,2288,2288,2012-11-03,Gerhard Tremmel,GB1,0,0,0,0,90
2225539_3156,2225539,3156,148,148,2012-11-03,William Gallas,GB1,0,0,0,0,90
2225540_3179,2225540,3179,379,371,2012-11-03,Carlton Cole,GB1,0,0,0,0,13
2225540_3202,2225540,3202,281,371,2012-11-03,Kolo Touré,GB1,0,0,0,0,90
2225540_3291,2225540,3291,281,984,2012-11-03,Gareth Barry,GB1,0,0,0,0,90
2227465_3251,2227465,3251,370,370,2012-11-03,Stephen Hughes,SC1,0,0,0,0,10
2227481_3322,2227481,3322,903,903,2012-11-03,Ben Williams,SC1,0,0,0,0,90
2231472_1726,2231472,1726,41,610,2012-11-03,Heiko Westermann,L1,0,0,0,0,90
2231472_1784,2231472,1784,41,39,2012-11-03,René Adler,L1,0,0,0,0,90
2231472_2219,2231472,2219,27,27,2012-11-03,Philipp Lahm,L1,0,0,0,0,90
2231472_2514,2231472,2514,27,985,2012-11-03,Bastian Schweinsteiger,L1,0,0,1,0,90
2231493_1335,2231493,1335,42,42,2012-11-03,Steven Cherundolo,L1,0,0,0,0,90
2231493_1586,2231493,1586,42,42,2012-11-03,Christian Schulz,L1,0,0,0,0,90
2231493_1587,2231493,1587,42,42,2012-11-03,Mario Eggimann,L1,0,0,0,0,90
2231493_2805,2231493,2805,42,42,2012-11-03,Christian Pander,L1,0,0,0,0,11
2231493_3114,2231493,3114,42,42,2012-11-03,Jan Schlaudraff,L1,0,0,0,0,3
2231493_557,2231493,557,167,167,2012-11-03,Simon Jentzsch,L1,0,0,0,0,90
2231496_1667,2231496,1667,82,162,2012-11-03,Diego Benaglio,L1,0,0,0,0,90
2231496_1986,2231496,1986,4,167,2012-11-03,Markus Feulner,L1,0,0,0,0,7
2231496_2767,2231496,2767,82,24,2012-11-03,Alexander Madlung,L1,0,0,0,0,6
2231496_823,2231496,823,4,4,2012-11-03,Hanno Balitsch,L1,0,0,0,0,83
2231497_1321,2231497,1321,33,114,2012-11-03,Jermaine Jones,L1,0,0,0,0,77
2231497_1474,2231497,1474,533,533,2012-11-03,Tim Wiese,L1,0,0,0,0,90
2231499_1428,2231499,1428,18,60,2012-11-03,Mike Hanke,L1,0,0,0,0,17
2231499_568,2231499,568,18,18,2012-11-03,Martin Stranzl,L1,1,0,0,0,90
2231499_837,2231499,837,18,18,2012-11-03,Thorben Marx,L1,0,0,0,0,90
2231503_26,2231503,26,16,16,2012-11-03,Roman Weidenfeller,L1,0,0,0,0,90
2231503_410,2231503,410,16,16,2012-11-03,Sebastian Kehl,L1,0,0,0,0,20
2242880_2050,2242880,2050,1049,24,2012-11-03,Nelson Valdez,ES1,0,0,1,0,2
2242884_3172,2242884,3172,940,940,2012-11-03,Quique de Lucas,ES1,0,0,0,0,24
2242895_215,2242895,215,1084,1084,2012-11-03,Roque Santa Cruz,ES1,0,0,0,0,45
2242895_2963,2242895,2963,1084,714,2012-11-03,Martín Demichelis,ES1,1,0,1,0,90
2243933_1896,2243933,1896,19771,19771,2012-11-03,Ahmet Cebe,TR1,0,0,0,0,43
2243934_3132,2243934,3132,1506,126,2012-11-03,Florin Cernat,TR1,0,0,0,0,90
2243944_109,2243944,109,825,825,2012-11-03,Dedê,TR1,0,0,0,0,90
2243944_3059,2243944,3059,524,524,2012-11-03,Ekrem Dag,TR1,0,0,0,0,90
2250259_1443,2250259,1443,610,190,2012-11-03,Christian Poulsen,NL1,0,0,0,0,57
2250259_3170,2250259,3170,499,1304,2012-11-03,Simon Cziommer,NL1,0,0,0,0,21
2250260_2048,2250260,2048,403,403,2012-11-03,Philipp Haastrup,NL1,1,0,0,0,69
2251366_1161,2251366,1161,46,46,2012-11-03,Javier Zanetti,IT1,1,0,0,0,90
2251366_2865,2251366,2865,506,167,2012-11-03,Stephan Lichtsteiner,IT1,1,0,0,0,38
2270887_2138,2270887,2138,7185,40426,2012-11-03,Mladen Kascelan,GR1,0,0,0,0,32
2270887_3201,2270887,3201,3060,265,2012-11-03,Stathis Tavlaridis,GR1,1,0,0,0,90
2222692_1331,2222692,1331,121,533,2012-11-04,Kevin Kuranyi,RU1,0,0,0,0,59
2222692_3321,2222692,3321,121,3725,2012-11-04,Luke Wilkshire,RU1,0,0,0,0,90
2224601_2703,2224601,2703,173,173,2012-11-04,Morten Skoubo,DK1,0,0,0,0,7
2224607_1423,2224607,1423,190,855,2012-11-04,Lars Jacobsen,DK1,0,0,0,0,90
2224608_1606,2224608,1606,2414,2414,2012-11-04,Morten Rasmussen,DK1,0,0,0,0,90
2224778_3354,2224778,3354,2282,2282,2012-11-04,Jonathan Blondel,BE1,1,0,0,0,90
2225513_3109,2225513,3109,31,31,2012-11-04,Steven Gerrard,GB1,0,0,0,0,90
2231495_1073,2231495,1073,15,16,2012-11-04,Manuel Friedrich,L1,0,0,0,0,90
2231495_1772,2231495,1772,38,38,2012-11-04,Du-ri Cha,L1,0,0,0,0,45
2231495_2421,2231495,2421,15,38,2012-11-04,Michael Rensing,L1,0,0,0,0,90
2231495_2712,2231495,2712,38,38,2012-11-04,Nando Rafael,L1,0,0,1,0,45
2231495_691,2231495,691,15,15,2012-11-04,Simon Rolfes,L1,0,1,0,0,2
2231495_886,2231495,886,38,38,2012-11-04,Jens Langeneke,L1,1,0,0,0,90
2231498_1139,2231498,1139,39,39,2012-11-04,Nikolce Noveski,L1,0,0,0,0,90
2231498_1363,2231498,1363,39,33,2012-11-04,Christian Wetklo,L1,0,0,0,0,90
2231498_2923,2231498,2923,39,3368,2012-11-04,Andreas Ivanschitz,L1,0,0,0,0,77
2243939_2899,2243939,2899,2292,2292,2012-11-04,Hervé Tum,TR1,0,0,0,0,69
2243943_3256,2243943,3256,114,15,2012-11-04,Roberto Hilbert,TR1,1,0,0,0,90
2250263_3395,2250263,3395,467,132,2012-11-04,Gábor Babos,NL1,0,0,0,0,90
2251363_2926,2251363,2926,1025,105,2012-11-04,György Garics,IT1,0,0,0,0,90
2270889_1613,2270889,1613,1091,855,2012-11-04,Vivian,GR1,0,0,0,0,2
2243941_755,2243941,755,589,589,2012-11-05,Deniz Baris,TR1,0,0,0,0,90
2243941_933,2243941,933,589,2293,2012-11-05,Ugur Inceman,TR1,0,0,0,1,90
2243942_2587,2243942,2587,10484,524,2012-11-05,Elyasa Süme,TR1,0,0,0,0,90
2243942_299,2243942,299,10484,10484,2012-11-05,Fabian Ernst,TR1,1,0,0,0,90
2262197_1321,2262197,1321,33,114,2012-11-06,Jermaine Jones,CL,1,0,0,0,90
2262200_215,2262200,215,1084,1084,2012-11-06,Roque Santa Cruz,CL,0,0,0,0,22
2262200_2963,2262200,2963,1084,714,2012-11-06,Martín Demichelis,CL,0,0,0,0,90
2262201_1443,2262201,1443,610,190,2012-11-06,Christian Poulsen,CL,1,0,0,0,87
2262201_3291,2262201,3291,281,984,2012-11-06,Gareth Barry,CL,0,0,0,0,85
2262202_26,2262202,26,16,16,2012-11-06,Roman Weidenfeller,CL,0,0,0,0,90
2262202_3366,2262202,3366,418,5,2012-11-06,Kaká,CL,0,0,0,0,13
2262202_410,2262202,410,16,16,2012-11-06,Sebastian Kehl,CL,0,0,0,0,90
2223928_773,2223928,773,14171,14171,2012-11-07,David Jarolim,FR1,0,0,0,0,6
2262204_77,2262204,77,506,506,2012-11-07,Lúcio,CL,0,0,0,0,21
2262205_2219,2262205,2219,27,27,2012-11-07,Philipp Lahm,CL,0,0,0,3,90
2262205_2514,2262205,2514,27,985,2012-11-07,Bastian Schweinsteiger,CL,1,0,1,0,67
2262205_532,2262205,532,27,86,2012-11-07,Claudio Pizarro,CL,0,0,3,0,90
2262209_3235,2262209,3235,985,1039,2012-11-07,Rio Ferdinand,CL,0,0,0,0,32
2262209_3332,2262209,3332,985,985,2012-11-07,Wayne Rooney,CL,0,0,1,1,90
2262209_3406,2262209,3406,985,985,2012-11-07,Ryan Giggs,CL,0,0,0,1,90
2262210_1792,2262210,1792,141,105,2012-11-07,Hamit Altintop,CL,1,0,0,2,90
2262210_3165,2262210,3165,141,141,2012-11-07,Cris,CL,0,0,0,0,90
2262243_2050,2262243,2050,1049,24,2012-11-07,Nelson Valdez,CL,0,0,0,0,11
2262456_1428,2262456,1428,18,60,2012-11-08,Mike Hanke,EL,1,0,1,0,74
2262456_3292,2262456,3292,244,1132,2012-11-08,Joey Barton,EL,0,0,1,0,90
2262456_837,2262456,837,18,18,2012-11-08,Thorben Marx,EL,0,0,0,0,74
2262457_3270,2262457,3270,36,1123,2012-11-08,Joseph Yobo,EL,0,0,0,0,90
2262458_3276,2262458,3276,762,873,2012-11-08,Shola Ameobi,EL,0,0,1,0,90
2262459_3115,2262459,3115,40,40,2012-11-08,David Bellion,EL,0,0,1,0,62
2262460_1423,2262460,1423,190,855,2012-11-08,Lars Jacobsen,EL,0,0,0,0,90
2262466_1161,2262466,1161,46,46,2012-11-08,Javier Zanetti,EL,0,0,0,0,90
2262470_10,2262470,10,398,398,2012-11-08,Miroslav Klose,EL,0,0,0,0,14
2262473_1073,2262473,1073,15,16,2012-11-08,Manuel Friedrich,EL,0,0,1,0,90
2262473_2421,2262473,2421,15,38,2012-11-08,Michael Rensing,EL,0,0,0,0,90
2262473_691,2262473,691,15,15,2012-11-08,Simon Rolfes,EL,0,0,0,0,90
2262474_2233,2262474,2233,3368,3368,2012-11-08,Christian Lell,EL,0,0,0,0,90
2262475_1335,2262475,1335,42,42,2012-11-08,Steven Cherundolo,EL,0,0,0,0,90
2262475_1586,2262475,1586,42,42,2012-11-08,Christian Schulz,EL,0,0,0,0,90
2262475_1587,2262475,1587,42,42,2012-11-08,Mario Eggimann,EL,0,0,0,0,90
2262475_2805,2262475,2805,42,42,2012-11-08,Christian Pander,EL,0,0,0,0,17
2262475_3114,2262475,3114,42,42,2012-11-08,Jan Schlaudraff,EL,0,0,0,0,18
2224648_1606,2224648,1606,2414,2414,2012-11-09,Morten Rasmussen,DK1,0,0,0,0,90
2231471_1139,2231471,1139,39,39,2012-11-09,Nikolce Noveski,L1,1,0,0,0,90
2231471_1363,2231471,1363,39,33,2012-11-09,Christian Wetklo,L1,0,0,0,0,90
2231471_2923,2231471,2923,39,3368,2012-11-09,Andreas Ivanschitz,L1,0,0,1,0,80
2231471_823,2231471,823,4,4,2012-11-09,Hanno Balitsch,L1,1,0,0,0,74
2243970_3256,2243970,3256,114,15,2012-11-09,Roberto Hilbert,TR1,1,0,0,0,90
2243971_109,2243971,109,825,825,2012-11-09,Dedê,TR1,0,0,0,0,90
2222710_1331,2222710,1331,121,533,2012-11-10,Kevin Kuranyi,RU1,0,0,2,0,90
2222710_3321,2222710,3321,121,3725,2012-11-10,Luke Wilkshire,RU1,0,0,0,0,17
2224855_1532,2224855,1532,28643,28643,2012-11-10,Wesley Sonck,BE1,1,0,0,0,90
2224859_3176,2224859,3176,520,2282,2012-11-10,Eidur Gudjohnsen,BE1,0,0,0,0,90
2225525_3235,2225525,3235,985,1039,2012-11-10,Rio Ferdinand,GB1,0,0,0,0,90
2225525_3332,2225525,3332,985,985,2012-11-10,Wayne Rooney,GB1,0,0,0,0,79
2225525_3397,2225525,3397,985,985,2012-11-10,Paul Scholes,GB1,0,0,0,1,71
2225527_1573,2225527,1573,29,29,2012-11-10,Thomas Hitzlsperger,GB1,0,0,0,0,4
2225527_3404,2225527,3404,29,29,2012-11-10,Phil Neville,GB1,0,0,0,0,73
2225531_488,2225531,488,2288,2288,2012-11-10,Gerhard Tremmel,GB1,0,0,0,0,90
2225532_2998,2225532,2998,512,1003,2012-11-10,Robert Huth,GB1,0,0,0,0,90
2225532_3306,2225532,3306,512,1132,2012-11-10,Jonathan Walters,GB1,0,0,0,0,90
2225537_1662,2225537,1662,931,33,2012-11-10,Sascha Riether,GB1,0,0,0,0,90
2225537_3220,2225537,3220,931,931,2012-11-10,John Arne Riise,GB1,0,0,0,0,90
2225537_3259,2225537,3259,931,931,2012-11-10,Damien Duff,GB1,0,0,0,0,5
2225537_3357,2225537,3357,931,1003,2012-11-10,Mark Schwarzer,GB1,0,0,0,0,90
2225537_65,2225537,65,931,1091,2012-11-10,Dimitar Berbatov,GB1,0,0,2,1,90
2231448_1321,2231448,1321,33,114,2012-11-10,Jermaine Jones,L1,0,0,0,1,90
2231473_2150,2231473,2150,16,16,2012-11-10,Oliver Kirch,L1,0,0,0,0,5
2231473_26,2231473,26,16,16,2012-11-10,Roman Weidenfeller,L1,1,0,0,0,90
2231473_557,2231473,557,167,167,2012-11-10,Simon Jentzsch,L1,0,0,0,0,90
2231474_1726,2231474,1726,41,610,2012-11-10,Heiko Westermann,L1,0,0,0,0,90
2231474_1784,2231474,1784,41,39,2012-11-10,René Adler,L1,1,0,0,0,90
2231474_2953,2231474,2953,41,41,2012-11-10,Paul Scharner,L1,2,0,0,0,35
2231475_1565,2231475,1565,24,24,2012-11-10,Alexander Meier,L1,0,0,0,0,90
2231475_2219,2231475,2219,27,27,2012-11-10,Philipp Lahm,L1,0,0,0,0,90
2231475_2514,2231475,2514,27,985,2012-11-10,Bastian Schweinsteiger,L1,0,0,0,1,90
2231475_532,2231475,532,27,86,2012-11-10,Claudio Pizarro,L1,0,0,0,0,58
2231483_1075,2231483,1075,38,121,2012-11-10,Andriy Voronin,L1,0,0,0,0,4
2231483_1474,2231483,1474,533,533,2012-11-10,Tim Wiese,L1,0,0,0,0,90
2231483_1568,2231483,1568,38,38,2012-11-10,Stefan Reisinger,L1,0,0,0,0,24
2231483_886,2231483,886,38,38,2012-11-10,Jens Langeneke,L1,0,0,0,0,90
2242923_215,2242923,215,1084,1084,2012-11-10,Roque Santa Cruz,ES1,0,0,0,0,29
2243935_1841,2243935,1841,10484,10484,2012-11-10,Ali Bilgin,TR1,0,0,0,0,32
2243935_2587,2243935,2587,10484,524,2012-11-10,Elyasa Süme,TR1,0,0,0,0,90
2243935_299,2243935,299,10484,10484,2012-11-10,Fabian Ernst,TR1,0,0,0,0,90
2243935_755,2243935,755,589,589,2012-11-10,Deniz Baris,TR1,1,0,0,0,90
2243935_933,2243935,933,589,2293,2012-11-10,Ugur Inceman,TR1,0,0,0,0,90
2243960_3132,2243960,3132,1506,126,2012-11-10,Florin Cernat,TR1,0,0,1,0,65
2243968_1791,2243968,1791,449,167,2012-11-10,Halil Altintop,TR1,0,0,0,1,76
2243968_1896,2243968,1896,19771,19771,2012-11-10,Ahmet Cebe,TR1,0,0,0,0,19
2250269_2048,2250269,2048,403,403,2012-11-10,Philipp Haastrup,NL1,1,0,0,0,90
2250270_3395,2250270,3395,467,132,2012-11-10,Gábor Babos,NL1,0,0,0,0,90
2223931_3115,2223931,3115,40,40,2012-11-11,David Bellion,FR1,0,0,0,0,11
2223931_3266,2223931,3266,1158,1158,2012-11-11,Jérémie Aliadière,FR1,0,0,0,0,90
2224649_2703,2224649,2703,173,173,2012-11-11,Morten Skoubo,DK1,0,0,0,1,63
2224659_1423,2224659,1423,190,855,2012-11-11,Lars Jacobsen,DK1,0,0,0,0,69
2224842_3354,2224842,3354,2282,2282,2012-11-11,Jonathan Blondel,BE1,0,0,0,0,90
2225524_3109,2225524,3109,31,31,2012-11-11,Steven Gerrard,GB1,1,0,0,0,90
2225524_3160,2225524,3160,631,631,2012-11-11,John Terry,GB1,0,0,1,0,39
2225528_1368,2225528,1368,379,1519,2012-11-11,Guy Demel,GB1,0,0,0,0,24
2225528_3276,2225528,3276,762,873,2012-11-11,Shola Ameobi,GB1,0,0,0,0,45
2225529_3156,2225529,3156,148,148,2012-11-11,William Gallas,GB1,0,0,0,0,90
2225529_3291,2225529,3291,281,984,2012-11-11,Gareth Barry,GB1,0,0,0,0,90
2227534_3322,2227534,3322,903,903,2012-11-11,Ben Williams,SC1,0,0,0,0,90
2231470_1073,2231470,1073,15,16,2012-11-11,Manuel Friedrich,L1,0,0,0,0,90
2231470_1667,2231470,1667,82,162,2012-11-11,Diego Benaglio,L1,0,0,0,0,90
2231470_2421,2231470,2421,15,38,2012-11-11,Michael Rensing,L1,0,0,0,0,90
2231470_2767,2231470,2767,82,24,2012-11-11,Alexander Madlung,L1,0,0,0,0,1
2231478_1335,2231478,1335,42,42,2012-11-11,Steven Cherundolo,L1,0,0,0,0,87
2231478_1586,2231478,1586,42,42,2012-11-11,Christian Schulz,L1,0,0,0,0,90
2231478_1587,2231478,1587,42,42,2012-11-11,Mario Eggimann,L1,0,0,0,0,90
2231478_264,2231478,264,79,79,2012-11-11,Tamás Hajnal,L1,0,0,0,0,15
2231478_3114,2231478,3114,42,42,2012-11-11,Jan Schlaudraff,L1,0,0,1,0,45
2231482_1116,2231482,1116,65,65,2012-11-11,Thomas Kleine,L1,0,1,0,0,12
2231482_1428,2231482,1428,18,60,2012-11-11,Mike Hanke,L1,0,0,0,1,79
2231482_1684,2231482,1684,65,65,2012-11-11,Milorad Pekovic,L1,2,0,0,0,90
2231482_258,2231482,258,65,33,2012-11-11,Gerald Asamoah,L1,0,0,0,2,49
2231482_568,2231482,568,18,18,2012-11-11,Martin Stranzl,L1,0,0,1,0,90
2231482_837,2231482,837,18,18,2012-11-11,Thorben Marx,L1,0,0,1,0,90
2242915_3366,2242915,3366,418,5,2012-11-11,Kaká,ES1,0,0,0,0,21
2242920_2050,2242920,2050,1049,24,2012-11-11,Nelson Valdez,ES1,0,0,0,0,45
2243958_3059,2243958,3059,524,524,2012-11-11,Ekrem Dag,TR1,0,0,0,1,90
2243959_2899,2243959,2899,2292,2292,2012-11-11,Hervé Tum,TR1,0,0,0,0,60
2243961_3270,2243961,3270,36,1123,2012-11-11,Joseph Yobo,TR1,0,0,0,0,90
2243969_1792,2243969,1792,141,105,2012-11-11,Hamit Altintop,TR1,0,0,0,0,89
2243969_3165,2243969,3165,141,141,2012-11-11,Cris,TR1,0,0,0,0,90
2251373_1161,2251373,1161,46,46,2012-11-11,Javier Zanetti,IT1,0,0,0,0,79
2251377_10,2251377,10,398,398,2012-11-11,Miroslav Klose,IT1,1,0,1,0,90
2251382_2926,2251382,2926,1025,105,2012-11-11,György Garics,IT1,1,0,0,0,90
2270892_2138,2270892,2138,7185,40426,2012-11-11,Mladen Kascelan,GR1,0,0,0,0,83
2270895_3201,2270895,3201,3060,265,2012-11-11,Stathis Tavlaridis,GR1,0,0,0,0,90
2223939_3266,2223939,3266,1158,1158,2012-11-16,Jérémie Aliadière,FR1,0,0,0,1,90
2243984_1792,2243984,1792,141,105,2012-11-16,Hamit Altintop,TR1,0,0,0,1,61
2243984_3132,2243984,3132,1506,126,2012-11-16,Florin Cernat,TR1,0,0,0,0,5
2243984_3165,2243984,3165,141,141,2012-11-16,Cris,TR1,0,0,0,0,90
2222708_1331,2222708,1331,121,533,2012-11-17,Kevin Kuranyi,RU1,0,0,0,0,37
2224816_3176,2224816,3176,520,2282,2012-11-17,Eidur Gudjohnsen,BE1,0,0,1,0,79
2224817_1532,2224817,1532,28643,28643,2012-11-17,Wesley Sonck,BE1,1,0,1,0,90
2225541_3156,2225541,3156,148,148,2012-11-17,William Gallas,GB1,0,0,0,0,90
2225543_3276,2225543,3276,762,873,2012-11-17,Shola Ameobi,GB1,0,0,0,0,45
2225543_488,2225543,488,2288,2288,2012-11-17,Gerhard Tremmel,GB1,0,0,0,0,90
2225544_3291,2225544,3291,281,984,2012-11-17,Gareth Barry,GB1,0,0,0,0,90
2225546_3235,2225546,3235,985,1039,2012-11-17,Rio Ferdinand,GB1,0,0,0,0,83
2225546_3397,2225546,3397,985,985,2012-11-17,Paul Scholes,GB1,0,0,0,0,21
2225546_3406,2225546,3406,985,985,2012-11-17,Ryan Giggs,GB1,0,0,0,0,90
2225548_3109,2225548,3109,31,31,2012-11-17,Steven Gerrard,GB1,0,0,0,0,90
2225553_1573,2225553,1573,29,29,2012-11-17,Thomas Hitzlsperger,GB1,0,0,0,0,82
2231458_1565,2231458,1565,24,24,2012-11-17,Alexander Meier,L1,0,0,2,0,90
2231458_332,2231458,332,24,24,2012-11-17,Benjamin Köhler,L1,0,0,0,0,1
2231460_1139,2231460,1139,39,39,2012-11-17,Nikolce Noveski,L1,0,0,0,0,90
2231460_1363,2231460,1363,39,33,2012-11-17,Christian Wetklo,L1,0,0,0,0,90
2231460_1726,2231460,1726,41,610,2012-11-17,Heiko Westermann,L1,0,0,0,0,90
2231460_1784,2231460,1784,41,39,2012-11-17,René Adler,L1,0,0,0,0,90
2231460_2923,2231460,2923,39,3368,2012-11-17,Andreas Ivanschitz,L1,0,0,0,0,90
2231477_1321,2231477,1321,33,114,2012-11-17,Jermaine Jones,L1,0,0,0,0,74
2231477_691,2231477,691,15,15,2012-11-17,Simon Rolfes,L1,0,0,0,1,90
2231479_1150,2231479,1150,4,4,2012-11-17,Raphael Schäfer,L1,0,0,0,0,90
2231479_1986,2231479,1986,4,167,2012-11-17,Markus Feulner,L1,0,0,1,0,90
2231479_2219,2231479,2219,27,27,2012-11-17,Philipp Lahm,L1,0,0,0,0,28
2231479_2514,2231479,2514,27,985,2012-11-17,Bastian Schweinsteiger,L1,1,0,0,0,90
2231479_532,2231479,532,27,86,2012-11-17,Claudio Pizarro,L1,0,0,0,0,13
2231480_1586,2231480,1586,42,42,2012-11-17,Christian Schulz,L1,0,0,0,0,45
2231480_1587,2231480,1587,42,42,2012-11-17,Mario Eggimann,L1,0,0,0,0,90
2231480_277,2231480,277,42,3368,2012-11-17,Sérgio da Silva Pinto,L1,0,0,0,0,45
2231480_3114,2231480,3114,42,42,2012-11-17,Jan Schlaudraff,L1,0,0,0,0,90
2231485_26,2231485,26,16,16,2012-11-17,Roman Weidenfeller,L1,0,0,0,0,90
2231487_1428,2231487,1428,18,60,2012-11-17,Mike Hanke,L1,0,0,0,0,66
2231487_568,2231487,568,18,18,2012-11-17,Martin Stranzl,L1,0,0,1,0,90
2231487_837,2231487,837,18,18,2012-11-17,Thorben Marx,L1,1,0,0,0,90
2242981_215,2242981,215,1084,1084,2012-11-17,Roque Santa Cruz,ES1,0,0,0,0,19
2242981_2963,2242981,2963,1084,714,2012-11-17,Martín Demichelis,ES1,0,0,0,0,90
2242982_2050,2242982,2050,1049,24,2012-11-17,Nelson Valdez,ES1,0,0,0,0,11
2243947_109,2243947,109,825,825,2012-11-17,Dedê,TR1,0,0,0,0,90
2243947_3270,2243947,3270,36,1123,2012-11-17,Joseph Yobo,TR1,0,0,0,0,90
2243972_2899,2243972,2899,2292,2292,2012-11-17,Hervé Tum,TR1,0,0,0,0,90
2250279_1443,2250279,1443,610,190,2012-11-17,Christian Poulsen,NL1,0,0,0,0,90
2251387_10,2251387,10,398,398,2012-11-17,Miroslav Klose,IT1,0,0,0,0,81
2251955_3322,2251955,3322,903,903,2012-11-17,Ben Williams,SC1,0,0,0,0,90
2224661_1423,2224661,1423,190,855,2012-11-18,Lars Jacobsen,DK1,0,0,0,0,90
2224663_1606,2224663,1606,2414,2414,2012-11-18,Morten Rasmussen,DK1,1,0,0,0,90
2225547_1662,2225547,1662,931,33,2012-11-18,Sascha Riether,GB1,0,0,0,0,90
2225547_2874,2225547,2874,931,265,2012-11-18,Mladen Petric,GB1,0,0,1,0,30
2225547_3220,2225547,3220,931,931,2012-11-18,John Arne Riise,GB1,0,0,0,0,90
2225547_3259,2225547,3259,931,931,2012-11-18,Damien Duff,GB1,0,0,0,1,90
2225547_3357,2225547,3357,931,1003,2012-11-18,Mark Schwarzer,GB1,0,0,0,0,90
2225547_65,2225547,65,931,1091,2012-11-18,Dimitar Berbatov,GB1,0,0,0,0,90
2231461_1474,2231461,1474,533,533,2012-11-18,Tim Wiese,L1,0,0,0,0,90
2231461_1667,2231461,1667,82,162,2012-11-18,Diego Benaglio,L1,0,0,0,0,90
2231461_2767,2231461,2767,82,24,2012-11-18,Alexander Madlung,L1,0,0,0,0,7
2231481_1772,2231481,1772,38,38,2012-11-18,Du-ri Cha,L1,0,0,0,0,34
2231481_2712,2231481,2712,38,38,2012-11-18,Nando Rafael,L1,0,0,0,0,22
2231481_886,2231481,886,38,38,2012-11-18,Jens Langeneke,L1,0,0,1,0,90
2243005_3172,2243005,3172,940,940,2012-11-18,Quique de Lucas,ES1,0,0,0,0,26
2243008_2233,2243008,2233,3368,3368,2012-11-18,Christian Lell,ES1,0,0,0,0,34
2243962_1896,2243962,1896,19771,19771,2012-11-18,Ahmet Cebe,TR1,0,0,0,0,32
2243962_2587,2243962,2587,10484,524,2012-11-18,Elyasa Süme,TR1,0,0,0,0,90
2243962_299,2243962,299,10484,10484,2012-11-18,Fabian Ernst,TR1,0,0,0,0,90
2243974_3059,2243974,3059,524,524,2012-11-18,Ekrem Dag,TR1,0,0,0,0,90
2243982_755,2243982,755,589,589,2012-11-18,Deniz Baris,TR1,1,0,0,0,90
2243982_933,2243982,933,589,2293,2012-11-18,Ugur Inceman,TR1,0,0,0,1,90
2250281_3395,2250281,3395,467,132,2012-11-18,Gábor Babos,NL1,0,0,0,0,90
2251383_2926,2251383,2926,1025,105,2012-11-18,György Garics,IT1,1,0,0,0,90
2251386_1161,2251386,1161,46,46,2012-11-18,Javier Zanetti,IT1,0,0,0,0,90
2270856_2138,2270856,2138,7185,40426,2012-11-18,Mladen Kascelan,GR1,0,0,0,0,90
2224652_2703,2224652,2703,173,173,2012-11-19,Morten Skoubo,DK1,0,0,1,0,87
2225558_1368,2225558,1368,379,1519,2012-11-19,Guy Demel,GB1,0,0,0,0,13
2225558_2998,2225558,2998,512,1003,2012-11-19,Robert Huth,GB1,0,0,0,0,90
2225558_3179,2225558,3179,379,371,2012-11-19,Carlton Cole,GB1,0,0,0,0,5
2225558_3306,2225558,3306,512,1132,2012-11-19,Jonathan Walters,GB1,0,0,1,0,90
2243966_1791,2243966,1791,449,167,2012-11-19,Halil Altintop,TR1,0,0,0,1,17
2270851_3201,2270851,3201,3060,265,2012-11-19,Stathis Tavlaridis,GR1,0,0,0,0,90
2262212_2865,2262212,2865,506,167,2012-11-20,Stephan Lichtsteiner,CL,0,0,0,0,68
2262212_3182,2262212,3182,631,12,2012-11-20,Ashley Cole,CL,0,0,0,0,90
2262214_2050,2262214,2050,1049,24,2012-11-20,Nelson Valdez,CL,0,0,0,0,4
2262214_2219,2262214,2219,27,27,2012-11-20,Philipp Lahm,CL,0,0,0,0,90
2262214_2514,2262214,2514,27,985,2012-11-20,Bastian Schweinsteiger,CL,0,0,0,0,90
2262214_532,2262214,532,27,86,2012-11-20,Claudio Pizarro,CL,0,0,0,0,66
2262217_1792,2262217,1792,141,105,2012-11-20,Hamit Altintop,CL,0,0,0,0,90
2262219_215,2262219,215,1084,1084,2012-11-21,Roque Santa Cruz,CL,0,0,0,1,90
2262219_2963,2262219,2963,1084,714,2012-11-21,Martín Demichelis,CL,1,0,0,0,45
2262222_1321,2262222,1321,33,114,2012-11-21,Jermaine Jones,CL,0,0,0,1,90
2262225_3333,2262225,3333,281,1237,2012-11-21,James Milner,CL,0,0,0,0,2
2262226_1443,2262226,1443,610,190,2012-11-21,Christian Poulsen,CL,0,0,0,0,45
2262226_26,2262226,26,16,16,2012-11-21,Roman Weidenfeller,CL,0,0,0,0,90
2262477_1161,2262477,1161,46,46,2012-11-22,Javier Zanetti,EL,0,0,0,0,45
2262485_1073,2262485,1073,15,16,2012-11-22,Manuel Friedrich,EL,1,0,0,0,90
2262487_1335,2262487,1335,42,42,2012-11-22,Steven Cherundolo,EL,0,0,0,0,90
2262487_1586,2262487,1586,42,42,2012-11-22,Christian Schulz,EL,0,0,0,0,90
2262487_1587,2262487,1587,42,42,2012-11-22,Mario Eggimann,EL,1,0,0,0,90
2262487_277,2262487,277,42,3368,2012-11-22,Sérgio da Silva Pinto,EL,1,0,0,0,90
2262487_2805,2262487,2805,42,42,2012-11-22,Christian Pander,EL,0,0,0,0,90
2262487_3114,2262487,3114,42,42,2012-11-22,Jan Schlaudraff,EL,0,0,0,0,61
2262488_2233,2262488,2233,3368,3368,2012-11-22,Christian Lell,EL,0,0,0,0,90
2262489_3109,2262489,3109,31,31,2012-11-22,Steven Gerrard,EL,0,0,0,1,59
2262492_3270,2262492,3270,36,1123,2012-11-22,Joseph Yobo,EL,0,0,0,0,90
2262492_3292,2262492,3292,244,1132,2012-11-22,Joey Barton,EL,0,0,0,0,86
2262493_1428,2262493,1428,18,60,2012-11-22,Mike Hanke,EL,0,0,0,0,74
2262493_568,2262493,568,18,18,2012-11-22,Martin Stranzl,EL,1,0,0,0,90
2262493_837,2262493,837,18,18,2012-11-22,Thorben Marx,EL,0,0,0,0,73
2262494_3115,2262494,3115,40,40,2012-11-22,David Bellion,EL,0,0,0,0,16
2262494_3354,2262494,3354,2282,2282,2012-11-22,Jonathan Blondel,EL,0,0,0,0,45
2262496_264,2262496,264,79,79,2012-11-22,Tamás Hajnal,EL,0,0,0,1,45
2262497_1423,2262497,1423,190,855,2012-11-22,Lars Jacobsen,EL,0,0,0,0,90
2231467_1568,2231467,1568,38,38,2012-11-23,Stefan Reisinger,L1,0,0,1,0,32
2231467_1726,2231467,1726,41,610,2012-11-23,Heiko Westermann,L1,0,0,0,0,90
2231467_1784,2231467,1784,41,39,2012-11-23,René Adler,L1,0,0,0,0,90
2231467_2712,2231467,2712,38,38,2012-11-23,Nando Rafael,L1,1,0,0,0,90
2231467_886,2231467,886,38,38,2012-11-23,Jens Langeneke,L1,0,0,0,0,41
2243953_1896,2243953,1896,19771,19771,2012-11-23,Ahmet Cebe,TR1,0,0,0,0,9
2243953_3256,2243953,3256,114,15,2012-11-23,Roberto Hilbert,TR1,1,0,1,1,90
2223949_2878,2223949,2878,750,750,2012-11-24,Yassin Mikari,FR1,0,0,0,0,13
2223955_3266,2223955,3266,1158,1158,2012-11-24,Jérémie Aliadière,FR1,0,0,0,0,90
2224624_2703,2224624,2703,173,173,2012-11-24,Morten Skoubo,DK1,0,0,0,0,45
2224825_3176,2224825,3176,520,2282,2012-11-24,Eidur Gudjohnsen,BE1,0,0,0,0,90
2224826_1532,2224826,1532,28643,28643,2012-11-24,Wesley Sonck,BE1,0,0,0,0,90
2225549_1573,2225549,1573,29,29,2012-11-24,Thomas Hitzlsperger,GB1,0,0,0,0,90
2225549_3356,2225549,3356,29,989,2012-11-24,Sylvain Distin,GB1,0,0,0,0,90
2225552_3118,2225552,3118,1039,1039,2012-11-24,Kieron Dyer,GB1,0,0,0,1,90
2225552_3235,2225552,3235,985,1039,2012-11-24,Rio Ferdinand,GB1,0,0,0,0,90
2225552_3332,2225552,3332,985,985,2012-11-24,Wayne Rooney,GB1,0,0,0,1,90
2225552_3397,2225552,3397,985,985,2012-11-24,Paul Scholes,GB1,1,0,0,0,59
2225561_1662,2225561,1662,931,33,2012-11-24,Sascha Riether,GB1,0,0,0,0,90
2225561_2874,2225561,2874,931,265,2012-11-24,Mladen Petric,GB1,0,0,0,0,90
2225561_2998,2225561,2998,512,1003,2012-11-24,Robert Huth,GB1,0,0,0,0,90
2225561_3220,2225561,3220,931,931,2012-11-24,John Arne Riise,GB1,0,0,0,0,90
2225561_3259,2225561,3259,931,931,2012-11-24,Damien Duff,GB1,0,0,0,0,17
2225561_3306,2225561,3306,512,1132,2012-11-24,Jonathan Walters,GB1,0,0,0,0,90
2225561_3357,2225561,3357,931,1003,2012-11-24,Mark Schwarzer,GB1,0,0,0,0,90
2225561_65,2225561,65,931,1091,2012-11-24,Dimitar Berbatov,GB1,0,0,0,0,90
2227529_3322,2227529,3322,903,903,2012-11-24,Ben Williams,SC1,0,0,0,0,90
2231452_1277,2231452,1277,86,86,2012-11-24,Clemens Fritz,L1,0,0,0,0,8
2231452_1667,2231452,1667,82,162,2012-11-24,Diego Benaglio,L1,0,0,0,0,90
2231453_1321,2231453,1321,33,114,2012-11-24,Jermaine Jones,L1,1,0,0,0,90
2231453_1565,2231453,1565,24,24,2012-11-24,Alexander Meier,L1,0,0,0,0,90
2231453_332,2231453,332,24,24,2012-11-24,Benjamin Köhler,L1,0,0,0,0,6
2231459_1335,2231459,1335,42,42,2012-11-24,Steven Cherundolo,L1,0,0,0,0,90
2231459_1586,2231459,1586,42,42,2012-11-24,Christian Schulz,L1,1,0,0,0,49
2231459_1587,2231459,1587,42,42,2012-11-24,Mario Eggimann,L1,0,0,0,0,90
2231459_2219,2231459,2219,27,27,2012-11-24,Philipp Lahm,L1,0,0,0,1,90
2231459_2514,2231459,2514,27,985,2012-11-24,Bastian Schweinsteiger,L1,1,0,0,1,70
2231459_277,2231459,277,42,3368,2012-11-24,Sérgio da Silva Pinto,L1,0,0,0,0,90
2231466_1139,2231466,1139,39,39,2012-11-24,Nikolce Noveski,L1,0,0,0,0,90
2231466_1363,2231466,1363,39,33,2012-11-24,Christian Wetklo,L1,0,0,0,0,90
2231466_26,2231466,26,16,16,2012-11-24,Roman Weidenfeller,L1,0,0,0,0,90
2231466_2923,2231466,2923,39,3368,2012-11-24,Andreas Ivanschitz,L1,0,0,0,0,63
2231466_690,2231466,690,39,39,2012-11-24,Ivan Klasnic,L1,0,0,0,0,5
2231469_1116,2231469,1116,65,65,2012-11-24,Thomas Kleine,L1,0,0,0,0,90
2231469_1150,2231469,1150,4,4,2012-11-24,Raphael Schäfer,L1,0,0,0,0,90
2231469_1684,2231469,1684,65,65,2012-11-24,Milorad Pekovic,L1,0,0,0,0,45
2231469_1986,2231469,1986,4,167,2012-11-24,Markus Feulner,L1,0,1,0,0,35
2231469_258,2231469,258,65,33,2012-11-24,Gerald Asamoah,L1,0,0,0,0,66
2231469_823,2231469,823,4,4,2012-11-24,Hanno Balitsch,L1,0,0,0,0,51
2242995_3366,2242995,3366,418,5,2012-11-24,Kaká,ES1,0,0,0,0,45
2242999_2050,2242999,2050,1049,24,2012-11-24,Nelson Valdez,ES1,0,0,0,0,90
2242999_215,2242999,215,1084,1084,2012-11-24,Roque Santa Cruz,ES1,0,0,1,0,12
2242999_2963,2242999,2963,1084,714,2012-11-24,Martín Demichelis,ES1,0,0,0,0,90
2243949_2899,2243949,2899,2292,2292,2012-11-24,Hervé Tum,TR1,0,0,0,0,59
2243949_3165,2243949,3165,141,141,2012-11-24,Cris,TR1,1,0,0,0,90
2243952_933,2243952,933,589,2293,2012-11-24,Ugur Inceman,TR1,0,0,0,0,90
2243964_2587,2243964,2587,10484,524,2012-11-24,Elyasa Süme,TR1,0,0,0,0,90
2243964_299,2243964,299,10484,10484,2012-11-24,Fabian Ernst,TR1,0,0,0,0,90
2250286_3395,2250286,3395,467,132,2012-11-24,Gábor Babos,NL1,0,0,0,0,90
2250288_2048,2250288,2048,403,403,2012-11-24,Philipp Haastrup,NL1,0,0,0,0,90
2222720_1331,2222720,1331,121,533,2012-11-25,Kevin Kuranyi,RU1,0,0,0,0,90
2223951_3292,2223951,3292,244,1132,2012-11-25,Joey Barton,FR1,1,0,0,0,74
2223952_3115,2223952,3115,40,40,2012-11-25,David Bellion,FR1,0,0,0,0,5
2224619_1606,2224619,1606,2414,2414,2012-11-25,Morten Rasmussen,DK1,0,0,0,0,85
2225550_3182,2225550,3182,631,12,2012-11-25,Ashley Cole,GB1,0,0,0,0,90
2225550_3291,2225550,3291,281,984,2012-11-25,Gareth Barry,GB1,0,0,0,0,90
2225550_3333,2225550,3333,281,1237,2012-11-25,James Milner,GB1,0,0,0,0,90
2225563_3109,2225563,3109,31,31,2012-11-25,Steven Gerrard,GB1,0,0,0,0,90
2225563_488,2225563,488,2288,2288,2012-11-25,Gerhard Tremmel,GB1,0,0,0,0,90
2225564_3179,2225564,3179,379,371,2012-11-25,Carlton Cole,GB1,0,0,0,0,22
2231454_264,2231454,264,79,79,2012-11-25,Tamás Hajnal,L1,0,0,0,0,7
2231457_1073,2231457,1073,15,16,2012-11-25,Manuel Friedrich,L1,0,0,0,0,1
2231457_691,2231457,691,15,15,2012-11-25,Simon Rolfes,L1,0,0,0,1,90
2231468_1428,2231468,1428,18,60,2012-11-25,Mike Hanke,L1,0,0,0,0,21
2231468_568,2231468,568,18,18,2012-11-25,Martin Stranzl,L1,1,0,0,0,90
2231468_837,2231468,837,18,18,2012-11-25,Thorben Marx,L1,0,0,0,0,69
2242996_2233,2242996,2233,3368,3368,2012-11-25,Christian Lell,ES1,0,0,0,0,90
2243951_3059,2243951,3059,524,524,2012-11-25,Ekrem Dag,TR1,1,0,0,1,90
2243963_3270,2243963,3270,36,1123,2012-11-25,Joseph Yobo,TR1,0,0,0,0,90
2250289_1443,2250289,1443,610,190,2012-11-25,Christian Poulsen,NL1,0,0,0,0,90
2250290_3170,2250290,3170,499,1304,2012-11-25,Simon Cziommer,NL1,0,0,0,0,11
2270863_1613,2270863,1613,1091,855,2012-11-25,Vivian,GR1,0,0,0,0,90
2243948_109,2243948,109,825,825,2012-11-26,Dedê,TR1,0,0,0,0,90
2243948_1791,2243948,1791,449,167,2012-11-26,Halil Altintop,TR1,0,0,0,0,90
2251399_1161,2251399,1161,46,46,2012-11-26,Javier Zanetti,IT1,0,0,0,0,90
2270858_2138,2270858,2138,7185,40426,2012-11-26,Mladen Kascelan,GR1,0,0,0,0,90
2231439_1321,2231439,1321,33,114,2012-11-27,Jermaine Jones,L1,0,0,0,0,90
2231439_1726,2231439,1726,41,610,2012-11-27,Heiko Westermann,L1,0,0,0,0,90
2231439_1784,2231439,1784,41,39,2012-11-27,René Adler,L1,0,0,0,0,90
2231439_2953,2231439,2953,41,41,2012-11-27,Paul Scharner,L1,0,0,0,0,1
2231445_1139,2231445,1139,39,39,2012-11-27,Nikolce Noveski,L1,0,0,1,0,90
2231445_1363,2231445,1363,39,33,2012-11-27,Christian Wetklo,L1,0,0,0,0,90
2231445_1565,2231445,1565,24,24,2012-11-27,Alexander Meier,L1,0,0,0,0,90
2231445_2923,2231445,2923,39,3368,2012-11-27,Andreas Ivanschitz,L1,0,0,1,0,45
2231463_1568,2231463,1568,38,38,2012-11-27,Stefan Reisinger,L1,0,0,1,0,90
2231463_26,2231463,26,16,16,2012-11-27,Roman Weidenfeller,L1,0,0,0,0,90
2231463_410,2231463,410,16,16,2012-11-27,Sebastian Kehl,L1,0,0,0,0,68
2231464_1116,2231464,1116,65,65,2012-11-27,Thomas Kleine,L1,1,0,0,0,90
2231464_1335,2231464,1335,42,42,2012-11-27,Steven Cherundolo,L1,0,0,0,0,90
2231464_1586,2231464,1586,42,42,2012-11-27,Christian Schulz,L1,0,0,0,0,90
2231464_1587,2231464,1587,42,42,2012-11-27,Mario Eggimann,L1,0,0,1,0,90
2231464_1684,2231464,1684,65,65,2012-11-27,Milorad Pekovic,L1,0,0,0,0,67
2231464_258,2231464,258,65,33,2012-11-27,Gerald Asamoah,L1,0,0,0,0,67
2231464_277,2231464,277,42,3368,2012-11-27,Sérgio da Silva Pinto,L1,0,0,0,0,90
2231464_2805,2231464,2805,42,42,2012-11-27,Christian Pander,L1,0,0,0,0,90
2231464_3114,2231464,3114,42,42,2012-11-27,Jan Schlaudraff,L1,0,0,0,1,72
2251396_10,2251396,10,398,398,2012-11-27,Miroslav Klose,IT1,0,0,1,0,90
2269549_215,2269549,215,1084,1084,2012-11-27,Roque Santa Cruz,CDR,0,0,0,0,90
2269549_2963,2269549,2963,1084,714,2012-11-27,Martín Demichelis,CDR,0,0,0,0,45
2223923_3292,2223923,3292,244,1132,2012-11-28,Joey Barton,FR1,0,0,0,0,45
2225560_1368,2225560,1368,379,1519,2012-11-28,Guy Demel,GB1,0,0,0,0,90
2225560_3179,2225560,3179,379,371,2012-11-28,Carlton Cole,GB1,0,0,0,0,28
2225560_3332,2225560,3332,985,985,2012-11-28,Wayne Rooney,GB1,0,0,0,0,78
2225565_2998,2225565,2998,512,1003,2012-11-28,Robert Huth,GB1,0,0,0,0,90
2225565_3306,2225565,3306,512,1132,2012-11-28,Jonathan Walters,GB1,0,0,1,0,90
2225569_488,2225569,488,2288,2288,2012-11-28,Gerhard Tremmel,GB1,0,0,0,0,90
2225570_3109,2225570,3109,31,31,2012-11-28,Steven Gerrard,GB1,0,0,0,1,90
2225570_3156,2225570,3156,148,148,2012-11-28,William Gallas,GB1,0,0,0,0,90
2225571_3202,2225571,3202,281,371,2012-11-28,Kolo Touré,GB1,0,0,0,0,9
2225571_3291,2225571,3291,281,984,2012-11-28,Gareth Barry,GB1,1,0,0,2,90
2225571_3333,2225571,3333,281,1237,2012-11-28,James Milner,GB1,0,0,1,0,22
2227524_3322,2227524,3322,903,903,2012-11-28,Ben Williams,SC1,0,0,0,0,90
2231440_2219,2231440,2219,27,27,2012-11-28,Philipp Lahm,L1,0,0,0,1,90
2231440_532,2231440,532,27,86,2012-11-28,Claudio Pizarro,L1,0,0,0,0,32
2231441_1150,2231441,1150,4,4,2012-11-28,Raphael Schäfer,L1,0,0,0,0,90
2231441_823,2231441,823,4,4,2012-11-28,Hanno Balitsch,L1,0,0,0,0,90
2231444_1073,2231444,1073,15,16,2012-11-28,Manuel Friedrich,L1,0,0,0,0,1
2231444_1277,2231444,1277,86,86,2012-11-28,Clemens Fritz,L1,1,0,0,0,24
2231444_691,2231444,691,15,15,2012-11-28,Simon Rolfes,L1,0,0,1,0,90
2231462_1428,2231462,1428,18,60,2012-11-28,Mike Hanke,L1,0,0,0,0,9
2231462_1667,2231462,1667,82,162,2012-11-28,Diego Benaglio,L1,0,0,0,0,90
2231462_568,2231462,568,18,18,2012-11-28,Martin Stranzl,L1,0,0,0,0,90
2231462_837,2231462,837,18,18,2012-11-28,Thorben Marx,L1,0,0,0,0,90
2231465_264,2231465,264,79,79,2012-11-28,Tamás Hajnal,L1,0,0,0,0,28
2250042_1662,2250042,1662,931,33,2012-11-28,Sascha Riether,GB1,0,0,0,0,90
2250042_2874,2250042,2874,931,265,2012-11-28,Mladen Petric,GB1,0,0,0,0,6
2250042_3182,2250042,3182,631,12,2012-11-28,Ashley Cole,GB1,0,0,0,0,90
2250042_3220,2250042,3220,931,931,2012-11-28,John Arne Riise,GB1,0,0,0,0,90
2250042_3259,2250042,3259,931,931,2012-11-28,Damien Duff,GB1,0,0,0,0,90
2250042_3357,2250042,3357,931,1003,2012-11-28,Mark Schwarzer,GB1,0,0,0,0,90
2250042_65,2250042,65,931,1091,2012-11-28,Dimitar Berbatov,GB1,0,0,0,0,90
2250043_1573,2250043,1573,29,29,2012-11-28,Thomas Hitzlsperger,GB1,0,0,0,0,17
2250043_3356,2250043,3356,29,989,2012-11-28,Sylvain Distin,GB1,0,0,0,0,90
2265372_3159,2265372,3159,416,130,2012-11-28,Valerio Di Cesare,CIT,1,0,0,0,90
2269548_2050,2269548,2050,1049,24,2012-11-28,Nelson Valdez,CDR,0,0,1,0,61
2274504_1423,2274504,1423,190,855,2012-11-28,Lars Jacobsen,DKP,1,0,0,0,112
2269555_3172,2269555,3172,940,940,2012-11-29,Quique de Lucas,CDR,0,0,1,0,34
2282101_2138,2282101,2138,7185,40426,2012-11-29,Mladen Kascelan,GRP,0,0,0,0,90
2223098_1716,2223098,1716,6996,6996,2012-11-30,David Odonkor,UKR1,0,0,0,0,90
2224641_1606,2224641,1606,2414,2414,2012-11-30,Morten Rasmussen,DK1,1,0,0,0,90
2231456_1565,2231456,1565,24,24,2012-11-30,Alexander Meier,L1,1,0,0,0,90
2231456_1568,2231456,1568,38,38,2012-11-30,Stefan Reisinger,L1,0,0,1,0,83
2231456_1772,2231456,1772,38,38,2012-11-30,Du-ri Cha,L1,0,0,0,0,16
2231456_2712,2231456,2712,38,38,2012-11-30,Nando Rafael,L1,0,0,1,0,71
2231456_332,2231456,332,24,24,2012-11-30,Benjamin Köhler,L1,0,0,0,0,7
2243871_1792,2243871,1792,141,105,2012-11-30,Hamit Altintop,TR1,0,0,0,0,73
2243871_3059,2243871,3059,524,524,2012-11-30,Ekrem Dag,TR1,0,0,0,0,90
2222731_1331,2222731,1331,121,533,2012-12-01,Kevin Kuranyi,RU1,1,0,1,0,85
2224632_1725,2224632,1725,173,173,2012-12-01,Jesper Christiansen,DK1,0,0,0,0,53
2224797_3176,2224797,3176,520,2282,2012-12-01,Eidur Gudjohnsen,BE1,0,0,0,0,78
2231442_1321,2231442,1321,33,114,2012-12-01,Jermaine Jones,L1,0,0,0,0,90
2231442_1428,2231442,1428,18,60,2012-12-01,Mike Hanke,L1,0,0,0,0,11
2231442_568,2231442,568,18,18,2012-12-01,Martin Stranzl,L1,0,0,0,0,90
2231442_598,2231442,598,33,24,2012-12-01,Timo Hildebrand,L1,0,0,0,0,90
2231442_837,2231442,837,18,18,2012-12-01,Thorben Marx,L1,0,0,0,1,90
2231443_1073,2231443,1073,15,16,2012-12-01,Manuel Friedrich,L1,0,0,0,0,18
2231443_1150,2231443,1150,4,4,2012-12-01,Raphael Schäfer,L1,0,0,0,0,90
2231443_691,2231443,691,15,15,2012-12-01,Simon Rolfes,L1,1,0,0,0,90
2231443_823,2231443,823,4,4,2012-12-01,Hanno Balitsch,L1,0,0,0,0,62
2231446_2219,2231446,2219,27,27,2012-12-01,Philipp Lahm,L1,0,0,0,0,90
2231446_2514,2231446,2514,27,985,2012-12-01,Bastian Schweinsteiger,L1,0,0,0,0,90
2231446_26,2231446,26,16,16,2012-12-01,Roman Weidenfeller,L1,0,0,0,0,90
2231447_1139,2231447,1139,39,39,2012-12-01,Nikolce Noveski,L1,1,0,0,0,90
2231447_1335,2231447,1335,42,42,2012-12-01,Steven Cherundolo,L1,0,0,0,0,90
2231447_1363,2231447,1363,39,33,2012-12-01,Christian Wetklo,L1,1,1,0,0,49
2231447_1586,2231447,1586,42,42,2012-12-01,Christian Schulz,L1,1,0,1,0,90
2231447_1587,2231447,1587,42,42,2012-12-01,Mario Eggimann,L1,0,0,0,0,90
2231447_277,2231447,277,42,3368,2012-12-01,Sérgio da Silva Pinto,L1,1,0,0,0,90
2231447_2805,2231447,2805,42,42,2012-12-01,Christian Pander,L1,0,0,0,0,90
2231447_2923,2231447,2923,39,3368,2012-12-01,Andreas Ivanschitz,L1,0,0,0,0,83
2231447_3114,2231447,3114,42,42,2012-12-01,Jan Schlaudraff,L1,0,0,0,0,73
2231455_1116,2231455,1116,65,65,2012-12-01,Thomas Kleine,L1,1,0,0,0,90
2231455_1684,2231455,1684,65,65,2012-12-01,Milorad Pekovic,L1,1,0,0,0,56
2231455_258,2231455,258,65,33,2012-12-01,Gerald Asamoah,L1,0,0,0,0,90
2231455_264,2231455,264,79,79,2012-12-01,Tamás Hajnal,L1,0,0,0,0,45
2243023_2050,2243023,2050,1049,24,2012-12-01,Nelson Valdez,ES1,0,0,0,0,15
2243031_215,2243031,215,1084,1084,2012-12-01,Roque Santa Cruz,ES1,0,0,0,0,25
2243031_2963,2243031,2963,1084,714,2012-12-01,Martín Demichelis,ES1,1,0,0,0,90
2243950_3132,2243950,3132,1506,126,2012-12-01,Florin Cernat,TR1,0,0,0,0,45
2243967_3256,2243967,3256,114,15,2012-12-01,Roberto Hilbert,TR1,0,0,0,0,90
2243975_1896,2243975,1896,19771,19771,2012-12-01,Ahmet Cebe,TR1,0,0,0,0,5
2250044_132,2250044,132,11,11,2012-12-01,Tomas Rosicky,GB1,0,0,0,0,11
2250044_488,2250044,488,2288,2288,2012-12-01,Gerhard Tremmel,GB1,0,0,0,0,90
2250045_1662,2250045,1662,931,33,2012-12-01,Sascha Riether,GB1,0,0,0,0,29
2250045_2874,2250045,2874,931,265,2012-12-01,Mladen Petric,GB1,0,0,0,0,79
2250045_3156,2250045,3156,148,148,2012-12-01,William Gallas,GB1,1,0,0,0,73
2250045_3220,2250045,3220,931,931,2012-12-01,John Arne Riise,GB1,0,0,0,0,90
2250045_3259,2250045,3259,931,931,2012-12-01,Damien Duff,GB1,0,0,0,0,28
2250045_3357,2250045,3357,931,1003,2012-12-01,Mark Schwarzer,GB1,0,0,0,0,90
2250045_65,2250045,65,931,1091,2012-12-01,Dimitar Berbatov,GB1,0,0,0,0,90
2250046_3109,2250046,3109,31,31,2012-12-01,Steven Gerrard,GB1,0,0,0,0,90
2250047_3291,2250047,3291,281,984,2012-12-01,Gareth Barry,GB1,0,0,0,0,90
2250047_3356,2250047,3356,29,989,2012-12-01,Sylvain Distin,GB1,0,0,0,0,90
2250051_3235,2250051,3235,985,1039,2012-12-01,Rio Ferdinand,GB1,0,0,0,0,90
2250051_3332,2250051,3332,985,985,2012-12-01,Wayne Rooney,GB1,0,0,2,1,90
2250052_2998,2250052,2998,512,1003,2012-12-01,Robert Huth,GB1,1,0,0,0,90
2250052_3306,2250052,3306,512,1132,2012-12-01,Jonathan Walters,GB1,0,0,0,0,90
2250053_1368,2250053,1368,379,1519,2012-12-01,Guy Demel,GB1,0,0,0,0,90
2250053_3179,2250053,3179,379,371,2012-12-01,Carlton Cole,GB1,0,0,1,1,87
2250053_3182,2250053,3182,631,12,2012-12-01,Ashley Cole,GB1,0,0,0,0,90
2250297_2048,2250297,2048,403,403,2012-12-01,Philipp Haastrup,NL1,0,0,0,0,90
2250298_1443,2250298,1443,610,190,2012-12-01,Christian Poulsen,NL1,0,0,0,0,90
2251408_2865,2251408,2865,506,167,2012-12-01,Stephan Lichtsteiner,IT1,0,0,0,0,90
2251408_3159,2251408,3159,416,130,2012-12-01,Valerio Di Cesare,IT1,0,0,0,0,50
2270859_3201,2270859,3201,3060,265,2012-12-01,Stathis Tavlaridis,GR1,2,0,0,0,44
2223958_3266,2223958,3266,1158,1158,2012-12-02,Jérémie Aliadière,FR1,0,0,0,1,90
2223962_3292,2223962,3292,244,1132,2012-12-02,Joey Barton,FR1,0,0,0,2,90
2224640_1423,2224640,1423,190,855,2012-12-02,Lars Jacobsen,DK1,0,0,0,1,90
2231449_1277,2231449,1277,86,86,2012-12-02,Clemens Fritz,L1,0,0,0,0,85
2231451_1667,2231451,1667,82,162,2012-12-02,Diego Benaglio,L1,0,0,0,0,90
2231451_1726,2231451,1726,41,610,2012-12-02,Heiko Westermann,L1,1,0,0,0,90
2231451_1784,2231451,1784,41,39,2012-12-02,René Adler,L1,1,0,0,0,90
2231451_2953,2231451,2953,41,41,2012-12-02,Paul Scharner,L1,0,0,0,0,6
2243022_2233,2243022,2233,3368,3368,2012-12-02,Christian Lell,ES1,0,0,0,0,90
2243022_3172,2243022,3172,940,940,2012-12-02,Quique de Lucas,ES1,0,0,1,0,66
2243956_755,2243956,755,589,589,2012-12-02,Deniz Baris,TR1,0,0,0,0,90
2243956_933,2243956,933,589,2293,2012-12-02,Ugur Inceman,TR1,0,0,0,0,53
2244000_3270,2244000,3270,36,1123,2012-12-02,Joseph Yobo,TR1,0,0,0,0,90
2244001_109,2244001,109,825,825,2012-12-02,Dedê,TR1,0,0,0,0,90
2244001_2587,2244001,2587,10484,524,2012-12-02,Elyasa Süme,TR1,0,0,0,0,90
2244001_299,2244001,299,10484,10484,2012-12-02,Fabian Ernst,TR1,1,0,0,0,90
2250299_3395,2250299,3395,467,132,2012-12-02,Gábor Babos,NL1,0,0,0,0,90
2250302_3170,2250302,3170,499,1304,2012-12-02,Simon Cziommer,NL1,0,0,0,0,15
2251407_1161,2251407,1161,46,46,2012-12-02,Javier Zanetti,IT1,0,0,0,0,64
2251409_10,2251409,10,398,398,2012-12-02,Miroslav Klose,IT1,0,0,1,0,43
2270861_2138,2270861,2138,7185,40426,2012-12-02,Mladen Kascelan,GR1,1,0,0,0,90
2270862_1613,2270862,1613,1091,855,2012-12-02,Vivian,GR1,0,1,0,0,36
2271136_3322,2271136,3322,903,903,2012-12-02,Ben Williams,SFA,0,0,0,0,90
2243991_1791,2243991,1791,449,167,2012-12-03,Halil Altintop,TR1,0,0,1,0,79
2262229_132,2262229,132,11,11,2012-12-04,Tomas Rosicky,CL,0,0,1,0,45
2262230_123,2262230,123,33,33,2012-12-04,Christoph Metzelder,CL,0,0,0,1,90
2262230_1321,2262230,1321,33,114,2012-12-04,Jermaine Jones,CL,0,0,0,0,18
2262230_598,2262230,598,33,24,2012-12-04,Timo Hildebrand,CL,0,0,0,0,90
2262232_215,2262232,215,1084,1084,2012-12-04,Roque Santa Cruz,CL,0,0,0,0,90
2262233_2150,2262233,2150,16,16,2012-12-04,Oliver Kirch,CL,0,0,0,0,88
2262233_26,2262233,26,16,16,2012-12-04,Roman Weidenfeller,CL,0,0,0,0,90
2262233_3291,2262233,3291,281,984,2012-12-04,Gareth Barry,CL,1,0,0,0,90
2262234_1443,2262234,1443,610,190,2012-12-04,Christian Poulsen,CL,0,0,0,0,40
2262234_3366,2262234,3366,418,5,2012-12-04,Kaká,CL,0,0,1,0,72
2262235_3182,2262235,3182,631,12,2012-12-05,Ashley Cole,CL,0,0,0,0,60
2262236_2865,2262236,2865,506,167,2012-12-05,Stephan Lichtsteiner,CL,0,0,0,1,90
2262237_2050,2262237,2050,1049,24,2012-12-05,Nelson Valdez,CL,0,0,0,0,90
2262238_2514,2262238,2514,27,985,2012-12-05,Bastian Schweinsteiger,CL,0,0,0,1,72
2262241_1792,2262241,1792,141,105,2012-12-05,Hamit Altintop,CL,0,0,0,0,45
2262242_3332,2262242,3332,985,985,2012-12-05,Wayne Rooney,CL,0,0,0,0,90
2262242_3397,2262242,3397,985,985,2012-12-05,Paul Scholes,CL,1,0,0,0,45
2262242_3406,2262242,3406,985,985,2012-12-05,Ryan Giggs,CL,0,0,0,0,86
2274506_1606,2274506,1606,2414,2414,2012-12-05,Morten Rasmussen,DKP,0,0,0,0,32
2274506_1725,2274506,1725,173,173,2012-12-05,Jesper Christiansen,DKP,0,0,0,0,90
2262503_2726,2262503,2726,2990,2990,2012-12-06,Romuald Peiser,EL,0,0,0,0,90
2262505_1144,2262505,1144,18,18,2012-12-06,Christofer Heimeroth,EL,0,0,0,0,90
2262505_1428,2262505,1428,18,60,2012-12-06,Mike Hanke,EL,0,0,1,0,67
2262506_3354,2262506,3354,2282,2282,2012-12-06,Jonathan Blondel,EL,0,0,0,0,71
2262507_3115,2262507,3115,40,40,2012-12-06,David Bellion,EL,0,0,0,0,90
2262507_3276,2262507,3276,762,873,2012-12-06,Shola Ameobi,EL,0,0,0,0,81
2262508_1423,2262508,1423,190,855,2012-12-06,Lars Jacobsen,EL,0,0,0,1,90
2262509_264,2262509,264,79,79,2012-12-06,Tamás Hajnal,EL,0,0,0,0,88
2262521_1073,2262521,1073,15,16,2012-12-06,Manuel Friedrich,EL,0,0,0,0,90
2262521_691,2262521,691,15,15,2012-12-06,Simon Rolfes,EL,0,0,0,0,45
2262522_1335,2262522,1335,42,42,2012-12-06,Steven Cherundolo,EL,0,0,0,0,19
2262522_1586,2262522,1586,42,42,2012-12-06,Christian Schulz,EL,0,0,0,0,90
2262522_277,2262522,277,42,3368,2012-12-06,Sérgio da Silva Pinto,EL,1,0,0,0,90
2231517_1726,2231517,1726,41,610,2012-12-07,Heiko Westermann,L1,0,0,0,0,90
2231517_1784,2231517,1784,41,39,2012-12-07,René Adler,L1,0,0,0,0,90
2244006_109,2244006,109,825,825,2012-12-07,Dedê,TR1,0,0,0,0,90
2244006_3256,2244006,3256,114,15,2012-12-07,Roberto Hilbert,TR1,1,0,0,0,90
2223969_2878,2223969,2878,750,750,2012-12-08,Yassin Mikari,FR1,1,0,1,0,78
2224882_3176,2224882,3176,520,2282,2012-12-08,Eidur Gudjohnsen,BE1,0,0,1,0,90
2224893_1532,2224893,1532,28643,28643,2012-12-08,Wesley Sonck,BE1,0,0,0,1,28
2227517_3322,2227517,3322,903,903,2012-12-08,Ben Williams,SC1,0,0,0,0,90
2231508_1150,2231508,1150,4,4,2012-12-08,Raphael Schäfer,L1,0,0,0,0,90
2231508_1568,2231508,1568,38,38,2012-12-08,Stefan Reisinger,L1,1,0,0,0,45
2231508_1772,2231508,1772,38,38,2012-12-08,Du-ri Cha,L1,0,0,0,0,19
2231508_1986,2231508,1986,4,167,2012-12-08,Markus Feulner,L1,0,0,1,1,90
2231508_2712,2231508,2712,38,38,2012-12-08,Nando Rafael,L1,0,0,0,0,10
2231508_823,2231508,823,4,4,2012-12-08,Hanno Balitsch,L1,0,0,0,0,90
2231509_1321,2231509,1321,33,114,2012-12-08,Jermaine Jones,L1,0,1,0,1,73
2231509_598,2231509,598,33,24,2012-12-08,Timo Hildebrand,L1,0,0,0,0,90
2231510_1116,2231510,1116,65,65,2012-12-08,Thomas Kleine,L1,1,0,0,0,45
2231510_258,2231510,258,65,33,2012-12-08,Gerald Asamoah,L1,1,0,0,0,90
2231515_1277,2231515,1277,86,86,2012-12-08,Clemens Fritz,L1,0,0,0,0,80
2231515_1496,2231515,1496,24,24,2012-12-08,Heiko Butscher,L1,0,0,0,0,90
2231515_1565,2231515,1565,24,24,2012-12-08,Alexander Meier,L1,0,0,1,0,90
2231523_2219,2231523,2219,27,27,2012-12-08,Philipp Lahm,L1,0,0,0,0,90
2231523_2514,2231523,2514,27,985,2012-12-08,Bastian Schweinsteiger,L1,0,0,0,0,90
2231527_1667,2231527,1667,82,162,2012-12-08,Diego Benaglio,L1,0,0,0,0,90
2231527_26,2231527,26,16,16,2012-12-08,Roman Weidenfeller,L1,0,0,0,0,90
2243000_215,2243000,215,1084,1084,2012-12-08,Roque Santa Cruz,ES1,0,0,1,0,28
2243000_2963,2243000,2963,1084,714,2012-12-08,Martín Demichelis,ES1,0,0,0,0,90
2243992_3059,2243992,3059,524,524,2012-12-08,Ekrem Dag,TR1,0,0,0,0,90
2243992_3132,2243992,3132,1506,126,2012-12-08,Florin Cernat,TR1,0,0,0,0,12
2244012_2587,2244012,2587,10484,524,2012-12-08,Elyasa Süme,TR1,0,0,0,0,90
2244012_299,2244012,299,10484,10484,2012-12-08,Fabian Ernst,TR1,0,0,0,0,81
2244014_3165,2244014,3165,141,141,2012-12-08,Cris,TR1,0,0,0,0,2
2250304_3395,2250304,3395,467,132,2012-12-08,Gábor Babos,NL1,0,0,0,0,90
2250310_2048,2250310,2048,403,403,2012-12-08,Philipp Haastrup,NL1,0,0,0,0,90
2258916_132,2258916,132,11,11,2012-12-08,Tomas Rosicky,GB1,0,0,0,0,9
2258917_2998,2258917,2998,512,1003,2012-12-08,Robert Huth,GB1,0,0,0,0,90
2258917_3306,2258917,3306,512,1132,2012-12-08,Jonathan Walters,GB1,0,0,0,0,90
2258921_3163,2258921,3163,631,281,2012-12-08,Frank Lampard,GB1,0,0,0,0,11
2258921_3182,2258921,3182,631,12,2012-12-08,Ashley Cole,GB1,0,0,0,0,90
2258922_488,2258922,488,2288,2288,2012-12-08,Gerhard Tremmel,GB1,0,0,0,0,90
2222678_1331,2222678,1331,121,533,2012-12-09,Kevin Kuranyi,RU1,0,0,2,0,90
2223974_3266,2223974,3266,1158,1158,2012-12-09,Jérémie Aliadière,FR1,0,0,1,1,90
2223974_3292,2223974,3292,244,1132,2012-12-09,Joey Barton,FR1,0,0,0,0,90
2224636_1423,2224636,1423,190,855,2012-12-09,Lars Jacobsen,DK1,0,0,0,1,90
2224891_3354,2224891,3354,2282,2282,2012-12-09,Jonathan Blondel,BE1,0,0,0,0,90
2231507_1073,2231507,1073,15,16,2012-12-09,Manuel Friedrich,L1,0,0,0,0,65
2231507_1335,2231507,1335,42,42,2012-12-09,Steven Cherundolo,L1,0,0,0,0,90
2231507_1586,2231507,1586,42,42,2012-12-09,Christian Schulz,L1,0,0,0,0,90
2231507_1587,2231507,1587,42,42,2012-12-09,Mario Eggimann,L1,0,0,0,0,90
2231507_277,2231507,277,42,3368,2012-12-09,Sérgio da Silva Pinto,L1,0,0,0,0,90
2231507_2805,2231507,2805,42,42,2012-12-09,Christian Pander,L1,0,0,0,0,1
2231507_3114,2231507,3114,42,42,2012-12-09,Jan Schlaudraff,L1,0,0,0,1,80
2231507_691,2231507,691,15,15,2012-12-09,Simon Rolfes,L1,0,0,0,0,71
2231526_1139,2231526,1139,39,39,2012-12-09,Nikolce Noveski,L1,1,0,0,0,90
2231526_1428,2231526,1428,18,60,2012-12-09,Mike Hanke,L1,0,0,1,0,45
2231526_2923,2231526,2923,39,3368,2012-12-09,Andreas Ivanschitz,L1,0,0,0,0,90
2231526_568,2231526,568,18,18,2012-12-09,Martin Stranzl,L1,0,0,0,0,90
2231526_837,2231526,837,18,18,2012-12-09,Thorben Marx,L1,0,0,0,0,90
2231526_892,2231526,892,39,39,2012-12-09,Heinz Müller,L1,0,0,0,0,90
2243053_3172,2243053,3172,940,940,2012-12-09,Quique de Lucas,ES1,0,0,0,0,30
2243054_2233,2243054,2233,3368,3368,2012-12-09,Christian Lell,ES1,0,0,0,0,90
2244003_3270,2244003,3270,36,1123,2012-12-09,Joseph Yobo,TR1,0,0,0,0,90
2244013_1791,2244013,1791,449,167,2012-12-09,Halil Altintop,TR1,1,0,0,0,78
2251416_1161,2251416,1161,46,46,2012-12-09,Javier Zanetti,IT1,0,0,0,0,90
2251417_2865,2251417,2865,506,167,2012-12-09,Stephan Lichtsteiner,IT1,1,0,1,0,64
2251422_3159,2251422,3159,416,130,2012-12-09,Valerio Di Cesare,IT1,1,0,0,0,90
2258919_3202,2258919,3202,281,371,2012-12-09,Kolo Touré,GB1,0,0,0,0,69
2258919_3235,2258919,3235,985,1039,2012-12-09,Rio Ferdinand,GB1,1,0,0,0,90
2258919_3291,2258919,3291,281,984,2012-12-09,Gareth Barry,GB1,1,0,0,0,90
2258919_3332,2258919,3332,985,985,2012-12-09,Wayne Rooney,GB1,1,0,2,0,90
2258923_1368,2258923,1368,379,1519,2012-12-09,Guy Demel,GB1,0,0,0,0,45
2258923_3109,2258923,3109,31,31,2012-12-09,Steven Gerrard,GB1,1,0,0,0,90
2258923_3179,2258923,3179,379,371,2012-12-09,Carlton Cole,GB1,0,0,0,0,90
2258925_3156,2258925,3156,148,148,2012-12-09,William Gallas,GB1,0,0,0,0,90
2258925_3356,2258925,3356,29,989,2012-12-09,Sylvain Distin,GB1,0,0,0,0,90
2251414_10,2251414,10,398,398,2012-12-10,Miroslav Klose,IT1,0,0,0,0,12
2258918_1662,2258918,1662,931,33,2012-12-10,Sascha Riether,GB1,0,0,0,0,90
2258918_2874,2258918,2874,931,265,2012-12-10,Mladen Petric,GB1,0,0,0,0,3
2258918_3220,2258918,3220,931,931,2012-12-10,John Arne Riise,GB1,0,0,0,0,90
2258918_3259,2258918,3259,931,931,2012-12-10,Damien Duff,GB1,0,0,0,2,90
2258918_3276,2258918,3276,762,873,2012-12-10,Shola Ameobi,GB1,0,0,0,0,19
2258918_3357,2258918,3357,931,1003,2012-12-10,Mark Schwarzer,GB1,0,0,0,0,90
2258918_65,2258918,65,931,1091,2012-12-10,Dimitar Berbatov,GB1,0,0,0,0,90
2225443_3130,2225443,3130,289,289,2012-12-11,Titus Bramble,GB1,0,0,0,0,15
2223981_2878,2223981,2878,750,750,2012-12-12,Yassin Mikari,FR1,0,0,0,0,68
2223981_3266,2223981,3266,1158,1158,2012-12-12,Jérémie Aliadière,FR1,0,0,0,0,90
2223986_3292,2223986,3292,244,1132,2012-12-12,Joey Barton,FR1,0,0,0,0,90
2282106_3201,2282106,3201,3060,265,2012-12-12,Stathis Tavlaridis,GRP,0,0,0,0,38
2282714_3172,2282714,3172,940,940,2012-12-12,Quique de Lucas,CDR,1,0,0,0,26
2282714_3366,2282714,3366,418,5,2012-12-12,Kaká,CDR,0,0,0,0,25
2223979_3115,2223979,3115,40,40,2012-12-13,David Bellion,FR1,0,0,0,0,63
2282111_1613,2282111,1613,1091,855,2012-12-13,Vivian,GRP,0,0,0,0,90
2283258_3163,2283258,3163,631,281,2012-12-13,Frank Lampard,KLUB,0,0,0,0,27
2283258_3182,2283258,3182,631,12,2012-12-13,Ashley Cole,KLUB,0,0,0,1,90
2231516_1428,2231516,1428,18,60,2012-12-14,Mike Hanke,L1,0,0,0,0,75
2231516_2219,2231516,2219,27,27,2012-12-14,Philipp Lahm,L1,0,0,0,0,90
2231516_2514,2231516,2514,27,985,2012-12-14,Bastian Schweinsteiger,L1,0,0,0,0,90
2231516_532,2231516,532,27,86,2012-12-14,Claudio Pizarro,L1,0,0,0,0,10
2231516_568,2231516,568,18,18,2012-12-14,Martin Stranzl,L1,0,0,0,0,90
2231516_837,2231516,837,18,18,2012-12-14,Thorben Marx,L1,0,0,1,0,90
2243988_109,2243988,109,825,825,2012-12-14,Dedê,TR1,0,0,0,0,90
2223892_3292,2223892,3292,244,1132,2012-12-15,Joey Barton,FR1,1,0,0,0,90
2223895_2878,2223895,2878,750,750,2012-12-15,Yassin Mikari,FR1,0,0,0,0,17
2224863_1532,2224863,1532,28643,28643,2012-12-15,Wesley Sonck,BE1,0,0,0,0,90
2224864_3176,2224864,3176,520,2282,2012-12-15,Eidur Gudjohnsen,BE1,1,1,0,0,83
2224886_3354,2224886,3354,2282,2282,2012-12-15,Jonathan Blondel,BE1,0,0,0,0,15
2227509_3322,2227509,3322,903,903,2012-12-15,Ben Williams,SC1,0,0,0,0,90
2231519_1335,2231519,1335,42,42,2012-12-15,Steven Cherundolo,L1,0,0,0,0,90
2231519_1568,2231519,1568,38,38,2012-12-15,Stefan Reisinger,L1,0,0,0,0,90
2231519_1586,2231519,1586,42,42,2012-12-15,Christian Schulz,L1,0,0,0,0,90
2231519_1587,2231519,1587,42,42,2012-12-15,Mario Eggimann,L1,1,0,0,0,90
2231519_1772,2231519,1772,38,38,2012-12-15,Du-ri Cha,L1,0,0,0,0,14
2231519_2712,2231519,2712,38,38,2012-12-15,Nando Rafael,L1,0,0,0,0,28
2231519_277,2231519,277,42,3368,2012-12-15,Sérgio da Silva Pinto,L1,1,0,0,0,90
2231519_2805,2231519,2805,42,42,2012-12-15,Christian Pander,L1,0,0,0,0,4
2231519_3114,2231519,3114,42,42,2012-12-15,Jan Schlaudraff,L1,0,0,0,0,22
2231520_1496,2231520,1496,24,24,2012-12-15,Heiko Butscher,L1,0,0,0,0,90
2231520_1565,2231520,1565,24,24,2012-12-15,Alexander Meier,L1,0,0,1,0,90
2231520_1667,2231520,1667,82,162,2012-12-15,Diego Benaglio,L1,0,0,0,0,90
2231520_2767,2231520,2767,82,24,2012-12-15,Alexander Madlung,L1,0,0,0,0,16
2231521_1726,2231521,1726,41,610,2012-12-15,Heiko Westermann,L1,0,0,0,0,90
2231521_1784,2231521,1784,41,39,2012-12-15,René Adler,L1,0,0,0,0,90
2231521_691,2231521,691,15,15,2012-12-15,Simon Rolfes,L1,0,0,0,0,90
2231522_123,2231522,123,33,33,2012-12-15,Christoph Metzelder,L1,0,0,0,0,61
2231522_598,2231522,598,33,24,2012-12-15,Timo Hildebrand,L1,0,0,0,0,90
2231524_258,2231524,258,65,33,2012-12-15,Gerald Asamoah,L1,0,0,0,0,60
2231525_264,2231525,264,79,79,2012-12-15,Tamás Hajnal,L1,0,0,0,0,22
2231525_2923,2231525,2923,39,3368,2012-12-15,Andreas Ivanschitz,L1,0,0,0,0,89
2231525_892,2231525,892,39,39,2012-12-15,Heinz Müller,L1,0,0,0,0,90
2243055_215,2243055,215,1084,1084,2012-12-15,Roque Santa Cruz,ES1,0,0,0,0,90
2243055_2963,2243055,2963,1084,714,2012-12-15,Martín Demichelis,ES1,0,0,1,0,90
2243977_3059,2243977,3059,524,524,2012-12-15,Ekrem Dag,TR1,0,0,0,0,90
2244015_3256,2244015,3256,114,15,2012-12-15,Roberto Hilbert,TR1,1,0,0,0,90
2244022_1896,2244022,1896,19771,19771,2012-12-15,Ahmet Cebe,TR1,0,0,0,0,68
2251428_10,2251428,10,398,398,2012-12-15,Miroslav Klose,IT1,0,0,1,0,85
2251428_1161,2251428,1161,46,46,2012-12-15,Javier Zanetti,IT1,0,0,0,0,90
2258927_3109,2258927,3109,31,31,2012-12-15,Steven Gerrard,GB1,0,0,1,0,90
2258928_3130,2258928,3130,289,289,2012-12-15,Titus Bramble,GB1,0,0,0,0,90
2258928_3235,2258928,3235,985,1039,2012-12-15,Rio Ferdinand,GB1,0,0,0,0,68
2258928_3332,2258928,3332,985,985,2012-12-15,Wayne Rooney,GB1,0,0,1,0,90
2258928_3397,2258928,3397,985,985,2012-12-15,Paul Scholes,GB1,0,0,0,0,45
2258928_3406,2258928,3406,985,985,2012-12-15,Ryan Giggs,GB1,0,0,0,0,17
2258929_3202,2258929,3202,281,371,2012-12-15,Kolo Touré,GB1,1,0,0,0,90
2258929_3276,2258929,3276,762,873,2012-12-15,Shola Ameobi,GB1,0,0,0,0,11
2258931_1662,2258931,1662,931,33,2012-12-15,Sascha Riether,GB1,0,0,0,0,45
2258931_2874,2258931,2874,931,265,2012-12-15,Mladen Petric,GB1,0,0,1,0,27
2258931_3220,2258931,3220,931,931,2012-12-15,John Arne Riise,GB1,0,0,0,0,90
2258931_3259,2258931,3259,931,931,2012-12-15,Damien Duff,GB1,0,0,0,0,90
2258931_3357,2258931,3357,931,1003,2012-12-15,Mark Schwarzer,GB1,0,0,0,0,90
2258931_65,2258931,65,931,1091,2012-12-15,Dimitar Berbatov,GB1,0,0,0,0,90
2258933_2998,2258933,2998,512,1003,2012-12-15,Robert Huth,GB1,0,0,0,0,90
2258933_3306,2258933,3306,512,1132,2012-12-15,Jonathan Walters,GB1,0,0,0,0,90
2258933_3356,2258933,3356,29,989,2012-12-15,Sylvain Distin,GB1,0,0,0,0,90
2223985_3266,2223985,3266,1158,1158,2012-12-16,Jérémie Aliadière,FR1,0,0,1,0,90
2223987_3115,2223987,3115,40,40,2012-12-16,David Bellion,FR1,0,0,0,0,15
2231518_1150,2231518,1150,4,4,2012-12-16,Raphael Schäfer,L1,0,0,0,0,90
2231518_1277,2231518,1277,86,86,2012-12-16,Clemens Fritz,L1,0,0,0,0,22
2231518_1986,2231518,1986,4,167,2012-12-16,Markus Feulner,L1,0,0,0,0,77
2231518_823,2231518,823,4,4,2012-12-16,Hanno Balitsch,L1,0,0,0,0,60
2231528_2150,2231528,2150,16,16,2012-12-16,Oliver Kirch,L1,0,0,0,0,7
2231528_2358,2231528,2358,533,82,2012-12-16,Patrick Ochs,L1,0,0,0,0,28
2231528_26,2231528,26,16,16,2012-12-16,Roman Weidenfeller,L1,0,0,0,0,90
2243044_2233,2243044,2233,3368,3368,2012-12-16,Christian Lell,ES1,2,0,0,0,90
2243976_755,2243976,755,589,589,2012-12-16,Deniz Baris,TR1,0,0,0,0,90
2243985_3132,2243985,3132,1506,126,2012-12-16,Florin Cernat,TR1,0,0,0,0,17
2243985_831,2243985,831,1506,1506,2012-12-16,Selim Teber,TR1,0,0,0,0,9
2244021_1792,2244021,1792,141,105,2012-12-16,Hamit Altintop,TR1,0,0,0,0,90
2244021_3270,2244021,3270,36,1123,2012-12-16,Joseph Yobo,TR1,0,0,0,0,90
2250318_3170,2250318,3170,499,1304,2012-12-16,Simon Cziommer,NL1,0,0,1,0,25
2250320_1443,2250320,1443,610,190,2012-12-16,Christian Poulsen,NL1,0,0,0,0,14
2250320_2048,2250320,2048,403,403,2012-12-16,Philipp Haastrup,NL1,0,0,0,0,90
2251427_2865,2251427,2865,506,167,2012-12-16,Stephan Lichtsteiner,IT1,0,0,0,0,90
2251430_2926,2251430,2926,1025,105,2012-12-16,György Garics,IT1,1,0,0,1,27
2258934_3156,2258934,3156,148,148,2012-12-16,William Gallas,GB1,0,0,0,0,90
2258934_488,2258934,488,2288,2288,2012-12-16,Gerhard Tremmel,GB1,0,0,0,0,90
2258935_1368,2258935,1368,379,1519,2012-12-16,Guy Demel,GB1,0,0,0,0,81
2258935_3179,2258935,3179,379,371,2012-12-16,Carlton Cole,GB1,0,0,0,0,90
2283453_3163,2283453,3163,631,281,2012-12-16,Frank Lampard,KLUB,0,0,0,0,90
2283453_3182,2283453,3182,631,12,2012-12-16,Ashley Cole,KLUB,0,0,0,0,90
2243036_3172,2243036,3172,940,940,2012-12-17,Quique de Lucas,ES1,0,0,0,0,6
2243987_2587,2243987,2587,10484,524,2012-12-17,Elyasa Süme,TR1,0,0,0,0,90
2270881_1613,2270881,1613,1091,855,2012-12-17,Vivian,GR1,1,0,0,0,90
2271109_1568,2271109,1568,38,38,2012-12-18,Stefan Reisinger,DFB,0,0,0,0,90
2271109_1772,2271109,1772,38,38,2012-12-18,Du-ri Cha,DFB,0,0,0,0,21
2271109_2712,2271109,2712,38,38,2012-12-18,Nando Rafael,DFB,0,0,0,0,27
2271114_1139,2271114,1139,39,39,2012-12-18,Nikolce Noveski,DFB,0,0,0,0,90
2271114_123,2271114,123,33,33,2012-12-18,Christoph Metzelder,DFB,0,0,0,0,90
2271114_1321,2271114,1321,33,114,2012-12-18,Jermaine Jones,DFB,1,0,0,0,90
2271114_1363,2271114,1363,39,33,2012-12-18,Christian Wetklo,DFB,0,0,0,0,90
2271114_598,2271114,598,33,24,2012-12-18,Timo Hildebrand,DFB,0,0,0,0,90
2271115_2219,2271115,2219,27,27,2012-12-18,Philipp Lahm,DFB,0,0,0,0,90
2271115_2514,2271115,2514,27,985,2012-12-18,Bastian Schweinsteiger,DFB,0,0,0,0,90
2283361_1161,2283361,1161,46,46,2012-12-18,Javier Zanetti,CIT,0,0,0,0,35
2271006_3170,2271006,3170,499,1304,2012-12-19,Simon Cziommer,NLP,0,0,0,0,38
2271110_1667,2271110,1667,82,162,2012-12-19,Diego Benaglio,DFB,0,0,0,0,90
2271110_691,2271110,691,15,15,2012-12-19,Simon Rolfes,DFB,0,0,0,0,24
2271113_1335,2271113,1335,42,42,2012-12-19,Steven Cherundolo,DFB,1,0,0,0,67
2271113_1586,2271113,1586,42,42,2012-12-19,Christian Schulz,DFB,0,0,0,0,90
2271113_1587,2271113,1587,42,42,2012-12-19,Mario Eggimann,DFB,0,0,0,0,90
2271113_26,2271113,26,16,16,2012-12-19,Roman Weidenfeller,DFB,0,0,0,0,90
2271113_277,2271113,277,42,3368,2012-12-19,Sérgio da Silva Pinto,DFB,0,0,0,0,90
2271113_2805,2271113,2805,42,42,2012-12-19,Christian Pander,DFB,0,0,0,0,30
2271113_3114,2271113,3114,42,42,2012-12-19,Jan Schlaudraff,DFB,0,0,0,0,60
2271113_410,2271113,410,16,16,2012-12-19,Sebastian Kehl,DFB,0,0,0,0,90
2283364_2926,2283364,2926,1025,105,2012-12-19,György Garics,CIT,0,0,0,0,90
2283381_2726,2283381,2726,2990,2990,2012-12-19,Romuald Peiser,POCP,0,0,0,0,90
2271009_1443,2271009,1443,610,190,2012-12-20,Christian Poulsen,NLP,0,0,0,0,61
2243066_3172,2243066,3172,940,940,2012-12-21,Quique de Lucas,ES1,0,0,0,0,5
2243070_2050,2243070,2050,1049,24,2012-12-21,Nelson Valdez,ES1,0,0,1,0,1
2243893_1896,2243893,1896,19771,19771,2012-12-21,Ahmet Cebe,TR1,0,0,0,0,11
2244002_3256,2244002,3256,114,15,2012-12-21,Roberto Hilbert,TR1,0,0,0,0,90
2251435_2865,2251435,2865,506,167,2012-12-21,Stephan Lichtsteiner,IT1,1,0,0,0,73
2223999_3115,2223999,3115,40,40,2012-12-22,David Bellion,FR1,0,0,0,0,4
2224000_3266,2224000,3266,1158,1158,2012-12-22,Jérémie Aliadière,FR1,0,0,0,1,90
2224871_1532,2224871,1532,28643,28643,2012-12-22,Wesley Sonck,BE1,1,0,0,1,90
2224871_3176,2224871,3176,520,2282,2012-12-22,Eidur Gudjohnsen,BE1,0,0,0,1,90
2243046_215,2243046,215,1084,1084,2012-12-22,Roque Santa Cruz,ES1,0,0,2,0,26
2243046_2963,2243046,2963,1084,714,2012-12-22,Martín Demichelis,ES1,0,0,0,0,90
2243046_3366,2243046,3366,418,5,2012-12-22,Kaká,ES1,0,0,0,0,27
2243911_3270,2243911,3270,36,1123,2012-12-22,Joseph Yobo,TR1,0,0,0,0,90
2243978_1841,2243978,1841,10484,10484,2012-12-22,Ali Bilgin,TR1,0,0,0,0,10
2243978_2587,2243978,2587,10484,524,2012-12-22,Elyasa Süme,TR1,0,0,0,0,80
2243978_299,2243978,299,10484,10484,2012-12-22,Fabian Ernst,TR1,0,0,0,0,90
2250322_3170,2250322,3170,499,1304,2012-12-22,Simon Cziommer,NL1,0,0,0,0,26
2251436_1161,2251436,1161,46,46,2012-12-22,Javier Zanetti,IT1,0,0,0,0,90
2251440_10,2251440,10,398,398,2012-12-22,Miroslav Klose,IT1,0,0,0,0,90
2258937_1662,2258937,1662,931,33,2012-12-22,Sascha Riether,GB1,0,0,0,0,90
2258937_3109,2258937,3109,31,31,2012-12-22,Steven Gerrard,GB1,0,0,1,2,90
2258937_3220,2258937,3220,931,931,2012-12-22,John Arne Riise,GB1,0,0,0,0,90
2258937_3357,2258937,3357,931,1003,2012-12-22,Mark Schwarzer,GB1,0,0,0,0,90
2258937_65,2258937,65,931,1091,2012-12-22,Dimitar Berbatov,GB1,0,0,0,0,90
2258938_3202,2258938,3202,281,371,2012-12-22,Kolo Touré,GB1,0,0,0,0,90
2258938_3291,2258938,3291,281,984,2012-12-22,Gareth Barry,GB1,0,0,1,0,90
2258938_3333,2258938,3333,281,1237,2012-12-22,James Milner,GB1,0,0,0,0,6
2258939_3276,2258939,3276,762,873,2012-12-22,Shola Ameobi,GB1,1,0,1,0,29
2258942_2998,2258942,2998,512,1003,2012-12-22,Robert Huth,GB1,0,0,0,0,90
2258942_3306,2258942,3306,512,1132,2012-12-22,Jonathan Walters,GB1,1,0,0,0,90
2258944_3179,2258944,3179,379,371,2012-12-22,Carlton Cole,GB1,0,1,1,0,67
2258944_3356,2258944,3356,29,989,2012-12-22,Sylvain Distin,GB1,0,0,0,0,90
2258944_3404,2258944,3404,29,29,2012-12-22,Phil Neville,GB1,0,0,0,0,85
2284516_1613,2284516,1613,1091,855,2012-12-22,Vivian,GRP,0,0,0,0,90
2223998_3292,2223998,3292,244,1132,2012-12-23,Joey Barton,FR1,0,0,0,0,90
2227508_3322,2227508,3322,903,903,2012-12-23,Ben Williams,SC1,0,0,0,0,90
2243979_109,2243979,109,825,825,2012-12-23,Dedê,TR1,0,0,0,0,90
2243979_755,2243979,755,589,589,2012-12-23,Deniz Baris,TR1,0,0,0,0,90
2243989_3059,2243989,3059,524,524,2012-12-23,Ekrem Dag,TR1,0,0,0,0,90
2243993_1791,2243993,1791,449,167,2012-12-23,Halil Altintop,TR1,0,0,0,0,90
2243993_1792,2243993,1792,141,105,2012-12-23,Hamit Altintop,TR1,0,0,0,0,76
2250326_2048,2250326,2048,403,403,2012-12-23,Philipp Haastrup,NL1,0,0,0,0,90
2250327_1443,2250327,1443,610,190,2012-12-23,Christian Poulsen,NL1,0,0,0,0,90
2258936_3163,2258936,3163,631,281,2012-12-23,Frank Lampard,GB1,0,0,1,0,61
2258936_3182,2258936,3182,631,12,2012-12-23,Ashley Cole,GB1,0,0,0,0,90
2258941_3332,2258941,3332,985,985,2012-12-23,Wayne Rooney,GB1,1,0,0,0,78
2258941_3397,2258941,3397,985,985,2012-12-23,Paul Scholes,GB1,1,0,0,0,5
2258941_3406,2258941,3406,985,985,2012-12-23,Ryan Giggs,GB1,0,0,0,0,12
2224918_1532,2224918,1532,28643,28643,2012-12-26,Wesley Sonck,BE1,0,0,0,0,90
2224922_3176,2224922,3176,520,2282,2012-12-26,Eidur Gudjohnsen,BE1,0,0,0,0,90
2227501_3322,2227501,3322,903,903,2012-12-26,Ben Williams,SC1,0,0,0,0,90
2258947_3156,2258947,3156,148,148,2012-12-26,William Gallas,GB1,0,0,0,0,90
2258948_1573,2258948,1573,29,29,2012-12-26,Thomas Hitzlsperger,GB1,0,0,0,0,70
2258948_3356,2258948,3356,29,989,2012-12-26,Sylvain Distin,GB1,0,0,0,0,90
2258948_3404,2258948,3404,29,29,2012-12-26,Phil Neville,GB1,0,0,0,1,90
2258949_1662,2258949,1662,931,33,2012-12-26,Sascha Riether,GB1,0,0,0,1,90
2258949_3220,2258949,3220,931,931,2012-12-26,John Arne Riise,GB1,1,0,0,0,90
2258949_3357,2258949,3357,931,1003,2012-12-26,Mark Schwarzer,GB1,0,0,0,0,90
2258949_65,2258949,65,931,1091,2012-12-26,Dimitar Berbatov,GB1,1,0,1,0,90
2258950_3235,2258950,3235,985,1039,2012-12-26,Rio Ferdinand,GB1,0,0,0,0,90
2258950_3276,2258950,3276,762,873,2012-12-26,Shola Ameobi,GB1,0,0,0,0,19
2258950_3397,2258950,3397,985,985,2012-12-26,Paul Scholes,GB1,0,0,0,0,69
2258950_3406,2258950,3406,985,985,2012-12-26,Ryan Giggs,GB1,0,0,0,0,90
2258951_3163,2258951,3163,631,281,2012-12-26,Frank Lampard,GB1,0,0,0,0,17
2258951_3182,2258951,3182,631,12,2012-12-26,Ashley Cole,GB1,0,0,0,0,90
2258954_2998,2258954,2998,512,1003,2012-12-26,Robert Huth,GB1,0,0,0,0,90
2258954_3109,2258954,3109,31,31,2012-12-26,Steven Gerrard,GB1,0,0,1,0,90
2258954_3306,2258954,3306,512,1132,2012-12-26,Jonathan Walters,GB1,0,0,2,0,90
2258955_3202,2258955,3202,281,371,2012-12-26,Kolo Touré,GB1,0,0,0,0,86
2258955_3291,2258955,3291,281,984,2012-12-26,Gareth Barry,GB1,0,0,0,0,4
2258955_3333,2258955,3333,281,1237,2012-12-26,James Milner,GB1,0,0,0,0,90
2227498_3322,2227498,3322,903,903,2012-12-29,Ben Williams,SC1,0,0,0,0,90
2258956_3276,2258956,3276,762,873,2012-12-29,Shola Ameobi,GB1,0,0,0,0,8
2258959_1662,2258959,1662,931,33,2012-12-29,Sascha Riether,GB1,0,0,0,0,90
2258959_488,2258959,488,2288,2288,2012-12-29,Gerhard Tremmel,GB1,0,0,0,0,90
2258959_65,2258959,65,931,1091,2012-12-29,Dimitar Berbatov,GB1,0,0,0,1,90
2258960_3397,2258960,3397,985,985,2012-12-29,Paul Scholes,GB1,0,0,0,0,8
2258961_3291,2258961,3291,281,984,2012-12-29,Gareth Barry,GB1,0,0,0,0,90
2258961_3333,2258961,3333,281,1237,2012-12-29,James Milner,GB1,0,0,0,0,34
2258963_3179,2258963,3179,379,371,2012-12-29,Carlton Cole,GB1,0,0,0,0,90
2258964_2998,2258964,2998,512,1003,2012-12-29,Robert Huth,GB1,0,0,0,0,90
2258964_3273,2258964,3273,512,1003,2012-12-29,Matthew Upson,GB1,0,0,1,0,90
2258964_3306,2258964,3306,512,1132,2012-12-29,Jonathan Walters,GB1,0,0,0,0,90
2258965_3130,2258965,3130,289,289,2012-12-29,Titus Bramble,GB1,0,0,0,0,22
2258958_1573,2258958,1573,29,29,2012-12-30,Thomas Hitzlsperger,GB1,0,0,0,0,78
2258958_3163,2258958,3163,631,281,2012-12-30,Frank Lampard,GB1,0,0,2,0,90
2258958_3182,2258958,3182,631,12,2012-12-30,Ashley Cole,GB1,1,0,0,0,90
2258958_3356,2258958,3356,29,989,2012-12-30,Sylvain Distin,GB1,1,0,0,0,90
2258962_3109,2258962,3109,31,31,2012-12-30,Steven Gerrard,GB1,0,0,0,1,90
2283389_2726,2283389,2726,2990,2990,2012-12-30,Romuald Peiser,POCP,0,0,0,0,90
2258968_2998,2258968,2998,512,1003,2013-01-01,Robert Huth,GB1,1,0,0,0,90
2258968_3291,2258968,3291,281,984,2013-01-01,Gareth Barry,GB1,0,0,0,0,90
2258968_3306,2258968,3306,512,1132,2013-01-01,Jonathan Walters,GB1,0,0,0,0,90
2258968_3333,2258968,3333,281,1237,2013-01-01,James Milner,GB1,0,0,0,1,90
2258973_1662,2258973,1662,931,33,2013-01-01,Sascha Riether,GB1,0,0,0,0,90
2258973_65,2258973,65,931,1091,2013-01-01,Dimitar Berbatov,GB1,0,0,1,0,90
2258974_1368,2258974,1368,379,1519,2013-01-01,Guy Demel,GB1,0,0,0,0,90
2258974_3179,2258974,3179,379,371,2013-01-01,Carlton Cole,GB1,0,0,0,0,90
2258975_3235,2258975,3235,985,1039,2013-01-01,Rio Ferdinand,GB1,0,0,0,0,68
2258975_3406,2258975,3406,985,985,2013-01-01,Ryan Giggs,GB1,0,0,0,0,90
2227496_3251,2227496,3251,370,370,2013-01-02,Stephen Hughes,SC1,0,0,0,0,6
2258966_3118,2258966,3118,1039,1039,2013-01-02,Kieron Dyer,GB1,0,0,0,0,1
2258966_3163,2258966,3163,631,281,2013-01-02,Frank Lampard,GB1,0,0,0,0,79
2258967_3109,2258967,3109,31,31,2013-01-02,Steven Gerrard,GB1,0,0,0,2,90
2258969_3276,2258969,3276,762,873,2013-01-02,Shola Ameobi,GB1,0,0,0,0,90
2258969_3356,2258969,3356,29,989,2013-01-02,Sylvain Distin,GB1,0,0,0,0,90
2258969_3404,2258969,3404,29,29,2013-01-02,Phil Neville,GB1,0,0,0,0,90
2227491_3322,2227491,3322,903,903,2013-01-03,Ben Williams,SC1,0,0,0,0,90
2243048_215,2243048,215,1084,1084,2013-01-05,Roque Santa Cruz,ES1,0,0,0,0,90
2243048_2963,2243048,2963,1084,714,2013-01-05,Martín Demichelis,ES1,0,0,0,0,90
2243057_2050,2243057,2050,1049,24,2013-01-05,Nelson Valdez,ES1,1,0,0,0,36
2243068_2233,2243068,2233,3368,3368,2013-01-05,Christian Lell,ES1,0,0,1,0,90
2252311_10,2252311,10,398,398,2013-01-05,Miroslav Klose,IT1,0,0,0,1,90
2285319_1397,2285319,1397,512,512,2013-01-05,Michael Owen,FAC,0,0,0,0,53
2285319_2998,2285319,2998,512,1003,2013-01-05,Robert Huth,FAC,0,0,0,0,90
2285319_3306,2285319,3306,512,1132,2013-01-05,Jonathan Walters,FAC,1,0,0,0,90
2285320_3276,2285320,3276,762,873,2013-01-05,Shola Ameobi,FAC,2,0,0,0,63
2285323_1662,2285323,1662,931,33,2013-01-05,Sascha Riether,FAC,0,0,0,0,90
2285323_65,2285323,65,931,1091,2013-01-05,Dimitar Berbatov,FAC,0,0,0,0,90
2285324_3146,2285324,3146,405,512,2013-01-05,Shay Given,FAC,0,0,0,0,90
2285328_3291,2285328,3291,281,984,2013-01-05,Gareth Barry,FAC,0,0,1,0,90
2285328_3333,2285328,3333,281,1237,2013-01-05,James Milner,FAC,0,0,0,1,90
2285338_3163,2285338,3163,631,281,2013-01-05,Frank Lampard,FAC,0,0,1,0,25
2285338_3182,2285338,3182,631,12,2013-01-05,Ashley Cole,FAC,0,0,0,1,90
2285339_3118,2285339,3118,1039,1039,2013-01-05,Kieron Dyer,FAC,0,0,1,0,90
2285342_3130,2285342,3130,289,289,2013-01-05,Titus Bramble,FAC,0,0,0,0,90
2285342_670,2285342,670,355,714,2013-01-05,Martin Petrov,FAC,0,0,0,1,90
2285344_1327,2285344,1327,379,1159,2013-01-05,Alou Diarra,FAC,0,0,0,0,73
2285344_1368,2285344,1368,379,1519,2013-01-05,Guy Demel,FAC,0,0,0,0,90
2285344_3179,2285344,3179,379,371,2013-01-05,Carlton Cole,FAC,0,0,0,0,90
2285344_3397,2285344,3397,985,985,2013-01-05,Paul Scholes,FAC,1,0,0,0,68
2285344_3406,2285344,3406,985,985,2013-01-05,Ryan Giggs,FAC,0,0,0,1,12
2243059_3172,2243059,3172,940,940,2013-01-06,Quique de Lucas,ES1,0,0,0,0,4
2252310_2926,2252310,2926,1025,105,2013-01-06,György Garics,IT1,0,0,0,0,90
2252318_1161,2252318,1161,46,46,2013-01-06,Javier Zanetti,IT1,0,0,0,0,90
2284887_3201,2284887,3201,3060,265,2013-01-06,Stathis Tavlaridis,GR1,0,0,1,0,90
2284888_1613,2284888,1613,1091,855,2013-01-06,Vivian,GR1,0,0,0,0,90
2284888_2138,2284888,2138,7185,40426,2013-01-06,Mladen Kascelan,GR1,0,0,0,0,90
2285332_1573,2285332,1573,29,29,2013-01-07,Thomas Hitzlsperger,FAC,0,0,0,0,10
2285332_3356,2285332,3356,29,989,2013-01-07,Sylvain Distin,FAC,0,0,0,0,90
2285332_3404,2285332,3404,29,29,2013-01-07,Phil Neville,FAC,0,0,0,0,90
2282719_2050,2282719,2050,1049,24,2013-01-08,Nelson Valdez,CDR,0,0,0,0,66
2283637_2963,2283637,2963,1084,714,2013-01-08,Martín Demichelis,CDR,0,0,0,0,30
2244007_1896,2244007,1896,19771,19771,2013-01-09,Ahmet Cebe,TR1,0,0,0,0,68
2244007_755,2244007,755,589,589,2013-01-09,Deniz Baris,TR1,0,0,0,0,90
2244007_933,2244007,933,589,2293,2013-01-09,Ugur Inceman,TR1,1,0,0,0,90
2282723_3172,2282723,3172,940,940,2013-01-09,Quique de Lucas,CDR,0,0,0,0,90
2283396_2726,2283396,2726,2990,2990,2013-01-09,Romuald Peiser,POCP,0,0,0,0,90
2284285_2865,2284285,2865,506,167,2013-01-09,Stephan Lichtsteiner,CIT,0,0,0,0,84
2284870_1613,2284870,1613,1091,855,2013-01-10,Vivian,GRP,0,1,0,0,78
2224002_3266,2224002,3266,1158,1158,2013-01-12,Jérémie Aliadière,FR1,0,0,0,0,90
2243063_2050,2243063,2050,1049,24,2013-01-12,Nelson Valdez,ES1,0,0,0,0,9
2243074_3366,2243074,3366,418,5,2013-01-12,Kaká,ES1,2,0,0,0,18
2243076_3172,2243076,3172,940,940,2013-01-12,Quique de Lucas,ES1,0,0,0,0,32
2251444_2926,2251444,2926,1025,105,2013-01-12,György Garics,IT1,0,0,0,0,90
2251450_1161,2251450,1161,46,46,2013-01-12,Javier Zanetti,IT1,0,0,0,0,90
2258978_3356,2258978,3356,29,989,2013-01-12,Sylvain Distin,GB1,0,0,0,0,90
2258978_3404,2258978,3404,29,29,2013-01-12,Phil Neville,GB1,0,0,0,0,69
2258979_1662,2258979,1662,931,33,2013-01-12,Sascha Riether,GB1,0,0,0,1,90
2258979_2874,2258979,2874,931,265,2013-01-12,Mladen Petric,GB1,0,0,0,0,65
2258979_3259,2258979,3259,931,931,2013-01-12,Damien Duff,GB1,0,0,0,0,82
2258979_3357,2258979,3357,931,1003,2013-01-12,Mark Schwarzer,GB1,0,0,0,0,90
2258979_65,2258979,65,931,1091,2013-01-12,Dimitar Berbatov,GB1,0,0,0,0,90
2258984_2998,2258984,2998,512,1003,2013-01-12,Robert Huth,GB1,0,0,0,0,90
2258984_3160,2258984,3160,631,631,2013-01-12,John Terry,GB1,0,0,0,0,11
2258984_3163,2258984,3163,631,281,2013-01-12,Frank Lampard,GB1,0,0,1,0,90
2258984_3182,2258984,3182,631,12,2013-01-12,Ashley Cole,GB1,0,0,0,0,90
2258984_3306,2258984,3306,512,1132,2013-01-12,Jonathan Walters,GB1,0,0,0,0,90
2258985_1327,2258985,1327,379,1159,2013-01-12,Alou Diarra,GB1,1,0,0,0,90
2258985_1368,2258985,1368,379,1519,2013-01-12,Guy Demel,GB1,0,0,0,0,90
2258985_3130,2258985,3130,289,289,2013-01-12,Titus Bramble,GB1,0,0,0,0,90
2258985_3179,2258985,3179,379,371,2013-01-12,Carlton Cole,GB1,0,0,0,0,56
2284892_2138,2284892,2138,7185,40426,2013-01-12,Mladen Kascelan,GR1,0,0,0,0,90
2223996_2878,2223996,2878,750,750,2013-01-13,Yassin Mikari,FR1,0,0,0,0,63
2223996_3292,2223996,3292,244,1132,2013-01-13,Joey Barton,FR1,0,0,0,0,90
2243064_215,2243064,215,1084,1084,2013-01-13,Roque Santa Cruz,ES1,0,0,0,0,90
2243064_2963,2243064,2963,1084,714,2013-01-13,Martín Demichelis,ES1,0,0,0,0,90
2243078_2233,2243078,2233,3368,3368,2013-01-13,Christian Lell,ES1,0,0,0,0,90
2251443_10,2251443,10,398,398,2013-01-13,Miroslav Klose,IT1,0,0,0,0,87
2251447_2865,2251447,2865,506,167,2013-01-13,Stephan Lichtsteiner,IT1,0,0,0,0,90
2251452_3159,2251452,3159,416,130,2013-01-13,Valerio Di Cesare,IT1,0,0,0,0,90
2258976_3291,2258976,3291,281,984,2013-01-13,Gareth Barry,GB1,1,0,0,0,90
2258976_3333,2258976,3333,281,1237,2013-01-13,James Milner,GB1,1,0,1,0,90
2258980_3109,2258980,3109,31,31,2013-01-13,Steven Gerrard,GB1,0,0,0,0,90
2258980_3235,2258980,3235,985,1039,2013-01-13,Rio Ferdinand,GB1,0,0,0,0,90
2284897_3201,2284897,3201,3060,265,2013-01-13,Stathis Tavlaridis,GR1,0,0,0,0,90
2284286_1161,2284286,1161,46,46,2013-01-15,Javier Zanetti,CIT,0,0,0,0,120
2286397_2998,2286397,2998,512,1003,2013-01-15,Robert Huth,FAC,0,0,0,0,120
2286397_3306,2286397,3306,512,1132,2013-01-15,Jonathan Walters,FAC,1,0,2,0,120
2286399_1662,2286399,1662,931,33,2013-01-15,Sascha Riether,FAC,1,0,0,0,120
2286399_2874,2286399,2874,931,265,2013-01-15,Mladen Petric,FAC,0,0,0,0,79
2286399_3259,2286399,3259,931,931,2013-01-15,Damien Duff,FAC,0,0,0,1,41
2286399_3357,2286399,3357,931,1003,2013-01-15,Mark Schwarzer,FAC,0,0,0,0,120
2286402_3130,2286402,3130,289,289,2013-01-15,Titus Bramble,FAC,0,0,0,0,90
2286539_2050,2286539,2050,1049,24,2013-01-15,Nelson Valdez,CDR,0,0,0,0,7
2258926_3163,2258926,3163,631,281,2013-01-16,Frank Lampard,GB1,0,0,0,0,79
2258926_3182,2258926,3182,631,12,2013-01-16,Ashley Cole,GB1,0,0,0,0,90
2284871_2138,2284871,2138,7185,40426,2013-01-16,Mladen Kascelan,GRP,1,0,0,0,90
2286403_1327,2286403,1327,379,1159,2013-01-16,Alou Diarra,FAC,0,0,0,0,90
2286403_3179,2286403,3179,379,371,2013-01-16,Carlton Cole,FAC,0,0,0,0,65
2286403_3332,2286403,3332,985,985,2013-01-16,Wayne Rooney,FAC,0,0,1,0,90
2286403_3397,2286403,3397,985,985,2013-01-16,Paul Scholes,FAC,1,0,0,0,13
2286403_3406,2286403,3406,985,985,2013-01-16,Ryan Giggs,FAC,0,0,0,0,90
2286541_215,2286541,215,1084,1084,2013-01-16,Roque Santa Cruz,CDR,0,0,0,0,26
2231557_1587,2231557,1587,42,42,2013-01-18,Mario Eggimann,L1,0,0,0,1,90
2231557_277,2231557,277,42,3368,2013-01-18,Sérgio da Silva Pinto,L1,1,0,1,0,77
2231557_3114,2231557,3114,42,42,2013-01-18,Jan Schlaudraff,L1,0,0,0,0,90
2231557_598,2231557,598,33,24,2013-01-18,Timo Hildebrand,L1,0,0,0,0,90
2243889_1792,2243889,1792,141,105,2013-01-18,Hamit Altintop,TR1,0,0,0,1,45
2243889_2587,2243889,2587,10484,524,2013-01-18,Elyasa Süme,TR1,1,0,0,0,90
2243889_299,2243889,299,10484,10484,2013-01-18,Fabian Ernst,TR1,1,0,0,0,90
2224008_3266,2224008,3266,1158,1158,2013-01-19,Jérémie Aliadière,FR1,0,0,0,1,90
2224009_2878,2224009,2878,750,750,2013-01-19,Yassin Mikari,FR1,0,0,0,0,90
2224026_3292,2224026,3292,244,1132,2013-01-19,Joey Barton,FR1,0,0,0,1,90
2224932_1532,2224932,1532,28643,28643,2013-01-19,Wesley Sonck,BE1,0,0,0,0,81
2227585_3251,2227585,3251,370,370,2013-01-19,Stephen Hughes,SC1,0,0,0,0,90
2231556_1116,2231556,1116,65,65,2013-01-19,Thomas Kleine,L1,0,0,0,0,90
2231556_1684,2231556,1684,65,65,2013-01-19,Milorad Pekovic,L1,0,0,0,0,90
2231556_2219,2231556,2219,27,27,2013-01-19,Philipp Lahm,L1,0,0,0,0,90
2231556_2514,2231556,2514,27,985,2013-01-19,Bastian Schweinsteiger,L1,0,0,0,0,90
2231558_1496,2231558,1496,24,24,2013-01-19,Heiko Butscher,L1,0,0,0,0,17
2231558_1565,2231558,1565,24,24,2013-01-19,Alexander Meier,L1,0,0,1,0,90
2231558_691,2231558,691,15,15,2013-01-19,Simon Rolfes,L1,0,0,0,0,90
2231559_1667,2231559,1667,82,162,2013-01-19,Diego Benaglio,L1,0,0,0,0,90
2231559_264,2231559,264,79,79,2013-01-19,Tamás Hajnal,L1,0,0,0,0,68
2231559_2767,2231559,2767,82,24,2013-01-19,Alexander Madlung,L1,0,0,1,0,90
2231562_1474,2231562,1474,533,533,2013-01-19,Tim Wiese,L1,0,0,0,0,90
2231562_837,2231562,837,18,18,2013-01-19,Thorben Marx,L1,0,0,0,0,90
2231563_1139,2231563,1139,39,39,2013-01-19,Nikolce Noveski,L1,0,0,0,0,90
2231563_1363,2231563,1363,39,33,2013-01-19,Christian Wetklo,L1,0,0,0,0,90
2231563_2923,2231563,2923,39,3368,2013-01-19,Andreas Ivanschitz,L1,0,0,0,0,90
2231566_1277,2231566,1277,86,86,2013-01-19,Clemens Fritz,L1,0,0,0,0,90
2231566_26,2231566,26,16,16,2013-01-19,Roman Weidenfeller,L1,0,0,0,0,90
2231566_410,2231566,410,16,16,2013-01-19,Sebastian Kehl,L1,0,0,0,0,84
2243089_215,2243089,215,1084,1084,2013-01-19,Roque Santa Cruz,ES1,0,0,0,1,59
2243089_2963,2243089,2963,1084,714,2013-01-19,Martín Demichelis,ES1,1,0,1,0,90
2243089_3172,2243089,3172,940,940,2013-01-19,Quique de Lucas,ES1,0,0,0,0,32
2243895_3256,2243895,3256,114,15,2013-01-19,Roberto Hilbert,TR1,0,0,0,0,90
2243898_3059,2243898,3059,524,524,2013-01-19,Ekrem Dag,TR1,0,0,0,0,90
2250333_3170,2250333,3170,499,1304,2013-01-19,Simon Cziommer,NL1,1,0,0,0,70
2251462_2865,2251462,2865,506,167,2013-01-19,Stephan Lichtsteiner,IT1,0,0,0,0,90
2251961_3322,2251961,3322,903,903,2013-01-19,Ben Williams,SC1,0,0,0,0,90
2258987_3109,2258987,3109,31,31,2013-01-19,Steven Gerrard,GB1,0,0,1,0,90
2258988_1662,2258988,1662,931,33,2013-01-19,Sascha Riether,GB1,0,0,0,0,90
2258988_2874,2258988,2874,931,265,2013-01-19,Mladen Petric,GB1,0,0,0,0,17
2258988_3259,2258988,3259,931,931,2013-01-19,Damien Duff,GB1,0,0,0,0,90
2258988_3291,2258988,3291,281,984,2013-01-19,Gareth Barry,GB1,0,0,0,0,90
2258988_3333,2258988,3333,281,1237,2013-01-19,James Milner,GB1,0,0,0,0,90
2258988_3357,2258988,3357,931,1003,2013-01-19,Mark Schwarzer,GB1,0,0,0,0,90
2258988_65,2258988,65,931,1091,2013-01-19,Dimitar Berbatov,GB1,0,0,0,0,90
2258989_3276,2258989,3276,762,873,2013-01-19,Shola Ameobi,GB1,0,0,0,0,90
2258991_1397,2258991,1397,512,512,2013-01-19,Michael Owen,GB1,0,0,1,0,5
2258991_2998,2258991,2998,512,1003,2013-01-19,Robert Huth,GB1,0,0,0,0,90
2258991_3306,2258991,3306,512,1132,2013-01-19,Jonathan Walters,GB1,0,0,0,0,90
2258994_1368,2258994,1368,379,1519,2013-01-19,Guy Demel,GB1,0,0,0,0,90
2258994_3179,2258994,3179,379,371,2013-01-19,Carlton Cole,GB1,0,0,0,1,28
2258995_3130,2258995,3130,289,289,2013-01-19,Titus Bramble,GB1,1,0,0,0,90
2284900_2138,2284900,2138,7185,40426,2013-01-19,Mladen Kascelan,GR1,0,0,0,0,90
2284901_1613,2284901,1613,1091,855,2013-01-19,Vivian,GR1,1,0,0,0,45
2224012_3115,2224012,3115,40,40,2013-01-20,David Bellion,FR1,0,0,0,0,15
2231567_1568,2231567,1568,38,38,2013-01-20,Stefan Reisinger,L1,1,0,2,0,90
2231568_1150,2231568,1150,4,4,2013-01-20,Raphael Schäfer,L1,0,0,0,0,90
2231568_1726,2231568,1726,41,610,2013-01-20,Heiko Westermann,L1,0,0,0,0,90
2231568_1784,2231568,1784,41,39,2013-01-20,René Adler,L1,0,0,0,0,90
2231568_1986,2231568,1986,4,167,2013-01-20,Markus Feulner,L1,0,0,0,0,25
2231568_823,2231568,823,4,4,2013-01-20,Hanno Balitsch,L1,0,0,0,0,90
2243080_2233,2243080,2233,3368,3368,2013-01-20,Christian Lell,ES1,0,0,0,0,90
2243082_2050,2243082,2050,1049,24,2013-01-20,Nelson Valdez,ES1,0,0,0,0,26
2243894_831,2243894,831,1506,1506,2013-01-20,Selim Teber,TR1,0,0,0,0,11
2243930_755,2243930,755,589,589,2013-01-20,Deniz Baris,TR1,1,0,0,0,90
2243930_933,2243930,933,589,2293,2013-01-20,Ugur Inceman,TR1,0,0,0,0,90
2250336_2048,2250336,2048,403,403,2013-01-20,Philipp Haastrup,NL1,0,0,0,0,90
2250337_1443,2250337,1443,610,190,2013-01-20,Christian Poulsen,NL1,0,0,0,0,90
2251453_2926,2251453,2926,1025,105,2013-01-20,György Garics,IT1,0,0,0,0,90
2251456_1161,2251456,1161,46,46,2013-01-20,Javier Zanetti,IT1,0,0,0,0,90
2258986_3163,2258986,3163,631,281,2013-01-20,Frank Lampard,GB1,0,0,1,0,90
2258986_3182,2258986,3182,631,12,2013-01-20,Ashley Cole,GB1,1,0,0,0,90
2258992_3235,2258992,3235,985,1039,2013-01-20,Rio Ferdinand,GB1,0,0,0,0,90
2258992_3332,2258992,3332,985,985,2013-01-20,Wayne Rooney,GB1,1,0,0,0,28
2284902_3201,2284902,3201,3060,265,2013-01-20,Stathis Tavlaridis,GR1,0,0,0,0,90
2243920_109,2243920,109,825,825,2013-01-21,Dedê,TR1,0,0,0,0,90
2243920_1896,2243920,1896,19771,19771,2013-01-21,Ahmet Cebe,TR1,0,0,0,0,76
2258990_3356,2258990,3356,29,989,2013-01-21,Sylvain Distin,GB1,0,0,0,0,90
2258990_3404,2258990,3404,29,29,2013-01-21,Phil Neville,GB1,0,0,0,0,90
2258946_1327,2258946,1327,379,1159,2013-01-23,Alou Diarra,GB1,0,0,0,0,28
2258946_1368,2258946,1368,379,1519,2013-01-23,Guy Demel,GB1,0,0,0,0,90
2258946_3179,2258946,3179,379,371,2013-01-23,Carlton Cole,GB1,0,0,0,0,90
2286544_2050,2286544,2050,1049,24,2013-01-23,Nelson Valdez,CDR,0,0,0,0,90
2287214_1161,2287214,1161,46,46,2013-01-23,Javier Zanetti,CIT,0,0,0,0,90
2286546_215,2286546,215,1084,1084,2013-01-24,Roque Santa Cruz,CDR,0,0,1,0,90
2286546_2963,2286546,2963,1084,714,2013-01-24,Martín Demichelis,CDR,0,0,0,0,90
2231560_1150,2231560,1150,4,4,2013-01-25,Raphael Schäfer,L1,0,0,0,0,90
2231560_1986,2231560,1986,4,167,2013-01-25,Markus Feulner,L1,0,0,0,0,66
2231560_26,2231560,26,16,16,2013-01-25,Roman Weidenfeller,L1,0,0,0,0,90
2231560_410,2231560,410,16,16,2013-01-25,Sebastian Kehl,L1,0,0,0,0,76
2231560_823,2231560,823,4,4,2013-01-25,Hanno Balitsch,L1,0,0,0,0,90
2243916_299,2243916,299,10484,10484,2013-01-25,Fabian Ernst,TR1,1,0,0,0,90
2243916_831,2243916,831,1506,1506,2013-01-25,Selim Teber,TR1,0,0,0,0,17
2287195_3146,2287195,3146,405,512,2013-01-25,Shay Given,FAC,0,0,0,0,90
2224020_3266,2224020,3266,1158,1158,2013-01-26,Jérémie Aliadière,FR1,1,0,1,0,90
2224027_3292,2224027,3292,244,1132,2013-01-26,Joey Barton,FR1,0,0,0,0,90
2224031_2878,2224031,2878,750,750,2013-01-26,Yassin Mikari,FR1,0,0,0,0,90
2224908_1532,2224908,1532,28643,28643,2013-01-26,Wesley Sonck,BE1,0,0,0,0,74
2231530_1474,2231530,1474,533,533,2013-01-26,Tim Wiese,L1,0,0,0,0,90
2231530_1565,2231530,1565,24,24,2013-01-26,Alexander Meier,L1,0,0,0,0,90
2231530_2358,2231530,2358,533,82,2013-01-26,Patrick Ochs,L1,1,0,0,0,90
2231532_1116,2231532,1116,65,65,2013-01-26,Thomas Kleine,L1,0,0,0,0,90
2231532_1139,2231532,1139,39,39,2013-01-26,Nikolce Noveski,L1,0,0,0,0,90
2231532_1363,2231532,1363,39,33,2013-01-26,Christian Wetklo,L1,0,0,0,0,90
2231532_1684,2231532,1684,65,65,2013-01-26,Milorad Pekovic,L1,0,0,0,0,90
2231532_258,2231532,258,65,33,2013-01-26,Gerald Asamoah,L1,0,0,0,0,21
2231532_2923,2231532,2923,39,3368,2013-01-26,Andreas Ivanschitz,L1,0,0,0,0,66
2231564_1587,2231564,1587,42,42,2013-01-26,Mario Eggimann,L1,0,0,0,0,32
2231564_1667,2231564,1667,82,162,2013-01-26,Diego Benaglio,L1,0,0,0,0,90
2231564_2767,2231564,2767,82,24,2013-01-26,Alexander Madlung,L1,0,0,1,0,45
2231564_2805,2231564,2805,42,42,2013-01-26,Christian Pander,L1,0,0,0,0,53
2231564_3114,2231564,3114,42,42,2013-01-26,Jan Schlaudraff,L1,0,0,0,0,90
2231565_1428,2231565,1428,18,60,2013-01-26,Mike Hanke,L1,0,0,0,0,18
2231565_1568,2231565,1568,38,38,2013-01-26,Stefan Reisinger,L1,0,0,0,0,90
2231565_837,2231565,837,18,18,2013-01-26,Thorben Marx,L1,1,0,0,0,90
2231569_691,2231569,691,15,15,2013-01-26,Simon Rolfes,L1,0,0,0,0,90
2231570_598,2231570,598,33,24,2013-01-26,Timo Hildebrand,L1,0,0,0,0,90
2243087_2233,2243087,2233,3368,3368,2013-01-26,Christian Lell,ES1,0,0,0,0,90
2243092_670,2243092,670,714,714,2013-01-26,Martin Petrov,ES1,0,0,0,0,16
2243103_2050,2243103,2050,1049,24,2013-01-26,Nelson Valdez,ES1,0,0,1,0,90
2243914_1896,2243914,1896,19771,19771,2013-01-26,Ahmet Cebe,TR1,0,0,0,0,79
2251465_2865,2251465,2865,506,167,2013-01-26,Stephan Lichtsteiner,IT1,1,0,0,1,90
2287196_2998,2287196,2998,512,1003,2013-01-26,Robert Huth,FAC,0,0,0,0,90
2287196_3291,2287196,3291,281,984,2013-01-26,Gareth Barry,FAC,0,0,0,0,90
2287196_3306,2287196,3306,512,1132,2013-01-26,Jonathan Walters,FAC,0,0,0,0,90
2287196_3333,2287196,3333,281,1237,2013-01-26,James Milner,FAC,1,0,0,0,90
2287202_132,2287202,132,11,11,2013-01-26,Tomas Rosicky,FAC,0,0,0,0,68
2287206_3356,2287206,3356,29,989,2013-01-26,Sylvain Distin,FAC,0,0,0,0,90
2287206_3404,2287206,3404,29,29,2013-01-26,Phil Neville,FAC,0,0,0,0,90
2287207_1662,2287207,1662,931,33,2013-01-26,Sascha Riether,FAC,0,0,0,0,90
2287207_3220,2287207,3220,931,931,2013-01-26,John Arne Riise,FAC,0,0,0,0,90
2287207_3259,2287207,3259,931,931,2013-01-26,Damien Duff,FAC,0,0,0,0,61
2287207_3332,2287207,3332,985,985,2013-01-26,Wayne Rooney,FAC,0,0,1,0,90
2287207_3357,2287207,3357,931,1003,2013-01-26,Mark Schwarzer,FAC,0,0,0,0,90
2287207_3397,2287207,3397,985,985,2013-01-26,Paul Scholes,FAC,0,0,0,0,29
2287207_3406,2287207,3406,985,985,2013-01-26,Ryan Giggs,FAC,0,0,1,1,71
2287207_65,2287207,65,931,1091,2013-01-26,Dimitar Berbatov,FAC,0,0,0,0,90
2224028_3115,2224028,3115,40,40,2013-01-27,David Bellion,FR1,0,0,0,0,77
2224928_3176,2224928,3176,2282,2282,2013-01-27,Eidur Gudjohnsen,BE1,0,0,0,0,90
2227581_3251,2227581,3251,370,370,2013-01-27,Stephen Hughes,SC1,0,0,0,0,90
2227581_3322,2227581,3322,903,903,2013-01-27,Ben Williams,SC1,0,0,0,0,90
2231561_2219,2231561,2219,27,27,2013-01-27,Philipp Lahm,L1,0,0,0,0,90
2231561_2514,2231561,2514,27,985,2013-01-27,Bastian Schweinsteiger,L1,0,0,0,0,90
2231571_1277,2231571,1277,86,86,2013-01-27,Clemens Fritz,L1,2,0,0,0,80
2231571_1726,2231571,1726,41,610,2013-01-27,Heiko Westermann,L1,0,0,0,0,90
2231571_1784,2231571,1784,41,39,2013-01-27,René Adler,L1,1,0,0,0,90
2243088_215,2243088,215,1084,1084,2013-01-27,Roque Santa Cruz,ES1,0,0,0,0,90
2243088_2963,2243088,2963,1084,714,2013-01-27,Martín Demichelis,ES1,1,1,0,0,72
2243883_1792,2243883,1792,141,105,2013-01-27,Hamit Altintop,TR1,1,0,0,0,90
2243883_3256,2243883,3256,114,15,2013-01-27,Roberto Hilbert,TR1,1,0,0,0,90
2243908_933,2243908,933,589,2293,2013-01-27,Ugur Inceman,TR1,1,0,0,0,90
2243913_1791,2243913,1791,449,167,2013-01-27,Halil Altintop,TR1,0,0,0,0,90
2250344_1443,2250344,1443,610,190,2013-01-27,Christian Poulsen,NL1,0,0,0,1,90
2250347_2048,2250347,2048,403,403,2013-01-27,Philipp Haastrup,NL1,1,0,0,0,90
2251472_1161,2251472,1161,46,46,2013-01-27,Javier Zanetti,IT1,0,0,0,1,90
2284907_2138,2284907,2138,7185,40426,2013-01-27,Mladen Kascelan,GR1,0,0,0,0,90
2284913_3201,2284913,3201,3060,265,2013-01-27,Stathis Tavlaridis,GR1,0,0,0,0,90
2287208_3160,2287208,3160,631,631,2013-01-27,John Terry,FAC,0,0,0,0,90
2287208_3163,2287208,3163,631,281,2013-01-27,Frank Lampard,FAC,0,0,0,0,90
2287208_3182,2287208,3182,631,12,2013-01-27,Ashley Cole,FAC,0,0,0,0,90
2287210_3109,2287210,3109,31,31,2013-01-27,Steven Gerrard,FAC,0,0,0,0,35
2243884_109,2243884,109,825,825,2013-01-28,Dedê,TR1,0,0,0,0,90
2258999_2998,2258999,2998,512,1003,2013-01-29,Robert Huth,GB1,0,0,0,0,90
2258999_3306,2258999,3306,512,1132,2013-01-29,Jonathan Walters,GB1,0,0,0,0,90
2259000_3130,2259000,3130,289,289,2013-01-29,Titus Bramble,GB1,0,0,0,0,90
2259000_488,2259000,488,2288,2288,2013-01-29,Gerhard Tremmel,GB1,0,0,0,0,90
2259001_3291,2259001,3291,281,984,2013-01-29,Gareth Barry,GB1,1,0,0,0,90
2259001_3333,2259001,3333,281,1237,2013-01-29,James Milner,GB1,0,0,0,0,86
2259002_3276,2259002,3276,762,873,2013-01-29,Shola Ameobi,GB1,1,0,0,0,21
2287212_10,2287212,10,398,398,2013-01-29,Miroslav Klose,CIT,0,0,0,0,70
2227571_3322,2227571,3322,903,903,2013-01-30,Ben Williams,SC1,0,0,0,0,90
2227574_3251,2227574,3251,370,370,2013-01-30,Stephen Hughes,SC1,1,0,0,0,90
2258996_3235,2258996,3235,985,1039,2013-01-30,Rio Ferdinand,GB1,0,0,0,0,27
2258996_3332,2258996,3332,985,985,2013-01-30,Wayne Rooney,GB1,0,0,2,0,90
2258998_3163,2258998,3163,631,281,2013-01-30,Frank Lampard,GB1,0,0,1,0,90
2258998_3182,2258998,3182,631,12,2013-01-30,Ashley Cole,GB1,0,0,0,0,90
2259003_3356,2259003,3356,29,989,2013-01-30,Sylvain Distin,GB1,0,0,0,0,90
2259003_3404,2259003,3404,29,29,2013-01-30,Phil Neville,GB1,0,0,0,0,90
2259004_1368,2259004,1368,379,1519,2013-01-30,Guy Demel,GB1,0,0,0,0,67
2259004_1662,2259004,1662,931,33,2013-01-30,Sascha Riether,GB1,1,0,0,0,90
2259004_2874,2259004,2874,931,265,2013-01-30,Mladen Petric,GB1,0,0,0,1,14
2259004_3179,2259004,3179,379,371,2013-01-30,Carlton Cole,GB1,0,0,0,0,34
2259004_3220,2259004,3220,931,931,2013-01-30,John Arne Riise,GB1,0,0,0,0,90
2259004_3259,2259004,3259,931,931,2013-01-30,Damien Duff,GB1,0,0,0,2,90
2259004_3357,2259004,3357,931,1003,2013-01-30,Mark Schwarzer,GB1,0,0,0,0,90
2259004_65,2259004,65,931,1091,2013-01-30,Dimitar Berbatov,GB1,0,0,1,0,76
2259005_3109,2259005,3109,31,31,2013-01-30,Steven Gerrard,GB1,1,0,0,0,90
2284521_1443,2284521,1443,610,190,2013-01-31,Christian Poulsen,NLP,0,0,0,0,19
2231539_277,2231539,277,42,3368,2013-02-01,Sérgio da Silva Pinto,L1,0,0,0,0,90
2231539_2805,2231539,2805,42,42,2013-02-01,Christian Pander,L1,0,0,0,0,90
2231539_3114,2231539,3114,42,42,2013-02-01,Jan Schlaudraff,L1,0,0,0,0,79
2224034_1327,2224034,1327,273,1159,2013-02-02,Alou Diarra,FR1,0,0,0,1,30
2224034_3266,2224034,3266,1158,1158,2013-02-02,Jérémie Aliadière,FR1,0,0,1,0,90
2224037_3115,2224037,3115,40,40,2013-02-02,David Bellion,FR1,0,0,1,0,68
2224913_1532,2224913,1532,28643,28643,2013-02-02,Wesley Sonck,BE1,0,0,0,0,4
2231533_1667,2231533,1667,82,162,2013-02-02,Diego Benaglio,L1,0,0,0,0,90
2231533_2767,2231533,2767,82,24,2013-02-02,Alexander Madlung,L1,0,0,0,0,90
2231537_1565,2231537,1565,24,24,2013-02-02,Alexander Meier,L1,0,0,0,0,90
2231537_1726,2231537,1726,41,610,2013-02-02,Heiko Westermann,L1,0,0,0,0,90
2231537_1784,2231537,1784,41,39,2013-02-02,René Adler,L1,0,0,0,0,90
2231538_2358,2231538,2358,533,82,2013-02-02,Patrick Ochs,L1,0,0,0,0,7
2231543_1568,2231543,1568,38,38,2013-02-02,Stefan Reisinger,L1,0,0,0,0,80
2231543_264,2231543,264,79,79,2013-02-02,Tamás Hajnal,L1,0,0,0,0,45
2231545_1139,2231545,1139,39,39,2013-02-02,Nikolce Noveski,L1,0,0,0,0,90
2231545_1363,2231545,1363,39,33,2013-02-02,Christian Wetklo,L1,0,0,0,0,90
2231545_2219,2231545,2219,27,27,2013-02-02,Philipp Lahm,L1,0,0,0,1,90
2231545_2514,2231545,2514,27,985,2013-02-02,Bastian Schweinsteiger,L1,0,0,0,0,90
2231545_2923,2231545,2923,39,3368,2013-02-02,Andreas Ivanschitz,L1,0,0,0,0,90
2231572_1321,2231572,1321,33,114,2013-02-02,Jermaine Jones,L1,0,0,0,0,82
2231572_1684,2231572,1684,65,65,2013-02-02,Milorad Pekovic,L1,1,0,0,0,69
2231572_258,2231572,258,65,33,2013-02-02,Gerald Asamoah,L1,0,0,0,0,84
2231572_598,2231572,598,33,24,2013-02-02,Timo Hildebrand,L1,0,0,0,0,90
2243105_3172,2243105,3172,940,940,2013-02-02,Quique de Lucas,ES1,0,0,0,0,60
2243107_2233,2243107,2233,3368,3368,2013-02-02,Christian Lell,ES1,0,0,0,0,90
2243107_670,2243107,670,714,714,2013-02-02,Martin Petrov,ES1,0,0,0,0,17
2244025_2587,2244025,2587,10484,524,2013-02-02,Elyasa Süme,TR1,0,0,0,0,90
2244029_755,2244029,755,589,589,2013-02-02,Deniz Baris,TR1,0,0,0,0,90
2244029_933,2244029,933,589,2293,2013-02-02,Ugur Inceman,TR1,0,0,0,0,90
2250142_1397,2250142,1397,512,512,2013-02-02,Michael Owen,GB1,0,0,0,0,6
2250142_2998,2250142,2998,512,1003,2013-02-02,Robert Huth,GB1,0,0,0,0,90
2250142_3306,2250142,3306,512,1132,2013-02-02,Jonathan Walters,GB1,0,0,0,0,84
2250143_3356,2250143,3356,29,989,2013-02-02,Sylvain Distin,GB1,0,0,0,0,90
2250144_1662,2250144,1662,931,33,2013-02-02,Sascha Riether,GB1,0,0,0,0,90
2250144_2874,2250144,2874,931,265,2013-02-02,Mladen Petric,GB1,0,0,0,0,8
2250144_3220,2250144,3220,931,931,2013-02-02,John Arne Riise,GB1,0,0,0,0,90
2250144_3235,2250144,3235,985,1039,2013-02-02,Rio Ferdinand,GB1,0,0,0,0,90
2250144_3259,2250144,3259,931,931,2013-02-02,Damien Duff,GB1,0,0,0,0,90
2250144_3332,2250144,3332,985,985,2013-02-02,Wayne Rooney,GB1,1,0,1,0,90
2250144_3357,2250144,3357,931,1003,2013-02-02,Mark Schwarzer,GB1,0,0,0,0,90
2250144_3406,2250144,3406,985,985,2013-02-02,Ryan Giggs,GB1,0,0,0,0,15
2250146_3160,2250146,3160,631,631,2013-02-02,John Terry,GB1,0,0,0,0,90
2250146_3163,2250146,3163,631,281,2013-02-02,Frank Lampard,GB1,0,0,1,0,90
2250146_3182,2250146,3182,631,12,2013-02-02,Ashley Cole,GB1,1,0,0,1,90
2250148_3130,2250148,3130,289,289,2013-02-02,Titus Bramble,GB1,1,0,0,0,90
2250150_1094,2250150,1094,379,4,2013-02-02,Emanuel Pogatetz,GB1,0,0,0,0,1
2250150_488,2250150,488,2288,2288,2013-02-02,Gerhard Tremmel,GB1,0,0,0,0,90
2250151_2953,2250151,2953,1071,41,2013-02-02,Paul Scharner,GB1,0,0,0,1,90
2224038_3292,2224038,3292,244,1132,2013-02-03,Joey Barton,FR1,2,0,0,0,60
2224914_3176,2224914,3176,2282,2282,2013-02-03,Eidur Gudjohnsen,BE1,0,0,0,0,27
2231536_410,2231536,410,16,16,2013-02-03,Sebastian Kehl,L1,0,0,0,0,1
2231536_691,2231536,691,15,15,2013-02-03,Simon Rolfes,L1,0,0,0,0,45
2231542_1150,2231542,1150,4,4,2013-02-03,Raphael Schäfer,L1,0,0,0,0,90
2231542_1428,2231542,1428,18,60,2013-02-03,Mike Hanke,L1,0,0,0,0,10
2231542_1986,2231542,1986,4,167,2013-02-03,Markus Feulner,L1,0,0,0,0,90
2231542_823,2231542,823,4,4,2013-02-03,Hanno Balitsch,L1,0,0,0,0,90
2231542_837,2231542,837,18,18,2013-02-03,Thorben Marx,L1,0,0,0,0,78
2243098_215,2243098,215,1084,1084,2013-02-03,Roque Santa Cruz,ES1,0,0,0,0,68
2244028_109,2244028,109,825,825,2013-02-03,Dedê,TR1,0,0,0,0,90
2244030_1791,2244030,1791,449,167,2013-02-03,Halil Altintop,TR1,0,0,1,0,90
2244030_3059,2244030,3059,524,524,2013-02-03,Ekrem Dag,TR1,0,0,0,1,45
2250145_3109,2250145,3109,31,31,2013-02-03,Steven Gerrard,GB1,1,0,1,1,90
2250145_3291,2250145,3291,281,984,2013-02-03,Gareth Barry,GB1,0,0,0,1,88
2250145_3333,2250145,3333,281,1237,2013-02-03,James Milner,GB1,0,0,0,1,90
2250149_3156,2250149,3156,148,148,2013-02-03,William Gallas,GB1,0,0,0,0,12
2250353_1443,2250353,1443,610,190,2013-02-03,Christian Poulsen,NL1,0,0,0,0,90
2250356_2048,2250356,2048,403,403,2013-02-03,Philipp Haastrup,NL1,0,0,0,0,90
2251474_2926,2251474,2926,1025,105,2013-02-03,György Garics,IT1,0,0,0,0,14
2251477_1161,2251477,1161,46,46,2013-02-03,Javier Zanetti,IT1,0,0,0,0,90
2251478_2865,2251478,2865,506,167,2013-02-03,Stephan Lichtsteiner,IT1,0,0,1,0,79
2251479_10,2251479,10,398,398,2013-02-03,Miroslav Klose,IT1,0,0,0,0,45
2283502_3251,2283502,3251,370,370,2013-02-03,Stephen Hughes,SFA,0,0,0,0,90
2283502_3322,2283502,3322,903,903,2013-02-03,Ben Williams,SFA,0,0,0,0,90
2284919_2138,2284919,2138,7185,40426,2013-02-03,Mladen Kascelan,GR1,1,0,0,0,90
2289382_3201,2289382,3201,3060,265,2013-02-03,Stathis Tavlaridis,GR1,1,0,0,0,90
2224041_3266,2224041,3266,1158,1158,2013-02-09,Jérémie Aliadière,FR1,0,0,0,1,90
2224045_3115,2224045,3115,40,40,2013-02-09,David Bellion,FR1,0,0,0,0,90
2224912_3176,2224912,3176,2282,2282,2013-02-09,Eidur Gudjohnsen,BE1,0,0,0,1,25
2227569_3251,2227569,3251,370,370,2013-02-09,Stephen Hughes,SC1,0,0,0,0,71
2231384_1428,2231384,1428,18,60,2013-02-09,Mike Hanke,L1,0,0,0,0,6
2231384_568,2231384,568,18,18,2013-02-09,Martin Stranzl,L1,0,0,1,0,90
2231384_691,2231384,691,15,15,2013-02-09,Simon Rolfes,L1,0,0,0,0,90
2231540_1667,2231540,1667,82,162,2013-02-09,Diego Benaglio,L1,0,0,0,0,90
2231540_1684,2231540,1684,65,65,2013-02-09,Milorad Pekovic,L1,1,0,0,0,90
2231540_258,2231540,258,65,33,2013-02-09,Gerald Asamoah,L1,0,0,0,0,80
2231540_2767,2231540,2767,82,24,2013-02-09,Alexander Madlung,L1,0,0,0,0,90
2231546_123,2231546,123,33,33,2013-02-09,Christoph Metzelder,L1,0,0,0,0,90
2231546_1321,2231546,1321,33,114,2013-02-09,Jermaine Jones,L1,0,0,0,0,90
2231546_2219,2231546,2219,27,27,2013-02-09,Philipp Lahm,L1,0,0,0,0,73
2231546_2514,2231546,2514,27,985,2013-02-09,Bastian Schweinsteiger,L1,0,0,1,0,73
2231546_598,2231546,598,33,24,2013-02-09,Timo Hildebrand,L1,0,0,0,0,90
2231547_1277,2231547,1277,86,86,2013-02-09,Clemens Fritz,L1,0,0,0,1,1
2231549_1726,2231549,1726,41,610,2013-02-09,Heiko Westermann,L1,0,0,0,0,90
2231549_1784,2231549,1784,41,39,2013-02-09,René Adler,L1,0,0,0,0,90
2231549_26,2231549,26,16,16,2013-02-09,Roman Weidenfeller,L1,0,0,0,0,90
2231549_410,2231549,410,16,16,2013-02-09,Sebastian Kehl,L1,0,0,0,0,65
2231550_1150,2231550,1150,4,4,2013-02-09,Raphael Schäfer,L1,0,0,0,0,90
2231550_1565,2231550,1565,24,24,2013-02-09,Alexander Meier,L1,0,0,0,0,90
2231550_1986,2231550,1986,4,167,2013-02-09,Markus Feulner,L1,0,0,0,0,90
2231550_823,2231550,823,4,4,2013-02-09,Hanno Balitsch,L1,1,0,0,0,86
2231551_1586,2231551,1586,42,42,2013-02-09,Christian Schulz,L1,0,0,0,0,90
2231551_277,2231551,277,42,3368,2013-02-09,Sérgio da Silva Pinto,L1,0,0,0,0,90
2231551_2805,2231551,2805,42,42,2013-02-09,Christian Pander,L1,1,0,0,0,90
2231551_3114,2231551,3114,42,42,2013-02-09,Jan Schlaudraff,L1,0,0,0,0,90
2243109_215,2243109,215,1084,1084,2013-02-09,Roque Santa Cruz,ES1,0,0,0,0,17
2243109_2233,2243109,2233,3368,3368,2013-02-09,Christian Lell,ES1,0,0,0,0,90
2243109_2963,2243109,2963,1084,714,2013-02-09,Martín Demichelis,ES1,0,0,0,0,90
2243112_2050,2243112,2050,1049,24,2013-02-09,Nelson Valdez,ES1,0,0,1,0,2
2243125_3366,2243125,3366,418,5,2013-02-09,Kaká,ES1,1,0,0,1,67
2244039_109,2244039,109,825,825,2013-02-09,Dedê,TR1,0,0,0,0,90
2244076_3256,2244076,3256,114,15,2013-02-09,Roberto Hilbert,TR1,0,0,0,1,90
2250153_2953,2250153,2953,1071,41,2013-02-09,Paul Scharner,GB1,1,0,0,0,90
2250153_3163,2250153,3163,631,281,2013-02-09,Frank Lampard,GB1,0,0,1,0,90
2250153_3182,2250153,3182,631,12,2013-02-09,Ashley Cole,GB1,0,0,0,0,90
2250156_2874,2250156,2874,931,265,2013-02-09,Mladen Petric,GB1,0,0,0,0,14
2250156_3220,2250156,3220,931,931,2013-02-09,John Arne Riise,GB1,0,0,0,0,90
2250156_3259,2250156,3259,931,931,2013-02-09,Damien Duff,GB1,0,0,0,0,90
2250156_3357,2250156,3357,931,1003,2013-02-09,Mark Schwarzer,GB1,0,0,0,0,90
2250156_65,2250156,65,931,1091,2013-02-09,Dimitar Berbatov,GB1,0,0,0,0,90
2250157_3291,2250157,3291,281,984,2013-02-09,Gareth Barry,GB1,0,0,0,0,90
2250157_3333,2250157,3333,281,1237,2013-02-09,James Milner,GB1,0,0,0,0,35
2250158_2998,2250158,2998,512,1003,2013-02-09,Robert Huth,GB1,0,0,1,0,90
2250158_3306,2250158,3306,512,1132,2013-02-09,Jonathan Walters,GB1,0,0,0,0,90
2250159_3130,2250159,3130,289,289,2013-02-09,Titus Bramble,GB1,0,0,0,0,90
2250161_3276,2250161,3276,762,873,2013-02-09,Shola Ameobi,GB1,1,0,0,0,4
2250359_3170,2250359,3170,499,1304,2013-02-09,Simon Cziommer,NL1,0,0,0,0,8
2251485_2865,2251485,2865,506,167,2013-02-09,Stephan Lichtsteiner,IT1,0,0,0,0,90
2289248_3201,2289248,3201,3060,265,2013-02-09,Stathis Tavlaridis,GR1,0,0,0,0,90
2224060_1327,2224060,1327,273,1159,2013-02-10,Alou Diarra,FR1,0,0,0,0,87
2224899_1532,2224899,1532,28643,28643,2013-02-10,Wesley Sonck,BE1,0,0,0,0,82
2231544_1139,2231544,1139,39,39,2013-02-10,Nikolce Noveski,L1,0,0,0,0,90
2231544_1363,2231544,1363,39,33,2013-02-10,Christian Wetklo,L1,0,0,0,0,90
2231544_2923,2231544,2923,39,3368,2013-02-10,Andreas Ivanschitz,L1,1,0,0,0,69
2231552_1568,2231552,1568,38,38,2013-02-10,Stefan Reisinger,L1,0,0,0,0,90
2244083_1792,2244083,1792,141,105,2013-02-10,Hamit Altintop,TR1,0,0,0,0,86
2244083_755,2244083,755,589,589,2013-02-10,Deniz Baris,TR1,0,0,0,0,90
2244083_933,2244083,933,589,2293,2013-02-10,Ugur Inceman,TR1,1,0,0,0,90
2244088_1791,2244088,1791,449,167,2013-02-10,Halil Altintop,TR1,0,0,0,0,77
2250152_1094,2250152,1094,379,4,2013-02-10,Emanuel Pogatetz,GB1,1,0,0,0,90
2250152_1368,2250152,1368,379,1519,2013-02-10,Guy Demel,GB1,0,0,0,0,66
2250152_3179,2250152,3179,379,371,2013-02-10,Carlton Cole,GB1,0,0,0,0,14
2250155_3332,2250155,3332,985,985,2013-02-10,Wayne Rooney,GB1,0,0,0,0,90
2250155_3404,2250155,3404,29,29,2013-02-10,Phil Neville,GB1,0,0,0,0,90
2250155_3406,2250155,3406,985,985,2013-02-10,Ryan Giggs,GB1,0,0,1,0,90
2250362_1443,2250362,1443,610,190,2013-02-10,Christian Poulsen,NL1,0,0,0,0,62
2250365_3395,2250365,3395,467,132,2013-02-10,Gábor Babos,NL1,0,0,0,0,90
2251484_1161,2251484,1161,46,46,2013-02-10,Javier Zanetti,IT1,0,0,0,0,90
2251491_2926,2251491,2926,1025,105,2013-02-10,György Garics,IT1,0,0,0,0,9
2289253_2138,2289253,2138,7185,40426,2013-02-10,Mladen Kascelan,GR1,0,0,0,0,10
2227556_3322,2227556,3322,903,903,2013-02-11,Ben Williams,SC1,0,0,0,0,90
2244031_2587,2244031,2587,10484,524,2013-02-11,Elyasa Süme,TR1,1,0,0,0,90
2244031_299,2244031,299,10484,10484,2013-02-11,Fabian Ernst,TR1,0,0,0,0,90
2244031_3059,2244031,3059,524,524,2013-02-11,Ekrem Dag,TR1,0,0,0,0,90
2250154_3109,2250154,3109,31,31,2013-02-11,Steven Gerrard,GB1,0,0,0,0,90
2284442_2865,2284442,2865,506,167,2013-02-12,Stephan Lichtsteiner,CL,1,0,0,0,90
2284442_3226,2284442,3226,506,984,2013-02-12,Nicolas Anelka,CL,0,0,0,0,4
2284452_2050,2284452,2050,1049,24,2013-02-12,Nelson Valdez,CL,0,0,0,0,45
2284446_26,2284446,26,16,16,2013-02-13,Roman Weidenfeller,CL,0,0,0,0,90
2284446_410,2284446,410,16,16,2013-02-13,Sebastian Kehl,CL,0,0,0,0,90
2284450_3235,2284450,3235,985,1039,2013-02-13,Rio Ferdinand,CL,0,0,0,0,90
2284450_3332,2284450,3332,985,985,2013-02-13,Wayne Rooney,CL,0,0,0,1,84
2284450_3406,2284450,3406,985,985,2013-02-13,Ryan Giggs,CL,0,0,0,0,26
2284473_3109,2284473,3109,31,31,2013-02-14,Steven Gerrard,EL,0,0,0,0,90
2284475_3115,2284475,3115,40,40,2013-02-14,David Bellion,EL,0,0,0,0,61
2284477_691,2284477,691,15,15,2013-02-14,Simon Rolfes,EL,0,0,0,0,90
2284479_3276,2284479,3276,762,873,2013-02-14,Shola Ameobi,EL,0,0,0,0,11
2284485_1443,2284485,1443,610,190,2013-02-14,Christian Poulsen,EL,0,0,0,0,17
2284489_1586,2284489,1586,42,42,2013-02-14,Christian Schulz,EL,1,0,0,0,90
2284489_277,2284489,277,42,3368,2013-02-14,Sérgio da Silva Pinto,EL,0,0,0,0,90
2284489_2805,2284489,2805,42,42,2013-02-14,Christian Pander,EL,0,0,0,0,11
2284489_3114,2284489,3114,42,42,2013-02-14,Jan Schlaudraff,EL,0,0,0,0,67
2284491_3163,2284491,3163,631,281,2013-02-14,Frank Lampard,EL,0,0,0,0,90
2284493_1428,2284493,1428,18,60,2013-02-14,Mike Hanke,EL,0,0,0,0,15
2284493_568,2284493,568,18,18,2013-02-14,Martin Stranzl,EL,0,0,1,0,90
2284493_837,2284493,837,18,18,2013-02-14,Thorben Marx,EL,0,0,1,0,17
2284495_3156,2284495,3156,148,148,2013-02-14,William Gallas,EL,0,0,0,0,90
2224050_1327,2224050,1327,273,1159,2013-02-15,Alou Diarra,FR1,0,0,0,0,70
2231554_1667,2231554,1667,82,162,2013-02-15,Diego Benaglio,L1,0,0,0,0,90
2231554_2219,2231554,2219,27,27,2013-02-15,Philipp Lahm,L1,0,0,0,0,90
2231554_2514,2231554,2514,27,985,2013-02-15,Bastian Schweinsteiger,L1,0,0,0,1,90
2231554_2767,2231554,2767,82,24,2013-02-15,Alexander Madlung,L1,1,0,0,0,90
2244092_1792,2244092,1792,141,105,2013-02-15,Hamit Altintop,TR1,1,0,0,0,90
2250366_3395,2250366,3395,467,132,2013-02-15,Gábor Babos,NL1,0,0,0,0,90
2251944_3251,2251944,3251,370,370,2013-02-15,Stephen Hughes,SC1,0,0,0,0,90
2224053_3292,2224053,3292,244,1132,2013-02-16,Joey Barton,FR1,1,0,0,0,84
2224058_3266,2224058,3266,1158,1158,2013-02-16,Jérémie Aliadière,FR1,1,0,1,0,90
2224888_1532,2224888,1532,28643,28643,2013-02-16,Wesley Sonck,BE1,0,0,0,0,64
2227548_3322,2227548,3322,903,903,2013-02-16,Ben Williams,SC1,0,0,0,0,90
2231531_1139,2231531,1139,39,39,2013-02-16,Nikolce Noveski,L1,0,0,0,0,90
2231531_1321,2231531,1321,33,114,2013-02-16,Jermaine Jones,L1,0,0,0,0,90
2231531_1363,2231531,1363,39,33,2013-02-16,Christian Wetklo,L1,0,0,0,0,90
2231531_2923,2231531,2923,39,3368,2013-02-16,Andreas Ivanschitz,L1,0,0,1,1,86
2231531_598,2231531,598,33,24,2013-02-16,Timo Hildebrand,L1,0,0,0,0,90
2231534_1116,2231534,1116,65,65,2013-02-16,Thomas Kleine,L1,0,0,0,0,23
2231534_1568,2231534,1568,38,38,2013-02-16,Stefan Reisinger,L1,0,0,0,0,90
2231535_1428,2231535,1428,18,60,2013-02-16,Mike Hanke,L1,0,0,0,0,90
2231535_1726,2231535,1726,41,610,2013-02-16,Heiko Westermann,L1,0,0,0,0,90
2231535_568,2231535,568,18,18,2013-02-16,Martin Stranzl,L1,0,0,0,0,90
2231535_837,2231535,837,18,18,2013-02-16,Thorben Marx,L1,0,0,0,0,90
2231541_1565,2231541,1565,24,24,2013-02-16,Alexander Meier,L1,0,0,0,0,90
2231541_26,2231541,26,16,16,2013-02-16,Roman Weidenfeller,L1,0,0,0,0,90
2231553_691,2231553,691,15,15,2013-02-16,Simon Rolfes,L1,0,0,0,0,53
2231555_1277,2231555,1277,86,86,2013-02-16,Clemens Fritz,L1,0,0,0,0,90
2243118_215,2243118,215,1084,1084,2013-02-16,Roque Santa Cruz,ES1,0,0,0,0,31
2244073_3059,2244073,3059,524,524,2013-02-16,Ekrem Dag,TR1,1,0,0,0,67
2244073_3256,2244073,3256,114,15,2013-02-16,Roberto Hilbert,TR1,0,0,0,0,90
2244091_755,2244091,755,589,589,2013-02-16,Deniz Baris,TR1,0,0,0,0,45
2244091_831,2244091,831,1506,1506,2013-02-16,Selim Teber,TR1,0,0,0,0,57
2244091_933,2244091,933,589,2293,2013-02-16,Ugur Inceman,TR1,0,0,0,0,90
2244094_109,2244094,109,825,825,2013-02-16,Dedê,TR1,0,0,0,0,90
2250369_2048,2250369,2048,403,403,2013-02-16,Philipp Haastrup,NL1,1,0,0,0,90
2251497_2865,2251497,2865,506,167,2013-02-16,Stephan Lichtsteiner,IT1,1,0,0,0,90
2251497_3226,2251497,3226,506,984,2013-02-16,Nicolas Anelka,IT1,0,0,0,0,29
2289257_2138,2289257,2138,7185,40426,2013-02-16,Mladen Kascelan,GR1,0,0,0,0,31
2291323_132,2291323,132,11,11,2013-02-16,Tomas Rosicky,FAC,0,0,0,0,70
2291323_3205,2291323,3205,164,1083,2013-02-16,David Bentley,FAC,0,0,0,0,27
2291439_3356,2291439,3356,29,989,2013-02-16,Sylvain Distin,FAC,0,0,0,0,90
2291439_3404,2291439,3404,29,29,2013-02-16,Phil Neville,FAC,1,0,0,0,90
2224879_3176,2224879,3176,2282,2282,2013-02-17,Eidur Gudjohnsen,BE1,0,0,0,0,64
2231548_1150,2231548,1150,4,4,2013-02-17,Raphael Schäfer,L1,0,0,0,0,90
2231548_1586,2231548,1586,42,42,2013-02-17,Christian Schulz,L1,0,0,0,0,90
2231548_1986,2231548,1986,4,167,2013-02-17,Markus Feulner,L1,0,0,0,0,81
2231548_277,2231548,277,42,3368,2013-02-17,Sérgio da Silva Pinto,L1,0,0,0,1,90
2231548_2805,2231548,2805,42,42,2013-02-17,Christian Pander,L1,0,0,0,0,66
2231548_823,2231548,823,4,4,2013-02-17,Hanno Balitsch,L1,0,0,0,0,90
2243119_2233,2243119,2233,3368,3368,2013-02-17,Christian Lell,ES1,0,0,0,1,45
2243131_3366,2243131,3366,418,5,2013-02-17,Kaká,ES1,0,0,0,0,79
2250164_3109,2250164,3109,31,31,2013-02-17,Steven Gerrard,GB1,0,0,1,0,90
2250373_3170,2250373,3170,499,1304,2013-02-17,Simon Cziommer,NL1,0,0,0,0,78
2250374_1443,2250374,1443,610,190,2013-02-17,Christian Poulsen,NL1,0,0,0,0,90
2251494_2926,2251494,2926,1025,105,2013-02-17,György Garics,IT1,0,0,0,0,11
2251496_1161,2251496,1161,46,46,2013-02-17,Javier Zanetti,IT1,0,0,0,0,90
2289259_3201,2289259,3201,3060,265,2013-02-17,Stathis Tavlaridis,GR1,0,0,0,0,90
2289522_3160,2289522,3160,631,631,2013-02-17,John Terry,FAC,0,0,1,0,90
2289522_3163,2289522,3163,631,281,2013-02-17,Frank Lampard,FAC,0,0,1,0,80
2289522_3182,2289522,3182,631,12,2013-02-17,Ashley Cole,FAC,0,0,0,0,90
2291440_3202,2291440,3202,281,371,2013-02-17,Kolo Touré,FAC,0,0,0,0,90
2291440_3333,2291440,3333,281,1237,2013-02-17,James Milner,FAC,0,0,0,0,90
2291441_2953,2291441,2953,1071,41,2013-02-17,Paul Scharner,FAC,0,0,0,0,90
2244093_2587,2244093,2587,10484,524,2013-02-18,Elyasa Süme,TR1,1,0,0,0,90
2244093_299,2244093,299,10484,10484,2013-02-18,Fabian Ernst,TR1,0,0,0,0,57
2284444_132,2284444,132,11,11,2013-02-19,Tomas Rosicky,CL,0,0,0,0,19
2284444_2219,2284444,2219,27,27,2013-02-19,Philipp Lahm,CL,1,0,0,1,90
2284444_2514,2284444,2514,27,985,2013-02-19,Bastian Schweinsteiger,CL,1,0,0,0,90
2284454_215,2284454,215,1084,1084,2013-02-19,Roque Santa Cruz,CL,0,0,0,0,90
2284454_2963,2284454,2963,1084,714,2013-02-19,Martín Demichelis,CL,0,0,0,0,90
2284440_1321,2284440,1321,33,114,2013-02-20,Jermaine Jones,CL,1,0,1,0,90
2284440_1792,2284440,1792,141,105,2013-02-20,Hamit Altintop,CL,0,0,0,0,66
2284440_598,2284440,598,33,24,2013-02-20,Timo Hildebrand,CL,0,0,0,0,90
2284468_3270,2284468,3270,36,1123,2013-02-21,Joseph Yobo,EL,1,0,0,0,90
2284470_1161,2284470,1161,46,46,2013-02-21,Javier Zanetti,EL,0,0,0,0,90
2284474_3109,2284474,3109,31,31,2013-02-21,Steven Gerrard,EL,0,0,0,0,90
2284478_691,2284478,691,15,15,2013-02-21,Simon Rolfes,EL,0,0,0,0,90
2284480_3276,2284480,3276,762,873,2013-02-21,Shola Ameobi,EL,0,0,1,0,90
2284486_1443,2284486,1443,610,190,2013-02-21,Christian Poulsen,EL,1,0,0,0,120
2284490_1586,2284490,1586,42,42,2013-02-21,Christian Schulz,EL,0,0,0,0,90
2284490_277,2284490,277,42,3368,2013-02-21,Sérgio da Silva Pinto,EL,0,0,1,0,90
2284490_3114,2284490,3114,42,42,2013-02-21,Jan Schlaudraff,EL,0,0,0,0,29
2284492_3160,2284492,3160,631,631,2013-02-21,John Terry,EL,0,0,0,0,90
2284494_1428,2284494,1428,18,60,2013-02-21,Mike Hanke,EL,0,0,0,0,20
2284494_568,2284494,568,18,18,2013-02-21,Martin Stranzl,EL,0,0,0,0,90
2284494_837,2284494,837,18,18,2013-02-21,Thorben Marx,EL,0,0,0,0,82
2284496_3156,2284496,3156,148,148,2013-02-21,William Gallas,EL,1,0,0,0,90
2231601_1565,2231601,1565,24,24,2013-02-22,Alexander Meier,L1,0,0,0,0,90
2250375_3395,2250375,3395,467,132,2013-02-22,Gábor Babos,NL1,0,0,0,0,90
2224103_1327,2224103,1327,273,1159,2013-02-23,Alou Diarra,FR1,0,0,0,0,67
2225696_2953,2225696,2953,1071,41,2013-02-23,Paul Scharner,GB1,1,0,0,0,90
2225697_3130,2225697,3130,289,289,2013-02-23,Titus Bramble,GB1,1,0,0,0,90
2225711_3235,2225711,3235,985,1039,2013-02-23,Rio Ferdinand,GB1,0,0,0,0,90
2225711_3332,2225711,3332,985,985,2013-02-23,Wayne Rooney,GB1,0,0,0,0,29
2225711_3406,2225711,3406,985,985,2013-02-23,Ryan Giggs,GB1,0,0,1,0,90
2227547_3251,2227547,3251,370,370,2013-02-23,Stephen Hughes,SC1,0,0,0,0,90
2231577_123,2231577,123,33,33,2013-02-23,Christoph Metzelder,L1,0,0,0,0,6
2231577_1321,2231577,1321,33,114,2013-02-23,Jermaine Jones,L1,1,0,0,1,90
2231577_1568,2231577,1568,38,38,2013-02-23,Stefan Reisinger,L1,0,0,0,0,12
2231577_598,2231577,598,33,24,2013-02-23,Timo Hildebrand,L1,0,0,0,0,90
2231579_2219,2231579,2219,27,27,2013-02-23,Philipp Lahm,L1,0,0,0,2,90
2231579_532,2231579,532,27,86,2013-02-23,Claudio Pizarro,L1,0,0,0,0,18
2231584_1150,2231584,1150,4,4,2013-02-23,Raphael Schäfer,L1,0,0,0,0,90
2231584_1986,2231584,1986,4,167,2013-02-23,Markus Feulner,L1,0,0,1,0,90
2231584_823,2231584,823,4,4,2013-02-23,Hanno Balitsch,L1,0,0,0,0,90
2231605_1586,2231605,1586,42,42,2013-02-23,Christian Schulz,L1,0,0,0,0,90
2231605_1726,2231605,1726,41,610,2013-02-23,Heiko Westermann,L1,0,0,0,0,90
2231605_1784,2231605,1784,41,39,2013-02-23,René Adler,L1,0,0,0,0,90
2231605_277,2231605,277,42,3368,2013-02-23,Sérgio da Silva Pinto,L1,0,0,0,1,90
2231605_3114,2231605,3114,42,42,2013-02-23,Jan Schlaudraff,L1,0,0,0,0,3
2231606_1139,2231606,1139,39,39,2013-02-23,Nikolce Noveski,L1,0,0,0,0,90
2231606_1363,2231606,1363,39,33,2013-02-23,Christian Wetklo,L1,0,0,0,0,90
2231606_1667,2231606,1667,82,162,2013-02-23,Diego Benaglio,L1,0,0,0,0,90
2231606_2767,2231606,2767,82,24,2013-02-23,Alexander Madlung,L1,0,1,0,0,30
2231606_2923,2231606,2923,39,3368,2013-02-23,Andreas Ivanschitz,L1,0,0,0,0,58
2243134_2050,2243134,2050,1049,24,2013-02-23,Nelson Valdez,ES1,0,0,0,0,10
2243139_3366,2243139,3366,418,5,2013-02-23,Kaká,ES1,0,0,1,0,90
2244052_1791,2244052,1791,449,167,2013-02-23,Halil Altintop,TR1,0,0,0,0,1
2244064_3256,2244064,3256,114,15,2013-02-23,Roberto Hilbert,TR1,1,0,1,0,90
2244074_933,2244074,933,589,2293,2013-02-23,Ugur Inceman,TR1,0,0,0,0,72
2244075_109,2244075,109,825,825,2013-02-23,Dedê,TR1,1,0,0,0,90
2250163_1662,2250163,1662,931,33,2013-02-23,Sascha Riether,GB1,0,0,0,1,90
2250163_2874,2250163,2874,931,265,2013-02-23,Mladen Petric,GB1,0,0,0,0,1
2250163_2998,2250163,2998,512,1003,2013-02-23,Robert Huth,GB1,0,0,0,0,90
2250163_3220,2250163,3220,931,931,2013-02-23,John Arne Riise,GB1,0,0,0,0,90
2250163_3259,2250163,3259,931,931,2013-02-23,Damien Duff,GB1,0,0,0,0,86
2250163_3306,2250163,3306,512,1132,2013-02-23,Jonathan Walters,GB1,0,0,0,0,90
2250163_3357,2250163,3357,931,1003,2013-02-23,Mark Schwarzer,GB1,0,0,0,0,90
2250163_65,2250163,65,931,1091,2013-02-23,Dimitar Berbatov,GB1,0,0,1,0,90
2250167_3356,2250167,3356,29,989,2013-02-23,Sylvain Distin,GB1,0,0,0,0,90
2250379_3170,2250379,3170,499,1304,2013-02-23,Simon Cziommer,NL1,1,0,0,1,90
2224101_3139,2224101,3139,583,583,2013-02-24,David Beckham,FR1,0,0,0,0,14
2224101_3292,2224101,3292,244,1132,2013-02-24,Joey Barton,FR1,0,0,0,0,90
2224104_3266,2224104,3266,1158,1158,2013-02-24,Jérémie Aliadière,FR1,0,0,1,0,58
2224111_3115,2224111,3115,40,40,2013-02-24,David Bellion,FR1,1,0,0,0,64
2224938_3176,2224938,3176,2282,2282,2013-02-24,Eidur Gudjohnsen,BE1,0,0,0,0,2
2227552_3322,2227552,3322,903,903,2013-02-24,Ben Williams,SC1,0,0,0,0,90
2231586_1428,2231586,1428,18,60,2013-02-24,Mike Hanke,L1,0,0,0,0,63
2231586_26,2231586,26,16,16,2013-02-24,Roman Weidenfeller,L1,0,0,0,0,90
2231586_410,2231586,410,16,16,2013-02-24,Sebastian Kehl,L1,0,0,0,0,90
2231586_568,2231586,568,18,18,2013-02-24,Martin Stranzl,L1,0,0,0,0,90
2231586_837,2231586,837,18,18,2013-02-24,Thorben Marx,L1,1,0,0,0,90
2231608_1684,2231608,1684,65,65,2013-02-24,Milorad Pekovic,L1,1,0,0,0,29
2231608_691,2231608,691,15,15,2013-02-24,Simon Rolfes,L1,0,0,0,0,71
2243124_670,2243124,670,714,714,2013-02-24,Martin Petrov,ES1,0,0,0,0,25
2243126_2963,2243126,2963,1084,714,2013-02-24,Martín Demichelis,ES1,0,0,0,0,90
2243127_3172,2243127,3172,940,940,2013-02-24,Quique de Lucas,ES1,0,0,0,0,26
2244080_1896,2244080,1896,19771,19771,2013-02-24,Ahmet Cebe,TR1,0,0,0,0,10
2244080_831,2244080,831,1506,1506,2013-02-24,Selim Teber,TR1,0,0,0,0,24
2244095_2587,2244095,2587,10484,524,2013-02-24,Elyasa Süme,TR1,0,0,0,0,90
2244095_299,2244095,299,10484,10484,2013-02-24,Fabian Ernst,TR1,1,0,0,0,70
2244095_3270,2244095,3270,36,1123,2013-02-24,Joseph Yobo,TR1,0,0,0,0,90
2250165_3163,2250165,3163,631,281,2013-02-24,Frank Lampard,GB1,0,0,0,0,68
2250165_3182,2250165,3182,631,12,2013-02-24,Ashley Cole,GB1,0,0,0,0,90
2250165_3202,2250165,3202,281,371,2013-02-24,Kolo Touré,GB1,1,0,0,0,90
2250165_3333,2250165,3333,281,1237,2013-02-24,James Milner,GB1,0,0,0,0,90
2251507_1161,2251507,1161,46,46,2013-02-24,Javier Zanetti,IT1,0,0,0,0,90
2251511_2865,2251511,2865,506,167,2013-02-24,Stephan Lichtsteiner,IT1,0,0,1,0,90
2289267_3201,2289267,3201,3060,265,2013-02-24,Stathis Tavlaridis,GR1,1,0,0,0,90
2289269_2138,2289269,2138,7185,40426,2013-02-24,Mladen Kascelan,GR1,1,0,0,0,20
2225702_1094,2225702,1094,379,4,2013-02-25,Emanuel Pogatetz,GB1,0,0,0,0,18
2225702_1368,2225702,1368,379,1519,2013-02-25,Guy Demel,GB1,0,0,0,0,72
2244086_1792,2244086,1792,141,105,2013-02-25,Hamit Altintop,TR1,0,0,0,0,67
2227544_3251,2227544,3251,370,370,2013-02-26,Stephen Hughes,SC1,0,0,0,0,63
2251505_2926,2251505,2926,1025,105,2013-02-26,György Garics,IT1,0,0,0,0,17
2284436_1667,2284436,1667,82,162,2013-02-26,Diego Benaglio,DFB,0,0,0,0,90
2284436_2767,2284436,2767,82,24,2013-02-26,Alexander Madlung,DFB,0,0,0,0,90
2284439_1139,2284439,1139,39,39,2013-02-26,Nikolce Noveski,DFB,0,0,0,0,90
2284439_2923,2284439,2923,39,3368,2013-02-26,Andreas Ivanschitz,DFB,0,0,0,0,18
2284439_892,2284439,892,39,39,2013-02-26,Heinz Müller,DFB,0,0,0,0,90
2298945_1573,2298945,1573,29,29,2013-02-26,Thomas Hitzlsperger,FAC,0,0,0,0,1
2298945_3356,2298945,3356,29,989,2013-02-26,Sylvain Distin,FAC,0,0,0,0,90
2298945_3404,2298945,3404,29,29,2013-02-26,Phil Neville,FAC,0,0,0,0,90
2227545_3322,2227545,3322,903,903,2013-02-27,Ben Williams,SC1,0,0,0,0,90
2284437_2219,2284437,2219,27,27,2013-02-27,Philipp Lahm,DFB,0,0,0,1,90
2284437_2514,2284437,2514,27,985,2013-02-27,Bastian Schweinsteiger,DFB,0,0,0,0,90
2284437_26,2284437,26,16,16,2013-02-27,Roman Weidenfeller,DFB,0,0,0,0,90
2289088_1443,2289088,1443,610,190,2013-02-27,Christian Poulsen,NLP,0,0,0,0,90
2289395_2138,2289395,2138,7185,40426,2013-02-27,Mladen Kascelan,GRP,0,0,0,0,90
2291650_3160,2291650,3160,631,631,2013-02-27,John Terry,FAC,0,0,0,0,90
2224926_3176,2224926,3176,2282,2282,2013-02-28,Eidur Gudjohnsen,BE1,0,0,1,0,8
2224926_3354,2224926,3354,2282,2282,2013-02-28,Jonathan Blondel,BE1,0,0,0,0,17
2224097_1327,2224097,1327,273,1159,2013-03-01,Alou Diarra,FR1,0,0,0,0,11
2231646_1428,2231646,1428,18,60,2013-03-01,Mike Hanke,L1,0,0,0,0,13
2231646_1565,2231646,1565,24,24,2013-03-01,Alexander Meier,L1,0,0,0,0,90
2231646_568,2231646,568,18,18,2013-03-01,Martin Stranzl,L1,0,0,0,0,90
2231646_837,2231646,837,18,18,2013-03-01,Thorben Marx,L1,1,0,0,1,90
2250384_3170,2250384,3170,499,1304,2013-03-01,Simon Cziommer,NL1,0,0,0,0,19
2251518_2865,2251518,2865,506,167,2013-03-01,Stephan Lichtsteiner,IT1,0,0,0,0,90
2224093_3139,2224093,3139,583,583,2013-03-02,David Beckham,FR1,0,0,0,0,26
2224098_3266,2224098,3266,1158,1158,2013-03-02,Jérémie Aliadière,FR1,1,0,0,1,45
2224099_2878,2224099,2878,750,750,2013-03-02,Yassin Mikari,FR1,0,0,0,0,9
2225707_3163,2225707,3163,631,281,2013-03-02,Frank Lampard,GB1,0,0,0,0,90
2225707_3182,2225707,3182,631,12,2013-03-02,Ashley Cole,GB1,0,0,0,0,90
2225710_1573,2225710,1573,29,29,2013-03-02,Thomas Hitzlsperger,GB1,0,0,0,0,9
2225710_3190,2225710,3190,1032,180,2013-03-02,Stuart Taylor,GB1,0,0,0,0,90
2225710_3356,2225710,3356,29,989,2013-03-02,Sylvain Distin,GB1,0,0,0,0,90
2225712_3276,2225712,3276,762,873,2013-03-02,Shola Ameobi,GB1,0,0,0,0,1
2225718_2953,2225718,2953,1071,41,2013-03-02,Paul Scharner,GB1,0,0,0,0,90
2225718_3109,2225718,3109,31,31,2013-03-02,Steven Gerrard,GB1,0,0,0,0,90
2225724_1094,2225724,1094,379,4,2013-03-02,Emanuel Pogatetz,GB1,0,0,0,0,7
2225724_1368,2225724,1368,379,1519,2013-03-02,Guy Demel,GB1,0,0,0,0,90
2225724_3306,2225724,3306,512,1132,2013-03-02,Jonathan Walters,GB1,0,0,0,0,74
2225725_3332,2225725,3332,985,985,2013-03-02,Wayne Rooney,GB1,0,0,1,2,90
2225726_1662,2225726,1662,931,33,2013-03-02,Sascha Riether,GB1,1,0,1,0,90
2225726_3130,2225726,3130,289,289,2013-03-02,Titus Bramble,GB1,0,0,0,0,90
2225726_3220,2225726,3220,931,931,2013-03-02,John Arne Riise,GB1,0,0,0,0,90
2225726_3259,2225726,3259,931,931,2013-03-02,Damien Duff,GB1,0,0,0,0,80
2225726_3357,2225726,3357,931,1003,2013-03-02,Mark Schwarzer,GB1,0,0,0,0,90
2225726_65,2225726,65,931,1091,2013-03-02,Dimitar Berbatov,GB1,0,0,1,0,90
2231588_1150,2231588,1150,4,4,2013-03-02,Raphael Schäfer,L1,0,0,0,0,90
2231588_1986,2231588,1986,4,167,2013-03-02,Markus Feulner,L1,0,0,0,0,90
2231588_823,2231588,823,4,4,2013-03-02,Hanno Balitsch,L1,0,0,0,0,90
2231591_1726,2231591,1726,41,610,2013-03-02,Heiko Westermann,L1,0,0,0,0,90
2231591_1784,2231591,1784,41,39,2013-03-02,René Adler,L1,0,0,0,0,90
2231591_258,2231591,258,65,33,2013-03-02,Gerald Asamoah,L1,0,0,0,0,12
2231609_1586,2231609,1586,42,42,2013-03-02,Christian Schulz,L1,1,0,0,0,90
2231609_26,2231609,26,16,16,2013-03-02,Roman Weidenfeller,L1,0,0,0,0,90
2231609_277,2231609,277,42,3368,2013-03-02,Sérgio da Silva Pinto,L1,0,0,0,0,90
2231609_3114,2231609,3114,42,42,2013-03-02,Jan Schlaudraff,L1,0,0,0,0,12
2231609_410,2231609,410,16,16,2013-03-02,Sebastian Kehl,L1,0,0,0,0,90
2231612_123,2231612,123,33,33,2013-03-02,Christoph Metzelder,L1,0,0,0,0,45
2231612_1321,2231612,1321,33,114,2013-03-02,Jermaine Jones,L1,1,0,0,1,90
2231612_1667,2231612,1667,82,162,2013-03-02,Diego Benaglio,L1,0,0,0,0,90
2231612_598,2231612,598,33,24,2013-03-02,Timo Hildebrand,L1,0,0,0,0,90
2243144_3366,2243144,3366,418,5,2013-03-02,Kaká,ES1,0,0,0,0,57
2243150_2050,2243150,2050,1049,24,2013-03-02,Nelson Valdez,ES1,0,0,0,0,12
2244067_1896,2244067,1896,19771,19771,2013-03-02,Ahmet Cebe,TR1,0,0,0,0,23
2250386_2048,2250386,2048,403,403,2013-03-02,Philipp Haastrup,NL1,0,0,0,0,90
2250387_1443,2250387,1443,610,190,2013-03-02,Christian Poulsen,NL1,0,0,0,0,90
2289272_2138,2289272,2138,7185,40426,2013-03-02,Mladen Kascelan,GR1,0,0,0,0,23
2289272_3201,2289272,3201,3060,265,2013-03-02,Stathis Tavlaridis,GR1,1,0,0,0,90
2224092_3292,2224092,3292,244,1132,2013-03-03,Joey Barton,FR1,0,0,0,0,72
2224095_3115,2224095,3115,40,40,2013-03-03,David Bellion,FR1,0,0,0,0,9
2224662_1423,2224662,1423,190,855,2013-03-03,Lars Jacobsen,DK1,0,0,0,0,90
2224662_1725,2224662,1725,173,173,2013-03-03,Jesper Christiansen,DK1,0,0,0,0,90
2224662_2703,2224662,2703,173,173,2013-03-03,Morten Skoubo,DK1,0,0,0,0,9
2224666_1606,2224666,1606,2414,2414,2013-03-03,Morten Rasmussen,DK1,0,0,0,0,90
2225713_132,2225713,132,11,11,2013-03-03,Tomas Rosicky,GB1,0,0,0,0,30
2225713_3156,2225713,3156,148,148,2013-03-03,William Gallas,GB1,0,0,0,0,1
2231597_1139,2231597,1139,39,39,2013-03-03,Nikolce Noveski,L1,0,0,0,0,90
2231597_1363,2231597,1363,39,33,2013-03-03,Christian Wetklo,L1,0,0,0,0,90
2231597_2712,2231597,2712,38,38,2013-03-03,Nando Rafael,L1,1,0,0,0,30
2231597_2923,2231597,2923,39,3368,2013-03-03,Andreas Ivanschitz,L1,0,0,0,0,90
2231597_690,2231597,690,39,39,2013-03-03,Ivan Klasnic,L1,0,0,1,0,45
2231647_2219,2231647,2219,27,27,2013-03-03,Philipp Lahm,L1,0,0,0,0,90
2231647_2358,2231647,2358,533,82,2013-03-03,Patrick Ochs,L1,0,0,0,0,90
2231647_2514,2231647,2514,27,985,2013-03-03,Bastian Schweinsteiger,L1,0,0,0,0,90
2231647_80,2231647,80,27,27,2013-03-03,Tom Starke,L1,0,0,0,0,90
2243149_215,2243149,215,1084,1084,2013-03-03,Roque Santa Cruz,ES1,0,0,0,0,90
2243149_2963,2243149,2963,1084,714,2013-03-03,Martín Demichelis,ES1,0,0,0,0,62
2244081_755,2244081,755,589,589,2013-03-03,Deniz Baris,TR1,0,0,0,0,50
2244081_933,2244081,933,589,2293,2013-03-03,Ugur Inceman,TR1,0,0,0,0,45
2244117_3256,2244117,3256,114,15,2013-03-03,Roberto Hilbert,TR1,0,0,0,0,90
2250391_3395,2250391,3395,467,132,2013-03-03,Gábor Babos,NL1,0,0,0,0,90
2251514_2926,2251514,2926,1025,105,2013-03-03,György Garics,IT1,0,0,0,0,90
2251517_1161,2251517,1161,46,46,2013-03-03,Javier Zanetti,IT1,0,0,0,0,90
2289385_3322,2289385,3322,903,903,2013-03-03,Ben Williams,SFA,0,0,0,0,90
2225705_3202,2225705,3202,281,371,2013-03-04,Kolo Touré,GB1,0,0,0,0,90
2225705_3291,2225705,3291,281,984,2013-03-04,Gareth Barry,GB1,0,0,0,0,1
2225705_3333,2225705,3333,281,1237,2013-03-04,James Milner,GB1,0,0,0,0,90
2243143_3172,2243143,3172,940,940,2013-03-04,Quique de Lucas,ES1,0,0,0,0,16
2244066_1791,2244066,1791,449,167,2013-03-04,Halil Altintop,TR1,0,0,0,0,45
2244066_2587,2244066,2587,10484,524,2013-03-04,Elyasa Süme,TR1,0,0,0,0,90
2244066_299,2244066,299,10484,10484,2013-03-04,Fabian Ernst,TR1,1,0,0,1,90
2284447_26,2284447,26,16,16,2013-03-05,Roman Weidenfeller,CL,0,0,0,0,90
2284447_410,2284447,410,16,16,2013-03-05,Sebastian Kehl,CL,0,0,0,0,45
2284451_3235,2284451,3235,985,1039,2013-03-05,Rio Ferdinand,CL,0,0,0,0,90
2284451_3332,2284451,3332,985,985,2013-03-05,Wayne Rooney,CL,0,0,0,0,17
2284451_3366,2284451,3366,418,5,2013-03-05,Kaká,CL,1,0,0,0,45
2284451_3406,2284451,3406,985,985,2013-03-05,Ryan Giggs,CL,0,0,0,0,90
2224638_1725,2224638,1725,173,173,2013-03-06,Jesper Christiansen,DK1,0,0,0,0,90
2224638_2703,2224638,2703,173,173,2013-03-06,Morten Skoubo,DK1,0,0,0,0,45
2284453_2050,2284453,2050,1049,24,2013-03-06,Nelson Valdez,CL,0,0,0,0,14
2293162_3270,2293162,3270,36,1123,2013-03-07,Joseph Yobo,EL,0,0,0,0,90
2293163_3115,2293163,3115,40,40,2013-03-07,David Bellion,EL,0,0,0,0,24
2293164_3276,2293164,3276,762,873,2013-03-07,Shola Ameobi,EL,0,0,0,0,26
2293165_264,2293165,264,79,79,2013-03-07,Tamás Hajnal,EL,0,0,0,0,49
2293166_1161,2293166,1161,46,46,2013-03-07,Javier Zanetti,EL,0,0,0,0,90
2293166_3156,2293166,3156,148,148,2013-03-07,William Gallas,EL,0,0,0,0,90
2293169_3160,2293169,3160,631,631,2013-03-07,John Terry,EL,0,0,0,0,90
2293169_3163,2293169,3163,631,281,2013-03-07,Frank Lampard,EL,0,0,0,0,90
2224082_1327,2224082,1327,273,1159,2013-03-08,Alou Diarra,FR1,0,0,0,0,82
2231622_1150,2231622,1150,4,4,2013-03-08,Raphael Schäfer,L1,0,0,0,0,90
2231622_1986,2231622,1986,4,167,2013-03-08,Markus Feulner,L1,1,0,0,0,90
2231622_823,2231622,823,4,4,2013-03-08,Hanno Balitsch,L1,0,0,0,0,75
2244123_1792,2244123,1792,141,105,2013-03-08,Hamit Altintop,TR1,1,0,0,0,65
2222761_1331,2222761,1331,121,533,2013-03-09,Kevin Kuranyi,RU1,0,0,0,0,72
2224088_3139,2224088,3139,583,583,2013-03-09,David Beckham,FR1,0,0,0,0,16
2224936_3176,2224936,3176,2282,2282,2013-03-09,Eidur Gudjohnsen,BE1,0,0,1,0,38
2224940_1532,2224940,1532,28643,28643,2013-03-09,Wesley Sonck,BE1,0,0,0,0,24
2225730_3130,2225730,3130,289,289,2013-03-09,Titus Bramble,GB1,0,0,0,0,90
2225734_3190,2225734,3190,1032,180,2013-03-09,Stuart Taylor,GB1,0,0,0,0,90
2227560_3251,2227560,3251,370,370,2013-03-09,Stephen Hughes,SC1,0,0,0,0,90
2231596_1277,2231596,1277,86,86,2013-03-09,Clemens Fritz,L1,0,0,0,0,45
2231596_1428,2231596,1428,18,60,2013-03-09,Mike Hanke,L1,0,0,0,0,20
2231596_568,2231596,568,18,18,2013-03-09,Martin Stranzl,L1,0,0,0,0,90
2231598_26,2231598,26,16,16,2013-03-09,Roman Weidenfeller,L1,0,0,0,0,90
2231598_598,2231598,598,33,24,2013-03-09,Timo Hildebrand,L1,0,0,0,0,90
2231599_2219,2231599,2219,27,27,2013-03-09,Philipp Lahm,L1,0,0,0,2,90
2231599_2514,2231599,2514,27,985,2013-03-09,Bastian Schweinsteiger,L1,0,0,0,0,90
2231599_532,2231599,532,27,86,2013-03-09,Claudio Pizarro,L1,0,0,0,1,18
2231624_1667,2231624,1667,82,162,2013-03-09,Diego Benaglio,L1,1,0,0,0,90
2231626_1073,2231626,1073,15,16,2013-03-09,Manuel Friedrich,L1,1,0,0,0,90
2231626_1139,2231626,1139,39,39,2013-03-09,Nikolce Noveski,L1,1,0,0,0,90
2231626_1363,2231626,1363,39,33,2013-03-09,Christian Wetklo,L1,0,0,0,0,90
2231626_2923,2231626,2923,39,3368,2013-03-09,Andreas Ivanschitz,L1,0,0,1,0,70
2231626_691,2231626,691,15,15,2013-03-09,Simon Rolfes,L1,0,0,0,0,65
2231632_1684,2231632,1684,65,65,2013-03-09,Milorad Pekovic,L1,1,0,0,0,45
2231632_2358,2231632,2358,533,82,2013-03-09,Patrick Ochs,L1,0,0,0,0,71
2243146_670,2243146,670,714,714,2013-03-09,Martin Petrov,ES1,0,0,0,0,20
2243148_215,2243148,215,1084,1084,2013-03-09,Roque Santa Cruz,ES1,0,0,0,0,90
2243148_2963,2243148,2963,1084,714,2013-03-09,Martín Demichelis,ES1,0,0,1,0,90
2244121_1791,2244121,1791,449,167,2013-03-09,Halil Altintop,TR1,0,0,0,0,90
2244121_3256,2244121,3256,114,15,2013-03-09,Roberto Hilbert,TR1,0,0,0,0,90
2244126_1896,2244126,1896,19771,19771,2013-03-09,Ahmet Cebe,TR1,0,0,0,0,1
2250396_3395,2250396,3395,467,132,2013-03-09,Gábor Babos,NL1,0,0,0,0,90
2250397_2048,2250397,2048,403,403,2013-03-09,Philipp Haastrup,NL1,0,0,0,0,67
2300138_2953,2300138,2953,1071,41,2013-03-09,Paul Scharner,FAC,0,0,0,0,90
2300138_3356,2300138,3356,29,989,2013-03-09,Sylvain Distin,FAC,0,0,0,0,90
2300138_3404,2300138,3404,29,29,2013-03-09,Phil Neville,FAC,1,0,0,0,45
2300139_3202,2300139,3202,281,371,2013-03-09,Kolo Touré,FAC,0,0,0,0,90
2300139_3291,2300139,3291,281,984,2013-03-09,Gareth Barry,FAC,0,0,0,0,90
2300139_3333,2300139,3333,281,1237,2013-03-09,James Milner,FAC,0,0,0,0,14
2224085_3292,2224085,3292,244,1132,2013-03-10,Joey Barton,FR1,0,0,0,0,90
2224654_1606,2224654,1606,2414,2414,2013-03-10,Morten Rasmussen,DK1,1,0,0,0,90
2224654_1725,2224654,1725,173,173,2013-03-10,Jesper Christiansen,DK1,0,0,0,0,90
2224658_1423,2224658,1423,190,855,2013-03-10,Lars Jacobsen,DK1,0,0,0,0,90
2225732_3109,2225732,3109,31,31,2013-03-10,Steven Gerrard,GB1,0,0,1,0,90
2225733_3306,2225733,3306,512,1132,2013-03-10,Jonathan Walters,GB1,0,0,1,0,90
2227557_3322,2227557,3322,903,903,2013-03-10,Ben Williams,SC1,0,0,0,0,90
2231607_1726,2231607,1726,41,610,2013-03-10,Heiko Westermann,L1,0,0,0,0,64
2231607_1784,2231607,1784,41,39,2013-03-10,René Adler,L1,0,0,0,0,90
2231628_1565,2231628,1565,24,24,2013-03-10,Alexander Meier,L1,0,0,0,0,90
2231628_1586,2231628,1586,42,42,2013-03-10,Christian Schulz,L1,0,0,0,0,90
2231628_277,2231628,277,42,3368,2013-03-10,Sérgio da Silva Pinto,L1,0,0,0,0,90
2231628_2805,2231628,2805,42,42,2013-03-10,Christian Pander,L1,0,0,0,0,61
2231628_3114,2231628,3114,42,42,2013-03-10,Jan Schlaudraff,L1,0,0,0,0,29
2243154_3172,2243154,3172,940,940,2013-03-10,Quique de Lucas,ES1,1,0,0,0,60
2243154_3366,2243154,3366,418,5,2013-03-10,Kaká,ES1,0,0,0,1,25
2243159_2050,2243159,2050,1049,24,2013-03-10,Nelson Valdez,ES1,1,0,0,0,64
2244112_3270,2244112,3270,36,1123,2013-03-10,Joseph Yobo,TR1,0,0,0,0,90
2244120_755,2244120,755,589,589,2013-03-10,Deniz Baris,TR1,1,0,0,0,90
2244120_933,2244120,933,589,2293,2013-03-10,Ugur Inceman,TR1,0,0,0,0,90
2250399_1443,2250399,1443,610,190,2013-03-10,Christian Poulsen,NL1,0,0,0,0,90
2251523_1161,2251523,1161,46,46,2013-03-10,Javier Zanetti,IT1,0,0,0,0,90
2251523_2926,2251523,2926,1025,105,2013-03-10,György Garics,IT1,0,0,0,0,90
2251524_2865,2251524,2865,506,167,2013-03-10,Stephan Lichtsteiner,IT1,0,0,0,0,90
2300140_3205,2300140,3205,164,1083,2013-03-10,David Bentley,FAC,0,0,0,0,90
2300141_3163,2300141,3163,631,281,2013-03-10,Frank Lampard,FAC,0,0,0,0,52
2300141_3182,2300141,3182,631,12,2013-03-10,Ashley Cole,FAC,0,0,0,0,90
2300141_3235,2300141,3235,985,1039,2013-03-10,Rio Ferdinand,FAC,0,0,0,0,90
2300141_3332,2300141,3332,985,985,2013-03-10,Wayne Rooney,FAC,0,0,1,0,90
2244100_2587,2244100,2587,10484,524,2013-03-11,Elyasa Süme,TR1,0,1,0,0,73
2244100_299,2244100,299,10484,10484,2013-03-11,Fabian Ernst,TR1,0,0,0,0,71
2289287_3201,2289287,3201,3060,265,2013-03-11,Stathis Tavlaridis,GR1,1,0,0,0,90
2284441_1792,2284441,1792,141,105,2013-03-12,Hamit Altintop,CL,0,0,1,0,90
2284441_598,2284441,598,33,24,2013-03-12,Timo Hildebrand,CL,0,0,0,0,90
2284445_132,2284445,132,11,11,2013-03-13,Tomas Rosicky,CL,1,0,0,0,90
2284445_2219,2284445,2219,27,27,2013-03-13,Philipp Lahm,CL,1,0,0,0,90
2284456_215,2284456,215,1084,1084,2013-03-13,Roque Santa Cruz,CL,0,0,1,0,16
2284456_2963,2284456,2963,1084,714,2013-03-13,Martín Demichelis,CL,1,0,0,0,90
2289399_2138,2289399,2138,7185,40426,2013-03-13,Mladen Kascelan,GRP,0,0,0,0,90
2293170_3270,2293170,3270,36,1123,2013-03-14,Joseph Yobo,EL,0,0,0,0,90
2293173_264,2293173,264,79,79,2013-03-14,Tamás Hajnal,EL,1,0,1,0,74
2293174_1161,2293174,1161,46,46,2013-03-14,Javier Zanetti,EL,0,0,0,0,90
2293174_3156,2293174,3156,148,148,2013-03-14,William Gallas,EL,0,0,0,0,90
2293175_2233,2293175,2233,3368,3368,2013-03-14,Christian Lell,EL,0,0,0,0,90
2293177_3160,2293177,3160,631,631,2013-03-14,John Terry,EL,0,0,1,0,90
2293177_3182,2293177,3182,631,12,2013-03-14,Ashley Cole,EL,1,0,0,0,90
2224071_3292,2224071,3292,244,1132,2013-03-15,Joey Barton,FR1,0,0,0,0,90
2224629_1423,2224629,1423,190,855,2013-03-15,Lars Jacobsen,DK1,0,0,0,0,90
2227541_3322,2227541,3322,903,903,2013-03-15,Ben Williams,SC1,0,0,0,0,90
2231618_1568,2231618,1568,38,38,2013-03-15,Stefan Reisinger,L1,0,0,0,0,45
2231618_1667,2231618,1667,82,162,2013-03-15,Diego Benaglio,L1,0,0,0,0,90
2231618_2767,2231618,2767,82,24,2013-03-15,Alexander Madlung,L1,0,0,0,0,90
2243174_3172,2243174,3172,940,940,2013-03-15,Quique de Lucas,ES1,0,0,0,0,55
2244110_109,2244110,109,825,825,2013-03-15,Dedê,TR1,0,0,0,0,90
2244111_1791,2244111,1791,449,167,2013-03-15,Halil Altintop,TR1,0,0,1,0,90
2222747_1331,2222747,1331,121,533,2013-03-16,Kevin Kuranyi,RU1,0,0,0,0,24
2224070_1327,2224070,1327,273,1159,2013-03-16,Alou Diarra,FR1,0,0,0,0,61
2224939_3176,2224939,3176,2282,2282,2013-03-16,Eidur Gudjohnsen,BE1,0,0,0,0,22
2224943_1532,2224943,1532,28643,28643,2013-03-16,Wesley Sonck,BE1,0,0,0,0,12
2225699_3109,2225699,3109,31,31,2013-03-16,Steven Gerrard,GB1,0,0,0,0,90
2225701_3306,2225701,3306,512,1132,2013-03-16,Jonathan Walters,GB1,0,0,0,0,90
2225704_3202,2225704,3202,281,371,2013-03-16,Kolo Touré,GB1,0,0,0,0,83
2225704_3291,2225704,3291,281,984,2013-03-16,Gareth Barry,GB1,0,0,0,0,70
2225704_3333,2225704,3333,281,1237,2013-03-16,James Milner,GB1,0,0,0,0,83
2225704_3356,2225704,3356,29,989,2013-03-16,Sylvain Distin,GB1,0,0,0,0,90
2225706_3190,2225706,3190,1032,180,2013-03-16,Stuart Taylor,GB1,0,0,0,0,90
2225706_3235,2225706,3235,985,1039,2013-03-16,Rio Ferdinand,GB1,0,0,0,1,90
2225706_3332,2225706,3332,985,985,2013-03-16,Wayne Rooney,GB1,0,0,1,0,90
2225706_3406,2225706,3406,985,985,2013-03-16,Ryan Giggs,GB1,0,0,0,0,90
2227554_3251,2227554,3251,370,370,2013-03-16,Stephen Hughes,SC1,0,0,0,0,90
2231613_1150,2231613,1150,4,4,2013-03-16,Raphael Schäfer,L1,0,0,0,0,90
2231613_1321,2231613,1321,33,114,2013-03-16,Jermaine Jones,L1,0,0,0,0,90
2231613_1986,2231613,1986,4,167,2013-03-16,Markus Feulner,L1,0,0,1,0,90
2231613_598,2231613,598,33,24,2013-03-16,Timo Hildebrand,L1,0,0,0,0,90
2231613_823,2231613,823,4,4,2013-03-16,Hanno Balitsch,L1,0,0,0,0,90
2231615_1684,2231615,1684,65,65,2013-03-16,Milorad Pekovic,L1,0,0,0,0,90
2231616_1139,2231616,1139,39,39,2013-03-16,Nikolce Noveski,L1,0,0,0,0,90
2231616_1363,2231616,1363,39,33,2013-03-16,Christian Wetklo,L1,1,0,0,0,90
2231616_2358,2231616,2358,533,82,2013-03-16,Patrick Ochs,L1,1,0,0,0,90
2231616_2923,2231616,2923,39,3368,2013-03-16,Andreas Ivanschitz,L1,0,0,0,0,63
2231621_1726,2231621,1726,41,610,2013-03-16,Heiko Westermann,L1,0,0,0,0,90
2231621_1784,2231621,1784,41,39,2013-03-16,René Adler,L1,0,0,0,0,90
2231627_2514,2231627,2514,27,985,2013-03-16,Bastian Schweinsteiger,L1,0,0,0,1,90
2231627_532,2231627,532,27,86,2013-03-16,Claudio Pizarro,L1,0,0,0,0,19
2231627_691,2231627,691,15,15,2013-03-16,Simon Rolfes,L1,0,0,1,0,90
2231629_26,2231629,26,16,16,2013-03-16,Roman Weidenfeller,L1,0,0,0,0,90
2243165_2050,2243165,2050,1049,24,2013-03-16,Nelson Valdez,ES1,0,0,0,0,39
2243166_3366,2243166,3366,418,5,2013-03-16,Kaká,ES1,0,0,0,0,62
2244113_299,2244113,299,10484,10484,2013-03-16,Fabian Ernst,TR1,0,0,0,1,90
2244113_3256,2244113,3256,114,15,2013-03-16,Roberto Hilbert,TR1,0,0,0,0,90
2250405_3395,2250405,3395,467,132,2013-03-16,Gábor Babos,NL1,0,0,0,0,90
2251538_2926,2251538,2926,1025,105,2013-03-16,György Garics,IT1,0,0,0,0,69
2224077_3139,2224077,3139,583,583,2013-03-17,David Beckham,FR1,0,0,0,0,90
2224622_1725,2224622,1725,173,173,2013-03-17,Jesper Christiansen,DK1,0,0,0,0,90
2225698_3130,2225698,3130,289,289,2013-03-17,Titus Bramble,GB1,0,0,0,0,19
2225700_1662,2225700,1662,931,33,2013-03-17,Sascha Riether,GB1,0,0,0,1,90
2225700_3220,2225700,3220,931,931,2013-03-17,John Arne Riise,GB1,0,0,0,0,90
2225700_3259,2225700,3259,931,931,2013-03-17,Damien Duff,GB1,0,0,0,0,90
2225700_3357,2225700,3357,931,1003,2013-03-17,Mark Schwarzer,GB1,0,0,0,0,90
2225700_65,2225700,65,931,1091,2013-03-17,Dimitar Berbatov,GB1,0,0,1,0,90
2225714_1368,2225714,1368,379,1519,2013-03-17,Guy Demel,GB1,1,0,0,0,90
2225714_3160,2225714,3160,631,631,2013-03-17,John Terry,GB1,0,0,0,0,12
2225714_3163,2225714,3163,631,281,2013-03-17,Frank Lampard,GB1,0,0,1,0,90
2225714_3179,2225714,3179,379,371,2013-03-17,Carlton Cole,GB1,0,0,0,0,10
2225714_3182,2225714,3182,631,12,2013-03-17,Ashley Cole,GB1,0,0,0,0,90
2225723_2953,2225723,2953,1071,41,2013-03-17,Paul Scharner,GB1,1,0,0,0,90
2225723_3276,2225723,3276,762,873,2013-03-17,Shola Ameobi,GB1,0,0,0,0,23
2231619_1565,2231619,1565,24,24,2013-03-17,Alexander Meier,L1,1,0,0,0,90
2231625_1428,2231625,1428,18,60,2013-03-17,Mike Hanke,L1,0,0,0,0,10
2231625_1586,2231625,1586,42,42,2013-03-17,Christian Schulz,L1,0,0,0,0,90
2231625_277,2231625,277,42,3368,2013-03-17,Sérgio da Silva Pinto,L1,2,0,0,0,85
2231625_2805,2231625,2805,42,42,2013-03-17,Christian Pander,L1,1,0,0,0,90
2231625_3114,2231625,3114,42,42,2013-03-17,Jan Schlaudraff,L1,0,0,0,0,45
2231625_568,2231625,568,18,18,2013-03-17,Martin Stranzl,L1,0,0,0,0,61
2231625_837,2231625,837,18,18,2013-03-17,Thorben Marx,L1,0,0,0,0,90
2243164_215,2243164,215,1084,1084,2013-03-17,Roque Santa Cruz,ES1,0,0,0,0,90
2244096_3270,2244096,3270,36,1123,2013-03-17,Joseph Yobo,TR1,0,0,0,0,90
2244096_755,2244096,755,589,589,2013-03-17,Deniz Baris,TR1,0,0,0,0,90
2244096_933,2244096,933,589,2293,2013-03-17,Ugur Inceman,TR1,0,0,0,0,90
2244101_1896,2244101,1896,19771,19771,2013-03-17,Ahmet Cebe,TR1,0,0,0,0,1
2244114_1792,2244114,1792,141,105,2013-03-17,Hamit Altintop,TR1,0,0,0,0,22
2250407_2048,2250407,2048,403,403,2013-03-17,Philipp Haastrup,NL1,0,0,0,0,90
2250410_1443,2250410,1443,610,190,2013-03-17,Christian Poulsen,NL1,0,0,0,0,90
2289291_3201,2289291,3201,3060,265,2013-03-17,Stathis Tavlaridis,GR1,0,0,0,0,90
2289295_2138,2289295,2138,7185,40426,2013-03-18,Mladen Kascelan,GR1,1,0,0,0,90
2224679_1725,2224679,1725,173,173,2013-03-28,Jesper Christiansen,DK1,0,0,0,0,90
2224720_1606,2224720,1606,2414,2414,2013-03-28,Morten Rasmussen,DK1,0,0,0,0,90
2224061_3139,2224061,3139,583,583,2013-03-29,David Beckham,FR1,0,0,0,0,18
2224723_1423,2224723,1423,190,855,2013-03-29,Lars Jacobsen,DK1,0,0,0,0,90
2222756_1331,2222756,1331,121,533,2013-03-30,Kevin Kuranyi,RU1,0,0,1,0,90
2224063_3266,2224063,3266,1158,1158,2013-03-30,Jérémie Aliadière,FR1,0,0,1,0,90
2225709_3291,2225709,3291,281,984,2013-03-30,Gareth Barry,GB1,0,0,0,1,90
2225716_3130,2225716,3130,289,289,2013-03-30,Titus Bramble,GB1,0,0,0,0,90
2225717_3160,2225717,3160,631,631,2013-03-30,John Terry,GB1,0,0,1,0,90
2225717_3163,2225717,3163,631,281,2013-03-30,Frank Lampard,GB1,0,0,0,0,90
2225721_132,2225721,132,11,11,2013-03-30,Tomas Rosicky,GB1,0,0,0,0,90
2225721_3190,2225721,3190,1032,180,2013-03-30,Stuart Taylor,GB1,0,0,0,0,90
2225722_2998,2225722,2998,512,1003,2013-03-30,Robert Huth,GB1,0,0,0,0,90
2225722_3306,2225722,3306,512,1132,2013-03-30,Jonathan Walters,GB1,0,0,0,0,90
2225722_3356,2225722,3356,29,989,2013-03-30,Sylvain Distin,GB1,0,0,0,0,90
2225738_2953,2225738,2953,1071,41,2013-03-30,Paul Scharner,GB1,1,0,0,0,90
2225739_1368,2225739,1368,379,1519,2013-03-30,Guy Demel,GB1,0,0,0,0,78
2227587_3322,2227587,3322,903,903,2013-03-30,Ben Williams,SC1,0,0,0,0,90
2231620_1726,2231620,1726,41,610,2013-03-30,Heiko Westermann,L1,0,0,1,0,90
2231620_1784,2231620,1784,41,39,2013-03-30,René Adler,L1,0,0,0,0,90
2231620_2219,2231620,2219,27,27,2013-03-30,Philipp Lahm,L1,0,0,0,0,61
2231620_2514,2231620,2514,27,985,2013-03-30,Bastian Schweinsteiger,L1,0,0,1,1,90
2231620_532,2231620,532,27,86,2013-03-30,Claudio Pizarro,L1,0,0,4,2,90
2231623_2358,2231623,2358,533,82,2013-03-30,Patrick Ochs,L1,0,0,0,0,90
2231623_598,2231623,598,33,24,2013-03-30,Timo Hildebrand,L1,0,0,0,0,90
2231643_1428,2231643,1428,18,60,2013-03-30,Mike Hanke,L1,0,0,0,0,19
2231643_568,2231643,568,18,18,2013-03-30,Martin Stranzl,L1,1,0,0,0,90
2231643_837,2231643,837,18,18,2013-03-30,Thorben Marx,L1,0,0,0,0,90
2231645_1139,2231645,1139,39,39,2013-03-30,Nikolce Noveski,L1,0,0,0,0,90
2231645_1363,2231645,1363,39,33,2013-03-30,Christian Wetklo,L1,0,0,0,0,90
2231645_2923,2231645,2923,39,3368,2013-03-30,Andreas Ivanschitz,L1,0,0,0,1,73
2231649_26,2231649,26,16,16,2013-03-30,Roman Weidenfeller,L1,0,0,0,0,90
2231650_1586,2231650,1586,42,42,2013-03-30,Christian Schulz,L1,0,0,0,0,90
2231650_2805,2231650,2805,42,42,2013-03-30,Christian Pander,L1,0,0,0,0,71
2231650_3114,2231650,3114,42,42,2013-03-30,Jan Schlaudraff,L1,0,0,0,0,90
2231655_1568,2231655,1568,38,38,2013-03-30,Stefan Reisinger,L1,0,0,0,0,90
2231655_691,2231655,691,15,15,2013-03-30,Simon Rolfes,L1,0,0,0,0,17
2243169_3172,2243169,3172,940,940,2013-03-30,Quique de Lucas,ES1,0,0,0,0,21
2243172_2233,2243172,2233,3368,3368,2013-03-30,Christian Lell,ES1,0,0,0,0,90
2243175_215,2243175,215,1084,1084,2013-03-30,Roque Santa Cruz,ES1,0,0,0,0,23
2243175_2963,2243175,2963,1084,714,2013-03-30,Martín Demichelis,ES1,0,0,0,0,90
2243177_3366,2243177,3366,418,5,2013-03-30,Kaká,ES1,0,0,0,0,60
2244107_1792,2244107,1792,141,105,2013-03-30,Hamit Altintop,TR1,0,0,0,0,90
2244109_109,2244109,109,825,825,2013-03-30,Dedê,TR1,0,0,0,0,90
2250412_2048,2250412,2048,403,403,2013-03-30,Philipp Haastrup,NL1,0,0,0,0,90
2251544_10,2251544,10,398,398,2013-03-30,Miroslav Klose,IT1,0,0,0,0,15
2251546_1161,2251546,1161,46,46,2013-03-30,Javier Zanetti,IT1,0,0,0,0,90
2289296_2138,2289296,2138,7185,40426,2013-03-30,Mladen Kascelan,GR1,0,0,0,0,90
2224067_3292,2224067,3292,244,1132,2013-03-31,Joey Barton,FR1,0,0,0,0,9
2224717_1606,2224717,1606,2414,2414,2013-03-31,Morten Rasmussen,DK1,0,0,0,0,90
2224717_1725,2224717,1725,173,173,2013-03-31,Jesper Christiansen,DK1,0,0,0,0,90
2225727_3109,2225727,3109,31,31,2013-03-31,Steven Gerrard,GB1,1,0,1,0,90
2231644_1150,2231644,1150,4,4,2013-03-31,Raphael Schäfer,L1,0,0,0,0,90
2231644_1667,2231644,1667,82,162,2013-03-31,Diego Benaglio,L1,0,0,0,0,90
2231644_1986,2231644,1986,4,167,2013-03-31,Markus Feulner,L1,0,0,0,0,90
2231644_2767,2231644,2767,82,24,2013-03-31,Alexander Madlung,L1,0,0,0,0,13
2231644_823,2231644,823,4,4,2013-03-31,Hanno Balitsch,L1,0,0,0,0,90
2231651_1565,2231651,1565,24,24,2013-03-31,Alexander Meier,L1,0,0,1,1,90
2231651_1684,2231651,1684,65,65,2013-03-31,Milorad Pekovic,L1,0,0,0,0,80
2231651_447,2231651,447,24,24,2013-03-31,Oka Nikolov,L1,0,0,0,0,90
2243167_670,2243167,670,714,714,2013-03-31,Martin Petrov,ES1,0,0,0,0,10
2243170_2050,2243170,2050,1049,24,2013-03-31,Nelson Valdez,ES1,0,0,0,0,64
2244087_2587,2244087,2587,10484,524,2013-03-31,Elyasa Süme,TR1,0,0,0,0,45
2244087_299,2244087,299,10484,10484,2013-03-31,Fabian Ernst,TR1,0,0,0,0,90
2244097_1791,2244097,1791,449,167,2013-03-31,Halil Altintop,TR1,0,0,0,0,71
2244097_755,2244097,755,589,589,2013-03-31,Deniz Baris,TR1,0,0,0,0,90
2244097_933,2244097,933,589,2293,2013-03-31,Ugur Inceman,TR1,0,0,0,0,90
2250418_3395,2250418,3395,467,132,2013-03-31,Gábor Babos,NL1,0,0,0,0,90
2224715_1423,2224715,1423,190,855,2013-04-01,Lars Jacobsen,DK1,0,0,0,0,90
2225719_1662,2225719,1662,931,33,2013-04-01,Sascha Riether,GB1,1,0,0,0,90
2225719_3220,2225719,3220,931,931,2013-04-01,John Arne Riise,GB1,0,0,0,1,90
2225719_3259,2225719,3259,931,931,2013-04-01,Damien Duff,GB1,0,0,0,0,90
2225719_3357,2225719,3357,931,1003,2013-04-01,Mark Schwarzer,GB1,0,0,0,0,90
2225719_65,2225719,65,931,1091,2013-04-01,Dimitar Berbatov,GB1,0,0,2,0,90
2244106_3256,2244106,3256,114,15,2013-04-01,Roberto Hilbert,TR1,0,0,0,0,90
2301614_3182,2301614,3182,631,12,2013-04-01,Ashley Cole,FAC,0,0,0,0,21
2301614_3235,2301614,3235,985,1039,2013-04-01,Rio Ferdinand,FAC,0,0,0,0,90
2301614_3406,2301614,3406,985,985,2013-04-01,Ryan Giggs,FAC,0,0,0,0,25
2301899_3139,2301899,3139,583,583,2013-04-02,David Beckham,CL,1,0,0,0,70
2301900_2219,2301900,2219,27,27,2013-04-02,Philipp Lahm,CL,0,0,0,0,90
2301900_2514,2301900,2514,27,985,2013-04-02,Bastian Schweinsteiger,CL,0,0,0,1,90
2301900_2865,2301900,2865,506,167,2013-04-02,Stephan Lichtsteiner,CL,1,0,0,0,90
2251537_1161,2251537,1161,46,46,2013-04-03,Javier Zanetti,IT1,0,0,0,0,90
2301897_215,2301897,215,1084,1084,2013-04-03,Roque Santa Cruz,CL,0,0,0,0,14
2301897_2150,2301897,2150,16,16,2013-04-03,Oliver Kirch,CL,0,0,0,0,1
2301897_26,2301897,26,16,16,2013-04-03,Roman Weidenfeller,CL,0,0,0,0,90
2301897_2963,2301897,2963,1084,714,2013-04-03,Martín Demichelis,CL,0,0,0,0,90
2301897_410,2301897,410,16,16,2013-04-03,Sebastian Kehl,CL,0,0,0,0,80
2301898_1792,2301898,1792,141,105,2013-04-03,Hamit Altintop,CL,0,0,0,0,78
2301907_3160,2301907,3160,631,631,2013-04-04,John Terry,EL,1,0,0,0,90
2301907_3163,2301907,3163,631,281,2013-04-04,Frank Lampard,EL,0,0,0,0,90
2301908_3156,2301908,3156,148,148,2013-04-04,William Gallas,EL,1,0,0,0,90
2301909_10,2301909,10,398,398,2013-04-04,Miroslav Klose,EL,0,0,0,0,18
2301909_3270,2301909,3270,36,1123,2013-04-04,Joseph Yobo,EL,0,0,0,0,90
2301910_3276,2301910,3276,762,873,2013-04-04,Shola Ameobi,EL,1,0,0,0,10
2222788_1331,2222788,1331,121,533,2013-04-05,Kevin Kuranyi,RU1,1,0,0,0,90
2224174_3292,2224174,3292,244,1132,2013-04-05,Joey Barton,FR1,0,0,0,0,8
2231639_1568,2231639,1568,38,38,2013-04-05,Stefan Reisinger,L1,0,0,0,0,6
2244148_299,2244148,299,10484,10484,2013-04-05,Fabian Ernst,TR1,0,0,0,0,63
2244148_755,2244148,755,589,589,2013-04-05,Deniz Baris,TR1,0,0,0,0,90
2244148_933,2244148,933,589,2293,2013-04-05,Ugur Inceman,TR1,1,0,0,1,87
2224170_1327,2224170,1327,273,1159,2013-04-06,Alou Diarra,FR1,0,0,0,0,66
2224170_3139,2224170,3139,583,583,2013-04-06,David Beckham,FR1,0,0,0,1,45
2225740_2998,2225740,2998,512,1003,2013-04-06,Robert Huth,GB1,0,0,0,0,90
2225740_3306,2225740,3306,512,1132,2013-04-06,Jonathan Walters,GB1,0,0,0,0,90
2225741_132,2225741,132,11,11,2013-04-06,Tomas Rosicky,GB1,1,0,2,0,81
2227594_3322,2227594,3322,903,903,2013-04-06,Ben Williams,SC1,0,0,0,0,90
2231631_1667,2231631,1667,82,162,2013-04-06,Diego Benaglio,L1,0,0,0,0,90
2231631_691,2231631,691,15,15,2013-04-06,Simon Rolfes,L1,0,0,0,0,17
2231635_598,2231635,598,33,24,2013-04-06,Timo Hildebrand,L1,0,0,0,0,90
2231637_2219,2231637,2219,27,27,2013-04-06,Philipp Lahm,L1,0,0,0,1,90
2231637_2514,2231637,2514,27,985,2013-04-06,Bastian Schweinsteiger,L1,0,0,1,0,90
2231637_447,2231637,447,24,24,2013-04-06,Oka Nikolov,L1,0,0,0,0,90
2231637_532,2231637,532,27,86,2013-04-06,Claudio Pizarro,L1,0,0,0,0,15
2231642_1726,2231642,1726,41,610,2013-04-06,Heiko Westermann,L1,0,0,0,0,90
2231642_1784,2231642,1784,41,39,2013-04-06,René Adler,L1,0,0,0,0,90
2231648_410,2231648,410,16,16,2013-04-06,Sebastian Kehl,L1,0,0,0,0,7
2231652_1116,2231652,1116,65,65,2013-04-06,Thomas Kleine,L1,0,0,0,0,33
2231652_1428,2231652,1428,18,60,2013-04-06,Mike Hanke,L1,0,0,0,0,12
2231652_837,2231652,837,18,18,2013-04-06,Thorben Marx,L1,0,0,0,0,73
2243179_215,2243179,215,1084,1084,2013-04-06,Roque Santa Cruz,ES1,0,0,1,0,90
2243189_2233,2243189,2233,3368,3368,2013-04-06,Christian Lell,ES1,0,0,0,0,90
2243189_3366,2243189,3366,418,5,2013-04-06,Kaká,ES1,0,0,1,0,58
2244149_1792,2244149,1792,141,105,2013-04-06,Hamit Altintop,TR1,1,0,0,1,90
2250422_2048,2250422,2048,403,403,2013-04-06,Philipp Haastrup,NL1,0,0,0,0,90
2251561_2865,2251561,2865,506,167,2013-04-06,Stephan Lichtsteiner,IT1,0,0,0,0,90
2251562_2926,2251562,2926,1025,105,2013-04-06,György Garics,IT1,0,0,0,0,90
2293687_3201,2293687,3201,3060,265,2013-04-06,Stathis Tavlaridis,GR1,1,0,0,0,90
2224169_3266,2224169,3266,1158,1158,2013-04-07,Jérémie Aliadière,FR1,0,0,0,0,90
2224714_1606,2224714,1606,2414,2414,2013-04-07,Morten Rasmussen,DK1,0,0,0,0,90
2224716_1423,2224716,1423,190,855,2013-04-07,Lars Jacobsen,DK1,0,0,0,0,90
2224716_1725,2224716,1725,173,173,2013-04-07,Jesper Christiansen,DK1,0,0,0,0,90
2225746_3356,2225746,3356,29,989,2013-04-07,Sylvain Distin,GB1,0,0,0,0,90
2225802_2953,2225802,2953,1071,41,2013-04-07,Paul Scharner,GB1,0,0,0,0,90
2225805_3163,2225805,3163,631,281,2013-04-07,Frank Lampard,GB1,0,0,0,0,1
2225806_1662,2225806,1662,931,33,2013-04-07,Sascha Riether,GB1,0,0,0,0,90
2225806_3220,2225806,3220,931,931,2013-04-07,John Arne Riise,GB1,1,0,0,0,90
2225806_3259,2225806,3259,931,931,2013-04-07,Damien Duff,GB1,0,0,0,0,90
2225806_3276,2225806,3276,762,873,2013-04-07,Shola Ameobi,GB1,0,0,0,0,21
2225806_3357,2225806,3357,931,1003,2013-04-07,Mark Schwarzer,GB1,0,0,0,0,90
2225806_65,2225806,65,931,1091,2013-04-07,Dimitar Berbatov,GB1,0,0,0,0,90
2225808_1094,2225808,1094,379,4,2013-04-07,Emanuel Pogatetz,GB1,0,0,0,0,7
2225808_1368,2225808,1368,379,1519,2013-04-07,Guy Demel,GB1,0,0,0,0,90
2225808_3109,2225808,3109,31,31,2013-04-07,Steven Gerrard,GB1,0,0,0,0,90
2225808_3179,2225808,3179,379,371,2013-04-07,Carlton Cole,GB1,0,0,0,0,90
2231633_1139,2231633,1139,39,39,2013-04-07,Nikolce Noveski,L1,0,0,0,0,90
2231633_1150,2231633,1150,4,4,2013-04-07,Raphael Schäfer,L1,0,0,0,0,90
2231633_1363,2231633,1363,39,33,2013-04-07,Christian Wetklo,L1,0,0,0,0,90
2231633_1986,2231633,1986,4,167,2013-04-07,Markus Feulner,L1,0,0,0,0,90
2231633_2923,2231633,2923,39,3368,2013-04-07,Andreas Ivanschitz,L1,0,0,0,0,10
2231633_823,2231633,823,4,4,2013-04-07,Hanno Balitsch,L1,1,0,0,1,90
2231634_1335,2231634,1335,42,42,2013-04-07,Steven Cherundolo,L1,0,0,0,0,90
2231634_1586,2231634,1586,42,42,2013-04-07,Christian Schulz,L1,0,0,0,0,90
2231634_277,2231634,277,42,3368,2013-04-07,Sérgio da Silva Pinto,L1,0,0,0,0,78
2231634_3114,2231634,3114,42,42,2013-04-07,Jan Schlaudraff,L1,0,0,0,0,12
2243180_670,2243180,670,714,714,2013-04-07,Martin Petrov,ES1,0,0,0,1,5
2243187_2050,2243187,2050,1049,24,2013-04-07,Nelson Valdez,ES1,0,0,0,0,8
2244145_3270,2244145,3270,36,1123,2013-04-07,Joseph Yobo,TR1,0,0,0,0,90
2244152_1791,2244152,1791,449,167,2013-04-07,Halil Altintop,TR1,0,0,0,0,34
2244152_1896,2244152,1896,19771,19771,2013-04-07,Ahmet Cebe,TR1,0,0,0,0,68
2244155_109,2244155,109,825,825,2013-04-07,Dedê,TR1,0,0,0,0,90
2250427_3395,2250427,3395,467,132,2013-04-07,Gábor Babos,NL1,0,0,0,0,90
2251553_1161,2251553,1161,46,46,2013-04-07,Javier Zanetti,IT1,0,0,0,0,90
2289307_2138,2289307,2138,7185,40426,2013-04-07,Mladen Kascelan,GR1,0,0,0,0,90
2225807_3235,2225807,3235,985,1039,2013-04-08,Rio Ferdinand,GB1,0,0,0,0,90
2225807_3291,2225807,3291,281,984,2013-04-08,Gareth Barry,GB1,1,0,0,0,90
2225807_3332,2225807,3332,985,985,2013-04-08,Wayne Rooney,GB1,1,0,0,0,85
2225807_3333,2225807,3333,281,1237,2013-04-08,James Milner,GB1,0,0,1,0,90
2225807_3406,2225807,3406,985,985,2013-04-08,Ryan Giggs,GB1,0,0,0,0,90
2244150_3256,2244150,3256,114,15,2013-04-08,Roberto Hilbert,TR1,0,0,0,0,90
2251557_10,2251557,10,398,398,2013-04-08,Miroslav Klose,IT1,0,0,0,0,60
2301901_215,2301901,215,1084,1084,2013-04-09,Roque Santa Cruz,CL,0,0,0,0,7
2301901_26,2301901,26,16,16,2013-04-09,Roman Weidenfeller,CL,0,0,0,0,90
2301901_2963,2301901,2963,1084,714,2013-04-09,Martín Demichelis,CL,1,0,0,0,90
2301902_1792,2301902,1792,141,105,2013-04-09,Hamit Altintop,CL,0,0,0,0,45
2283028_1606,2283028,1606,2414,2414,2013-04-10,Morten Rasmussen,DKP,1,0,0,0,90
2301903_3139,2301903,3139,583,583,2013-04-10,David Beckham,CL,1,0,0,0,7
2301904_2219,2301904,2219,27,27,2013-04-10,Philipp Lahm,CL,0,0,0,0,90
2301904_2514,2301904,2514,27,985,2013-04-10,Bastian Schweinsteiger,CL,0,0,0,1,90
2301904_532,2301904,532,27,86,2013-04-10,Claudio Pizarro,CL,0,0,1,0,7
2301911_3160,2301911,3160,631,631,2013-04-11,John Terry,EL,0,0,0,0,90
2301911_3163,2301911,3163,631,281,2013-04-11,Frank Lampard,EL,0,0,0,1,90
2301913_10,2301913,10,398,398,2013-04-11,Miroslav Klose,EL,1,0,0,0,34
2301913_3270,2301913,3270,36,1123,2013-04-11,Joseph Yobo,EL,0,0,0,0,90
2301914_3276,2301914,3276,762,873,2013-04-11,Shola Ameobi,EL,0,0,0,1,45
2222796_1331,2222796,1331,121,533,2013-04-12,Kevin Kuranyi,RU1,0,0,0,0,78
2222796_3321,2222796,3321,121,3725,2013-04-12,Luke Wilkshire,RU1,0,0,0,0,90
2231594_1335,2231594,1335,42,42,2013-04-12,Steven Cherundolo,L1,0,0,0,0,90
2231594_1586,2231594,1586,42,42,2013-04-12,Christian Schulz,L1,1,0,0,0,90
2231594_277,2231594,277,42,3368,2013-04-12,Sérgio da Silva Pinto,L1,0,0,0,0,27
2231594_3114,2231594,3114,42,42,2013-04-12,Jan Schlaudraff,L1,0,0,0,0,90
2244147_1791,2244147,1791,449,167,2013-04-12,Halil Altintop,TR1,0,0,1,0,27
2224160_3139,2224160,3139,583,583,2013-04-13,David Beckham,FR1,0,0,0,0,14
2224166_3266,2224166,3266,1158,1158,2013-04-13,Jérémie Aliadière,FR1,0,0,2,1,90
2224694_1606,2224694,1606,2414,2414,2013-04-13,Morten Rasmussen,DK1,1,0,0,0,90
2225745_1662,2225745,1662,931,33,2013-04-13,Sascha Riether,GB1,0,0,0,0,90
2225745_2874,2225745,2874,931,265,2013-04-13,Mladen Petric,GB1,0,0,0,0,27
2225745_3220,2225745,3220,931,931,2013-04-13,John Arne Riise,GB1,0,0,0,0,1
2225745_3259,2225745,3259,931,931,2013-04-13,Damien Duff,GB1,0,0,0,0,10
2225745_3357,2225745,3357,931,1003,2013-04-13,Mark Schwarzer,GB1,0,0,0,0,90
2225745_65,2225745,65,931,1091,2013-04-13,Dimitar Berbatov,GB1,0,0,0,0,90
2225750_3356,2225750,3356,29,989,2013-04-13,Sylvain Distin,GB1,0,0,0,1,90
2225754_3109,2225754,3109,31,31,2013-04-13,Steven Gerrard,GB1,0,0,0,0,90
2225763_1094,2225763,1094,379,4,2013-04-13,Emanuel Pogatetz,GB1,1,0,0,0,26
2225763_1368,2225763,1368,379,1519,2013-04-13,Guy Demel,GB1,0,0,0,0,90
2231578_1568,2231578,1568,38,38,2013-04-13,Stefan Reisinger,L1,0,0,2,0,81
2231587_1116,2231587,1116,65,65,2013-04-13,Thomas Kleine,L1,0,0,0,0,90
2231587_26,2231587,26,16,16,2013-04-13,Roman Weidenfeller,L1,0,0,0,0,90
2231587_410,2231587,410,16,16,2013-04-13,Sebastian Kehl,L1,0,0,0,1,61
2231589_1667,2231589,1667,82,162,2013-04-13,Diego Benaglio,L1,0,0,0,0,90
2231589_2358,2231589,2358,533,82,2013-04-13,Patrick Ochs,L1,0,0,0,0,10
2231589_2767,2231589,2767,82,24,2013-04-13,Alexander Madlung,L1,0,0,0,0,45
2231592_1139,2231592,1139,39,39,2013-04-13,Nikolce Noveski,L1,0,0,0,0,90
2231592_1363,2231592,1363,39,33,2013-04-13,Christian Wetklo,L1,0,0,0,0,90
2231592_1726,2231592,1726,41,610,2013-04-13,Heiko Westermann,L1,1,0,0,0,90
2231592_1784,2231592,1784,41,39,2013-04-13,René Adler,L1,0,0,0,0,90
2231592_2923,2231592,2923,39,3368,2013-04-13,Andreas Ivanschitz,L1,1,0,0,0,90
2231636_598,2231636,598,33,24,2013-04-13,Timo Hildebrand,L1,0,0,0,0,90
2231636_691,2231636,691,15,15,2013-04-13,Simon Rolfes,L1,0,0,1,0,90
2231641_1150,2231641,1150,4,4,2013-04-13,Raphael Schäfer,L1,0,0,0,0,90
2231641_1986,2231641,1986,4,167,2013-04-13,Markus Feulner,L1,0,0,0,0,90
2231641_532,2231641,532,27,86,2013-04-13,Claudio Pizarro,L1,0,0,0,1,90
2231641_80,2231641,80,27,27,2013-04-13,Tom Starke,L1,0,0,0,0,90
2231641_823,2231641,823,4,4,2013-04-13,Hanno Balitsch,L1,0,0,0,0,90
2243195_2233,2243195,2233,3368,3368,2013-04-13,Christian Lell,ES1,0,0,0,0,90
2243196_2963,2243196,2963,1084,714,2013-04-13,Martín Demichelis,ES1,0,0,0,0,90
2244129_1792,2244129,1792,141,105,2013-04-13,Hamit Altintop,TR1,0,0,0,0,90
2250430_3395,2250430,3395,467,132,2013-04-13,Gábor Babos,NL1,0,0,0,0,90
2300006_3322,2300006,3322,903,903,2013-04-13,Ben Williams,SFA,0,0,0,0,90
2301615_2953,2301615,2953,1071,41,2013-04-13,Paul Scharner,FAC,0,0,0,0,90
2224162_2878,2224162,2878,750,750,2013-04-14,Yassin Mikari,FR1,0,0,0,0,25
2224164_3292,2224164,3292,244,1132,2013-04-14,Joey Barton,FR1,1,0,0,0,13
2224708_1725,2224708,1725,173,173,2013-04-14,Jesper Christiansen,DK1,0,0,0,0,90
2224708_2703,2224708,2703,173,173,2013-04-14,Morten Skoubo,DK1,0,0,0,0,13
2225753_3276,2225753,3276,762,873,2013-04-14,Shola Ameobi,GB1,0,0,0,0,45
2225765_1397,2225765,1397,512,512,2013-04-14,Michael Owen,GB1,0,0,0,0,13
2225765_2998,2225765,2998,512,1003,2013-04-14,Robert Huth,GB1,0,0,0,0,90
2225765_3235,2225765,3235,985,1039,2013-04-14,Rio Ferdinand,GB1,0,0,0,0,90
2225765_3306,2225765,3306,512,1132,2013-04-14,Jonathan Walters,GB1,0,0,0,0,77
2225765_3332,2225765,3332,985,985,2013-04-14,Wayne Rooney,GB1,0,0,0,0,90
2231590_1565,2231590,1565,24,24,2013-04-14,Alexander Meier,L1,0,0,0,0,29
2231590_447,2231590,447,24,24,2013-04-14,Oka Nikolov,L1,0,0,0,0,90
2231640_1428,2231640,1428,18,60,2013-04-14,Mike Hanke,L1,0,0,0,0,20
2231640_837,2231640,837,18,18,2013-04-14,Thorben Marx,L1,0,0,0,0,74
2244130_109,2244130,109,825,825,2013-04-14,Dedê,TR1,0,0,0,0,90
2244130_3270,2244130,3270,36,1123,2013-04-14,Joseph Yobo,TR1,0,0,0,0,90
2244151_1896,2244151,1896,19771,19771,2013-04-14,Ahmet Cebe,TR1,0,0,0,0,78
2244151_299,2244151,299,10484,10484,2013-04-14,Fabian Ernst,TR1,1,0,0,0,90
2250435_1443,2250435,1443,610,190,2013-04-14,Christian Poulsen,NL1,0,0,0,0,75
2250437_2048,2250437,2048,403,403,2013-04-14,Philipp Haastrup,NL1,0,0,0,0,90
2251563_2926,2251563,2926,1025,105,2013-04-14,György Garics,IT1,1,0,0,0,90
2251566_1161,2251566,1161,46,46,2013-04-14,Javier Zanetti,IT1,0,0,0,0,90
2289312_2138,2289312,2138,7185,40426,2013-04-14,Mladen Kascelan,GR1,1,0,0,0,87
2305765_3291,2305765,3291,281,984,2013-04-14,Gareth Barry,FAC,1,0,0,1,90
2305765_3333,2305765,3333,281,1237,2013-04-14,James Milner,FAC,0,0,0,0,90
2224711_1423,2224711,1423,190,855,2013-04-15,Lars Jacobsen,DK1,0,0,0,0,90
2244157_3256,2244157,3256,114,15,2013-04-15,Roberto Hilbert,TR1,0,0,0,0,90
2244157_755,2244157,755,589,589,2013-04-15,Deniz Baris,TR1,1,0,0,0,90
2251567_10,2251567,10,398,398,2013-04-15,Miroslav Klose,IT1,0,0,0,0,90
2251567_2865,2251567,2865,506,167,2013-04-15,Stephan Lichtsteiner,IT1,0,0,0,0,66
2225720_3356,2225720,3356,29,989,2013-04-16,Sylvain Distin,GB1,0,0,0,0,90
2299971_1667,2299971,1667,82,162,2013-04-16,Diego Benaglio,DFB,0,0,0,0,90
2299971_2219,2299971,2219,27,27,2013-04-16,Philipp Lahm,DFB,0,0,0,0,90
2299971_2514,2299971,2514,27,985,2013-04-16,Bastian Schweinsteiger,DFB,1,0,0,2,90
2299971_2767,2299971,2767,82,24,2013-04-16,Alexander Madlung,DFB,0,0,0,0,90
2225703_1368,2225703,1368,379,1519,2013-04-17,Guy Demel,GB1,0,0,0,1,90
2225703_3235,2225703,3235,985,1039,2013-04-17,Rio Ferdinand,GB1,0,0,0,0,90
2225703_3332,2225703,3332,985,985,2013-04-17,Wayne Rooney,GB1,0,0,0,0,71
2225703_3406,2225703,3406,985,985,2013-04-17,Ryan Giggs,GB1,0,0,0,0,19
2225735_2953,2225735,2953,1071,41,2013-04-17,Paul Scharner,GB1,0,0,0,0,90
2225735_3291,2225735,3291,281,984,2013-04-17,Gareth Barry,GB1,0,0,0,0,90
2225735_3333,2225735,3333,281,1237,2013-04-17,James Milner,GB1,0,0,0,0,31
2225736_1662,2225736,1662,931,33,2013-04-17,Sascha Riether,GB1,0,0,0,0,90
2225736_2874,2225736,2874,931,265,2013-04-17,Mladen Petric,GB1,0,0,0,0,82
2225736_3160,2225736,3160,631,631,2013-04-17,John Terry,GB1,0,0,2,0,90
2225736_3163,2225736,3163,631,281,2013-04-17,Frank Lampard,GB1,0,0,0,0,90
2225736_3220,2225736,3220,931,931,2013-04-17,John Arne Riise,GB1,0,0,0,0,67
2225736_3357,2225736,3357,931,1003,2013-04-17,Mark Schwarzer,GB1,0,0,0,0,90
2225736_65,2225736,65,931,1091,2013-04-17,Dimitar Berbatov,GB1,0,0,0,0,90
2278045_1331,2278045,1331,121,533,2013-04-17,Kevin Kuranyi,RUP,0,0,0,0,68
2278045_3321,2278045,3321,121,3725,2013-04-17,Luke Wilkshire,RUP,1,0,0,0,120
2287211_1161,2287211,1161,46,46,2013-04-17,Javier Zanetti,CIT,0,0,0,0,90
2306086_2138,2306086,2138,7185,40426,2013-04-18,Mladen Kascelan,GRP,0,0,0,0,90
2231580_1428,2231580,1428,18,60,2013-04-19,Mike Hanke,L1,0,0,0,0,89
2231580_837,2231580,837,18,18,2013-04-19,Thorben Marx,L1,1,0,0,0,90
2244132_1792,2244132,1792,141,105,2013-04-19,Hamit Altintop,TR1,0,0,0,1,88
2250438_1443,2250438,1443,610,190,2013-04-19,Christian Poulsen,NL1,0,0,0,0,64
2224154_3292,2224154,3292,244,1132,2013-04-20,Joey Barton,FR1,0,0,0,0,2
2225767_132,2225767,132,11,11,2013-04-20,Tomas Rosicky,GB1,0,0,0,0,72
2225767_2874,2225767,2874,931,265,2013-04-20,Mladen Petric,GB1,0,0,0,0,5
2225767_3357,2225767,3357,931,1003,2013-04-20,Mark Schwarzer,GB1,0,0,0,0,90
2225767_65,2225767,65,931,1091,2013-04-20,Dimitar Berbatov,GB1,0,0,0,0,90
2225771_3356,2225771,3356,29,989,2013-04-20,Sylvain Distin,GB1,0,0,0,0,90
2225772_2998,2225772,2998,512,1003,2013-04-20,Robert Huth,GB1,0,0,0,0,90
2225772_3306,2225772,3306,512,1132,2013-04-20,Jonathan Walters,GB1,0,0,1,0,90
2225773_3276,2225773,3276,762,873,2013-04-20,Shola Ameobi,GB1,0,0,0,0,21
2225782_1368,2225782,1368,379,1519,2013-04-20,Guy Demel,GB1,0,0,0,0,90
2225782_2953,2225782,2953,1071,41,2013-04-20,Paul Scharner,GB1,0,0,0,0,90
2231575_1075,2231575,1075,38,121,2013-04-20,Andriy Voronin,L1,0,0,0,0,16
2231575_1568,2231575,1568,38,38,2013-04-20,Stefan Reisinger,L1,0,0,0,0,90
2231575_1726,2231575,1726,41,610,2013-04-20,Heiko Westermann,L1,0,0,0,0,90
2231575_1784,2231575,1784,41,39,2013-04-20,René Adler,L1,0,0,0,0,90
2231581_1277,2231581,1277,86,86,2013-04-20,Clemens Fritz,L1,1,0,0,0,90
2231581_1667,2231581,1667,82,162,2013-04-20,Diego Benaglio,L1,0,0,0,0,90
2231583_1073,2231583,1073,15,16,2013-04-20,Manuel Friedrich,L1,0,0,0,0,8
2231583_2358,2231583,2358,533,82,2013-04-20,Patrick Ochs,L1,0,0,0,0,61
2231583_691,2231583,691,15,15,2013-04-20,Simon Rolfes,L1,0,0,0,0,90
2231585_1335,2231585,1335,42,42,2013-04-20,Steven Cherundolo,L1,0,0,0,0,66
2231585_1586,2231585,1586,42,42,2013-04-20,Christian Schulz,L1,0,0,0,0,90
2231585_277,2231585,277,42,3368,2013-04-20,Sérgio da Silva Pinto,L1,0,0,0,0,45
2231585_2805,2231585,2805,42,42,2013-04-20,Christian Pander,L1,0,0,0,1,90
2231585_3114,2231585,3114,42,42,2013-04-20,Jan Schlaudraff,L1,0,0,0,0,90
2231585_532,2231585,532,27,86,2013-04-20,Claudio Pizarro,L1,0,0,2,2,90
2231593_1139,2231593,1139,39,39,2013-04-20,Nikolce Noveski,L1,0,0,0,0,90
2231593_1363,2231593,1363,39,33,2013-04-20,Christian Wetklo,L1,1,0,0,0,90
2231593_26,2231593,26,16,16,2013-04-20,Roman Weidenfeller,L1,0,0,0,0,90
2231638_1321,2231638,1321,33,114,2013-04-20,Jermaine Jones,L1,0,0,0,0,26
2231638_447,2231638,447,24,24,2013-04-20,Oka Nikolov,L1,0,0,0,0,90
2231638_598,2231638,598,33,24,2013-04-20,Timo Hildebrand,L1,0,0,0,0,90
2242941_2963,2242941,2963,1084,714,2013-04-20,Martín Demichelis,ES1,1,0,0,0,90
2244116_299,2244116,299,10484,10484,2013-04-20,Fabian Ernst,TR1,0,0,0,0,90
2244134_1896,2244134,1896,19771,19771,2013-04-20,Ahmet Cebe,TR1,0,0,0,1,82
2244134_3256,2244134,3256,114,15,2013-04-20,Roberto Hilbert,TR1,0,0,0,1,90
2250442_2048,2250442,2048,403,403,2013-04-20,Philipp Haastrup,NL1,0,0,1,0,90
2251576_10,2251576,10,398,398,2013-04-20,Miroslav Klose,IT1,0,0,0,0,90
2222802_1331,2222802,1331,121,533,2013-04-21,Kevin Kuranyi,RU1,0,0,1,0,90
2222802_3321,2222802,3321,121,3725,2013-04-21,Luke Wilkshire,RU1,1,0,0,0,65
2224149_3266,2224149,3266,1158,1158,2013-04-21,Jérémie Aliadière,FR1,0,0,1,0,90
2224693_1423,2224693,1423,190,855,2013-04-21,Lars Jacobsen,DK1,0,0,0,0,90
2224702_1725,2224702,1725,173,173,2013-04-21,Jesper Christiansen,DK1,0,0,0,0,90
2224702_2703,2224702,2703,173,173,2013-04-21,Morten Skoubo,DK1,0,0,1,0,58
2225777_3109,2225777,3109,31,31,2013-04-21,Steven Gerrard,GB1,0,0,0,0,90
2225777_3163,2225777,3163,631,281,2013-04-21,Frank Lampard,GB1,0,0,0,0,1
2225780_3291,2225780,3291,281,984,2013-04-21,Gareth Barry,GB1,0,0,0,0,90
2225780_3333,2225780,3333,281,1237,2013-04-21,James Milner,GB1,0,0,0,1,45
2231574_1116,2231574,1116,65,65,2013-04-21,Thomas Kleine,L1,1,0,0,0,90
2231574_1150,2231574,1150,4,4,2013-04-21,Raphael Schäfer,L1,0,0,0,0,90
2231574_1986,2231574,1986,4,167,2013-04-21,Markus Feulner,L1,1,0,0,0,90
2231574_823,2231574,823,4,4,2013-04-21,Hanno Balitsch,L1,0,0,0,0,90
2231582_264,2231582,264,79,79,2013-04-21,Tamás Hajnal,L1,0,0,0,0,7
2244133_933,2244133,933,589,2293,2013-04-21,Ugur Inceman,TR1,1,0,0,0,90
2244138_3270,2244138,3270,36,1123,2013-04-21,Joseph Yobo,TR1,0,0,0,0,90
2250445_3395,2250445,3395,467,132,2013-04-21,Gábor Babos,NL1,0,0,0,0,90
2251577_2865,2251577,2865,506,167,2013-04-21,Stephan Lichtsteiner,IT1,0,0,0,0,81
2251579_1161,2251579,1161,46,46,2013-04-21,Javier Zanetti,IT1,0,0,0,0,90
2289326_2138,2289326,2138,7185,40426,2013-04-21,Mladen Kascelan,GR1,0,0,0,0,90
2225779_3332,2225779,3332,985,985,2013-04-22,Wayne Rooney,GB1,0,0,0,1,72
2225779_3406,2225779,3406,985,985,2013-04-22,Ryan Giggs,GB1,0,0,0,2,90
2242946_3172,2242946,3172,940,940,2013-04-22,Quique de Lucas,ES1,0,0,0,0,5
2244137_109,2244137,109,825,825,2013-04-22,Dedê,TR1,0,0,0,0,90
2244137_1791,2244137,1791,449,167,2013-04-22,Halil Altintop,TR1,0,0,0,1,90
2311690_3322,2311690,3322,903,903,2013-04-22,Ben Williams,SC1,0,0,0,0,90
2312108_2219,2312108,2219,27,27,2013-04-23,Philipp Lahm,CL,0,0,0,0,90
2312108_2514,2312108,2514,27,985,2013-04-23,Bastian Schweinsteiger,CL,1,0,0,1,90
2312108_532,2312108,532,27,86,2013-04-23,Claudio Pizarro,CL,0,0,0,0,7
2224144_1327,2224144,1327,273,1159,2013-04-24,Alou Diarra,FR1,0,0,0,0,59
2312109_26,2312109,26,16,16,2013-04-24,Roman Weidenfeller,CL,0,0,0,0,90
2312109_3366,2312109,3366,418,5,2013-04-24,Kaká,CL,0,0,0,0,10
2312109_410,2312109,410,16,16,2013-04-24,Sebastian Kehl,CL,0,0,0,0,8
2312112_3270,2312112,3270,36,1123,2013-04-25,Joseph Yobo,EL,0,0,0,0,90
2312113_3160,2312113,3160,631,631,2013-04-25,John Terry,EL,0,0,0,0,90
2312113_3163,2312113,3163,631,281,2013-04-25,Frank Lampard,EL,0,0,0,1,80
2312113_3182,2312113,3182,631,12,2013-04-25,Ashley Cole,EL,1,0,0,0,90
2224135_2878,2224135,2878,750,750,2013-04-26,Yassin Mikari,FR1,0,0,0,0,45
2231630_1116,2231630,1116,65,65,2013-04-26,Thomas Kleine,L1,0,0,0,0,45
2231630_1587,2231630,1587,42,42,2013-04-26,Mario Eggimann,L1,0,0,0,0,1
2231630_277,2231630,277,42,3368,2013-04-26,Sérgio da Silva Pinto,L1,0,0,1,0,90
2231630_3114,2231630,3114,42,42,2013-04-26,Jan Schlaudraff,L1,0,0,0,0,21
2244068_933,2244068,933,589,2293,2013-04-26,Ugur Inceman,TR1,0,0,0,0,90
2222813_1331,2222813,1331,121,533,2013-04-27,Kevin Kuranyi,RU1,0,0,2,0,86
2222813_3321,2222813,3321,121,3725,2013-04-27,Luke Wilkshire,RU1,0,0,0,0,90
2224136_3115,2224136,3115,40,40,2013-04-27,David Bellion,FR1,0,0,0,0,70
2224138_1327,2224138,1327,273,1159,2013-04-27,Alou Diarra,FR1,0,0,0,0,6
2224146_3266,2224146,3266,1158,1158,2013-04-27,Jérémie Aliadière,FR1,0,0,0,0,90
2224146_3292,2224146,3292,244,1132,2013-04-27,Joey Barton,FR1,1,0,0,0,7
2225785_2874,2225785,2874,931,265,2013-04-27,Mladen Petric,GB1,0,0,0,0,60
2225785_3259,2225785,3259,931,931,2013-04-27,Damien Duff,GB1,0,0,0,0,34
2225785_3356,2225785,3356,29,989,2013-04-27,Sylvain Distin,GB1,0,0,0,0,90
2225785_3357,2225785,3357,931,1003,2013-04-27,Mark Schwarzer,GB1,0,0,0,0,90
2225785_65,2225785,65,931,1091,2013-04-27,Dimitar Berbatov,GB1,0,0,0,0,30
2225787_1368,2225787,1368,379,1519,2013-04-27,Guy Demel,GB1,0,0,0,1,90
2225787_3179,2225787,3179,379,371,2013-04-27,Carlton Cole,GB1,0,0,0,0,10
2225787_3202,2225787,3202,281,371,2013-04-27,Kolo Touré,GB1,0,0,0,0,3
2225787_3291,2225787,3291,281,984,2013-04-27,Gareth Barry,GB1,0,0,0,0,90
2225787_3333,2225787,3333,281,1237,2013-04-27,James Milner,GB1,0,0,0,0,12
2225788_3109,2225788,3109,31,31,2013-04-27,Steven Gerrard,GB1,0,0,0,0,72
2225789_2953,2225789,2953,1071,41,2013-04-27,Paul Scharner,GB1,1,0,0,0,90
2225791_2998,2225791,2998,512,1003,2013-04-27,Robert Huth,GB1,0,0,0,0,90
2225791_3306,2225791,3306,512,1132,2013-04-27,Jonathan Walters,GB1,1,0,0,0,90
2231573_1277,2231573,1277,86,86,2013-04-27,Clemens Fritz,L1,0,0,0,0,90
2231573_691,2231573,691,15,15,2013-04-27,Simon Rolfes,L1,0,0,0,0,90
2231576_532,2231576,532,27,86,2013-04-27,Claudio Pizarro,L1,0,0,0,0,90
2231576_80,2231576,80,27,27,2013-04-27,Tom Starke,L1,0,0,0,0,90
2231600_1428,2231600,1428,18,60,2013-04-27,Mike Hanke,L1,0,0,0,0,76
2231600_1667,2231600,1667,82,162,2013-04-27,Diego Benaglio,L1,0,0,0,0,90
2231603_1568,2231603,1568,38,38,2013-04-27,Stefan Reisinger,L1,1,0,0,0,25
2231603_2150,2231603,2150,16,16,2013-04-27,Oliver Kirch,L1,0,0,0,0,90
2231603_410,2231603,410,16,16,2013-04-27,Sebastian Kehl,L1,0,0,0,0,90
2231611_1150,2231611,1150,4,4,2013-04-27,Raphael Schäfer,L1,0,0,0,0,90
2231611_1986,2231611,1986,4,167,2013-04-27,Markus Feulner,L1,0,0,0,0,45
2231611_823,2231611,823,4,4,2013-04-27,Hanno Balitsch,L1,1,0,0,0,90
2242930_3366,2242930,3366,418,5,2013-04-27,Kaká,ES1,0,0,0,0,66
2244054_1791,2244054,1791,449,167,2013-04-27,Halil Altintop,TR1,0,0,1,0,90
2244142_1896,2244142,1896,19771,19771,2013-04-27,Ahmet Cebe,TR1,0,0,0,0,75
2244143_3256,2244143,3256,114,15,2013-04-27,Roberto Hilbert,TR1,0,0,0,0,90
2250449_1443,2250449,1443,610,190,2013-04-27,Christian Poulsen,NL1,0,0,0,0,4
2251583_2926,2251583,2926,1025,105,2013-04-27,György Garics,IT1,1,0,0,0,90
2311694_3322,2311694,3322,903,903,2013-04-27,Ben Williams,SC1,0,0,0,0,90
2311695_3251,2311695,3251,370,370,2013-04-27,Stephen Hughes,SC1,1,0,0,1,65
2224145_3139,2224145,3139,583,583,2013-04-28,David Beckham,FR1,0,1,0,0,7
2224686_1606,2224686,1606,2414,2414,2013-04-28,Morten Rasmussen,DK1,0,0,1,0,77
2224688_1725,2224688,1725,173,173,2013-04-28,Jesper Christiansen,DK1,0,0,0,0,90
2224688_2703,2224688,2703,173,173,2013-04-28,Morten Skoubo,DK1,1,0,0,0,70
2224690_1423,2224690,1423,190,855,2013-04-28,Lars Jacobsen,DK1,0,0,0,0,90
2225783_3160,2225783,3160,631,631,2013-04-28,John Terry,GB1,0,0,0,0,90
2225783_3163,2225783,3163,631,281,2013-04-28,Frank Lampard,GB1,0,0,1,1,66
2225783_3182,2225783,3182,631,12,2013-04-28,Ashley Cole,GB1,0,0,0,0,90
2225784_132,2225784,132,11,11,2013-04-28,Tomas Rosicky,GB1,0,0,0,1,61
2225784_3235,2225784,3235,985,1039,2013-04-28,Rio Ferdinand,GB1,0,0,0,0,90
2225784_3332,2225784,3332,985,985,2013-04-28,Wayne Rooney,GB1,0,0,0,0,88
2225784_3406,2225784,3406,985,985,2013-04-28,Ryan Giggs,GB1,0,0,0,0,8
2231604_1321,2231604,1321,33,114,2013-04-28,Jermaine Jones,L1,0,0,0,0,80
2231604_1726,2231604,1726,41,610,2013-04-28,Heiko Westermann,L1,0,0,0,1,90
2231604_1784,2231604,1784,41,39,2013-04-28,René Adler,L1,1,0,0,0,90
2231604_598,2231604,598,33,24,2013-04-28,Timo Hildebrand,L1,0,0,0,0,90
2231610_1139,2231610,1139,39,39,2013-04-28,Nikolce Noveski,L1,0,0,0,0,90
2231610_1363,2231610,1363,39,33,2013-04-28,Christian Wetklo,L1,0,0,0,0,90
2231610_1565,2231610,1565,24,24,2013-04-28,Alexander Meier,L1,0,0,0,0,90
2231610_2923,2231610,2923,39,3368,2013-04-28,Andreas Ivanschitz,L1,0,0,0,0,90
2231610_447,2231610,447,24,24,2013-04-28,Oka Nikolov,L1,0,0,0,0,90
2242929_215,2242929,215,1084,1084,2013-04-28,Roque Santa Cruz,ES1,1,0,1,0,85
2242929_2963,2242929,2963,1084,714,2013-04-28,Martín Demichelis,ES1,0,0,0,0,90
2242944_670,2242944,670,714,714,2013-04-28,Martin Petrov,ES1,0,0,0,0,37
2242956_2050,2242956,2050,1049,24,2013-04-28,Nelson Valdez,ES1,0,0,0,0,11
2244061_109,2244061,109,825,825,2013-04-28,Dedê,TR1,0,0,0,0,81
2244061_299,2244061,299,10484,10484,2013-04-28,Fabian Ernst,TR1,0,0,0,1,65
2244141_1792,2244141,1792,141,105,2013-04-28,Hamit Altintop,TR1,0,0,0,0,89
2250454_2048,2250454,2048,403,403,2013-04-28,Philipp Haastrup,NL1,0,0,0,0,90
2251587_1161,2251587,1161,46,46,2013-04-28,Javier Zanetti,IT1,0,0,0,0,17
2251588_2865,2251588,2865,506,167,2013-04-28,Stephan Lichtsteiner,IT1,1,0,0,0,74
2251588_3159,2251588,3159,416,130,2013-04-28,Valerio Di Cesare,IT1,0,0,0,0,16
2251589_10,2251589,10,398,398,2013-04-28,Miroslav Klose,IT1,0,0,0,0,75
2317363_2138,2317363,2138,7185,40426,2013-04-28,Mladen Kascelan,GRP,1,0,0,0,90
2312110_26,2312110,26,16,16,2013-04-30,Roman Weidenfeller,CL,1,0,0,0,90
2312110_3366,2312110,3366,418,5,2013-04-30,Kaká,CL,0,0,0,0,33
2312110_410,2312110,410,16,16,2013-04-30,Sebastian Kehl,CL,0,0,0,0,3
2312111_2219,2312111,2219,27,27,2013-05-01,Philipp Lahm,CL,0,0,0,0,77
2312111_2514,2312111,2514,27,985,2013-05-01,Bastian Schweinsteiger,CL,0,0,0,0,67
2312114_3270,2312114,3270,36,1123,2013-05-02,Joseph Yobo,EL,0,0,0,0,75
2312115_3163,2312115,3163,631,281,2013-05-02,Frank Lampard,EL,0,0,0,2,90
2231679_1321,2231679,1321,33,114,2013-05-03,Jermaine Jones,L1,1,0,0,0,90
2231679_1428,2231679,1428,18,60,2013-05-03,Mike Hanke,L1,0,0,0,0,74
2231679_568,2231679,568,18,18,2013-05-03,Martin Stranzl,L1,0,0,0,0,90
2231679_598,2231679,598,33,24,2013-05-03,Timo Hildebrand,L1,0,0,0,0,90
2231679_837,2231679,837,18,18,2013-05-03,Thorben Marx,L1,0,0,0,0,84
2244071_299,2244071,299,10484,10484,2013-05-03,Fabian Ernst,TR1,1,0,0,0,90
2224131_3266,2224131,3266,1158,1158,2013-05-04,Jérémie Aliadière,FR1,0,0,0,0,90
2224134_3292,2224134,3292,244,1132,2013-05-04,Joey Barton,FR1,0,0,0,0,90
2225758_1662,2225758,1662,931,33,2013-05-04,Sascha Riether,GB1,0,0,0,0,90
2225758_3220,2225758,3220,931,931,2013-05-04,John Arne Riise,GB1,0,0,0,0,56
2225758_3259,2225758,3259,931,931,2013-05-04,Damien Duff,GB1,0,0,0,0,71
2225758_3357,2225758,3357,931,1003,2013-05-04,Mark Schwarzer,GB1,0,0,0,0,90
2225758_65,2225758,65,931,1091,2013-05-04,Dimitar Berbatov,GB1,0,0,0,0,90
2225794_2953,2225794,2953,1071,41,2013-05-04,Paul Scharner,GB1,1,0,0,0,90
2225795_3291,2225795,3291,281,984,2013-05-04,Gareth Barry,GB1,0,0,0,0,90
2225795_3333,2225795,3333,281,1237,2013-05-04,James Milner,GB1,0,0,0,0,90
2225796_132,2225796,132,11,11,2013-05-04,Tomas Rosicky,GB1,0,0,0,0,90
2225797_1368,2225797,1368,379,1519,2013-05-04,Guy Demel,GB1,0,0,0,0,80
2225797_3276,2225797,3276,762,873,2013-05-04,Shola Ameobi,GB1,0,0,0,0,25
2231671_1139,2231671,1139,39,39,2013-05-04,Nikolce Noveski,L1,0,0,0,0,90
2231671_1363,2231671,1363,39,33,2013-05-04,Christian Wetklo,L1,0,0,0,0,90
2231671_1586,2231671,1586,42,42,2013-05-04,Christian Schulz,L1,2,0,0,0,65
2231671_277,2231671,277,42,3368,2013-05-04,Sérgio da Silva Pinto,L1,1,0,0,0,90
2231671_3114,2231671,3114,42,42,2013-05-04,Jan Schlaudraff,L1,0,0,0,1,62
2231673_1277,2231673,1277,86,86,2013-05-04,Clemens Fritz,L1,1,0,0,0,74
2231674_1150,2231674,1150,4,4,2013-05-04,Raphael Schäfer,L1,0,0,0,0,90
2231674_1986,2231674,1986,4,167,2013-05-04,Markus Feulner,L1,1,0,0,0,12
2231674_691,2231674,691,15,15,2013-05-04,Simon Rolfes,L1,0,0,0,0,90
2231674_823,2231674,823,4,4,2013-05-04,Hanno Balitsch,L1,0,0,0,0,90
2231677_1565,2231677,1565,24,24,2013-05-04,Alexander Meier,L1,0,0,2,0,90
2231677_1568,2231677,1568,38,38,2013-05-04,Stefan Reisinger,L1,0,0,0,0,59
2231677_447,2231677,447,24,24,2013-05-04,Oka Nikolov,L1,0,0,0,0,90
2231677_886,2231677,886,38,38,2013-05-04,Jens Langeneke,L1,0,0,0,0,90
2231680_26,2231680,26,16,16,2013-05-04,Roman Weidenfeller,L1,0,0,0,0,90
2231680_410,2231680,410,16,16,2013-05-04,Sebastian Kehl,L1,0,0,0,0,71
2231680_532,2231680,532,27,86,2013-05-04,Claudio Pizarro,L1,0,0,0,0,76
2242935_2050,2242935,2050,1049,24,2013-05-04,Nelson Valdez,ES1,0,0,0,0,14
2242937_215,2242937,215,1084,1084,2013-05-04,Roque Santa Cruz,ES1,0,0,0,0,32
2242937_2963,2242937,2963,1084,714,2013-05-04,Martín Demichelis,ES1,0,0,0,0,90
2242938_3366,2242938,3366,418,5,2013-05-04,Kaká,ES1,0,0,1,0,67
2244047_1791,2244047,1791,449,167,2013-05-04,Halil Altintop,TR1,0,0,0,0,90
2222810_1331,2222810,1331,121,533,2013-05-05,Kevin Kuranyi,RU1,1,0,0,0,89
2222810_3321,2222810,3321,121,3725,2013-05-05,Luke Wilkshire,RU1,0,0,0,0,90
2224133_1327,2224133,1327,273,1159,2013-05-05,Alou Diarra,FR1,1,0,0,0,45
2224678_1423,2224678,1423,190,855,2013-05-05,Lars Jacobsen,DK1,0,0,0,0,90
2224680_1606,2224680,1606,2414,2414,2013-05-05,Morten Rasmussen,DK1,0,0,0,0,90
2225790_3109,2225790,3109,31,31,2013-05-05,Steven Gerrard,GB1,0,0,0,0,90
2225790_3356,2225790,3356,29,989,2013-05-05,Sylvain Distin,GB1,0,0,0,0,90
2225798_3163,2225798,3163,631,281,2013-05-05,Frank Lampard,GB1,0,0,0,0,90
2225798_3182,2225798,3182,631,12,2013-05-05,Ashley Cole,GB1,0,0,0,0,90
2225798_3332,2225798,3332,985,985,2013-05-05,Wayne Rooney,GB1,0,0,0,0,21
2225798_3406,2225798,3406,985,985,2013-05-05,Ryan Giggs,GB1,0,0,0,0,90
2231656_1667,2231656,1667,82,162,2013-05-05,Diego Benaglio,L1,0,0,0,0,90
2231656_1726,2231656,1726,41,610,2013-05-05,Heiko Westermann,L1,0,0,1,0,90
2244048_1896,2244048,1896,19771,19771,2013-05-05,Ahmet Cebe,TR1,0,0,1,0,56
2244048_755,2244048,755,589,589,2013-05-05,Deniz Baris,TR1,0,0,0,0,15
2244048_933,2244048,933,589,2293,2013-05-05,Ugur Inceman,TR1,0,0,0,0,90
2244057_1792,2244057,1792,141,105,2013-05-05,Hamit Altintop,TR1,0,0,0,0,70
2244070_3256,2244070,3256,114,15,2013-05-05,Roberto Hilbert,TR1,0,0,0,0,90
2250456_1443,2250456,1443,610,190,2013-05-05,Christian Poulsen,NL1,0,0,0,0,45
2250456_2048,2250456,2048,403,403,2013-05-05,Philipp Haastrup,NL1,0,0,0,0,90
2250458_3395,2250458,3395,467,132,2013-05-05,Gábor Babos,NL1,0,0,0,0,90
2250459_3170,2250459,3170,499,1304,2013-05-05,Simon Cziommer,NL1,0,0,0,0,17
2251594_10,2251594,10,398,398,2013-05-05,Miroslav Klose,IT1,0,0,5,0,68
2251594_2926,2251594,2926,1025,105,2013-05-05,György Garics,IT1,0,0,0,0,90
2251597_2865,2251597,2865,506,167,2013-05-05,Stephan Lichtsteiner,IT1,0,0,0,0,56
2251602_3159,2251602,3159,416,130,2013-05-05,Valerio Di Cesare,IT1,0,0,0,0,83
2311701_3251,2311701,3251,370,370,2013-05-05,Stephen Hughes,SC1,0,0,0,0,45
2224692_1725,2224692,1725,173,173,2013-05-06,Jesper Christiansen,DK1,1,0,0,0,90
2225793_2998,2225793,2998,512,1003,2013-05-06,Robert Huth,GB1,0,0,0,0,90
2225793_3306,2225793,3306,512,1132,2013-05-06,Jonathan Walters,GB1,0,0,1,0,90
2225755_3202,2225755,3202,281,371,2013-05-07,Kolo Touré,GB1,0,0,0,0,90
2225755_3291,2225755,3291,281,984,2013-05-07,Gareth Barry,GB1,0,0,0,0,17
2225755_3333,2225755,3333,281,1237,2013-05-07,James Milner,GB1,0,0,0,0,90
2225770_2953,2225770,2953,1071,41,2013-05-07,Paul Scharner,GB1,0,0,0,0,90
2225770_488,2225770,488,2288,2288,2013-05-07,Gerhard Tremmel,GB1,0,0,0,0,5
2225748_3182,2225748,3182,631,12,2013-05-08,Ashley Cole,GB1,0,0,0,0,90
2242976_215,2242976,215,1084,1084,2013-05-08,Roque Santa Cruz,ES1,1,0,1,0,90
2242976_2963,2242976,2963,1084,714,2013-05-08,Martín Demichelis,ES1,2,0,0,0,73
2242977_3172,2242977,3172,940,940,2013-05-08,Quique de Lucas,ES1,0,0,0,0,13
2251607_3226,2251607,3226,506,984,2013-05-08,Nicolas Anelka,IT1,0,0,0,0,22
2251608_10,2251608,10,398,398,2013-05-08,Miroslav Klose,IT1,0,0,0,0,90
2224683_1725,2224683,1725,173,173,2013-05-10,Jesper Christiansen,DK1,0,0,0,0,90
2224683_2703,2224683,2703,173,173,2013-05-10,Morten Skoubo,DK1,0,0,0,0,45
2222777_3321,2222777,3321,121,3725,2013-05-11,Luke Wilkshire,RU1,1,0,0,0,90
2224114_1327,2224114,1327,273,1159,2013-05-11,Alou Diarra,FR1,0,0,0,0,90
2224123_3292,2224123,3292,244,1132,2013-05-11,Joey Barton,FR1,0,0,0,0,90
2225803_3160,2225803,3160,631,631,2013-05-11,John Terry,GB1,1,0,0,0,75
2225803_3163,2225803,3163,631,281,2013-05-11,Frank Lampard,GB1,1,0,2,0,90
2225803_3182,2225803,3182,631,12,2013-05-11,Ashley Cole,GB1,0,0,0,0,90
2231663_1726,2231663,1726,41,610,2013-05-11,Heiko Westermann,L1,0,0,0,0,90
2231663_1784,2231663,1784,41,39,2013-05-11,René Adler,L1,0,0,0,0,90
2231664_1277,2231664,1277,86,86,2013-05-11,Clemens Fritz,L1,0,0,0,0,90
2231664_447,2231664,447,24,24,2013-05-11,Oka Nikolov,L1,0,0,0,0,90
2231665_1139,2231665,1139,39,39,2013-05-11,Nikolce Noveski,L1,0,0,0,0,90
2231665_1428,2231665,1428,18,60,2013-05-11,Mike Hanke,L1,0,0,1,2,90
2231665_2923,2231665,2923,39,3368,2013-05-11,Andreas Ivanschitz,L1,0,0,1,0,90
2231665_568,2231665,568,18,18,2013-05-11,Martin Stranzl,L1,0,0,0,0,90
2231665_892,2231665,892,39,39,2013-05-11,Heinz Müller,L1,0,0,0,0,90
2231668_2219,2231668,2219,27,27,2013-05-11,Philipp Lahm,L1,0,0,0,0,90
2231668_2514,2231668,2514,27,985,2013-05-11,Bastian Schweinsteiger,L1,0,0,0,0,90
2231669_1150,2231669,1150,4,4,2013-05-11,Raphael Schäfer,L1,0,0,0,0,90
2231669_1568,2231669,1568,38,38,2013-05-11,Stefan Reisinger,L1,0,0,0,0,23
2231669_823,2231669,823,4,4,2013-05-11,Hanno Balitsch,L1,0,0,0,0,90
2231669_886,2231669,886,38,38,2013-05-11,Jens Langeneke,L1,1,0,0,0,90
2231670_1321,2231670,1321,33,114,2013-05-11,Jermaine Jones,L1,0,0,0,0,90
2231670_598,2231670,598,33,24,2013-05-11,Timo Hildebrand,L1,0,0,0,0,90
2231672_1073,2231672,1073,15,16,2013-05-11,Manuel Friedrich,L1,0,0,0,0,90
2231672_1335,2231672,1335,42,42,2013-05-11,Steven Cherundolo,L1,0,0,0,0,90
2231672_1587,2231672,1587,42,42,2013-05-11,Mario Eggimann,L1,0,0,0,0,90
2231672_277,2231672,277,42,3368,2013-05-11,Sérgio da Silva Pinto,L1,0,0,0,0,90
2231672_2805,2231672,2805,42,42,2013-05-11,Christian Pander,L1,0,0,0,0,45
2231672_691,2231672,691,15,15,2013-05-11,Simon Rolfes,L1,0,0,0,0,90
2231675_1667,2231675,1667,82,162,2013-05-11,Diego Benaglio,L1,0,0,0,0,90
2231675_26,2231675,26,16,16,2013-05-11,Roman Weidenfeller,L1,0,0,0,0,90
2231675_2767,2231675,2767,82,24,2013-05-11,Alexander Madlung,L1,0,0,0,0,1
2242994_3366,2242994,3366,418,5,2013-05-11,Kaká,ES1,0,0,0,0,56
2244042_3256,2244042,3256,114,15,2013-05-11,Roberto Hilbert,TR1,1,0,0,0,90
2244050_933,2244050,933,589,2293,2013-05-11,Ugur Inceman,TR1,0,0,0,0,90
2312295_2953,2312295,2953,1071,41,2013-05-11,Paul Scharner,FAC,0,0,0,0,90
2312295_3291,2312295,3291,281,984,2013-05-11,Gareth Barry,FAC,1,0,0,0,90
2312295_3333,2312295,3333,281,1237,2013-05-11,James Milner,FAC,0,0,0,0,36
2224126_3139,2224126,3139,583,583,2013-05-12,David Beckham,FR1,0,0,0,0,1
2224674_1423,2224674,1423,190,855,2013-05-12,Lars Jacobsen,DK1,0,0,0,0,90
2225756_2998,2225756,2998,512,1003,2013-05-12,Robert Huth,GB1,1,0,0,0,90
2225756_3306,2225756,3306,512,1132,2013-05-12,Jonathan Walters,GB1,0,0,0,0,90
2225759_3235,2225759,3235,985,1039,2013-05-12,Rio Ferdinand,GB1,0,0,1,0,90
2225759_3397,2225759,3397,985,985,2013-05-12,Paul Scholes,GB1,0,0,0,0,66
2225759_3406,2225759,3406,985,985,2013-05-12,Ryan Giggs,GB1,0,0,0,0,14
2225759_488,2225759,488,2288,2288,2013-05-12,Gerhard Tremmel,GB1,0,0,0,0,90
2225769_1662,2225769,1662,931,33,2013-05-12,Sascha Riether,GB1,0,0,0,1,90
2225769_2874,2225769,2874,931,265,2013-05-12,Mladen Petric,GB1,0,0,0,0,19
2225769_3220,2225769,3220,931,931,2013-05-12,John Arne Riise,GB1,0,0,0,0,7
2225769_3259,2225769,3259,931,931,2013-05-12,Damien Duff,GB1,0,0,0,0,90
2225769_3357,2225769,3357,931,1003,2013-05-12,Mark Schwarzer,GB1,0,0,0,0,90
2225769_65,2225769,65,931,1091,2013-05-12,Dimitar Berbatov,GB1,0,0,1,0,90
2225804_1368,2225804,1368,379,1519,2013-05-12,Guy Demel,GB1,1,0,0,0,90
2225804_3179,2225804,3179,379,371,2013-05-12,Carlton Cole,GB1,0,0,0,0,45
2225804_3356,2225804,3356,29,989,2013-05-12,Sylvain Distin,GB1,0,0,0,0,90
2242984_2050,2242984,2050,1049,24,2013-05-12,Nelson Valdez,ES1,0,0,1,0,7
2243001_215,2243001,215,1084,1084,2013-05-12,Roque Santa Cruz,ES1,0,0,0,0,8
2243003_3172,2243003,3172,940,940,2013-05-12,Quique de Lucas,ES1,0,0,0,0,36
2244058_1792,2244058,1792,141,105,2013-05-12,Hamit Altintop,TR1,0,0,0,0,75
2244058_3270,2244058,3270,36,1123,2013-05-12,Joseph Yobo,TR1,0,0,0,0,90
2250466_3170,2250466,3170,499,1304,2013-05-12,Simon Cziommer,NL1,0,0,0,0,17
2250467_2048,2250467,2048,403,403,2013-05-12,Philipp Haastrup,NL1,0,0,0,0,90
2250470_1443,2250470,1443,610,190,2013-05-12,Christian Poulsen,NL1,0,0,0,0,90
2250473_3395,2250473,3395,467,132,2013-05-12,Gábor Babos,NL1,0,0,0,0,50
2251614_2926,2251614,2926,1025,105,2013-05-12,György Garics,IT1,1,0,0,0,90
2251620_10,2251620,10,398,398,2013-05-12,Miroslav Klose,IT1,0,0,0,1,90
2251622_3159,2251622,3159,416,130,2013-05-12,Valerio Di Cesare,IT1,0,0,0,0,90
2311707_3322,2311707,3322,903,903,2013-05-12,Ben Williams,SC1,0,0,0,0,90
2224668_1606,2224668,1606,2414,2414,2013-05-13,Morten Rasmussen,DK1,0,0,0,0,90
2244023_109,2244023,109,825,825,2013-05-13,Dedê,TR1,0,0,0,0,58
2244049_1896,2244049,1896,19771,19771,2013-05-13,Ahmet Cebe,TR1,0,0,0,0,19
2244059_1791,2244059,1791,449,167,2013-05-13,Halil Altintop,TR1,0,0,1,1,90
2225751_3202,2225751,3202,281,371,2013-05-14,Kolo Touré,GB1,0,0,0,0,15
2225751_3291,2225751,3291,281,984,2013-05-14,Gareth Barry,GB1,1,0,0,0,58
2225751_3333,2225751,3333,281,1237,2013-05-14,James Milner,GB1,0,0,0,1,90
2225799_132,2225799,132,11,11,2013-05-14,Tomas Rosicky,GB1,0,0,0,0,78
2225799_2953,2225799,2953,1071,41,2013-05-14,Paul Scharner,GB1,0,0,0,0,90
2315095_3163,2315095,3163,631,281,2013-05-15,Frank Lampard,EL,0,0,0,0,90
2315095_3182,2315095,3182,631,12,2013-05-15,Ashley Cole,EL,0,0,0,0,90
2224675_1725,2224675,1725,173,173,2013-05-16,Jesper Christiansen,DK1,0,0,0,0,90
2224719_1606,2224719,1606,2414,2414,2013-05-16,Morten Rasmussen,DK1,1,0,0,0,54
2224724_1423,2224724,1423,190,855,2013-05-16,Lars Jacobsen,DK1,0,0,0,0,90
2224113_3292,2224113,3292,244,1132,2013-05-18,Joey Barton,FR1,0,0,0,0,74
2224179_1327,2224179,1327,273,1159,2013-05-18,Alou Diarra,FR1,0,0,0,0,90
2224187_3139,2224187,3139,583,583,2013-05-18,David Beckham,FR1,0,0,0,1,83
2231653_1428,2231653,1428,18,60,2013-05-18,Mike Hanke,L1,0,0,1,0,84
2231653_2219,2231653,2219,27,27,2013-05-18,Philipp Lahm,L1,0,0,0,1,90
2231653_2514,2231653,2514,27,985,2013-05-18,Bastian Schweinsteiger,L1,0,0,0,0,90
2231653_532,2231653,532,27,86,2013-05-18,Claudio Pizarro,L1,0,0,0,0,9
2231653_568,2231653,568,18,18,2013-05-18,Martin Stranzl,L1,0,0,1,0,90
2231657_1565,2231657,1565,24,24,2013-05-18,Alexander Meier,L1,0,0,1,0,90
2231657_1667,2231657,1667,82,162,2013-05-18,Diego Benaglio,L1,0,0,0,0,90
2231657_2767,2231657,2767,82,24,2013-05-18,Alexander Madlung,L1,0,0,0,0,1
2231657_447,2231657,447,24,24,2013-05-18,Oka Nikolov,L1,0,0,0,0,66
2231658_1321,2231658,1321,33,114,2013-05-18,Jermaine Jones,L1,0,0,0,1,90
2231658_598,2231658,598,33,24,2013-05-18,Timo Hildebrand,L1,0,0,0,0,90
2231659_1150,2231659,1150,4,4,2013-05-18,Raphael Schäfer,L1,0,0,0,0,90
2231659_1277,2231659,1277,86,86,2013-05-18,Clemens Fritz,L1,0,0,0,0,90
2231659_823,2231659,823,4,4,2013-05-18,Hanno Balitsch,L1,0,0,0,0,90
2231660_1073,2231660,1073,15,16,2013-05-18,Manuel Friedrich,L1,0,0,0,0,1
2231660_1726,2231660,1726,41,610,2013-05-18,Heiko Westermann,L1,1,0,0,0,90
2231660_1784,2231660,1784,41,39,2013-05-18,René Adler,L1,0,0,0,0,90
2231660_691,2231660,691,15,15,2013-05-18,Simon Rolfes,L1,0,0,0,0,90
2231661_1335,2231661,1335,42,42,2013-05-18,Steven Cherundolo,L1,0,0,0,1,90
2231661_1568,2231661,1568,38,38,2013-05-18,Stefan Reisinger,L1,0,0,0,0,38
2231661_1587,2231661,1587,42,42,2013-05-18,Mario Eggimann,L1,0,0,0,0,72
2231661_277,2231661,277,42,3368,2013-05-18,Sérgio da Silva Pinto,L1,0,0,0,0,80
2231661_2805,2231661,2805,42,42,2013-05-18,Christian Pander,L1,0,0,0,0,90
2231661_886,2231661,886,38,38,2013-05-18,Jens Langeneke,L1,1,0,0,0,90
2231661_992,2231661,992,38,38,2013-05-18,Christian Weber,L1,0,0,0,0,90
2231662_1363,2231662,1363,39,33,2013-05-18,Christian Wetklo,L1,0,0,0,0,90
2231662_2923,2231662,2923,39,3368,2013-05-18,Andreas Ivanschitz,L1,0,0,0,0,76
2231667_2358,2231667,2358,533,82,2013-05-18,Patrick Ochs,L1,0,0,0,0,58
2231667_26,2231667,26,16,16,2013-05-18,Roman Weidenfeller,L1,0,1,0,0,81
2231667_410,2231667,410,16,16,2013-05-18,Sebastian Kehl,L1,0,0,0,0,30
2244034_299,2244034,299,10484,10484,2013-05-18,Fabian Ernst,TR1,0,0,0,1,90
2244037_1792,2244037,1792,141,105,2013-05-18,Hamit Altintop,TR1,0,0,0,0,82
2251627_2865,2251627,2865,506,167,2013-05-18,Stephan Lichtsteiner,IT1,0,0,0,1,16
2311710_3322,2311710,3322,903,903,2013-05-18,Ben Williams,SC1,0,0,0,0,90
2222783_1331,2222783,1331,121,533,2013-05-19,Kevin Kuranyi,RU1,1,0,0,0,90
2222783_3321,2222783,3321,121,3725,2013-05-19,Luke Wilkshire,RU1,1,0,0,0,62
2225737_3235,2225737,3235,985,1039,2013-05-19,Rio Ferdinand,GB1,0,0,0,0,7
2225737_3397,2225737,3397,985,985,2013-05-19,Paul Scholes,GB1,1,0,0,0,21
2225737_3406,2225737,3406,985,985,2013-05-19,Ryan Giggs,GB1,0,0,0,1,30
2225742_132,2225742,132,11,11,2013-05-19,Tomas Rosicky,GB1,1,0,0,0,90
2225747_3333,2225747,3333,281,1237,2013-05-19,James Milner,GB1,0,0,0,0,90
2225749_1662,2225749,1662,931,33,2013-05-19,Sascha Riether,GB1,1,0,0,0,90
2225749_3220,2225749,3220,931,931,2013-05-19,John Arne Riise,GB1,0,0,0,0,90
2225749_3259,2225749,3259,931,931,2013-05-19,Damien Duff,GB1,0,0,0,0,73
2225749_3357,2225749,3357,931,1003,2013-05-19,Mark Schwarzer,GB1,0,0,0,0,90
2225749_65,2225749,65,931,1091,2013-05-19,Dimitar Berbatov,GB1,0,0,1,0,88
2225752_1397,2225752,1397,512,512,2013-05-19,Michael Owen,GB1,0,0,0,0,16
2225752_2998,2225752,2998,512,1003,2013-05-19,Robert Huth,GB1,0,0,0,0,90
2225752_3306,2225752,3306,512,1132,2013-05-19,Jonathan Walters,GB1,0,0,0,0,74
2225762_3163,2225762,3163,631,281,2013-05-19,Frank Lampard,GB1,0,0,0,0,90
2225762_3182,2225762,3182,631,12,2013-05-19,Ashley Cole,GB1,0,0,0,0,90
2225762_3356,2225762,3356,29,989,2013-05-19,Sylvain Distin,GB1,0,0,0,0,90
2225774_1368,2225774,1368,379,1519,2013-05-19,Guy Demel,GB1,0,0,0,0,90
2225776_2953,2225776,2953,1071,41,2013-05-19,Paul Scharner,GB1,0,0,0,0,90
2242958_670,2242958,670,714,714,2013-05-19,Martin Petrov,ES1,0,0,0,0,5
2242986_2233,2242986,2233,3368,3368,2013-05-19,Christian Lell,ES1,1,0,0,0,73
2244026_109,2244026,109,825,825,2013-05-19,Dedê,TR1,0,0,0,0,90
2244026_755,2244026,755,589,589,2013-05-19,Deniz Baris,TR1,0,0,0,0,90
2244026_933,2244026,933,589,2293,2013-05-19,Ugur Inceman,TR1,0,0,0,0,90
2244027_3256,2244027,3256,114,15,2013-05-19,Roberto Hilbert,TR1,0,0,0,0,90
2251623_3159,2251623,3159,416,130,2013-05-19,Valerio Di Cesare,IT1,0,0,0,0,90
2251626_2926,2251626,2926,1025,105,2013-05-19,György Garics,IT1,0,0,0,0,90
2251628_10,2251628,10,398,398,2013-05-19,Miroslav Klose,IT1,0,0,0,0,90
2224722_1606,2224722,1606,2414,2414,2013-05-20,Morten Rasmussen,DK1,0,0,0,0,90
2224725_1725,2224725,1725,173,173,2013-05-20,Jesper Christiansen,DK1,0,0,0,0,90
2224725_2703,2224725,2703,173,173,2013-05-20,Morten Skoubo,DK1,0,0,1,0,10
2224726_1423,2224726,1423,190,855,2013-05-20,Lars Jacobsen,DK1,0,0,0,0,90
2314690_2219,2314690,2219,27,27,2013-05-25,Philipp Lahm,CL,0,0,0,0,90
2314690_2514,2314690,2514,27,985,2013-05-25,Bastian Schweinsteiger,CL,0,0,0,0,90
2314690_26,2314690,26,16,16,2013-05-25,Roman Weidenfeller,CL,0,0,0,0,90
2222778_1331,2222778,1331,121,533,2013-05-26,Kevin Kuranyi,RU1,0,0,0,0,71
2224184_2878,2224184,2878,750,750,2013-05-26,Yassin Mikari,FR1,1,0,0,0,1
2224190_3292,2224190,3292,244,1132,2013-05-26,Joey Barton,FR1,0,0,0,0,82
2242959_3366,2242959,3366,418,5,2013-05-26,Kaká,ES1,0,0,0,1,66
2242966_2963,2242966,2963,1084,714,2013-05-26,Martín Demichelis,ES1,0,0,0,0,90
2312718_10,2312718,10,398,398,2013-05-26,Miroslav Klose,CIT,1,0,0,0,90
2317768_3322,2317768,3322,903,903,2013-05-26,Ben Williams,SFA,0,0,0,0,90
2243021_3172,2243021,3172,940,940,2013-06-01,Quique de Lucas,ES1,0,0,0,0,4
2243026_215,2243026,215,1084,1084,2013-06-01,Roque Santa Cruz,ES1,0,0,0,0,45
2312506_1426,2312506,1426,79,79,2013-06-01,Cacau,DFB,0,0,0,0,15
2312506_2219,2312506,2219,27,27,2013-06-01,Philipp Lahm,DFB,0,0,0,2,90
2312506_2514,2312506,2514,27,985,2013-06-01,Bastian Schweinsteiger,DFB,1,0,0,0,90
2323730_1075,2323730,1075,121,121,2013-07-14,Andriy Voronin,RU1,1,0,1,0,85
2323730_3321,2323730,3321,121,3725,2013-07-14,Luke Wilkshire,RU1,0,0,0,0,90
2323267_597,2323267,597,713,2696,2013-07-16,Aleksandr Hleb,CLQ,0,0,0,0,45
2345065_3322,2345065,3322,903,903,2013-07-18,Ben Williams,ELQ,0,0,0,0,90
2323736_1075,2323736,1075,121,121,2013-07-19,Andriy Voronin,RU1,0,0,1,0,29
2323736_3321,2323736,3321,121,3725,2013-07-19,Luke Wilkshire,RU1,1,0,0,0,90
2329279_1423,2329279,1423,190,855,2013-07-21,Lars Jacobsen,DK1,0,0,0,0,90
2329281_1725,2329281,1725,173,173,2013-07-21,Jesper Christiansen,DK1,0,0,0,0,90
2323282_597,2323282,597,713,2696,2013-07-23,Aleksandr Hleb,CLQ,0,0,0,0,75
2345092_3322,2345092,3322,903,903,2013-07-25,Ben Williams,ELQ,0,0,0,0,90
2351401_3176,2351401,3176,2282,2282,2013-07-26,Eidur Gudjohnsen,BE1,0,0,0,0,61
2351401_3354,2351401,3354,2282,2282,2013-07-26,Jonathan Blondel,BE1,0,0,1,0,90
2322635_2219,2322635,2219,27,27,2013-07-27,Philipp Lahm,DFL,0,0,0,2,90
2322635_2514,2322635,2514,27,985,2013-07-27,Bastian Schweinsteiger,DFL,0,0,0,0,23
2322635_26,2322635,26,16,16,2013-07-27,Roman Weidenfeller,DFL,0,0,0,0,90
2322635_410,2322635,410,16,16,2013-07-27,Sebastian Kehl,DFL,0,0,0,0,45
2322635_532,2322635,532,27,86,2013-07-27,Claudio Pizarro,DFL,0,0,0,0,15
2322635_80,2322635,80,27,27,2013-07-27,Tom Starke,DFL,0,0,0,0,90
2335072_1075,2335072,1075,121,121,2013-07-27,Andriy Voronin,RU1,1,0,1,0,74
2335072_3321,2335072,3321,121,3725,2013-07-27,Luke Wilkshire,RU1,1,0,0,0,90
2329286_1725,2329286,1725,173,173,2013-07-28,Jesper Christiansen,DK1,0,0,0,0,90
2329286_2703,2329286,2703,173,173,2013-07-28,Morten Skoubo,DK1,0,0,0,1,15
2329288_1423,2329288,1423,190,855,2013-07-28,Lars Jacobsen,DK1,0,0,0,0,90
2329288_3098,2329288,3098,190,190,2013-07-28,Olof Mellberg,DK1,0,0,0,0,90
2348105_3270,2348105,3270,36,1123,2013-07-31,Joseph Yobo,CLQ,0,0,0,0,90
2351348_1426,2351348,1426,79,79,2013-08-01,Cacau,ELQ,0,0,0,0,34
2351352_1083,2351352,1083,128,128,2013-08-01,Julian de Guzmán,ELQ,0,0,0,0,34
2351378_3176,2351378,3176,2282,2282,2013-08-01,Eidur Gudjohnsen,ELQ,0,0,0,0,25
2351378_3354,2351378,3354,2282,2282,2013-08-01,Jonathan Blondel,ELQ,0,0,0,0,90
2320463_1791,2320463,1791,167,167,2013-08-02,Halil Altintop,DFB,0,0,1,0,87
2342571_1443,2342571,1443,610,190,2013-08-02,Christian Poulsen,NL1,0,0,0,0,90
2320447_410,2320447,410,16,16,2013-08-03,Sebastian Kehl,DFB,0,0,0,0,58
2320451_3256,2320451,3256,15,15,2013-08-03,Roberto Hilbert,DFB,0,0,0,0,15
2320451_691,2320451,691,15,15,2013-08-03,Simon Rolfes,DFB,0,0,0,0,67
2320452_1139,2320452,1139,39,39,2013-08-03,Nikolce Noveski,DFB,0,0,0,0,90
2320452_892,2320452,892,39,39,2013-08-03,Heinz Müller,DFB,0,0,0,0,90
2320453_1428,2320453,1428,60,60,2013-08-03,Mike Hanke,DFB,0,0,0,1,120
2320459_1667,2320459,1667,82,162,2013-08-03,Diego Benaglio,DFB,0,0,0,0,90
2335083_1075,2335083,1075,121,121,2013-08-03,Andriy Voronin,RU1,0,0,0,1,89
2345730_3269,2345730,3269,370,370,2013-08-03,Calvin Zola,SC1,0,0,0,1,55
2320448_1726,2320448,1726,41,610,2013-08-04,Heiko Westermann,DFB,0,0,0,0,84
2320450_1565,2320450,1565,24,24,2013-08-04,Alexander Meier,DFB,0,0,0,0,90
2320454_1426,2320454,1426,79,79,2013-08-04,Cacau,DFB,0,0,0,0,68
2320455_1586,2320455,1586,42,42,2013-08-04,Christian Schulz,DFB,0,0,0,0,90
2320455_2805,2320455,2805,42,42,2013-08-04,Christian Pander,DFB,0,0,0,1,90
2320455_3114,2320455,3114,42,42,2013-08-04,Jan Schlaudraff,DFB,0,0,0,0,59
2320457_1095,2320457,1095,44,44,2013-08-04,Peer Kluge,DFB,0,0,0,0,112
2320457_2334,2320457,2334,44,44,2013-08-04,Marcel Ndjeng,DFB,0,0,0,0,120
2320458_1659,2320458,1659,23,23,2013-08-04,Dennis Kruppke,DFB,0,0,0,0,90
2320458_1944,2320458,1944,23,23,2013-08-04,Deniz Dogan,DFB,0,1,0,0,90
2320458_2386,2320458,2386,23,23,2013-08-04,Marjan Petkovic,DFB,0,0,0,0,90
2320460_1277,2320460,1277,86,86,2013-08-04,Clemens Fritz,DFB,1,0,0,0,120
2320461_568,2320461,568,18,18,2013-08-04,Martin Stranzl,DFB,0,0,0,0,120
2320462_1094,2320462,1094,4,4,2013-08-04,Emanuel Pogatetz,DFB,1,0,0,0,120
2320462_1150,2320462,1150,4,4,2013-08-04,Raphael Schäfer,DFB,0,0,0,0,120
2320462_1986,2320462,1986,4,167,2013-08-04,Markus Feulner,DFB,0,0,0,0,120
2320462_823,2320462,823,4,4,2013-08-04,Hanno Balitsch,DFB,0,0,0,0,120
2329291_1423,2329291,1423,190,855,2013-08-04,Lars Jacobsen,DK1,0,0,0,1,90
2329291_3098,2329291,3098,190,190,2013-08-04,Olof Mellberg,DK1,0,0,0,0,90
2329295_1725,2329295,1725,173,173,2013-08-04,Jesper Christiansen,DK1,0,0,0,0,90
2329295_2703,2329295,2703,173,173,2013-08-04,Morten Skoubo,DK1,0,0,0,0,47
2329674_3176,2329674,3176,2282,2282,2013-08-04,Eidur Gudjohnsen,BE1,0,0,0,0,66
2329674_3354,2329674,3354,2282,2282,2013-08-04,Jonathan Blondel,BE1,0,0,0,0,90
2335037_3322,2335037,3322,903,903,2013-08-04,Ben Williams,SC1,0,0,0,0,90
2320446_2514,2320446,2514,27,985,2013-08-05,Bastian Schweinsteiger,DFB,0,0,0,0,61
2320456_1321,2320456,1321,33,114,2013-08-05,Jermaine Jones,DFB,0,0,0,0,90
2320456_598,2320456,598,33,24,2013-08-05,Timo Hildebrand,DFB,0,0,0,0,90
2329293_276,2329293,276,20100,20100,2013-08-05,Sladan Peric,DK1,0,0,0,0,1
2348103_3270,2348103,3270,36,1123,2013-08-06,Joseph Yobo,CLQ,0,0,0,0,90
2351349_1426,2351349,1426,79,79,2013-08-08,Cacau,ELQ,0,0,0,0,90
2351353_1083,2351353,1083,128,128,2013-08-08,Julian de Guzmán,ELQ,0,0,1,0,90
2351367_488,2351367,488,2288,2288,2013-08-08,Gerhard Tremmel,ELQ,0,0,0,0,90
2351379_3176,2351379,3176,2282,2282,2013-08-08,Eidur Gudjohnsen,ELQ,0,0,0,0,13
2351379_3354,2351379,3354,2282,2282,2013-08-08,Jonathan Blondel,ELQ,0,0,0,0,45
2321025_2219,2321025,2219,27,27,2013-08-09,Philipp Lahm,L1,0,0,0,0,90
2321025_2514,2321025,2514,27,985,2013-08-09,Bastian Schweinsteiger,L1,0,0,0,0,73
2321025_568,2321025,568,18,18,2013-08-09,Martin Stranzl,L1,1,0,0,0,90
2321028_1428,2321028,1428,60,60,2013-08-10,Mike Hanke,L1,1,0,1,0,90
2321028_691,2321028,691,15,15,2013-08-10,Simon Rolfes,L1,0,0,0,0,20
2321029_1667,2321029,1667,82,162,2013-08-10,Diego Benaglio,L1,0,0,0,0,90
2321029_2805,2321029,2805,42,42,2013-08-10,Christian Pander,L1,0,0,0,0,90
2321029_3114,2321029,3114,42,42,2013-08-10,Jan Schlaudraff,L1,0,0,0,0,24
2321030_1094,2321030,1094,4,4,2013-08-10,Emanuel Pogatetz,L1,1,0,0,0,90
2321030_1150,2321030,1150,4,4,2013-08-10,Raphael Schäfer,L1,0,0,0,0,90
2321030_1986,2321030,1986,4,167,2013-08-10,Markus Feulner,L1,1,0,0,1,90
2321030_823,2321030,823,4,4,2013-08-10,Hanno Balitsch,L1,1,0,0,0,72
2321032_1791,2321032,1791,167,167,2013-08-10,Halil Altintop,L1,0,0,0,0,77
2321033_1277,2321033,1277,86,86,2013-08-10,Clemens Fritz,L1,0,0,0,0,90
2321033_1659,2321033,1659,23,23,2013-08-10,Dennis Kruppke,L1,0,0,0,0,90
2321033_1944,2321033,1944,23,23,2013-08-10,Deniz Dogan,L1,0,0,0,0,45
2321033_2386,2321033,2386,23,23,2013-08-10,Marjan Petkovic,L1,0,0,0,0,90
2321034_1095,2321034,1095,44,44,2013-08-10,Peer Kluge,L1,0,0,0,1,7
2321034_1565,2321034,1565,24,24,2013-08-10,Alexander Meier,L1,0,0,1,0,90
2321034_2334,2321034,2334,44,44,2013-08-10,Marcel Ndjeng,L1,0,0,0,0,90
2321027_1321,2321027,1321,33,114,2013-08-11,Jermaine Jones,L1,0,0,0,0,90
2321027_1726,2321027,1726,41,610,2013-08-11,Heiko Westermann,L1,0,0,0,0,90
2321027_1784,2321027,1784,41,39,2013-08-11,René Adler,L1,0,0,0,0,90
2321027_598,2321027,598,33,24,2013-08-11,Timo Hildebrand,L1,0,0,0,0,90
2321031_1139,2321031,1139,39,39,2013-08-11,Nikolce Noveski,L1,0,0,0,0,90
2321031_1426,2321031,1426,79,79,2013-08-11,Cacau,L1,0,0,0,1,23
2321031_892,2321031,892,39,39,2013-08-11,Heinz Müller,L1,0,0,0,0,90
2329330_1725,2329330,1725,173,173,2013-08-11,Jesper Christiansen,DK1,0,0,0,0,90
2329330_2703,2329330,2703,173,173,2013-08-11,Morten Skoubo,DK1,0,0,0,0,66
2329331_1423,2329331,1423,190,855,2013-08-11,Lars Jacobsen,DK1,0,0,0,1,90
2329676_3176,2329676,3176,2282,2282,2013-08-11,Eidur Gudjohnsen,BE1,0,0,0,0,13
2335038_3322,2335038,3322,903,903,2013-08-11,Ben Williams,SC1,0,0,0,0,90
2342586_1443,2342586,1443,610,190,2013-08-11,Christian Poulsen,NL1,0,0,0,0,19
2345735_3269,2345735,3269,370,370,2013-08-11,Calvin Zola,SC1,0,0,0,0,64
2358314_3406,2358314,3406,985,985,2013-08-11,Ryan Giggs,GBCS,0,0,0,0,67
2346013_3216,2346013,3216,589,589,2013-08-16,Milan Baros,TR1,0,0,0,0,36
2346013_933,2346013,933,589,2293,2013-08-16,Ugur Inceman,TR1,0,0,0,0,90
2321045_568,2321045,568,18,18,2013-08-17,Martin Stranzl,L1,0,0,0,0,90
2321046_1426,2321046,1426,79,79,2013-08-17,Cacau,L1,0,0,0,0,45
2321046_691,2321046,691,15,15,2013-08-17,Simon Rolfes,L1,0,0,0,0,45
2321047_1321,2321047,1321,33,114,2013-08-17,Jermaine Jones,L1,1,0,0,0,90
2321047_1667,2321047,1667,82,162,2013-08-17,Diego Benaglio,L1,0,0,0,0,90
2321047_598,2321047,598,33,24,2013-08-17,Timo Hildebrand,L1,0,0,0,0,90
2321048_1791,2321048,1791,167,167,2013-08-17,Halil Altintop,L1,0,0,0,0,70
2321050_1139,2321050,1139,39,39,2013-08-17,Nikolce Noveski,L1,1,0,0,0,90
2321050_1428,2321050,1428,60,60,2013-08-17,Mike Hanke,L1,0,0,0,0,87
2321050_892,2321050,892,39,39,2013-08-17,Heinz Müller,L1,1,0,0,0,90
2321051_1726,2321051,1726,41,610,2013-08-17,Heiko Westermann,L1,0,0,0,0,90
2321051_1784,2321051,1784,41,39,2013-08-17,René Adler,L1,0,0,0,0,90
2321062_1565,2321062,1565,24,24,2013-08-17,Alexander Meier,L1,0,0,0,0,90
2321062_2219,2321062,2219,27,27,2013-08-17,Philipp Lahm,L1,0,0,0,0,90
2321062_2514,2321062,2514,27,985,2013-08-17,Bastian Schweinsteiger,L1,0,0,0,0,90
2331956_1327,2331956,1327,379,1159,2013-08-17,Alou Diarra,GB1,0,0,0,0,8
2331956_1368,2331956,1368,379,1519,2013-08-17,Guy Demel,GB1,0,0,0,0,90
2331956_3297,2331956,3297,603,603,2013-08-17,Craig Bellamy,GB1,0,0,0,0,75
2334880_3322,2334880,3322,903,903,2013-08-17,Ben Williams,SC1,0,0,0,0,90
2334881_3287,2334881,3287,2578,2578,2013-08-17,Steve Banks,SC1,0,0,0,0,90
2334889_3269,2334889,3269,370,370,2013-08-17,Calvin Zola,SC1,0,0,0,0,45
2334889_3310,2334889,3310,370,370,2013-08-17,Nicky Weaver,SC1,0,0,0,0,45
2346007_2148,2346007,2148,2293,2944,2013-08-17,Erdal Kilicaslan,TR1,0,0,0,1,90
2346007_3270,2346007,3270,36,1123,2013-08-17,Joseph Yobo,TR1,0,0,1,0,90
2346011_3132,2346011,3132,126,126,2013-08-17,Florin Cernat,TR1,0,0,0,0,71
2346405_215,2346405,215,1084,1084,2013-08-17,Roque Santa Cruz,ES1,0,0,0,0,90
2350359_2998,2350359,2998,512,1003,2013-08-17,Robert Huth,GB1,0,0,0,0,90
2350359_3109,2350359,3109,31,31,2013-08-17,Steven Gerrard,GB1,0,0,0,0,90
2350359_3195,2350359,3195,512,512,2013-08-17,Jermaine Pennant,GB1,0,0,0,0,27
2350359_3202,2350359,3202,31,371,2013-08-17,Kolo Touré,GB1,1,0,0,0,90
2350359_3306,2350359,3306,512,1132,2013-08-17,Jonathan Walters,GB1,0,0,0,0,90
2350360_132,2350360,132,11,11,2013-08-17,Tomas Rosicky,GB1,0,0,0,0,90
2350361_3356,2350361,3356,29,989,2013-08-17,Sylvain Distin,GB1,0,0,0,0,90
2350362_1662,2350362,1662,931,33,2013-08-17,Sascha Riether,GB1,0,0,0,0,90
2350362_3259,2350362,3259,931,931,2013-08-17,Damien Duff,GB1,1,0,0,1,90
2350362_65,2350362,65,931,1091,2013-08-17,Dimitar Berbatov,GB1,1,0,0,0,90
2350363_3226,2350363,3226,984,984,2013-08-17,Nicolas Anelka,GB1,0,0,0,0,83
2350364_3235,2350364,3235,985,1039,2013-08-17,Rio Ferdinand,GB1,0,0,0,0,90
2350364_3332,2350364,3332,985,985,2013-08-17,Wayne Rooney,GB1,0,0,0,2,28
2350364_3406,2350364,3406,985,985,2013-08-17,Ryan Giggs,GB1,0,0,0,1,62
2351888_1083,2351888,1083,128,128,2013-08-17,Julian de Guzmán,GR1,0,0,0,0,90
2361144_2926,2361144,2926,1025,105,2013-08-17,György Garics,CIT,0,0,0,0,90
2361145_735,2361145,735,1210,1210,2013-08-17,Giuseppe Gemiti,CIT,0,0,0,0,90
2321044_1659,2321044,1659,23,23,2013-08-18,Dennis Kruppke,L1,0,0,0,0,77
2321044_26,2321044,26,16,16,2013-08-18,Roman Weidenfeller,L1,0,0,0,0,90
2321049_1094,2321049,1094,4,4,2013-08-18,Emanuel Pogatetz,L1,0,0,0,0,90
2321049_1150,2321049,1150,4,4,2013-08-18,Raphael Schäfer,L1,0,0,0,0,90
2321049_1986,2321049,1986,4,167,2013-08-18,Markus Feulner,L1,1,0,0,0,57
2321049_823,2321049,823,4,4,2013-08-18,Hanno Balitsch,L1,0,0,0,0,90
2325544_10,2325544,10,398,398,2013-08-18,Miroslav Klose,SCI,0,0,0,0,90
2325544_2865,2325544,2865,506,167,2013-08-18,Stephan Lichtsteiner,SCI,0,0,1,1,82
2329309_1725,2329309,1725,173,173,2013-08-18,Jesper Christiansen,DK1,0,0,0,0,90
2329309_2703,2329309,2703,173,173,2013-08-18,Morten Skoubo,DK1,0,0,1,0,79
2329310_1423,2329310,1423,190,855,2013-08-18,Lars Jacobsen,DK1,0,0,0,0,90
2329310_3098,2329310,3098,190,190,2013-08-18,Olof Mellberg,DK1,0,0,0,0,90
2335088_1075,2335088,1075,121,121,2013-08-18,Andriy Voronin,RU1,0,0,0,0,25
2342301_1443,2342301,1443,610,190,2013-08-18,Christian Poulsen,NL1,0,0,0,0,90
2346009_1896,2346009,1896,19771,19771,2013-08-18,Ahmet Cebe,TR1,0,0,0,1,45
2346404_277,2346404,277,3368,3368,2013-08-18,Sérgio da Silva Pinto,ES1,0,0,0,0,45
2346404_2923,2346404,2923,3368,3368,2013-08-18,Andreas Ivanschitz,ES1,0,0,0,0,26
2350365_3131,2350365,3131,873,873,2013-08-18,Kevin Phillips,GB1,0,0,0,0,24
2350366_3160,2350366,3160,631,631,2013-08-18,John Terry,GB1,0,0,0,0,90
2350366_3163,2350366,3163,631,281,2013-08-18,Frank Lampard,GB1,0,0,1,0,90
2350366_3182,2350366,3182,631,12,2013-08-18,Ashley Cole,GB1,0,0,0,0,90
2353762_3266,2353762,3266,1158,1158,2013-08-18,Jérémie Aliadière,FR1,0,0,1,0,90
2346014_1792,2346014,1792,141,105,2013-08-19,Hamit Altintop,TR1,1,0,0,0,45
2350376_3160,2350376,3160,631,631,2013-08-21,John Terry,GB1,0,0,0,0,90
2350376_3163,2350376,3163,631,281,2013-08-21,Frank Lampard,GB1,0,0,0,1,90
2350376_3182,2350376,3182,631,12,2013-08-21,Ashley Cole,GB1,0,0,0,0,90
2360896_132,2360896,132,11,11,2013-08-21,Tomas Rosicky,CLQ,0,0,0,0,90
2360896_3270,2360896,3270,36,1123,2013-08-21,Joseph Yobo,CLQ,0,0,0,0,90
2363717_1321,2363717,1321,33,114,2013-08-21,Jermaine Jones,CLQ,0,0,0,0,90
2363717_598,2363717,598,33,24,2013-08-21,Timo Hildebrand,CLQ,0,0,0,0,90
2360919_1426,2360919,1426,79,79,2013-08-22,Cacau,ELQ,1,0,0,0,69
2360922_1565,2360922,1565,24,24,2013-08-22,Alexander Meier,ELQ,0,0,2,0,90
2321053_26,2321053,26,16,16,2013-08-23,Roman Weidenfeller,L1,0,0,0,0,90
2321053_410,2321053,410,16,16,2013-08-23,Sebastian Kehl,L1,0,0,0,0,90
2342298_1443,2342298,1443,610,190,2013-08-23,Christian Poulsen,NL1,0,0,0,0,90
2346023_1896,2346023,1896,19771,19771,2013-08-23,Ahmet Cebe,TR1,0,0,0,0,45
2321054_1094,2321054,1094,4,4,2013-08-24,Emanuel Pogatetz,L1,0,0,0,0,90
2321054_1150,2321054,1150,4,4,2013-08-24,Raphael Schäfer,L1,0,0,0,0,90
2321054_1986,2321054,1986,4,167,2013-08-24,Markus Feulner,L1,0,0,0,0,72
2321054_2219,2321054,2219,27,27,2013-08-24,Philipp Lahm,L1,1,0,0,2,90
2321054_2514,2321054,2514,27,985,2013-08-24,Bastian Schweinsteiger,L1,0,0,0,0,90
2321054_823,2321054,823,4,4,2013-08-24,Hanno Balitsch,L1,0,0,0,0,90
2321055_3256,2321055,3256,15,15,2013-08-24,Roberto Hilbert,L1,0,0,0,0,62
2321055_568,2321055,568,18,18,2013-08-24,Martin Stranzl,L1,0,0,1,0,90
2321056_1321,2321056,1321,33,114,2013-08-24,Jermaine Jones,L1,0,0,0,0,90
2321056_598,2321056,598,33,24,2013-08-24,Timo Hildebrand,L1,0,0,0,0,90
2321058_1139,2321058,1139,39,39,2013-08-24,Nikolce Noveski,L1,0,0,0,0,90
2321058_1667,2321058,1667,82,162,2013-08-24,Diego Benaglio,L1,0,0,0,0,90
2321058_892,2321058,892,39,39,2013-08-24,Heinz Müller,L1,0,0,0,0,90
2321061_1726,2321061,1726,41,610,2013-08-24,Heiko Westermann,L1,1,0,0,0,90
2321061_1784,2321061,1784,41,39,2013-08-24,René Adler,L1,0,0,0,0,90
2334883_3269,2334883,3269,370,370,2013-08-24,Calvin Zola,SC1,0,0,0,1,37
2334883_3310,2334883,3310,370,370,2013-08-24,Nicky Weaver,SC1,0,0,0,0,90
2334888_3287,2334888,3287,2578,2578,2013-08-24,Steve Banks,SC1,0,0,0,0,90
2334892_3322,2334892,3322,903,903,2013-08-24,Ben Williams,SC1,0,0,0,0,90
2335157_1075,2335157,1075,121,121,2013-08-24,Andriy Voronin,RU1,0,0,0,0,1
2335157_3321,2335157,3321,121,3725,2013-08-24,Luke Wilkshire,RU1,1,0,0,0,90
2346016_2587,2346016,2587,10484,524,2013-08-24,Elyasa Süme,TR1,1,0,0,0,14
2346017_3059,2346017,3059,524,524,2013-08-24,Ekrem Dag,TR1,0,0,0,0,90
2346017_3216,2346017,3216,589,589,2013-08-24,Milan Baros,TR1,0,0,0,0,80
2346017_933,2346017,933,589,2293,2013-08-24,Ugur Inceman,TR1,0,0,0,0,90
2350368_132,2350368,132,11,11,2013-08-24,Tomas Rosicky,GB1,0,0,0,0,70
2350368_1662,2350368,1662,931,33,2013-08-24,Sascha Riether,GB1,0,0,0,0,90
2350368_3220,2350368,3220,931,931,2013-08-24,John Arne Riise,GB1,0,0,0,0,90
2350368_3259,2350368,3259,931,931,2013-08-24,Damien Duff,GB1,0,0,0,0,59
2350368_65,2350368,65,931,1091,2013-08-24,Dimitar Berbatov,GB1,0,0,0,1,90
2350369_3356,2350369,3356,29,989,2013-08-24,Sylvain Distin,GB1,0,0,0,0,90
2350371_1368,2350371,1368,379,1519,2013-08-24,Guy Demel,GB1,0,0,0,0,90
2350371_3276,2350371,3276,762,873,2013-08-24,Shola Ameobi,GB1,0,0,0,0,90
2350372_2998,2350372,2998,512,1003,2013-08-24,Robert Huth,GB1,0,0,0,1,90
2350372_3131,2350372,3131,873,873,2013-08-24,Kevin Phillips,GB1,0,0,0,0,14
2350372_3195,2350372,3195,512,512,2013-08-24,Jermaine Pennant,GB1,0,0,0,0,20
2350372_3306,2350372,3306,512,1132,2013-08-24,Jonathan Walters,GB1,1,0,0,1,90
2350373_3109,2350373,3109,31,31,2013-08-24,Steven Gerrard,GB1,0,0,0,0,90
2350373_3202,2350373,3202,31,371,2013-08-24,Kolo Touré,GB1,0,0,0,0,90
2355586_2865,2355586,2865,506,167,2013-08-24,Stephan Lichtsteiner,IT1,1,0,0,0,90
2321059_1426,2321059,1426,79,79,2013-08-25,Cacau,L1,0,0,0,0,16
2321059_1791,2321059,1791,167,167,2013-08-25,Halil Altintop,L1,0,0,1,0,86
2321060_1565,2321060,1565,24,24,2013-08-25,Alexander Meier,L1,1,0,1,0,90
2321060_1659,2321060,1659,23,23,2013-08-25,Dennis Kruppke,L1,0,0,0,0,57
2321060_1944,2321060,1944,23,23,2013-08-25,Deniz Dogan,L1,0,0,0,0,69
2329311_1423,2329311,1423,190,855,2013-08-25,Lars Jacobsen,DK1,0,0,0,1,90
2329311_3098,2329311,3098,190,190,2013-08-25,Olof Mellberg,DK1,0,0,0,0,90
2329316_1725,2329316,1725,173,173,2013-08-25,Jesper Christiansen,DK1,0,0,0,0,90
2329316_2703,2329316,2703,173,173,2013-08-25,Morten Skoubo,DK1,0,0,0,0,90
2329697_3176,2329697,3176,2282,2282,2013-08-25,Eidur Gudjohnsen,BE1,0,0,0,0,24
2331957_3297,2331957,3297,603,603,2013-08-25,Craig Bellamy,GB1,0,0,0,0,82
2331957_3333,2331957,3333,281,1237,2013-08-25,James Milner,GB1,0,0,0,0,13
2341064_277,2341064,277,3368,3368,2013-08-25,Sérgio da Silva Pinto,ES1,0,0,0,0,90
2341064_2923,2341064,2923,3368,3368,2013-08-25,Andreas Ivanschitz,ES1,0,0,0,0,31
2341075_215,2341075,215,1084,1084,2013-08-25,Roque Santa Cruz,ES1,0,0,0,0,90
2346021_2148,2346021,2148,2293,2944,2013-08-25,Erdal Kilicaslan,TR1,0,0,0,0,90
2346024_1792,2346024,1792,141,105,2013-08-25,Hamit Altintop,TR1,0,0,0,1,84
2351901_3201,2351901,3201,3060,265,2013-08-25,Stathis Tavlaridis,GR1,1,0,0,1,90
2351903_1083,2351903,1083,128,128,2013-08-25,Julian de Guzmán,GR1,0,0,0,0,90
2355582_10,2355582,10,398,398,2013-08-25,Miroslav Klose,IT1,0,0,0,2,83
2355583_735,2355583,735,1210,1210,2013-08-25,Giuseppe Gemiti,IT1,0,0,0,0,33
2355584_2926,2355584,2926,1025,105,2013-08-25,György Garics,IT1,1,0,0,0,90
2350375_3160,2350375,3160,631,631,2013-08-26,John Terry,GB1,0,0,0,0,90
2350375_3163,2350375,3163,631,281,2013-08-26,Frank Lampard,GB1,0,0,0,0,90
2350375_3182,2350375,3182,631,12,2013-08-26,Ashley Cole,GB1,0,0,0,0,90
2350375_3235,2350375,3235,985,1039,2013-08-26,Rio Ferdinand,GB1,0,0,0,0,90
2350375_3332,2350375,3332,985,985,2013-08-26,Wayne Rooney,GB1,0,0,0,0,90
2350375_3406,2350375,3406,985,985,2013-08-26,Ryan Giggs,GB1,0,0,0,0,12
2321069_1428,2321069,1428,60,60,2013-08-27,Mike Hanke,L1,0,0,0,0,15
2321069_2219,2321069,2219,27,27,2013-08-27,Philipp Lahm,L1,0,0,0,0,28
2321069_2514,2321069,2514,27,985,2013-08-27,Bastian Schweinsteiger,L1,0,0,0,0,79
2321069_532,2321069,532,27,86,2013-08-27,Claudio Pizarro,L1,0,0,0,0,88
2363718_1321,2363718,1321,33,114,2013-08-27,Jermaine Jones,CLQ,2,0,0,0,64
2363718_598,2363718,598,33,24,2013-08-27,Timo Hildebrand,CLQ,0,0,0,0,90
2366503_276,2366503,276,20100,20100,2013-08-28,Sladan Peric,DKP,0,0,0,0,90
2360963_1426,2360963,1426,79,79,2013-08-29,Cacau,ELQ,0,0,0,0,73
2360966_1565,2360966,1565,24,24,2013-08-29,Alexander Meier,ELQ,0,0,1,0,70
2360975_3201,2360975,3201,3060,265,2013-08-29,Stathis Tavlaridis,ELQ,0,0,0,0,84
2360981_488,2360981,488,2288,2288,2013-08-29,Gerhard Tremmel,ELQ,1,0,0,0,90
2329319_1725,2329319,1725,173,173,2013-08-30,Jesper Christiansen,DK1,0,0,0,0,90
2329319_2703,2329319,2703,173,173,2013-08-30,Morten Skoubo,DK1,0,0,1,0,81
2341066_277,2341066,277,3368,3368,2013-08-30,Sérgio da Silva Pinto,ES1,0,0,0,0,62
2341066_2923,2341066,2923,3368,3368,2013-08-30,Andreas Ivanschitz,ES1,0,0,1,0,18
2346028_2148,2346028,2148,2293,2944,2013-08-30,Erdal Kilicaslan,TR1,0,0,0,1,90
2346028_2587,2346028,2587,10484,524,2013-08-30,Elyasa Süme,TR1,0,0,0,0,90
2366616_2219,2366616,2219,27,27,2013-08-30,Philipp Lahm,USC,0,0,0,0,120
2366616_3160,2366616,3160,631,631,2013-08-30,John Terry,USC,0,0,0,0,7
2366616_3163,2366616,3163,631,281,2013-08-30,Frank Lampard,USC,0,0,0,0,120
2366616_3182,2366616,3182,631,12,2013-08-30,Ashley Cole,USC,1,0,0,0,120
2321063_1321,2321063,1321,33,114,2013-08-31,Jermaine Jones,L1,0,0,0,0,12
2321063_598,2321063,598,33,24,2013-08-31,Timo Hildebrand,L1,0,0,0,0,90
2321064_1277,2321064,1277,86,86,2013-08-31,Clemens Fritz,L1,0,0,0,0,90
2321064_568,2321064,568,18,18,2013-08-31,Martin Stranzl,L1,0,0,0,0,90
2321066_1139,2321066,1139,39,39,2013-08-31,Nikolce Noveski,L1,0,0,0,0,90
2321066_1586,2321066,1586,42,42,2013-08-31,Christian Schulz,L1,0,0,0,0,5
2321066_892,2321066,892,39,39,2013-08-31,Heinz Müller,L1,0,0,0,0,90
2321067_1095,2321067,1095,44,44,2013-08-31,Peer Kluge,L1,0,0,0,0,3
2321067_1667,2321067,1667,82,162,2013-08-31,Diego Benaglio,L1,0,0,0,0,90
2321068_1094,2321068,1094,4,4,2013-08-31,Emanuel Pogatetz,L1,0,0,0,0,90
2321068_1150,2321068,1150,4,4,2013-08-31,Raphael Schäfer,L1,1,0,0,0,90
2321068_1791,2321068,1791,167,167,2013-08-31,Halil Altintop,L1,0,0,0,0,90
2321068_1986,2321068,1986,4,167,2013-08-31,Markus Feulner,L1,0,0,0,0,90
2321068_823,2321068,823,4,4,2013-08-31,Hanno Balitsch,L1,0,0,0,0,90
2321070_1726,2321070,1726,41,610,2013-08-31,Heiko Westermann,L1,0,0,0,0,90
2321070_1784,2321070,1784,41,39,2013-08-31,René Adler,L1,0,0,0,0,90
2321070_1944,2321070,1944,23,23,2013-08-31,Deniz Dogan,L1,0,0,0,0,90
2331958_3297,2331958,3297,603,603,2013-08-31,Craig Bellamy,GB1,0,0,0,0,78
2331958_3356,2331958,3356,29,989,2013-08-31,Sylvain Distin,GB1,0,0,0,0,90
2334885_3322,2334885,3322,903,903,2013-08-31,Ben Williams,SC1,0,0,0,0,90
2334893_3269,2334893,3269,370,370,2013-08-31,Calvin Zola,SC1,0,0,0,0,2
2334893_3287,2334893,3287,2578,2578,2013-08-31,Steve Banks,SC1,0,0,0,0,90
2346031_3216,2346031,3216,589,589,2013-08-31,Milan Baros,TR1,0,0,1,0,90
2346031_933,2346031,933,589,2293,2013-08-31,Ugur Inceman,TR1,0,0,0,0,64
2350377_3333,2350377,3333,281,1237,2013-08-31,James Milner,GB1,0,0,0,0,14
2350378_1662,2350378,1662,931,33,2013-08-31,Sascha Riether,GB1,0,0,0,0,73
2350378_3220,2350378,3220,931,931,2013-08-31,John Arne Riise,GB1,1,0,0,0,90
2350378_3276,2350378,3276,762,873,2013-08-31,Shola Ameobi,GB1,0,0,0,0,65
2350378_65,2350378,65,931,1091,2013-08-31,Dimitar Berbatov,GB1,0,0,0,0,90
2350381_1368,2350381,1368,379,1519,2013-08-31,Guy Demel,GB1,0,0,0,0,90
2350381_2998,2350381,2998,512,1003,2013-08-31,Robert Huth,GB1,0,0,0,0,90
2350381_3195,2350381,3195,512,512,2013-08-31,Jermaine Pennant,GB1,0,0,1,0,14
2350381_3306,2350381,3306,512,1132,2013-08-31,Jonathan Walters,GB1,0,0,0,0,90
2351941_1083,2351941,1083,128,128,2013-08-31,Julian de Guzmán,GR1,0,0,0,0,90
2359220_10,2359220,10,398,398,2013-08-31,Miroslav Klose,IT1,0,0,1,0,82
2359220_2865,2359220,2865,506,167,2013-08-31,Stephan Lichtsteiner,IT1,0,0,0,0,79
2321065_1426,2321065,1426,79,79,2013-09-01,Cacau,L1,0,0,0,0,22
2321071_26,2321071,26,16,16,2013-09-01,Roman Weidenfeller,L1,0,0,0,0,90
2321071_410,2321071,410,16,16,2013-09-01,Sebastian Kehl,L1,0,0,0,0,4
2329327_1423,2329327,1423,190,855,2013-09-01,Lars Jacobsen,DK1,0,0,0,1,90
2329327_3098,2329327,3098,190,190,2013-09-01,Olof Mellberg,DK1,0,0,1,0,90
2329339_276,2329339,276,20100,20100,2013-09-01,Sladan Peric,DK1,0,0,0,0,86
2335094_1075,2335094,1075,121,121,2013-09-01,Andriy Voronin,RU1,0,0,0,0,13
2335094_3321,2335094,3321,121,3725,2013-09-01,Luke Wilkshire,RU1,0,0,0,0,90
2341078_215,2341078,215,1084,1084,2013-09-01,Roque Santa Cruz,ES1,0,0,1,0,77
2342306_1443,2342306,1443,610,190,2013-09-01,Christian Poulsen,NL1,0,0,0,0,90
2346027_3132,2346027,3132,126,126,2013-09-01,Florin Cernat,TR1,0,0,0,0,60
2346033_3059,2346033,3059,524,524,2013-09-01,Ekrem Dag,TR1,1,0,0,0,45
2350380_3226,2350380,3226,984,984,2013-09-01,Nicolas Anelka,GB1,0,0,0,0,90
2350383_3109,2350383,3109,31,31,2013-09-01,Steven Gerrard,GB1,0,0,0,0,90
2350383_3235,2350383,3235,985,1039,2013-09-01,Rio Ferdinand,GB1,0,0,0,0,90
2350383_3406,2350383,3406,985,985,2013-09-01,Ryan Giggs,GB1,0,0,0,0,73
2350384_132,2350384,132,11,11,2013-09-01,Tomas Rosicky,GB1,1,0,0,0,79
2359216_2926,2359216,2926,1025,105,2013-09-01,György Garics,IT1,0,0,0,1,90
2359223_735,2359223,735,1210,1210,2013-09-01,Giuseppe Gemiti,IT1,0,0,0,0,70
2351939_3201,2351939,3201,3060,265,2013-09-02,Stathis Tavlaridis,GR1,1,0,0,0,75
2321080_1426,2321080,1426,79,79,2013-09-13,Cacau,L1,0,0,0,0,1
2346036_3216,2346036,3216,589,589,2013-09-13,Milan Baros,TR1,0,0,0,0,64
2346036_755,2346036,755,589,589,2013-09-13,Deniz Baris,TR1,0,0,0,0,19
2321072_1726,2321072,1726,41,610,2013-09-14,Heiko Westermann,L1,0,0,1,0,90
2321072_1784,2321072,1784,41,39,2013-09-14,René Adler,L1,0,0,0,0,90
2321072_26,2321072,26,16,16,2013-09-14,Roman Weidenfeller,L1,0,0,0,0,90
2321073_1586,2321073,1586,42,42,2013-09-14,Christian Schulz,L1,0,0,0,0,16
2321073_2219,2321073,2219,27,27,2013-09-14,Philipp Lahm,L1,0,0,0,0,90
2321073_3114,2321073,3114,42,42,2013-09-14,Jan Schlaudraff,L1,0,0,0,0,8
2321074_1667,2321074,1667,82,162,2013-09-14,Diego Benaglio,L1,0,0,0,0,90
2321074_3256,2321074,3256,15,15,2013-09-14,Roberto Hilbert,L1,0,0,0,0,74
2321074_691,2321074,691,15,15,2013-09-14,Simon Rolfes,L1,0,0,0,1,90
2321075_1277,2321075,1277,86,86,2013-09-14,Clemens Fritz,L1,0,0,0,0,90
2321077_1139,2321077,1139,39,39,2013-09-14,Nikolce Noveski,L1,0,0,0,0,90
2321077_1321,2321077,1321,33,114,2013-09-14,Jermaine Jones,L1,0,0,0,0,21
2321077_598,2321077,598,33,24,2013-09-14,Timo Hildebrand,L1,0,0,0,0,90
2321077_892,2321077,892,39,39,2013-09-14,Heinz Müller,L1,0,0,0,0,90
2321078_1428,2321078,1428,60,60,2013-09-14,Mike Hanke,L1,0,0,0,0,14
2321078_1791,2321078,1791,167,167,2013-09-14,Halil Altintop,L1,0,0,1,0,86
2329341_1423,2329341,1423,190,855,2013-09-14,Lars Jacobsen,DK1,0,0,0,0,90
2329341_3098,2329341,3098,190,190,2013-09-14,Olof Mellberg,DK1,0,0,0,0,90
2332005_2998,2332005,2998,512,1003,2013-09-14,Robert Huth,GB1,0,0,0,0,90
2332005_3306,2332005,3306,512,1132,2013-09-14,Jonathan Walters,GB1,1,0,0,0,90
2332005_3333,2332005,3333,281,1237,2013-09-14,James Milner,GB1,0,0,0,0,90
2332016_3235,2332016,3235,985,1039,2013-09-14,Rio Ferdinand,GB1,0,0,0,0,90
2332016_3332,2332016,3332,985,985,2013-09-14,Wayne Rooney,GB1,0,0,1,0,90
2332022_3160,2332022,3160,631,631,2013-09-14,John Terry,GB1,0,0,0,0,90
2332022_3163,2332022,3163,631,281,2013-09-14,Frank Lampard,GB1,0,0,0,0,33
2332022_3182,2332022,3182,631,12,2013-09-14,Ashley Cole,GB1,0,0,0,0,69
2332022_3291,2332022,3291,29,984,2013-09-14,Gareth Barry,GB1,0,0,0,0,90
2332022_3356,2332022,3356,29,989,2013-09-14,Sylvain Distin,GB1,0,0,0,0,90
2332031_1662,2332031,1662,931,33,2013-09-14,Sascha Riether,GB1,0,0,0,0,90
2332031_3226,2332031,3226,984,984,2013-09-14,Nicolas Anelka,GB1,0,0,0,0,90
2332031_3259,2332031,3259,931,931,2013-09-14,Damien Duff,GB1,0,0,0,0,1
2332031_65,2332031,65,931,1091,2013-09-14,Dimitar Berbatov,GB1,0,0,0,0,77
2334931_3322,2334931,3322,903,903,2013-09-14,Ben Williams,SC1,0,0,0,0,90
2335042_3269,2335042,3269,370,370,2013-09-14,Calvin Zola,SC1,0,0,1,1,63
2341085_2623,2341085,2623,368,167,2013-09-14,Piotr Trochowski,ES1,0,0,0,0,32
2341100_277,2341100,277,3368,3368,2013-09-14,Sérgio da Silva Pinto,ES1,1,0,0,0,90
2341100_2923,2341100,2923,3368,3368,2013-09-14,Andreas Ivanschitz,ES1,0,0,0,0,45
2342447_3170,2342447,3170,1304,1304,2013-09-14,Simon Cziommer,NL1,0,0,0,0,15
2351928_1083,2351928,1083,128,128,2013-09-14,Julian de Guzmán,GR1,0,0,0,0,90
2359227_2865,2359227,2865,506,167,2013-09-14,Stephan Lichtsteiner,IT1,1,0,0,0,45
2359233_3366,2359233,3366,5,5,2013-09-14,Kaká,IT1,0,0,0,0,69
2321076_568,2321076,568,18,18,2013-09-15,Martin Stranzl,L1,0,0,0,0,90
2321079_1094,2321079,1094,4,4,2013-09-15,Emanuel Pogatetz,L1,0,0,0,0,90
2321079_1150,2321079,1150,4,4,2013-09-15,Raphael Schäfer,L1,0,0,0,0,90
2321079_1659,2321079,1659,23,23,2013-09-15,Dennis Kruppke,L1,0,0,0,0,3
2321079_1944,2321079,1944,23,23,2013-09-15,Deniz Dogan,L1,0,0,0,0,90
2321079_2386,2321079,2386,23,23,2013-09-15,Marjan Petkovic,L1,0,0,0,0,90
2321079_823,2321079,823,4,4,2013-09-15,Hanno Balitsch,L1,0,0,0,0,90
2329320_2703,2329320,2703,173,173,2013-09-15,Morten Skoubo,DK1,1,0,0,0,85
2329333_276,2329333,276,20100,20100,2013-09-15,Sladan Peric,DK1,0,0,0,0,28
2332010_1368,2332010,1368,379,1519,2013-09-15,Guy Demel,GB1,0,0,0,0,61
2346035_2148,2346035,2148,2293,2944,2013-09-15,Erdal Kilicaslan,TR1,0,0,0,0,90
2359228_10,2359228,10,398,398,2013-09-15,Miroslav Klose,IT1,0,0,0,0,90
2359234_2926,2359234,2926,1025,105,2013-09-15,György Garics,IT1,0,0,0,0,90
2332011_3109,2332011,3109,31,31,2013-09-16,Steven Gerrard,GB1,0,0,0,0,90
2332011_3202,2332011,3202,31,371,2013-09-16,Kolo Touré,GB1,0,0,0,0,21
2335105_1075,2335105,1075,121,121,2013-09-16,Andriy Voronin,RU1,0,0,3,0,78
2335105_3321,2335105,3321,121,3725,2013-09-16,Luke Wilkshire,RU1,0,0,0,0,90
2346039_2587,2346039,2587,10484,524,2013-09-16,Elyasa Süme,TR1,0,0,0,0,1
2351923_3201,2351923,3201,3060,265,2013-09-16,Stathis Tavlaridis,GR1,0,0,0,0,90
2367027_3235,2367027,3235,985,1039,2013-09-17,Rio Ferdinand,CL,0,0,0,0,90
2367027_3332,2367027,3332,985,985,2013-09-17,Wayne Rooney,CL,0,0,2,1,84
2367027_691,2367027,691,15,15,2013-09-17,Simon Rolfes,CL,0,0,1,0,90
2367030_1423,2367030,1423,190,855,2013-09-17,Lars Jacobsen,CL,0,0,0,0,90
2367030_2865,2367030,2865,506,167,2013-09-17,Stephan Lichtsteiner,CL,1,0,0,0,86
2367030_3098,2367030,3098,190,190,2013-09-17,Olof Mellberg,CL,1,0,0,0,90
2367033_2219,2367033,2219,27,27,2013-09-17,Philipp Lahm,CL,0,0,0,0,90
2367033_2514,2367033,2514,27,985,2013-09-17,Bastian Schweinsteiger,CL,0,0,0,0,19
2367033_532,2367033,532,27,86,2013-09-17,Claudio Pizarro,CL,0,0,0,0,15
2367034_3333,2367034,3333,281,1237,2013-09-17,James Milner,CL,0,0,0,0,23
2367093_598,2367093,598,33,24,2013-09-18,Timo Hildebrand,CL,0,0,0,0,90
2367094_3163,2367094,3163,631,281,2013-09-18,Frank Lampard,CL,0,0,0,1,76
2367094_3182,2367094,3182,631,12,2013-09-18,Ashley Cole,CL,0,0,0,0,90
2367096_26,2367096,26,16,16,2013-09-18,Roman Weidenfeller,CL,0,1,0,0,45
2367099_1443,2367099,1443,610,190,2013-09-18,Christian Poulsen,CL,0,0,0,0,90
2367221_1428,2367221,1428,60,60,2013-09-19,Mike Hanke,EL,0,0,0,1,79
2321082_1659,2321082,1659,23,23,2013-09-20,Dennis Kruppke,L1,0,0,0,0,7
2321082_1944,2321082,1944,23,23,2013-09-20,Deniz Dogan,L1,0,0,0,0,90
2321082_2386,2321082,2386,23,23,2013-09-20,Marjan Petkovic,L1,0,0,0,0,90
2321082_568,2321082,568,18,18,2013-09-20,Martin Stranzl,L1,0,0,0,0,90
2346049_1896,2346049,1896,19771,19771,2013-09-20,Ahmet Cebe,TR1,0,0,0,0,68
2346049_3059,2346049,3059,524,524,2013-09-20,Ekrem Dag,TR1,0,0,0,0,45
2321081_1321,2321081,1321,33,114,2013-09-21,Jermaine Jones,L1,0,0,0,0,90
2321081_2219,2321081,2219,27,27,2013-09-21,Philipp Lahm,L1,0,0,0,0,90
2321081_2514,2321081,2514,27,985,2013-09-21,Bastian Schweinsteiger,L1,0,0,1,0,78
2321081_532,2321081,532,27,86,2013-09-21,Claudio Pizarro,L1,0,0,1,0,9
2321081_598,2321081,598,33,24,2013-09-21,Timo Hildebrand,L1,0,0,0,0,90
2321084_1586,2321084,1586,42,42,2013-09-21,Christian Schulz,L1,0,0,0,0,1
2321084_1791,2321084,1791,167,167,2013-09-21,Halil Altintop,L1,0,0,0,0,90
2321085_1667,2321085,1667,82,162,2013-09-21,Diego Benaglio,L1,0,0,0,0,90
2321086_1094,2321086,1094,4,4,2013-09-21,Emanuel Pogatetz,L1,0,0,0,0,90
2321086_1150,2321086,1150,4,4,2013-09-21,Raphael Schäfer,L1,0,0,0,0,90
2321086_26,2321086,26,16,16,2013-09-21,Roman Weidenfeller,L1,0,0,0,0,90
2321088_1139,2321088,1139,39,39,2013-09-21,Nikolce Noveski,L1,0,0,0,0,90
2321088_3256,2321088,3256,15,15,2013-09-21,Roberto Hilbert,L1,0,0,0,0,90
2321088_691,2321088,691,15,15,2013-09-21,Simon Rolfes,L1,0,0,0,2,90
2321088_892,2321088,892,39,39,2013-09-21,Heinz Müller,L1,0,0,0,0,90
2321089_1277,2321089,1277,86,86,2013-09-21,Clemens Fritz,L1,1,0,0,1,90
2321089_1726,2321089,1726,41,610,2013-09-21,Heiko Westermann,L1,0,0,0,0,90
2321089_1784,2321089,1784,41,39,2013-09-21,René Adler,L1,0,0,0,0,90
2331981_2874,2331981,2874,379,265,2013-09-21,Mladen Petric,GB1,0,0,0,0,27
2331981_3291,2331981,3291,29,984,2013-09-21,Gareth Barry,GB1,0,0,0,0,90
2331981_3356,2331981,3356,29,989,2013-09-21,Sylvain Distin,GB1,0,0,0,0,90
2331991_3109,2331991,3109,31,31,2013-09-21,Steven Gerrard,GB1,0,0,0,0,90
2331991_3202,2331991,3202,31,371,2013-09-21,Kolo Touré,GB1,0,0,0,0,90
2331999_1662,2331999,1662,931,33,2013-09-21,Sascha Riether,GB1,0,0,0,0,90
2331999_3160,2331999,3160,631,631,2013-09-21,John Terry,GB1,0,0,0,1,90
2331999_3163,2331999,3163,631,281,2013-09-21,Frank Lampard,GB1,0,0,0,0,10
2331999_3182,2331999,3182,631,12,2013-09-21,Ashley Cole,GB1,0,0,0,0,90
2331999_3259,2331999,3259,931,931,2013-09-21,Damien Duff,GB1,0,0,0,0,64
2332003_3226,2332003,3226,984,984,2013-09-21,Nicolas Anelka,GB1,0,0,0,0,69
2334926_3322,2334926,3322,903,903,2013-09-21,Ben Williams,SC1,0,0,0,0,90
2334933_3269,2334933,3269,370,370,2013-09-21,Calvin Zola,SC1,0,0,0,0,67
2335111_1075,2335111,1075,121,121,2013-09-21,Andriy Voronin,RU1,0,0,0,0,89
2335111_1331,2335111,1331,121,533,2013-09-21,Kevin Kuranyi,RU1,0,0,0,0,1
2335111_3321,2335111,3321,121,3725,2013-09-21,Luke Wilkshire,RU1,1,0,0,0,90
2341092_2233,2341092,2233,3368,3368,2013-09-21,Christian Lell,ES1,1,0,0,0,90
2341092_277,2341092,277,3368,3368,2013-09-21,Sérgio da Silva Pinto,ES1,1,0,0,1,90
2341092_2923,2341092,2923,3368,3368,2013-09-21,Andreas Ivanschitz,ES1,1,0,0,0,81
2341194_215,2341194,215,1084,1084,2013-09-21,Roque Santa Cruz,ES1,0,0,0,0,24
2342340_3170,2342340,3170,1304,1304,2013-09-21,Simon Cziommer,NL1,0,0,0,0,8
2346043_2148,2346043,2148,2293,2944,2013-09-21,Erdal Kilicaslan,TR1,0,0,1,0,90
2346044_2587,2346044,2587,10484,524,2013-09-21,Elyasa Süme,TR1,0,0,0,0,90
2346046_755,2346046,755,589,589,2013-09-21,Deniz Baris,TR1,0,0,0,0,75
2346046_933,2346046,933,589,2293,2013-09-21,Ugur Inceman,TR1,1,0,0,1,33
2351920_3201,2351920,3201,3060,265,2013-09-21,Stathis Tavlaridis,GR1,1,0,0,0,90
2321083_1426,2321083,1426,79,79,2013-09-22,Cacau,L1,0,0,0,0,1
2321087_1428,2321087,1428,60,60,2013-09-22,Mike Hanke,L1,0,0,0,0,14
2321087_411,2321087,411,44,44,2013-09-22,Levan Kobiashvili,L1,0,0,0,0,70
2329344_1423,2329344,1423,190,855,2013-09-22,Lars Jacobsen,DK1,0,0,0,0,90
2329344_2703,2329344,2703,173,173,2013-09-22,Morten Skoubo,DK1,0,0,0,0,87
2329344_3098,2329344,3098,190,190,2013-09-22,Olof Mellberg,DK1,0,0,0,0,90
2332001_3235,2332001,3235,985,1039,2013-09-22,Rio Ferdinand,GB1,0,0,0,0,90
2332001_3332,2332001,3332,985,985,2013-09-22,Wayne Rooney,GB1,1,0,1,0,90
2332001_3333,2332001,3333,281,1237,2013-09-22,James Milner,GB1,0,0,0,0,19
2332006_3297,2332006,3297,603,603,2013-09-22,Craig Bellamy,GB1,0,0,0,0,77
2332019_2998,2332019,2998,512,1003,2013-09-22,Robert Huth,GB1,1,0,0,0,90
2332019_3195,2332019,3195,512,512,2013-09-22,Jermaine Pennant,GB1,0,0,0,0,15
2332019_3306,2332019,3306,512,1132,2013-09-22,Jonathan Walters,GB1,0,0,0,0,90
2346050_3132,2346050,3132,126,126,2013-09-22,Florin Cernat,TR1,0,0,1,0,60
2359236_2926,2359236,2926,1025,105,2013-09-22,György Garics,IT1,0,0,0,0,90
2359243_10,2359243,10,398,398,2013-09-22,Miroslav Klose,IT1,0,0,0,0,90
2351929_1083,2351929,1083,128,128,2013-09-23,Julian de Guzmán,GR1,0,0,0,0,90
2341195_215,2341195,215,1084,1084,2013-09-24,Roque Santa Cruz,ES1,0,0,0,1,17
2341207_2233,2341207,2233,3368,3368,2013-09-24,Christian Lell,ES1,0,0,0,0,90
2341207_277,2341207,277,3368,3368,2013-09-24,Sérgio da Silva Pinto,ES1,0,0,0,0,90
2341207_2923,2341207,2923,3368,3368,2013-09-24,Andreas Ivanschitz,ES1,0,0,0,0,56
2359246_2865,2359246,2865,506,167,2013-09-24,Stephan Lichtsteiner,IT1,0,0,0,0,26
2361067_1791,2361067,1791,167,167,2013-09-24,Halil Altintop,DFB,0,0,0,0,62
2361073_1667,2361073,1667,82,162,2013-09-24,Diego Benaglio,DFB,0,0,0,0,90
2361074_691,2361074,691,15,15,2013-09-24,Simon Rolfes,DFB,0,0,0,0,90
2361075_1726,2361075,1726,41,610,2013-09-24,Heiko Westermann,DFB,0,0,0,0,90
2361075_1784,2361075,1784,41,39,2013-09-24,René Adler,DFB,0,0,0,0,90
2361079_1139,2361079,1139,39,39,2013-09-24,Nikolce Noveski,DFB,0,0,0,0,90
2361079_1363,2361079,1363,39,33,2013-09-24,Christian Wetklo,DFB,0,0,0,0,90
2326895_1443,2326895,1443,610,190,2013-09-25,Christian Poulsen,NLP,0,0,0,0,80
2341190_2623,2341190,2623,368,167,2013-09-25,Piotr Trochowski,ES1,1,0,0,0,74
2359245_2926,2359245,2926,1025,105,2013-09-25,György Garics,IT1,0,0,0,0,90
2361070_1321,2361070,1321,33,114,2013-09-25,Jermaine Jones,DFB,0,0,0,0,90
2361070_258,2361070,258,33,33,2013-09-25,Gerald Asamoah,DFB,0,0,0,0,1
2361070_598,2361070,598,33,24,2013-09-25,Timo Hildebrand,DFB,0,0,0,0,90
2361076_2219,2361076,2219,27,27,2013-09-25,Philipp Lahm,DFB,0,0,0,0,90
2361076_2514,2361076,2514,27,985,2013-09-25,Bastian Schweinsteiger,DFB,0,0,0,0,68
2361076_3114,2361076,3114,42,42,2013-09-25,Jan Schlaudraff,DFB,0,0,0,0,45
2361076_532,2361076,532,27,86,2013-09-25,Claudio Pizarro,DFB,0,0,1,0,62
2361081_1381,2361081,1381,44,44,2013-09-25,Maik Franz,DFB,0,0,0,0,90
2361082_1426,2361082,1426,79,79,2013-09-25,Cacau,DFB,1,0,0,0,4
2361082_1428,2361082,1428,60,60,2013-09-25,Mike Hanke,DFB,0,0,1,0,70
2335128_1075,2335128,1075,121,121,2013-09-26,Andriy Voronin,RU1,0,0,0,0,45
2335128_1331,2335128,1331,121,533,2013-09-26,Kevin Kuranyi,RU1,2,0,0,0,13
2379323_3201,2379323,3201,3060,265,2013-09-26,Stathis Tavlaridis,GRP,0,0,0,0,90
2321113_1791,2321113,1791,167,167,2013-09-27,Halil Altintop,L1,0,0,0,0,76
2321113_568,2321113,568,18,18,2013-09-27,Martin Stranzl,L1,1,0,0,0,90
2329297_276,2329297,276,20100,20100,2013-09-27,Sladan Peric,DK1,0,0,0,0,17
2341184_215,2341184,215,1084,1084,2013-09-27,Roque Santa Cruz,ES1,0,0,1,0,90
2346054_1896,2346054,1896,19771,19771,2013-09-27,Ahmet Cebe,TR1,1,0,0,0,69
2321108_2150,2321108,2150,16,16,2013-09-28,Oliver Kirch,L1,0,0,0,0,45
2321108_26,2321108,26,16,16,2013-09-28,Roman Weidenfeller,L1,0,0,0,0,90
2321109_1667,2321109,1667,82,162,2013-09-28,Diego Benaglio,L1,0,0,0,0,90
2321109_2219,2321109,2219,27,27,2013-09-28,Philipp Lahm,L1,0,0,0,0,90
2321109_2514,2321109,2514,27,985,2013-09-28,Bastian Schweinsteiger,L1,1,0,0,0,62
2321110_3114,2321110,3114,42,42,2013-09-28,Jan Schlaudraff,L1,0,0,0,0,29
2321110_3256,2321110,3256,15,15,2013-09-28,Roberto Hilbert,L1,0,0,0,0,90
2321110_691,2321110,691,15,15,2013-09-28,Simon Rolfes,L1,0,0,1,0,90
2321112_1321,2321112,1321,33,114,2013-09-28,Jermaine Jones,L1,0,0,0,0,86
2321112_598,2321112,598,33,24,2013-09-28,Timo Hildebrand,L1,0,0,0,0,90
2321115_1726,2321115,1726,41,610,2013-09-28,Heiko Westermann,L1,0,0,0,0,90
2321115_1784,2321115,1784,41,39,2013-09-28,René Adler,L1,0,0,0,0,90
2321116_1139,2321116,1139,39,39,2013-09-28,Nikolce Noveski,L1,1,0,0,0,45
2321116_892,2321116,892,39,39,2013-09-28,Heinz Müller,L1,0,0,0,0,90
2329313_1423,2329313,1423,190,855,2013-09-28,Lars Jacobsen,DK1,0,0,0,0,90
2329313_3098,2329313,3098,190,190,2013-09-28,Olof Mellberg,DK1,0,0,0,0,66
2329725_3176,2329725,3176,2282,2282,2013-09-28,Eidur Gudjohnsen,BE1,0,0,0,0,13
2331971_1662,2331971,1662,931,33,2013-09-28,Sascha Riether,GB1,0,0,0,1,90
2331971_3297,2331971,3297,603,603,2013-09-28,Craig Bellamy,GB1,0,0,0,0,9
2331971_65,2331971,65,931,1091,2013-09-28,Dimitar Berbatov,GB1,1,0,0,0,90
2331973_3160,2331973,3160,631,631,2013-09-28,John Terry,GB1,0,0,1,0,90
2331973_3163,2331973,3163,631,281,2013-09-28,Frank Lampard,GB1,0,0,0,0,90
2331973_3182,2331973,3182,631,12,2013-09-28,Ashley Cole,GB1,0,0,0,0,90
2331978_3131,2331978,3131,873,873,2013-09-28,Kevin Phillips,GB1,0,0,0,0,17
2331979_3235,2331979,3235,985,1039,2013-09-28,Rio Ferdinand,GB1,0,0,0,0,90
2331979_3332,2331979,3332,985,985,2013-09-28,Wayne Rooney,GB1,0,0,1,0,90
2331982_3333,2331982,3333,281,1237,2013-09-28,James Milner,GB1,0,0,0,0,90
2331984_2874,2331984,2874,379,265,2013-09-28,Mladen Petric,GB1,0,0,0,0,31
2334938_3322,2334938,3322,903,903,2013-09-28,Ben Williams,SC1,0,0,0,0,90
2341167_2623,2341167,2623,368,167,2013-09-28,Piotr Trochowski,ES1,0,0,0,0,90
2342331_3170,2342331,3170,1304,1304,2013-09-28,Simon Cziommer,NL1,0,0,0,1,45
2342427_1443,2342427,1443,610,190,2013-09-28,Christian Poulsen,NL1,0,0,0,0,90
2346059_3132,2346059,3132,126,126,2013-09-28,Florin Cernat,TR1,0,0,0,0,45
2346060_3059,2346060,3059,524,524,2013-09-28,Ekrem Dag,TR1,0,0,0,0,90
2321111_1094,2321111,1094,4,4,2013-09-29,Emanuel Pogatetz,L1,0,0,0,0,90
2321111_1150,2321111,1150,4,4,2013-09-29,Raphael Schäfer,L1,0,0,0,0,90
2321111_1277,2321111,1277,86,86,2013-09-29,Clemens Fritz,L1,0,0,0,0,80
2321114_1426,2321114,1426,79,79,2013-09-29,Cacau,L1,0,0,0,0,3
2321114_1944,2321114,1944,23,23,2013-09-29,Deniz Dogan,L1,0,0,0,0,90
2321114_2386,2321114,2386,23,23,2013-09-29,Marjan Petkovic,L1,0,0,0,0,90
2329306_2703,2329306,2703,173,173,2013-09-29,Morten Skoubo,DK1,0,0,0,0,90
2331972_3109,2331972,3109,31,31,2013-09-29,Steven Gerrard,GB1,0,0,0,1,90
2331972_3202,2331972,3202,31,371,2013-09-29,Kolo Touré,GB1,0,0,0,0,90
2331985_2998,2331985,2998,512,1003,2013-09-29,Robert Huth,GB1,0,0,0,0,90
2331985_3195,2331985,3195,512,512,2013-09-29,Jermaine Pennant,GB1,0,0,0,0,45
2331985_3306,2331985,3306,512,1132,2013-09-29,Jonathan Walters,GB1,0,0,0,0,45
2335138_3321,2335138,3321,121,3725,2013-09-29,Luke Wilkshire,RU1,0,0,0,0,90
2341173_2233,2341173,2233,3368,3368,2013-09-29,Christian Lell,ES1,0,0,0,0,45
2341173_2923,2341173,2923,3368,3368,2013-09-29,Andreas Ivanschitz,ES1,0,0,0,0,15
2346053_2587,2346053,2587,10484,524,2013-09-29,Elyasa Süme,TR1,1,0,0,0,90
2346056_2148,2346056,2148,2293,2944,2013-09-29,Erdal Kilicaslan,TR1,0,0,0,0,90
2351911_1083,2351911,1083,128,128,2013-09-29,Julian de Guzmán,GR1,1,0,0,0,90
2359262_2926,2359262,2926,1025,105,2013-09-29,György Garics,IT1,0,0,0,0,90
2359264_2865,2359264,2865,506,167,2013-09-29,Stephan Lichtsteiner,IT1,0,0,0,0,90
2331983_3291,2331983,3291,29,984,2013-09-30,Gareth Barry,GB1,1,0,0,0,90
2331983_3356,2331983,3356,29,989,2013-09-30,Sylvain Distin,GB1,0,0,0,0,90
2334928_3269,2334928,3269,370,370,2013-09-30,Calvin Zola,SC1,1,0,0,0,63
2346058_3216,2346058,3216,589,589,2013-09-30,Milan Baros,TR1,0,0,0,0,2
2346058_933,2346058,933,589,2293,2013-09-30,Ugur Inceman,TR1,0,0,0,0,79
2351914_3201,2351914,3201,3060,265,2013-09-30,Stathis Tavlaridis,GR1,1,0,0,0,90
2367101_1443,2367101,1443,610,190,2013-10-01,Christian Poulsen,CL,0,0,0,0,90
2367103_598,2367103,598,33,24,2013-10-01,Timo Hildebrand,CL,0,0,0,0,90
2367104_3160,2367104,3160,631,631,2013-10-01,John Terry,CL,0,0,0,0,90
2367104_3163,2367104,3163,631,281,2013-10-01,Frank Lampard,CL,1,0,1,0,90
2367104_3182,2367104,3182,631,12,2013-10-01,Ashley Cole,CL,1,0,0,0,90
2367106_132,2367106,132,11,11,2013-10-01,Tomas Rosicky,CL,0,0,0,0,63
2367108_2219,2367108,2219,27,27,2013-10-02,Philipp Lahm,CL,0,0,0,0,90
2367108_2514,2367108,2514,27,985,2013-10-02,Bastian Schweinsteiger,CL,0,0,0,0,76
2367108_3333,2367108,3333,281,1237,2013-10-02,James Milner,CL,1,0,0,0,20
2367109_3406,2367109,3406,985,985,2013-10-02,Ryan Giggs,CL,0,0,0,0,24
2367110_3256,2367110,3256,15,15,2013-10-02,Roberto Hilbert,CL,0,0,0,0,90
2367110_691,2367110,691,15,15,2013-10-02,Simon Rolfes,CL,0,0,1,0,90
2367111_2865,2367111,2865,506,167,2013-10-02,Stephan Lichtsteiner,CL,0,0,0,0,45
2367112_1423,2367112,1423,190,855,2013-10-02,Lars Jacobsen,CL,0,0,0,0,90
2367112_3098,2367112,3098,190,190,2013-10-02,Olof Mellberg,CL,0,0,0,0,90
2367230_488,2367230,488,2288,2288,2013-10-03,Gerhard Tremmel,EL,0,0,0,0,90
2370873_1428,2370873,1428,60,60,2013-10-03,Mike Hanke,EL,0,0,0,0,90
2370873_2623,2370873,2623,368,167,2013-10-03,Piotr Trochowski,EL,0,0,0,0,55
2321121_1586,2321121,1586,42,42,2013-10-04,Christian Schulz,L1,0,0,1,0,90
2321121_3114,2321121,3114,42,42,2013-10-04,Jan Schlaudraff,L1,1,0,0,0,57
2330934_3266,2330934,3266,1158,1158,2013-10-04,Jérémie Aliadière,FR1,0,0,0,0,76
2341186_215,2341186,215,1084,1084,2013-10-04,Roque Santa Cruz,ES1,0,0,0,0,90
2321117_1791,2321117,1791,167,167,2013-10-05,Halil Altintop,L1,0,0,0,0,18
2321117_598,2321117,598,33,24,2013-10-05,Timo Hildebrand,L1,0,0,0,0,90
2321118_26,2321118,26,16,16,2013-10-05,Roman Weidenfeller,L1,0,0,0,0,90
2321118_568,2321118,568,18,18,2013-10-05,Martin Stranzl,L1,1,0,0,0,90
2321119_2219,2321119,2219,27,27,2013-10-05,Philipp Lahm,L1,0,0,0,0,90
2321119_2514,2321119,2514,27,985,2013-10-05,Bastian Schweinsteiger,L1,0,0,0,0,90
2321119_691,2321119,691,15,15,2013-10-05,Simon Rolfes,L1,0,0,0,0,90
2321120_1277,2321120,1277,86,86,2013-10-05,Clemens Fritz,L1,0,0,0,0,90
2321122_1659,2321122,1659,23,23,2013-10-05,Dennis Kruppke,L1,0,0,0,0,2
2321122_1667,2321122,1667,82,162,2013-10-05,Diego Benaglio,L1,0,0,0,0,90
2321122_1944,2321122,1944,23,23,2013-10-05,Deniz Dogan,L1,0,0,0,0,90
2321125_1139,2321125,1139,39,39,2013-10-05,Nikolce Noveski,L1,0,0,0,0,90
2321125_892,2321125,892,39,39,2013-10-05,Heinz Müller,L1,0,0,0,0,90
2331960_1662,2331960,1662,931,33,2013-10-05,Sascha Riether,GB1,0,0,0,0,90
2331960_2998,2331960,2998,512,1003,2013-10-05,Robert Huth,GB1,0,0,0,0,90
2331960_3259,2331960,3259,931,931,2013-10-05,Damien Duff,GB1,0,0,0,0,90
2331960_3306,2331960,3306,512,1132,2013-10-05,Jonathan Walters,GB1,1,0,0,0,84
2331960_65,2331960,65,931,1091,2013-10-05,Dimitar Berbatov,GB1,0,0,0,0,66
2331962_3109,2331962,3109,31,31,2013-10-05,Steven Gerrard,GB1,0,0,1,0,90
2331962_3202,2331962,3202,31,371,2013-10-05,Kolo Touré,GB1,0,0,0,0,90
2331970_3297,2331970,3297,603,603,2013-10-05,Craig Bellamy,GB1,0,0,0,0,24
2332103_3332,2332103,3332,985,985,2013-10-05,Wayne Rooney,GB1,1,0,0,0,90
2332118_3333,2332118,3333,281,1237,2013-10-05,James Milner,GB1,1,0,0,0,90
2332118_3356,2332118,3356,29,989,2013-10-05,Sylvain Distin,GB1,1,0,0,0,90
2341174_277,2341174,277,3368,3368,2013-10-05,Sérgio da Silva Pinto,ES1,0,0,0,0,2
2341174_2923,2341174,2923,3368,3368,2013-10-05,Andreas Ivanschitz,ES1,0,0,0,0,90
2342322_3170,2342322,3170,1304,1304,2013-10-05,Simon Cziommer,NL1,0,0,0,0,7
2346061_2148,2346061,2148,2293,2944,2013-10-05,Erdal Kilicaslan,TR1,1,0,0,0,90
2346064_3059,2346064,3059,524,524,2013-10-05,Ekrem Dag,TR1,0,0,0,0,90
2351947_3201,2351947,3201,3060,265,2013-10-05,Stathis Tavlaridis,GR1,1,0,0,0,90
2321123_1094,2321123,1094,4,4,2013-10-06,Emanuel Pogatetz,L1,1,0,0,0,90
2321123_1150,2321123,1150,4,4,2013-10-06,Raphael Schäfer,L1,0,0,0,0,90
2321123_1726,2321123,1726,41,610,2013-10-06,Heiko Westermann,L1,0,0,0,1,90
2321123_1784,2321123,1784,41,39,2013-10-06,René Adler,L1,0,0,0,0,90
2321123_1986,2321123,1986,4,167,2013-10-06,Markus Feulner,L1,0,0,0,0,24
2321124_1428,2321124,1428,60,60,2013-10-06,Mike Hanke,L1,0,0,0,0,20
2329300_2703,2329300,2703,173,173,2013-10-06,Morten Skoubo,DK1,0,0,0,0,14
2329326_1423,2329326,1423,190,855,2013-10-06,Lars Jacobsen,DK1,0,0,0,0,90
2329326_3098,2329326,3098,190,190,2013-10-06,Olof Mellberg,DK1,0,0,0,0,90
2332107_3160,2332107,3160,631,631,2013-10-06,John Terry,GB1,0,0,0,0,90
2332107_3163,2332107,3163,631,281,2013-10-06,Frank Lampard,GB1,0,0,0,0,90
2332107_3182,2332107,3182,631,12,2013-10-06,Ashley Cole,GB1,0,0,0,0,74
2332119_1368,2332119,1368,379,1519,2013-10-06,Guy Demel,GB1,0,0,0,0,90
2332120_132,2332120,132,11,11,2013-10-06,Tomas Rosicky,GB1,0,0,0,1,31
2332120_3226,2332120,3226,984,984,2013-10-06,Nicolas Anelka,GB1,0,0,0,0,69
2335150_1075,2335150,1075,121,121,2013-10-06,Andriy Voronin,RU1,0,0,0,1,76
2335150_3321,2335150,3321,121,3725,2013-10-06,Luke Wilkshire,RU1,0,0,0,0,90
2341176_2623,2341176,2623,368,167,2013-10-06,Piotr Trochowski,ES1,0,0,0,0,8
2342328_1443,2342328,1443,610,190,2013-10-06,Christian Poulsen,NL1,0,0,0,0,90
2346062_1896,2346062,1896,19771,19771,2013-10-06,Ahmet Cebe,TR1,0,0,0,0,75
2346063_2587,2346063,2587,10484,524,2013-10-06,Elyasa Süme,TR1,0,0,0,0,90
2346066_3132,2346066,3132,126,126,2013-10-06,Florin Cernat,TR1,0,0,0,0,73
2346066_3216,2346066,3216,589,589,2013-10-06,Milan Baros,TR1,1,0,1,0,45
2346066_933,2346066,933,589,2293,2013-10-06,Ugur Inceman,TR1,0,0,0,1,90
2351936_1083,2351936,1083,128,128,2013-10-06,Julian de Guzmán,GR1,0,0,0,0,45
2359265_2926,2359265,2926,1025,105,2013-10-06,György Garics,IT1,0,0,0,0,90
2335049_3322,2335049,3322,903,903,2013-10-07,Ben Williams,SC1,0,0,0,0,90
2369971_2726,2369971,2726,2990,2990,2013-10-12,Romuald Peiser,POCP,0,0,0,0,90
2321129_3256,2321129,3256,15,15,2013-10-18,Roberto Hilbert,L1,0,0,0,0,86
2321129_691,2321129,691,15,15,2013-10-18,Simon Rolfes,L1,0,0,0,0,90
2321126_1586,2321126,1586,42,42,2013-10-19,Christian Schulz,L1,0,0,0,0,90
2321126_26,2321126,26,16,16,2013-10-19,Roman Weidenfeller,L1,1,0,0,0,90
2321126_3114,2321126,3114,42,42,2013-10-19,Jan Schlaudraff,L1,0,0,0,0,13
2321127_1139,2321127,1139,39,39,2013-10-19,Nikolce Noveski,L1,0,0,0,0,90
2321127_1363,2321127,1363,39,33,2013-10-19,Christian Wetklo,L1,0,0,0,0,90
2321127_2219,2321127,2219,27,27,2013-10-19,Philipp Lahm,L1,0,0,0,0,90
2321127_2514,2321127,2514,27,985,2013-10-19,Bastian Schweinsteiger,L1,0,0,0,1,90
2321128_1277,2321128,1277,86,86,2013-10-19,Clemens Fritz,L1,0,0,0,0,90
2321132_1659,2321132,1659,23,23,2013-10-19,Dennis Kruppke,L1,0,0,0,0,14
2321132_1944,2321132,1944,23,23,2013-10-19,Deniz Dogan,L1,0,0,0,0,90
2321133_1094,2321133,1094,4,4,2013-10-19,Emanuel Pogatetz,L1,0,0,0,0,90
2321133_1150,2321133,1150,4,4,2013-10-19,Raphael Schäfer,L1,0,0,0,0,90
2321133_1565,2321133,1565,24,24,2013-10-19,Alexander Meier,L1,0,0,0,1,84
2321134_411,2321134,411,44,44,2013-10-19,Levan Kobiashvili,L1,1,0,0,0,60
2321134_568,2321134,568,18,18,2013-10-19,Martin Stranzl,L1,2,0,0,0,90
2330880_1613,2330880,1613,855,855,2013-10-19,Vivian,FR1,0,0,0,0,5
2332109_132,2332109,132,11,11,2013-10-19,Tomas Rosicky,GB1,0,0,0,0,31
2332110_2998,2332110,2998,512,1003,2013-10-19,Robert Huth,GB1,0,0,0,0,90
2332110_3226,2332110,3226,984,984,2013-10-19,Nicolas Anelka,GB1,0,0,0,0,28
2332110_3306,2332110,3306,512,1132,2013-10-19,Jonathan Walters,GB1,0,0,0,0,57
2332117_3332,2332117,3332,985,985,2013-10-19,Wayne Rooney,GB1,0,0,0,1,87
2332117_3406,2332117,3406,985,985,2013-10-19,Ryan Giggs,GB1,0,0,0,0,21
2332122_3160,2332122,3160,631,631,2013-10-19,John Terry,GB1,0,0,0,0,90
2332122_3163,2332122,3163,631,281,2013-10-19,Frank Lampard,GB1,0,0,0,1,90
2332125_3291,2332125,3291,29,984,2013-10-19,Gareth Barry,GB1,1,0,1,0,90
2332125_3356,2332125,3356,29,989,2013-10-19,Sylvain Distin,GB1,0,0,0,0,90
2332126_3109,2332126,3109,31,31,2013-10-19,Steven Gerrard,GB1,1,0,1,0,90
2332126_3202,2332126,3202,31,371,2013-10-19,Kolo Touré,GB1,1,0,0,0,90
2332128_1368,2332128,1368,379,1519,2013-10-19,Guy Demel,GB1,0,0,0,0,65
2332128_2874,2332128,2874,379,265,2013-10-19,Mladen Petric,GB1,0,0,0,0,7
2332128_3333,2332128,3333,281,1237,2013-10-19,James Milner,GB1,0,0,0,0,16
2334945_3269,2334945,3269,370,370,2013-10-19,Calvin Zola,SC1,0,0,1,0,77
2334949_3322,2334949,3322,903,903,2013-10-19,Ben Williams,SC1,0,0,0,0,90
2341153_215,2341153,215,1084,1084,2013-10-19,Roque Santa Cruz,ES1,0,0,0,0,13
2346074_2587,2346074,2587,10484,524,2013-10-19,Elyasa Süme,TR1,1,0,0,0,90
2351994_3201,2351994,3201,3060,265,2013-10-19,Stathis Tavlaridis,GR1,0,0,0,0,90
2359281_3366,2359281,3366,5,5,2013-10-19,Kaká,IT1,0,0,0,0,13
2321130_1667,2321130,1667,82,162,2013-10-20,Diego Benaglio,L1,0,0,0,0,90
2321130_1791,2321130,1791,167,167,2013-10-20,Halil Altintop,L1,0,0,0,0,64
2321130_2358,2321130,2358,82,82,2013-10-20,Patrick Ochs,L1,1,0,0,0,90
2321131_1726,2321131,1726,41,610,2013-10-20,Heiko Westermann,L1,0,0,0,0,90
2321131_1784,2321131,1784,41,39,2013-10-20,René Adler,L1,0,0,0,0,90
2329474_1423,2329474,1423,190,855,2013-10-20,Lars Jacobsen,DK1,0,0,0,0,90
2329474_3098,2329474,3098,190,190,2013-10-20,Olof Mellberg,DK1,0,0,0,0,90
2330911_3266,2330911,3266,1158,1158,2013-10-20,Jérémie Aliadière,FR1,0,0,0,0,77
2335159_1075,2335159,1075,121,121,2013-10-20,Andriy Voronin,RU1,0,0,1,0,88
2335159_1331,2335159,1331,121,533,2013-10-20,Kevin Kuranyi,RU1,0,0,1,0,30
2335159_3321,2335159,3321,121,3725,2013-10-20,Luke Wilkshire,RU1,0,0,0,0,90
2342516_3170,2342516,3170,1304,1304,2013-10-20,Simon Cziommer,NL1,0,0,0,0,22
2346077_1896,2346077,1896,19771,19771,2013-10-20,Ahmet Cebe,TR1,0,0,0,0,45
2346077_3216,2346077,3216,589,589,2013-10-20,Milan Baros,TR1,0,0,0,0,1
2346077_933,2346077,933,589,2293,2013-10-20,Ugur Inceman,TR1,0,0,0,0,73
2346078_2148,2346078,2148,2293,2944,2013-10-20,Erdal Kilicaslan,TR1,0,0,0,0,65
2346078_3059,2346078,3059,524,524,2013-10-20,Ekrem Dag,TR1,0,0,0,0,90
2359275_10,2359275,10,398,398,2013-10-20,Miroslav Klose,IT1,0,0,0,0,11
2332127_1662,2332127,1662,931,33,2013-10-21,Sascha Riether,GB1,0,0,0,1,90
2332127_3131,2332127,3131,873,873,2013-10-21,Kevin Phillips,GB1,0,0,0,0,21
2332127_3259,2332127,3259,931,931,2013-10-21,Damien Duff,GB1,0,0,0,0,13
2332127_65,2332127,65,931,1091,2013-10-21,Dimitar Berbatov,GB1,0,0,1,0,90
2341144_2923,2341144,2923,3368,3368,2013-10-21,Andreas Ivanschitz,ES1,0,0,0,0,61
2346076_3132,2346076,3132,126,126,2013-10-21,Florin Cernat,TR1,0,0,0,0,64
2368431_1321,2368431,1321,33,114,2013-10-22,Jermaine Jones,CL,1,0,0,0,71
2368431_3160,2368431,3160,631,631,2013-10-22,John Terry,CL,0,0,0,0,90
2368431_3163,2368431,3163,631,281,2013-10-22,Frank Lampard,CL,0,0,0,0,90
2368431_598,2368431,598,33,24,2013-10-22,Timo Hildebrand,CL,0,0,0,0,90
2368433_132,2368433,132,11,11,2013-10-22,Tomas Rosicky,CL,1,0,0,0,89
2368433_26,2368433,26,16,16,2013-10-22,Roman Weidenfeller,CL,0,0,0,0,90
2368436_1443,2368436,1443,610,190,2013-10-22,Christian Poulsen,CL,1,0,0,0,67
2368437_3366,2368437,3366,5,5,2013-10-22,Kaká,CL,0,0,0,1,71
2368439_691,2368439,691,15,15,2013-10-23,Simon Rolfes,CL,0,0,1,0,90
2368440_3332,2368440,3332,985,985,2013-10-23,Wayne Rooney,CL,0,0,0,1,90
2368440_3406,2368440,3406,985,985,2013-10-23,Ryan Giggs,CL,0,0,0,0,90
2368442_1423,2368442,1423,190,855,2013-10-23,Lars Jacobsen,CL,0,0,0,0,90
2368442_3098,2368442,3098,190,190,2013-10-23,Olof Mellberg,CL,0,0,0,0,90
2368445_2219,2368445,2219,27,27,2013-10-23,Philipp Lahm,CL,0,0,0,0,63
2368445_2514,2368445,2514,27,985,2013-10-23,Bastian Schweinsteiger,CL,0,0,1,0,90
2368445_532,2368445,532,27,86,2013-10-23,Claudio Pizarro,CL,0,0,0,0,19
2367252_488,2367252,488,2288,2288,2013-10-24,Gerhard Tremmel,EL,1,0,0,0,90
2367263_1565,2367263,1565,24,24,2013-10-24,Alexander Meier,EL,0,0,1,1,77
2367267_1428,2367267,1428,60,60,2013-10-24,Mike Hanke,EL,0,0,0,0,14
2321139_1094,2321139,1094,4,4,2013-10-25,Emanuel Pogatetz,L1,0,0,0,0,90
2321139_1150,2321139,1150,4,4,2013-10-25,Raphael Schäfer,L1,0,0,0,0,90
2321139_1986,2321139,1986,4,167,2013-10-25,Markus Feulner,L1,0,0,0,0,14
2346081_3059,2346081,3059,524,524,2013-10-25,Ekrem Dag,TR1,0,0,0,0,90
2321135_2219,2321135,2219,27,27,2013-10-26,Philipp Lahm,L1,0,0,0,0,90
2321135_2514,2321135,2514,27,985,2013-10-26,Bastian Schweinsteiger,L1,1,0,0,1,90
2321136_1321,2321136,1321,33,114,2013-10-26,Jermaine Jones,L1,1,0,0,0,14
2321136_26,2321136,26,16,16,2013-10-26,Roman Weidenfeller,L1,0,0,0,0,90
2321136_598,2321136,598,33,24,2013-10-26,Timo Hildebrand,L1,0,0,0,0,90
2321138_1791,2321138,1791,167,167,2013-10-26,Halil Altintop,L1,0,0,0,0,72
2321138_691,2321138,691,15,15,2013-10-26,Simon Rolfes,L1,0,0,1,0,90
2321140_1586,2321140,1586,42,42,2013-10-26,Christian Schulz,L1,0,0,0,0,90
2321141_1277,2321141,1277,86,86,2013-10-26,Clemens Fritz,L1,0,0,0,0,90
2321141_1667,2321141,1667,82,162,2013-10-26,Diego Benaglio,L1,0,0,0,0,90
2321141_2358,2321141,2358,82,82,2013-10-26,Patrick Ochs,L1,0,0,0,0,90
2321143_1139,2321143,1139,39,39,2013-10-26,Nikolce Noveski,L1,0,0,0,0,90
2321143_1659,2321143,1659,23,23,2013-10-26,Dennis Kruppke,L1,1,0,0,0,9
2321143_1944,2321143,1944,23,23,2013-10-26,Deniz Dogan,L1,0,0,0,0,90
2321143_892,2321143,892,39,39,2013-10-26,Heinz Müller,L1,0,0,0,0,90
2330884_3266,2330884,3266,1158,1158,2013-10-26,Jérémie Aliadière,FR1,0,0,0,0,90
2332080_3109,2332080,3109,31,31,2013-10-26,Steven Gerrard,GB1,0,0,0,1,86
2332080_3202,2332080,3202,31,371,2013-10-26,Kolo Touré,GB1,0,0,0,1,90
2332080_3226,2332080,3226,984,984,2013-10-26,Nicolas Anelka,GB1,0,0,0,0,69
2332081_2998,2332081,2998,512,1003,2013-10-26,Robert Huth,GB1,1,0,0,0,90
2332081_3306,2332081,3306,512,1132,2013-10-26,Jonathan Walters,GB1,0,0,0,0,90
2332081_3332,2332081,3332,985,985,2013-10-26,Wayne Rooney,GB1,0,0,1,1,90
2332088_3291,2332088,3291,29,984,2013-10-26,Gareth Barry,GB1,0,0,0,1,90
2332088_3356,2332088,3356,29,989,2013-10-26,Sylvain Distin,GB1,0,0,0,0,90
2332089_1662,2332089,1662,931,33,2013-10-26,Sascha Riether,GB1,0,0,0,0,45
2332089_65,2332089,65,931,1091,2013-10-26,Dimitar Berbatov,GB1,0,0,0,0,90
2332104_3297,2332104,3297,603,603,2013-10-26,Craig Bellamy,GB1,0,0,0,0,17
2334954_3269,2334954,3269,370,370,2013-10-26,Calvin Zola,SC1,0,0,0,0,65
2334954_3322,2334954,3322,903,903,2013-10-26,Ben Williams,SC1,0,0,0,0,90
2335171_1075,2335171,1075,121,121,2013-10-26,Andriy Voronin,RU1,0,0,0,0,84
2335171_3321,2335171,3321,121,3725,2013-10-26,Luke Wilkshire,RU1,0,0,0,0,9
2341134_215,2341134,215,1084,1084,2013-10-26,Roque Santa Cruz,ES1,0,0,0,0,90
2341156_2923,2341156,2923,3368,3368,2013-10-26,Andreas Ivanschitz,ES1,0,0,0,0,45
2346079_3216,2346079,3216,589,589,2013-10-26,Milan Baros,TR1,0,0,0,0,24
2346079_933,2346079,933,589,2293,2013-10-26,Ugur Inceman,TR1,0,0,0,0,45
2346084_1896,2346084,1896,19771,19771,2013-10-26,Ahmet Cebe,TR1,0,0,0,0,22
2321137_1565,2321137,1565,24,24,2013-10-27,Alexander Meier,L1,0,0,0,0,74
2321137_837,2321137,837,18,18,2013-10-27,Thorben Marx,L1,0,0,0,0,13
2321142_1726,2321142,1726,41,610,2013-10-27,Heiko Westermann,L1,0,0,0,0,90
2321142_1784,2321142,1784,41,39,2013-10-27,René Adler,L1,0,0,0,0,90
2329358_1423,2329358,1423,190,855,2013-10-27,Lars Jacobsen,DK1,0,0,1,0,90
2329852_3176,2329852,3176,2282,2282,2013-10-27,Eidur Gudjohnsen,BE1,0,0,0,0,64
2332077_2963,2332077,2963,281,714,2013-10-27,Martín Demichelis,GB1,0,0,0,0,90
2332077_3160,2332077,3160,631,631,2013-10-27,John Terry,GB1,0,0,0,0,90
2332077_3163,2332077,3163,631,281,2013-10-27,Frank Lampard,GB1,1,0,0,0,66
2332077_3182,2332077,3182,631,12,2013-10-27,Ashley Cole,GB1,0,0,0,0,90
2332097_3276,2332097,3276,762,873,2013-10-27,Shola Ameobi,GB1,0,0,0,0,20
2332105_1368,2332105,1368,379,1519,2013-10-27,Guy Demel,GB1,1,0,0,0,90
2332105_3179,2332105,3179,379,371,2013-10-27,Carlton Cole,GB1,0,0,0,0,26
2342355_3170,2342355,3170,1304,1304,2013-10-27,Simon Cziommer,NL1,0,0,0,0,13
2346082_2148,2346082,2148,2293,2944,2013-10-27,Erdal Kilicaslan,TR1,0,0,0,0,62
2359285_2926,2359285,2926,1025,105,2013-10-27,György Garics,IT1,0,0,0,0,36
2359290_10,2359290,10,398,398,2013-10-27,Miroslav Klose,IT1,0,0,1,0,45
2359292_3366,2359292,3366,5,5,2013-10-27,Kaká,IT1,0,0,0,0,38
2346085_2587,2346085,2587,10484,524,2013-10-28,Elyasa Süme,TR1,0,0,0,0,90
2341164_215,2341164,215,1084,1084,2013-10-29,Roque Santa Cruz,ES1,0,0,0,0,90
2370540_1443,2370540,1443,610,190,2013-10-29,Christian Poulsen,NLP,0,0,0,0,90
2359296_2926,2359296,2926,1025,105,2013-10-30,György Garics,IT1,1,0,1,1,90
2359301_735,2359301,735,1210,1210,2013-10-30,Giuseppe Gemiti,IT1,0,0,0,0,90
2359302_10,2359302,10,398,398,2013-10-30,Miroslav Klose,IT1,0,0,0,0,90
2359302_3366,2359302,3366,5,5,2013-10-30,Kaká,IT1,0,0,1,0,84
2370137_3321,2370137,3321,121,3725,2013-10-30,Luke Wilkshire,RUP,1,0,0,0,69
2370546_3170,2370546,3170,1304,1304,2013-10-30,Simon Cziommer,NLP,0,0,1,0,20
2329843_3176,2329843,3176,2282,2282,2013-10-31,Eidur Gudjohnsen,BE1,1,0,0,0,28
2341157_277,2341157,277,3368,3368,2013-10-31,Sérgio da Silva Pinto,ES1,0,0,0,0,45
2341157_2923,2341157,2923,3368,3368,2013-10-31,Andreas Ivanschitz,ES1,1,0,0,0,50
2379341_3201,2379341,3201,3060,265,2013-10-31,Stathis Tavlaridis,GRP,0,0,1,0,90
2321144_26,2321144,26,16,16,2013-11-01,Roman Weidenfeller,L1,0,0,0,0,90
2331039_3266,2331039,3266,1158,1158,2013-11-01,Jérémie Aliadière,FR1,0,0,0,0,23
2321146_1094,2321146,1094,4,4,2013-11-02,Emanuel Pogatetz,L1,0,0,0,0,90
2321146_1150,2321146,1150,4,4,2013-11-02,Raphael Schäfer,L1,0,0,0,0,90
2321146_1986,2321146,1986,4,167,2013-11-02,Markus Feulner,L1,0,0,0,0,29
2321147_2219,2321147,2219,27,27,2013-11-02,Philipp Lahm,L1,0,0,0,0,90
2321147_2514,2321147,2514,27,985,2013-11-02,Bastian Schweinsteiger,L1,0,0,0,0,90
2321149_1726,2321149,1726,41,610,2013-11-02,Heiko Westermann,L1,0,0,0,0,90
2321149_1784,2321149,1784,41,39,2013-11-02,René Adler,L1,0,0,0,0,90
2321149_568,2321149,568,18,18,2013-11-02,Martin Stranzl,L1,1,0,0,0,90
2321150_1659,2321150,1659,23,23,2013-11-02,Dennis Kruppke,L1,0,0,0,0,1
2321150_1944,2321150,1944,23,23,2013-11-02,Deniz Dogan,L1,1,0,0,0,90
2321150_3256,2321150,3256,15,15,2013-11-02,Roberto Hilbert,L1,0,0,0,0,90
2321150_691,2321150,691,15,15,2013-11-02,Simon Rolfes,L1,0,0,0,0,90
2321151_1565,2321151,1565,24,24,2013-11-02,Alexander Meier,L1,0,0,1,0,90
2321151_1667,2321151,1667,82,162,2013-11-02,Diego Benaglio,L1,0,0,0,0,90
2321151_2358,2321151,2358,82,82,2013-11-02,Patrick Ochs,L1,0,0,0,2,90
2321152_1321,2321152,1321,33,114,2013-11-02,Jermaine Jones,L1,0,0,0,1,10
2321152_598,2321152,598,33,24,2013-11-02,Timo Hildebrand,L1,0,0,0,0,90
2329378_1423,2329378,1423,190,855,2013-11-02,Lars Jacobsen,DK1,0,0,0,1,90
2329378_3098,2329378,3098,190,190,2013-11-02,Olof Mellberg,DK1,0,0,0,0,90
2332058_3160,2332058,3160,631,631,2013-11-02,John Terry,GB1,0,0,0,0,90
2332058_3163,2332058,3163,631,281,2013-11-02,Frank Lampard,GB1,0,0,0,0,70
2332058_3182,2332058,3182,631,12,2013-11-02,Ashley Cole,GB1,0,0,0,0,90
2332058_3276,2332058,3276,762,873,2013-11-02,Shola Ameobi,GB1,0,0,0,0,62
2332078_2998,2332078,2998,512,1003,2013-11-02,Robert Huth,GB1,1,0,0,0,90
2332078_3306,2332078,3306,512,1132,2013-11-02,Jonathan Walters,GB1,1,0,0,0,90
2332082_1368,2332082,1368,379,1519,2013-11-02,Guy Demel,GB1,0,0,0,0,90
2332082_3179,2332082,3179,379,371,2013-11-02,Carlton Cole,GB1,0,0,0,0,27
2332098_132,2332098,132,11,11,2013-11-02,Tomas Rosicky,GB1,0,0,0,0,71
2332098_3109,2332098,3109,31,31,2013-11-02,Steven Gerrard,GB1,0,0,0,0,90
2332098_3202,2332098,3202,31,371,2013-11-02,Kolo Touré,GB1,0,0,0,0,90
2332099_1662,2332099,1662,931,33,2013-11-02,Sascha Riether,GB1,0,0,0,0,90
2332099_3332,2332099,3332,985,985,2013-11-02,Wayne Rooney,GB1,0,0,1,1,90
2332099_65,2332099,65,931,1091,2013-11-02,Dimitar Berbatov,GB1,0,0,0,0,90
2332112_3405,2332112,3405,289,289,2013-11-02,Wes Brown,GB1,0,0,0,0,45
2332123_2963,2332123,2963,281,714,2013-11-02,Martín Demichelis,GB1,0,0,0,0,90
2332123_3333,2332123,3333,281,1237,2013-11-02,James Milner,GB1,0,0,0,0,19
2335212_1075,2335212,1075,121,121,2013-11-02,Andriy Voronin,RU1,0,0,0,0,72
2335212_3321,2335212,3321,121,3725,2013-11-02,Luke Wilkshire,RU1,0,0,0,0,90
2341243_2623,2341243,2623,368,167,2013-11-02,Piotr Trochowski,ES1,0,0,0,0,17
2342368_1443,2342368,1443,610,190,2013-11-02,Christian Poulsen,NL1,1,0,0,0,68
2346091_2587,2346091,2587,10484,524,2013-11-02,Elyasa Süme,TR1,0,0,0,1,90
2359309_3366,2359309,3366,5,5,2013-11-02,Kaká,IT1,0,0,0,0,90
2321145_1277,2321145,1277,86,86,2013-11-03,Clemens Fritz,L1,1,0,0,0,63
2321145_1586,2321145,1586,42,42,2013-11-03,Christian Schulz,L1,0,0,0,0,90
2321148_1139,2321148,1139,39,39,2013-11-03,Nikolce Noveski,L1,1,0,0,0,90
2321148_1363,2321148,1363,39,33,2013-11-03,Christian Wetklo,L1,0,1,0,0,43
2321148_1791,2321148,1791,167,167,2013-11-03,Halil Altintop,L1,0,0,0,0,71
2321148_892,2321148,892,39,39,2013-11-03,Heinz Müller,L1,0,0,0,0,45
2329844_3176,2329844,3176,2282,2282,2013-11-03,Eidur Gudjohnsen,BE1,0,0,0,0,21
2332090_3291,2332090,3291,29,984,2013-11-03,Gareth Barry,GB1,0,0,0,0,90
2332090_3356,2332090,3356,29,989,2013-11-03,Sylvain Distin,GB1,0,0,0,0,90
2332106_3297,2332106,3297,603,603,2013-11-03,Craig Bellamy,GB1,0,0,0,1,90
2334905_3322,2334905,3322,903,903,2013-11-03,Ben Williams,SC1,0,0,0,0,90
2341238_2233,2341238,2233,3368,3368,2013-11-03,Christian Lell,ES1,0,0,0,0,45
2341238_277,2341238,277,3368,3368,2013-11-03,Sérgio da Silva Pinto,ES1,0,0,0,0,21
2341238_2923,2341238,2923,3368,3368,2013-11-03,Andreas Ivanschitz,ES1,0,0,0,0,45
2341242_215,2341242,215,1084,1084,2013-11-03,Roque Santa Cruz,ES1,0,0,1,0,76
2346094_1896,2346094,1896,19771,19771,2013-11-03,Ahmet Cebe,TR1,0,0,0,0,90
2346094_3132,2346094,3132,126,126,2013-11-03,Florin Cernat,TR1,0,0,0,0,33
2359307_10,2359307,10,398,398,2013-11-03,Miroslav Klose,IT1,0,0,0,0,90
2359308_735,2359308,735,1210,1210,2013-11-03,Giuseppe Gemiti,IT1,0,0,0,0,61
2335050_3269,2335050,3269,370,370,2013-11-04,Calvin Zola,SC1,0,0,1,0,64
2346088_3216,2346088,3216,589,589,2013-11-04,Milan Baros,TR1,0,0,0,0,13
2346088_755,2346088,755,589,589,2013-11-04,Deniz Baris,TR1,0,0,0,0,90
2346088_933,2346088,933,589,2293,2013-11-04,Ugur Inceman,TR1,1,0,0,0,90
2346089_3059,2346089,3059,524,524,2013-11-04,Ekrem Dag,TR1,0,0,0,0,90
2351986_3201,2351986,3201,3060,265,2013-11-04,Stathis Tavlaridis,GR1,0,0,0,0,90
2359305_2926,2359305,2926,1025,105,2013-11-04,György Garics,IT1,0,0,0,0,90
2368446_3235,2368446,3235,985,1039,2013-11-05,Rio Ferdinand,CL,0,0,0,0,90
2368446_3332,2368446,3332,985,985,2013-11-05,Wayne Rooney,CL,0,0,0,0,63
2368446_3406,2368446,3406,985,985,2013-11-05,Ryan Giggs,CL,0,0,0,0,90
2368447_691,2368447,691,15,15,2013-11-05,Simon Rolfes,CL,0,0,0,0,90
2368449_1423,2368449,1423,190,855,2013-11-05,Lars Jacobsen,CL,0,0,0,0,90
2368449_3098,2368449,3098,190,190,2013-11-05,Olof Mellberg,CL,0,0,0,0,90
2368452_2219,2368452,2219,27,27,2013-11-05,Philipp Lahm,CL,0,0,0,1,90
2368452_2514,2368452,2514,27,985,2013-11-05,Bastian Schweinsteiger,CL,0,0,0,0,59
2368453_2963,2368453,2963,281,714,2013-11-05,Martín Demichelis,CL,0,0,0,0,90
2368453_3333,2368453,3333,281,1237,2013-11-05,James Milner,CL,0,0,0,1,45
2368455_1321,2368455,1321,33,114,2013-11-06,Jermaine Jones,CL,1,0,0,0,90
2368455_3160,2368455,3160,631,631,2013-11-06,John Terry,CL,0,0,0,0,90
2368455_3163,2368455,3163,631,281,2013-11-06,Frank Lampard,CL,0,0,0,1,9
2368455_598,2368455,598,33,24,2013-11-06,Timo Hildebrand,CL,0,0,0,0,90
2368457_132,2368457,132,11,11,2013-11-06,Tomas Rosicky,CL,0,0,0,0,90
2368457_26,2368457,26,16,16,2013-11-06,Roman Weidenfeller,CL,0,0,0,0,90
2368459_3366,2368459,3366,5,5,2013-11-06,Kaká,CL,0,0,0,0,84
2368460_1443,2368460,1443,610,190,2013-11-06,Christian Poulsen,CL,0,0,0,0,7
2367299_3115,2367299,3115,40,40,2013-11-07,David Bellion,EL,0,0,0,0,19
2367300_1565,2367300,1565,24,24,2013-11-07,Alexander Meier,EL,0,0,1,0,90
2321157_1586,2321157,1586,42,42,2013-11-08,Christian Schulz,L1,0,0,0,0,90
2321157_1659,2321157,1659,23,23,2013-11-08,Dennis Kruppke,L1,0,0,0,0,76
2321157_1944,2321157,1944,23,23,2013-11-08,Deniz Dogan,L1,0,0,0,0,90
2321157_3114,2321157,3114,42,42,2013-11-08,Jan Schlaudraff,L1,0,0,0,0,23
2346099_1896,2346099,1896,19771,19771,2013-11-08,Ahmet Cebe,TR1,1,0,0,0,90
2321153_1791,2321153,1791,167,167,2013-11-09,Halil Altintop,L1,0,0,0,0,54
2321153_2219,2321153,2219,27,27,2013-11-09,Philipp Lahm,L1,0,0,0,0,90
2321154_1277,2321154,1277,86,86,2013-11-09,Clemens Fritz,L1,0,0,0,0,73
2321154_1321,2321154,1321,33,114,2013-11-09,Jermaine Jones,L1,1,0,0,0,90
2321154_598,2321154,598,33,24,2013-11-09,Timo Hildebrand,L1,0,0,0,0,90
2321155_1094,2321155,1094,4,4,2013-11-09,Emanuel Pogatetz,L1,1,0,0,0,90
2321155_1150,2321155,1150,4,4,2013-11-09,Raphael Schäfer,L1,0,0,0,0,90
2321155_1986,2321155,1986,4,167,2013-11-09,Markus Feulner,L1,1,0,0,0,90
2321155_568,2321155,568,18,18,2013-11-09,Martin Stranzl,L1,0,0,0,0,90
2321156_1726,2321156,1726,41,610,2013-11-09,Heiko Westermann,L1,0,0,0,0,90
2321156_1784,2321156,1784,41,39,2013-11-09,René Adler,L1,0,0,0,0,90
2321156_691,2321156,691,15,15,2013-11-09,Simon Rolfes,L1,0,0,0,0,90
2321158_1667,2321158,1667,82,162,2013-11-09,Diego Benaglio,L1,0,0,0,0,90
2321158_2358,2321158,2358,82,82,2013-11-09,Patrick Ochs,L1,1,0,0,0,90
2321158_26,2321158,26,16,16,2013-11-09,Roman Weidenfeller,L1,0,0,0,0,90
2321159_2334,2321159,2334,44,44,2013-11-09,Marcel Ndjeng,L1,0,0,0,0,11
2332067_3160,2332067,3160,631,631,2013-11-09,John Terry,GB1,0,0,0,0,90
2332067_3163,2332067,3163,631,281,2013-11-09,Frank Lampard,GB1,1,0,0,0,64
2332068_3291,2332068,3291,29,984,2013-11-09,Gareth Barry,GB1,0,0,0,0,90
2332068_3356,2332068,3356,29,989,2013-11-09,Sylvain Distin,GB1,0,0,0,0,90
2332083_3109,2332083,3109,31,31,2013-11-09,Steven Gerrard,GB1,0,0,0,3,67
2332083_65,2332083,65,931,1091,2013-11-09,Dimitar Berbatov,GB1,0,0,0,0,83
2332085_1368,2332085,1368,379,1519,2013-11-09,Guy Demel,GB1,0,0,0,0,90
2332085_3179,2332085,3179,379,371,2013-11-09,Carlton Cole,GB1,0,0,0,0,16
2332087_3297,2332087,3297,603,603,2013-11-09,Craig Bellamy,GB1,0,0,0,0,82
2334899_3269,2334899,3269,370,370,2013-11-09,Calvin Zola,SC1,0,0,0,0,58
2334900_3322,2334900,3322,903,903,2013-11-09,Ben Williams,SC1,0,0,0,0,90
2335196_1075,2335196,1075,121,121,2013-11-09,Andriy Voronin,RU1,0,0,0,0,56
2335196_3321,2335196,3321,121,3725,2013-11-09,Luke Wilkshire,RU1,0,0,0,0,90
2341244_2923,2341244,2923,3368,3368,2013-11-09,Andreas Ivanschitz,ES1,1,0,0,0,63
2346098_2587,2346098,2587,10484,524,2013-11-09,Elyasa Süme,TR1,0,0,0,0,90
2346098_3059,2346098,3059,524,524,2013-11-09,Ekrem Dag,TR1,0,0,0,0,45
2359321_1161,2359321,1161,46,46,2013-11-09,Javier Zanetti,IT1,0,0,0,0,8
2359321_735,2359321,735,1210,1210,2013-11-09,Giuseppe Gemiti,IT1,0,0,0,0,87
2321160_1428,2321160,1428,60,60,2013-11-10,Mike Hanke,L1,1,0,1,0,13
2321161_1139,2321161,1139,39,39,2013-11-10,Nikolce Noveski,L1,0,0,0,0,90
2321161_1565,2321161,1565,24,24,2013-11-10,Alexander Meier,L1,0,0,0,0,90
2329410_1423,2329410,1423,190,855,2013-11-10,Lars Jacobsen,DK1,0,0,0,0,90
2329410_3098,2329410,3098,190,190,2013-11-10,Olof Mellberg,DK1,0,0,0,0,90
2332079_2963,2332079,2963,281,714,2013-11-10,Martín Demichelis,GB1,0,0,0,0,90
2332079_3333,2332079,3333,281,1237,2013-11-10,James Milner,GB1,0,0,0,0,90
2332079_3405,2332079,3405,289,289,2013-11-10,Wes Brown,GB1,0,0,0,1,90
2332084_3332,2332084,3332,985,985,2013-11-10,Wayne Rooney,GB1,1,0,0,1,90
2332084_3406,2332084,3406,985,985,2013-11-10,Ryan Giggs,GB1,0,0,0,0,12
2332092_2998,2332092,2998,512,1003,2013-11-10,Robert Huth,GB1,1,0,0,0,90
2332092_3306,2332092,3306,512,1132,2013-11-10,Jonathan Walters,GB1,0,0,1,0,90
2332092_488,2332092,488,2288,2288,2013-11-10,Gerhard Tremmel,GB1,0,0,0,0,90
2332095_3276,2332095,3276,762,873,2013-11-10,Shola Ameobi,GB1,0,0,0,0,60
2342383_1443,2342383,1443,610,190,2013-11-10,Christian Poulsen,NL1,0,0,0,0,40
2346100_2148,2346100,2148,2293,2944,2013-11-10,Erdal Kilicaslan,TR1,0,0,0,0,2
2346100_3216,2346100,3216,589,589,2013-11-10,Milan Baros,TR1,0,1,0,0,29
2346100_755,2346100,755,589,589,2013-11-10,Deniz Baris,TR1,0,0,0,0,90
2346100_933,2346100,933,589,2293,2013-11-10,Ugur Inceman,TR1,0,0,0,0,51
2351968_3201,2351968,3201,3060,265,2013-11-10,Stathis Tavlaridis,GR1,1,0,0,0,83
2359315_2926,2359315,2926,1025,105,2013-11-10,György Garics,IT1,0,0,0,0,90
2359318_3366,2359318,3366,5,5,2013-11-10,Kaká,IT1,0,0,0,0,86
2359323_10,2359323,10,398,398,2013-11-10,Miroslav Klose,IT1,1,0,0,0,84
2369979_2726,2369979,2726,2990,2990,2013-11-16,Romuald Peiser,POCP,0,0,0,0,90
2380402_2999,2380402,2999,2964,2578,2013-11-19,Chris Iwelumo,FAC,0,0,0,0,12
2321163_568,2321163,568,18,18,2013-11-22,Martin Stranzl,L1,0,0,0,0,90
2321162_1073,2321162,1073,16,16,2013-11-23,Manuel Friedrich,L1,0,0,0,0,90
2321162_2219,2321162,2219,27,27,2013-11-23,Philipp Lahm,L1,0,0,0,1,90
2321162_26,2321162,26,16,16,2013-11-23,Roman Weidenfeller,L1,0,0,0,0,90
2321165_1094,2321165,1094,4,4,2013-11-23,Emanuel Pogatetz,L1,0,0,0,0,90
2321165_1150,2321165,1150,4,4,2013-11-23,Raphael Schäfer,L1,0,0,0,0,90
2321165_1667,2321165,1667,82,162,2013-11-23,Diego Benaglio,L1,0,0,0,0,90
2321165_1986,2321165,1986,4,167,2013-11-23,Markus Feulner,L1,0,0,0,0,90
2321165_2358,2321165,2358,82,82,2013-11-23,Patrick Ochs,L1,0,0,0,0,90
2321166_1791,2321166,1791,167,167,2013-11-23,Halil Altintop,L1,0,0,2,0,85
2321168_1428,2321168,1428,60,60,2013-11-23,Mike Hanke,L1,0,0,0,0,90
2321168_1944,2321168,1944,23,23,2013-11-23,Deniz Dogan,L1,0,0,0,0,90
2321169_1321,2321169,1321,33,114,2013-11-23,Jermaine Jones,L1,0,0,0,0,90
2321169_598,2321169,598,33,24,2013-11-23,Timo Hildebrand,L1,0,0,0,0,90
2321170_691,2321170,691,15,15,2013-11-23,Simon Rolfes,L1,0,0,0,0,90
2329389_2703,2329389,2703,173,173,2013-11-23,Morten Skoubo,DK1,0,0,0,0,74
2332051_3276,2332051,3276,762,873,2013-11-23,Shola Ameobi,GB1,0,0,0,1,74
2332059_3109,2332059,3109,31,31,2013-11-23,Steven Gerrard,GB1,0,0,0,1,90
2332059_3291,2332059,3291,29,984,2013-11-23,Gareth Barry,GB1,1,0,0,0,90
2332059_3356,2332059,3356,29,989,2013-11-23,Sylvain Distin,GB1,1,0,0,0,90
2332060_1368,2332060,1368,379,1519,2013-11-23,Guy Demel,GB1,0,0,0,0,90
2332060_3160,2332060,3160,631,631,2013-11-23,John Terry,GB1,0,0,0,0,90
2332060_3163,2332060,3163,631,281,2013-11-23,Frank Lampard,GB1,0,0,2,0,90
2332064_2998,2332064,2998,512,1003,2013-11-23,Robert Huth,GB1,0,0,0,0,77
2332064_3306,2332064,3306,512,1132,2013-11-23,Jonathan Walters,GB1,0,0,0,0,90
2332064_3405,2332064,3405,289,289,2013-11-23,Wes Brown,GB1,0,1,0,0,36
2332069_65,2332069,65,931,1091,2013-11-23,Dimitar Berbatov,GB1,0,0,0,0,90
2332086_132,2332086,132,11,11,2013-11-23,Tomas Rosicky,GB1,0,0,0,0,16
2334897_3322,2334897,3322,903,903,2013-11-23,Ben Williams,SC1,0,0,0,0,90
2334906_3269,2334906,3269,370,370,2013-11-23,Calvin Zola,SC1,0,0,0,1,72
2342468_1443,2342468,1443,610,190,2013-11-23,Christian Poulsen,NL1,0,0,0,0,18
2346109_2587,2346109,2587,10484,524,2013-11-23,Elyasa Süme,TR1,0,0,0,0,90
2351981_3201,2351981,3201,3060,265,2013-11-23,Stathis Tavlaridis,GR1,1,0,0,0,90
2359328_3366,2359328,3366,5,5,2013-11-23,Kaká,IT1,0,0,1,0,90
2321164_1139,2321164,1139,39,39,2013-11-24,Nikolce Noveski,L1,0,0,0,0,90
2321164_1277,2321164,1277,86,86,2013-11-24,Clemens Fritz,L1,0,0,0,0,90
2321167_1586,2321167,1586,42,42,2013-11-24,Christian Schulz,L1,1,0,0,0,74
2321167_1726,2321167,1726,41,610,2013-11-24,Heiko Westermann,L1,0,0,0,1,90
2321167_1784,2321167,1784,41,39,2013-11-24,René Adler,L1,0,0,0,0,90
2321167_3114,2321167,3114,42,42,2013-11-24,Jan Schlaudraff,L1,0,0,0,0,90
2329407_1423,2329407,1423,190,855,2013-11-24,Lars Jacobsen,DK1,0,0,0,0,90
2329407_3098,2329407,3098,190,190,2013-11-24,Olof Mellberg,DK1,1,0,0,0,90
2329823_3176,2329823,3176,2282,2282,2013-11-24,Eidur Gudjohnsen,BE1,0,0,0,0,80
2332070_2963,2332070,2963,281,714,2013-11-24,Martín Demichelis,GB1,0,0,0,0,90
2332070_3333,2332070,3333,281,1237,2013-11-24,James Milner,GB1,0,0,0,1,13
2332093_3235,2332093,3235,985,1039,2013-11-24,Rio Ferdinand,GB1,0,0,0,0,90
2332093_3332,2332093,3332,985,985,2013-11-24,Wayne Rooney,GB1,1,0,1,1,90
2332093_3406,2332093,3406,985,985,2013-11-24,Ryan Giggs,GB1,0,0,0,0,17
2335175_1075,2335175,1075,121,121,2013-11-24,Andriy Voronin,RU1,0,0,0,0,13
2335175_1331,2335175,1331,121,533,2013-11-24,Kevin Kuranyi,RU1,0,0,0,0,90
2335175_3321,2335175,3321,121,3725,2013-11-24,Luke Wilkshire,RU1,1,0,0,0,90
2341289_2233,2341289,2233,3368,3368,2013-11-24,Christian Lell,ES1,0,0,0,0,90
2341289_2923,2341289,2923,3368,3368,2013-11-24,Andreas Ivanschitz,ES1,0,0,0,0,90
2346107_755,2346107,755,589,589,2013-11-24,Deniz Baris,TR1,0,0,0,0,18
2346107_933,2346107,933,589,2293,2013-11-24,Ugur Inceman,TR1,1,0,0,0,90
2351970_1083,2351970,1083,128,128,2013-11-24,Julian de Guzmán,GR1,0,0,0,0,90
2359325_2926,2359325,2926,1025,105,2013-11-24,György Garics,IT1,0,0,0,0,68
2359327_735,2359327,735,1210,1210,2013-11-24,Giuseppe Gemiti,IT1,0,0,0,0,4
2346112_1896,2346112,1896,19771,19771,2013-11-25,Ahmet Cebe,TR1,0,0,0,0,90
2368462_3160,2368462,3160,631,631,2013-11-26,John Terry,CL,0,0,0,0,90
2368462_3163,2368462,3163,631,281,2013-11-26,Frank Lampard,CL,0,0,0,0,90
2368463_1321,2368463,1321,33,114,2013-11-26,Jermaine Jones,CL,1,0,0,0,90
2368464_132,2368464,132,11,11,2013-11-26,Tomas Rosicky,CL,0,0,0,0,75
2368465_26,2368465,26,16,16,2013-11-26,Roman Weidenfeller,CL,0,0,0,0,90
2368465_410,2368465,410,16,16,2013-11-26,Sebastian Kehl,CL,1,0,0,0,90
2368466_3366,2368466,3366,5,5,2013-11-26,Kaká,CL,0,0,1,0,80
2368467_1443,2368467,1443,610,190,2013-11-26,Christian Poulsen,CL,0,0,0,0,56
2368468_2219,2368468,2219,27,27,2013-11-27,Philipp Lahm,CL,0,0,0,0,28
2368469_3235,2368469,3235,985,1039,2013-11-27,Rio Ferdinand,CL,0,0,0,0,90
2368469_3332,2368469,3332,985,985,2013-11-27,Wayne Rooney,CL,0,0,0,4,80
2368469_3406,2368469,3406,985,985,2013-11-27,Ryan Giggs,CL,0,0,0,1,90
2368469_691,2368469,691,15,15,2013-11-27,Simon Rolfes,CL,0,0,0,0,90
2368472_1423,2368472,1423,190,855,2013-11-27,Lars Jacobsen,CL,1,0,0,0,90
2368472_3098,2368472,3098,190,190,2013-11-27,Olof Mellberg,CL,1,0,1,0,90
2368475_2963,2368475,2963,281,714,2013-11-27,Martín Demichelis,CL,1,0,0,0,90
2368475_3333,2368475,3333,281,1237,2013-11-27,James Milner,CL,1,0,0,1,90
2367311_488,2367311,488,2288,2288,2013-11-28,Gerhard Tremmel,EL,0,0,0,0,90
2367325_1428,2367325,1428,60,60,2013-11-28,Mike Hanke,EL,0,0,0,0,90
2321176_1667,2321176,1667,82,162,2013-11-29,Diego Benaglio,L1,0,0,0,0,90
2321176_1726,2321176,1726,41,610,2013-11-29,Heiko Westermann,L1,0,0,0,0,90
2321176_1784,2321176,1784,41,39,2013-11-29,René Adler,L1,0,0,0,0,90
2321176_2358,2321176,2358,82,82,2013-11-29,Patrick Ochs,L1,1,0,0,0,90
2329399_276,2329399,276,20100,20100,2013-11-29,Sladan Peric,DK1,0,0,0,0,10
2341235_277,2341235,277,3368,3368,2013-11-29,Sérgio da Silva Pinto,ES1,1,0,0,0,15
2346117_755,2346117,755,589,589,2013-11-29,Deniz Baris,TR1,0,0,0,0,90
2346117_933,2346117,933,589,2293,2013-11-29,Ugur Inceman,TR1,0,0,0,0,90
2321171_1944,2321171,1944,23,23,2013-11-30,Deniz Dogan,L1,0,0,0,0,90
2321172_1321,2321172,1321,33,114,2013-11-30,Jermaine Jones,L1,0,0,1,0,90
2321174_1094,2321174,1094,4,4,2013-11-30,Emanuel Pogatetz,L1,1,0,0,0,90
2321174_1150,2321174,1150,4,4,2013-11-30,Raphael Schäfer,L1,0,0,0,0,90
2321174_1986,2321174,1986,4,167,2013-11-30,Markus Feulner,L1,0,0,0,0,90
2321174_691,2321174,691,15,15,2013-11-30,Simon Rolfes,L1,0,0,0,0,90
2321177_1277,2321177,1277,86,86,2013-11-30,Clemens Fritz,L1,1,0,0,1,90
2321178_1073,2321178,1073,16,16,2013-11-30,Manuel Friedrich,L1,0,0,0,0,90
2321178_1139,2321178,1139,39,39,2013-11-30,Nikolce Noveski,L1,0,0,0,0,90
2321178_26,2321178,26,16,16,2013-11-30,Roman Weidenfeller,L1,0,0,0,0,90
2321178_410,2321178,410,16,16,2013-11-30,Sebastian Kehl,L1,0,0,0,0,45
2321179_1791,2321179,1791,167,167,2013-11-30,Halil Altintop,L1,0,0,0,0,90
2321179_2334,2321179,2334,44,44,2013-11-30,Marcel Ndjeng,L1,0,0,0,0,90
2329819_3176,2329819,3176,2282,2282,2013-11-30,Eidur Gudjohnsen,BE1,0,0,0,0,2
2332053_1368,2332053,1368,379,1519,2013-11-30,Guy Demel,GB1,0,0,0,0,90
2332053_3179,2332053,3179,379,371,2013-11-30,Carlton Cole,GB1,0,0,1,0,9
2332053_3259,2332053,3259,931,931,2013-11-30,Damien Duff,GB1,0,0,0,0,65
2332062_3291,2332062,3291,29,984,2013-11-30,Gareth Barry,GB1,0,0,0,2,90
2332062_3306,2332062,3306,512,1132,2013-11-30,Jonathan Walters,GB1,0,0,0,0,59
2332062_3356,2332062,3356,29,989,2013-11-30,Sylvain Distin,GB1,0,0,0,0,90
2332066_3276,2332066,3276,762,873,2013-11-30,Shola Ameobi,GB1,0,0,0,0,90
2332071_3405,2332071,3405,289,289,2013-11-30,Wes Brown,GB1,0,0,0,0,90
2335187_1331,2335187,1331,121,533,2013-11-30,Kevin Kuranyi,RU1,0,0,1,0,90
2335187_3321,2335187,3321,121,3725,2013-11-30,Luke Wilkshire,RU1,1,0,0,0,90
2342385_3170,2342385,3170,1304,1304,2013-11-30,Simon Cziommer,NL1,0,0,0,0,8
2346120_3059,2346120,3059,524,524,2013-11-30,Ekrem Dag,TR1,0,0,0,0,30
2359344_2926,2359344,2926,1025,105,2013-11-30,György Garics,IT1,1,0,0,0,90
2379568_3322,2379568,3322,903,903,2013-11-30,Ben Williams,SFA,0,0,0,0,90
2321173_1428,2321173,1428,60,60,2013-12-01,Mike Hanke,L1,0,0,0,0,68
2321173_568,2321173,568,18,18,2013-12-01,Martin Stranzl,L1,0,0,0,0,90
2321175_1335,2321175,1335,42,42,2013-12-01,Steven Cherundolo,L1,0,0,0,0,1
2321175_1586,2321175,1586,42,42,2013-12-01,Christian Schulz,L1,0,0,0,0,90
2321175_3114,2321175,3114,42,42,2013-12-01,Jan Schlaudraff,L1,0,0,0,0,1
2329390_2703,2329390,2703,173,173,2013-12-01,Morten Skoubo,DK1,0,0,1,0,90
2329406_3098,2329406,3098,190,190,2013-12-01,Olof Mellberg,DK1,1,0,0,1,90
2332039_3332,2332039,3332,985,985,2013-12-01,Wayne Rooney,GB1,0,0,2,0,90
2332061_3160,2332061,3160,631,631,2013-12-01,John Terry,GB1,0,0,1,0,90
2332061_3163,2332061,3163,631,281,2013-12-01,Frank Lampard,GB1,0,0,0,0,48
2332072_3109,2332072,3109,31,31,2013-12-01,Steven Gerrard,GB1,0,0,1,0,90
2332072_3202,2332072,3202,31,371,2013-12-01,Kolo Touré,GB1,0,0,0,0,90
2332073_2963,2332073,2963,281,714,2013-12-01,Martín Demichelis,GB1,0,0,0,0,90
2332073_3333,2332073,3333,281,1237,2013-12-01,James Milner,GB1,0,0,0,0,27
2332073_488,2332073,488,2288,2288,2013-12-01,Gerhard Tremmel,GB1,0,0,0,0,90
2342429_1443,2342429,1443,610,190,2013-12-01,Christian Poulsen,NL1,0,0,0,0,8
2346116_2587,2346116,2587,10484,524,2013-12-01,Elyasa Süme,TR1,0,0,0,0,90
2352010_1083,2352010,1083,128,128,2013-12-01,Julian de Guzmán,GR1,1,0,0,0,57
2359337_3366,2359337,3366,5,5,2013-12-01,Kaká,IT1,1,0,1,0,90
2359338_735,2359338,735,1210,1210,2013-12-01,Giuseppe Gemiti,IT1,0,0,0,0,52
2359341_1161,2359341,1161,46,46,2013-12-01,Javier Zanetti,IT1,0,0,0,0,90
2359342_2865,2359342,2865,506,167,2013-12-01,Stephan Lichtsteiner,IT1,0,0,0,1,32
2379571_3269,2379571,3269,370,370,2013-12-01,Calvin Zola,SFA,0,0,0,0,61
2346115_2148,2346115,2148,2293,2944,2013-12-02,Erdal Kilicaslan,TR1,0,0,0,0,65
2332042_3179,2332042,3179,379,371,2013-12-03,Carlton Cole,GB1,0,0,0,0,58
2370751_1321,2370751,1321,33,114,2013-12-03,Jermaine Jones,DFB,0,0,0,0,90
2370752_1073,2370752,1073,16,16,2013-12-03,Manuel Friedrich,DFB,0,0,0,0,90
2370752_2150,2370752,2150,16,16,2013-12-03,Oliver Kirch,DFB,0,0,0,0,90
2370752_410,2370752,410,16,16,2013-12-03,Sebastian Kehl,DFB,0,0,0,0,90
2370753_1784,2370753,1784,41,39,2013-12-03,René Adler,DFB,0,0,0,0,90
2332032_3109,2332032,3109,31,31,2013-12-04,Steven Gerrard,GB1,1,0,0,0,90
2332040_132,2332040,132,11,11,2013-12-04,Tomas Rosicky,GB1,0,0,0,0,73
2332043_3291,2332043,3291,29,984,2013-12-04,Gareth Barry,GB1,0,0,0,0,90
2332043_3332,2332043,3332,985,985,2013-12-04,Wayne Rooney,GB1,1,0,0,0,90
2332043_3356,2332043,3356,29,989,2013-12-04,Sylvain Distin,GB1,0,0,0,0,90
2332043_3406,2332043,3406,985,985,2013-12-04,Ryan Giggs,GB1,1,0,0,0,90
2332044_3276,2332044,3276,762,873,2013-12-04,Shola Ameobi,GB1,0,0,0,0,67
2332045_1662,2332045,1662,931,33,2013-12-04,Sascha Riether,GB1,0,0,0,0,90
2332045_3220,2332045,3220,931,931,2013-12-04,John Arne Riise,GB1,0,0,0,0,90
2332045_3259,2332045,3259,931,931,2013-12-04,Damien Duff,GB1,0,0,0,0,5
2332045_65,2332045,65,931,1091,2013-12-04,Dimitar Berbatov,GB1,0,0,0,1,90
2332050_3160,2332050,3160,631,631,2013-12-04,John Terry,GB1,0,0,0,0,90
2332050_3163,2332050,3163,631,281,2013-12-04,Frank Lampard,GB1,0,0,1,1,90
2332050_3405,2332050,3405,289,289,2013-12-04,Wes Brown,GB1,0,0,0,1,90
2332054_2963,2332054,2963,281,714,2013-12-04,Martín Demichelis,GB1,0,0,0,0,90
2332054_3333,2332054,3333,281,1237,2013-12-04,James Milner,GB1,0,0,0,0,21
2342367_3170,2342367,3170,1304,1304,2013-12-04,Simon Cziommer,NL1,0,0,0,0,45
2370754_1428,2370754,1428,60,60,2013-12-04,Mike Hanke,DFB,0,0,0,0,6
2370754_691,2370754,691,15,15,2013-12-04,Simon Rolfes,DFB,1,0,0,1,90
2370755_1791,2370755,1791,167,167,2013-12-04,Halil Altintop,DFB,0,0,0,0,63
2370757_1667,2370757,1667,82,162,2013-12-04,Diego Benaglio,DFB,0,0,0,0,90
2370757_2358,2370757,2358,82,82,2013-12-04,Patrick Ochs,DFB,0,0,0,0,90
2384502_3201,2384502,3201,3060,265,2013-12-04,Stathis Tavlaridis,GRP,0,0,0,0,90
2321185_1094,2321185,1094,4,4,2013-12-06,Emanuel Pogatetz,L1,0,0,0,0,90
2321185_1139,2321185,1139,39,39,2013-12-06,Nikolce Noveski,L1,0,0,0,0,90
2321185_1150,2321185,1150,4,4,2013-12-06,Raphael Schäfer,L1,0,0,0,0,90
2321185_1986,2321185,1986,4,167,2013-12-06,Markus Feulner,L1,0,0,0,0,29
2329394_2703,2329394,2703,173,173,2013-12-06,Morten Skoubo,DK1,0,0,0,0,16
2359345_2926,2359345,2926,1025,105,2013-12-06,György Garics,IT1,0,0,0,0,65
2321181_1073,2321181,1073,16,16,2013-12-07,Manuel Friedrich,L1,0,0,0,0,90
2321181_26,2321181,26,16,16,2013-12-07,Roman Weidenfeller,L1,0,0,0,0,90
2321181_691,2321181,691,15,15,2013-12-07,Simon Rolfes,L1,0,0,0,0,90
2321182_568,2321182,568,18,18,2013-12-07,Martin Stranzl,L1,0,0,0,0,90
2321183_2805,2321183,2805,42,42,2013-12-07,Christian Pander,L1,0,0,0,0,29
2321183_3114,2321183,3114,42,42,2013-12-07,Jan Schlaudraff,L1,1,0,0,0,23
2321184_1277,2321184,1277,86,86,2013-12-07,Clemens Fritz,L1,0,0,0,0,90
2321184_532,2321184,532,27,86,2013-12-07,Claudio Pizarro,L1,0,0,0,0,14
2321187_1784,2321187,1784,41,39,2013-12-07,René Adler,L1,0,0,0,0,90
2321187_1791,2321187,1791,167,167,2013-12-07,Halil Altintop,L1,0,0,0,1,76
2329391_1423,2329391,1423,190,855,2013-12-07,Lars Jacobsen,DK1,0,0,0,0,90
2329391_3098,2329391,3098,190,190,2013-12-07,Olof Mellberg,DK1,0,0,0,0,90
2329812_3176,2329812,3176,2282,2282,2013-12-07,Eidur Gudjohnsen,BE1,0,0,1,1,90
2330964_3266,2330964,3266,1158,1158,2013-12-07,Jérémie Aliadière,FR1,0,0,0,1,33
2332024_3276,2332024,3276,762,873,2013-12-07,Shola Ameobi,GB1,0,0,0,0,12
2332025_3160,2332025,3160,631,631,2013-12-07,John Terry,GB1,1,0,0,0,90
2332025_3163,2332025,3163,631,281,2013-12-07,Frank Lampard,GB1,0,0,0,0,19
2332025_3306,2332025,3306,512,1132,2013-12-07,Jonathan Walters,GB1,1,0,0,1,84
2332033_2963,2332033,2963,281,714,2013-12-07,Martín Demichelis,GB1,0,0,0,0,90
2332033_3333,2332033,3333,281,1237,2013-12-07,James Milner,GB1,0,0,0,0,63
2332034_3405,2332034,3405,289,289,2013-12-07,Wes Brown,GB1,0,0,0,0,90
2332056_1368,2332056,1368,379,1519,2013-12-07,Guy Demel,GB1,1,0,0,0,90
2332056_3109,2332056,3109,31,31,2013-12-07,Steven Gerrard,GB1,0,0,0,1,56
2335051_3322,2335051,3322,903,903,2013-12-07,Ben Williams,SC1,0,0,0,0,90
2342392_1443,2342392,1443,610,190,2013-12-07,Christian Poulsen,NL1,0,0,0,0,24
2346129_3132,2346129,3132,126,126,2013-12-07,Florin Cernat,TR1,0,0,0,1,90
2346131_2587,2346131,2587,10484,524,2013-12-07,Elyasa Süme,TR1,0,0,0,0,90
2346131_3216,2346131,3216,589,589,2013-12-07,Milan Baros,TR1,0,0,0,0,12
2346131_755,2346131,755,589,589,2013-12-07,Deniz Baris,TR1,0,0,0,0,71
2346131_933,2346131,933,589,2293,2013-12-07,Ugur Inceman,TR1,0,0,0,0,90
2359349_3366,2359349,3366,5,5,2013-12-07,Kaká,IT1,0,0,0,1,90
2382245_277,2382245,277,3368,3368,2013-12-07,Sérgio da Silva Pinto,CDR,0,0,0,0,87
2321186_1428,2321186,1428,60,60,2013-12-08,Mike Hanke,L1,0,0,0,0,17
2321186_1667,2321186,1667,82,162,2013-12-08,Diego Benaglio,L1,0,0,0,0,90
2321186_2358,2321186,2358,82,82,2013-12-08,Patrick Ochs,L1,1,0,0,1,90
2321188_1944,2321188,1944,23,23,2013-12-08,Deniz Dogan,L1,0,0,0,0,88
2321188_2334,2321188,2334,44,44,2013-12-08,Marcel Ndjeng,L1,1,0,0,0,90
2332046_132,2332046,132,11,11,2013-12-08,Tomas Rosicky,GB1,0,0,0,0,22
2332046_3291,2332046,3291,29,984,2013-12-08,Gareth Barry,GB1,1,0,0,0,90
2332046_3356,2332046,3356,29,989,2013-12-08,Sylvain Distin,GB1,0,0,0,0,90
2332075_1662,2332075,1662,931,33,2013-12-08,Sascha Riether,GB1,0,0,0,0,90
2332075_3220,2332075,3220,931,931,2013-12-08,John Arne Riise,GB1,0,0,0,0,90
2332075_3259,2332075,3259,931,931,2013-12-08,Damien Duff,GB1,0,0,0,0,13
2332075_65,2332075,65,931,1091,2013-12-08,Dimitar Berbatov,GB1,0,0,1,0,90
2335220_1331,2335220,1331,121,533,2013-12-08,Kevin Kuranyi,RU1,0,0,2,0,90
2335220_3321,2335220,3321,121,3725,2013-12-08,Luke Wilkshire,RU1,1,0,0,0,80
2342410_3170,2342410,3170,1304,1304,2013-12-08,Simon Cziommer,NL1,0,0,1,0,87
2346125_1896,2346125,1896,19771,19771,2013-12-08,Ahmet Cebe,TR1,0,0,0,0,1
2346125_2148,2346125,2148,2293,2944,2013-12-08,Erdal Kilicaslan,TR1,0,0,0,1,67
2351997_3201,2351997,3201,3060,265,2013-12-08,Stathis Tavlaridis,GR1,0,0,0,0,90
2359348_1161,2359348,1161,46,46,2013-12-08,Javier Zanetti,IT1,0,0,0,0,70
2332017_488,2332017,488,2288,2288,2013-12-09,Gerhard Tremmel,GB1,0,0,0,0,90
2368476_3235,2368476,3235,985,1039,2013-12-10,Rio Ferdinand,CL,0,0,0,0,90
2368476_3332,2368476,3332,985,985,2013-12-10,Wayne Rooney,CL,0,0,0,0,90
2368476_3406,2368476,3406,985,985,2013-12-10,Ryan Giggs,CL,0,0,0,0,63
2368477_691,2368477,691,15,15,2013-12-10,Simon Rolfes,CL,1,0,0,0,90
2368478_1423,2368478,1423,190,855,2013-12-10,Lars Jacobsen,CL,0,0,0,0,90
2368478_3098,2368478,3098,190,190,2013-12-10,Olof Mellberg,CL,0,0,0,0,90
2368483_2219,2368483,2219,27,27,2013-12-10,Philipp Lahm,CL,0,0,0,0,90
2368483_2963,2368483,2963,281,714,2013-12-10,Martín Demichelis,CL,0,0,0,0,90
2368483_3333,2368483,3333,281,1237,2013-12-10,James Milner,CL,1,0,1,1,90
2368485_3160,2368485,3160,631,631,2013-12-11,John Terry,CL,0,0,0,0,90
2368485_3163,2368485,3163,631,281,2013-12-11,Frank Lampard,CL,0,0,0,0,90
2368485_3182,2368485,3182,631,12,2013-12-11,Ashley Cole,CL,0,0,0,0,90
2368485_3357,2368485,3357,631,1003,2013-12-11,Mark Schwarzer,CL,0,0,0,0,90
2368486_132,2368486,132,11,11,2013-12-11,Tomas Rosicky,CL,0,0,0,0,75
2368487_26,2368487,26,16,16,2013-12-11,Roman Weidenfeller,CL,0,0,0,0,90
2368487_410,2368487,410,16,16,2013-12-11,Sebastian Kehl,CL,0,0,0,0,78
2368489_1443,2368489,1443,610,190,2013-12-11,Christian Poulsen,CL,0,0,0,0,45
2368489_3366,2368489,3366,5,5,2013-12-11,Kaká,CL,0,0,0,0,81
2384520_2865,2384520,2865,506,167,2013-12-11,Stephan Lichtsteiner,CL,0,0,0,0,90
2367206_10,2367206,10,398,398,2013-12-12,Miroslav Klose,EL,0,0,0,0,15
2367334_488,2367334,488,2288,2288,2013-12-12,Gerhard Tremmel,EL,0,0,0,0,90
2367344_3115,2367344,3115,40,40,2013-12-12,David Bellion,EL,0,0,0,0,90
2367347_2623,2367347,2623,368,167,2013-12-12,Piotr Trochowski,EL,0,0,0,0,4
2321658_2334,2321658,2334,44,44,2013-12-13,Marcel Ndjeng,L1,0,0,0,0,90
2321658_411,2321658,411,44,44,2013-12-13,Levan Kobiashvili,L1,0,0,0,0,9
2341197_277,2341197,277,3368,3368,2013-12-13,Sérgio da Silva Pinto,ES1,0,0,0,0,45
2346133_2148,2346133,2148,2293,2944,2013-12-13,Erdal Kilicaslan,TR1,0,0,0,0,31
2346140_1896,2346140,1896,19771,19771,2013-12-13,Ahmet Cebe,TR1,0,0,0,0,28
2321190_2219,2321190,2219,27,27,2013-12-14,Philipp Lahm,L1,0,0,0,0,90
2321193_1094,2321193,1094,4,4,2013-12-14,Emanuel Pogatetz,L1,1,0,0,0,90
2321193_1150,2321193,1150,4,4,2013-12-14,Raphael Schäfer,L1,1,0,0,0,90
2321193_1986,2321193,1986,4,167,2013-12-14,Markus Feulner,L1,0,0,0,0,18
2321193_2805,2321193,2805,42,42,2013-12-14,Christian Pander,L1,0,0,0,0,9
2321194_1667,2321194,1667,82,162,2013-12-14,Diego Benaglio,L1,0,0,0,0,90
2321194_2358,2321194,2358,82,82,2013-12-14,Patrick Ochs,L1,0,0,0,0,90
2321195_1073,2321195,1073,16,16,2013-12-14,Manuel Friedrich,L1,1,0,0,0,90
2321195_410,2321195,410,16,16,2013-12-14,Sebastian Kehl,L1,0,0,0,0,90
2321196_1139,2321196,1139,39,39,2013-12-14,Nikolce Noveski,L1,0,0,0,0,90
2321196_568,2321196,568,18,18,2013-12-14,Martin Stranzl,L1,0,0,0,0,90
2321197_1659,2321197,1659,23,23,2013-12-14,Dennis Kruppke,L1,0,0,0,0,70
2321197_1791,2321197,1791,167,167,2013-12-14,Halil Altintop,L1,0,0,1,0,86
2330947_3266,2330947,3266,1158,1158,2013-12-14,Jérémie Aliadière,FR1,0,0,1,0,27
2332027_3276,2332027,3276,762,873,2013-12-14,Shola Ameobi,GB1,0,0,0,0,60
2332028_2963,2332028,2963,281,714,2013-12-14,Martín Demichelis,GB1,0,0,0,1,90
2332028_3333,2332028,3333,281,1237,2013-12-14,James Milner,GB1,0,0,0,1,19
2332029_1662,2332029,1662,931,33,2013-12-14,Sascha Riether,GB1,0,0,0,0,90
2332029_3220,2332029,3220,931,931,2013-12-14,John Arne Riise,GB1,0,0,0,0,90
2332029_3259,2332029,3259,931,931,2013-12-14,Damien Duff,GB1,0,0,0,0,6
2332029_3291,2332029,3291,29,984,2013-12-14,Gareth Barry,GB1,0,0,1,0,90
2332029_3356,2332029,3356,29,989,2013-12-14,Sylvain Distin,GB1,0,0,0,0,90
2332029_65,2332029,65,931,1091,2013-12-14,Dimitar Berbatov,GB1,0,0,1,0,90
2332037_1368,2332037,1368,379,1519,2013-12-14,Guy Demel,GB1,0,0,0,0,57
2332037_3179,2332037,3179,379,371,2013-12-14,Carlton Cole,GB1,0,0,0,0,15
2332037_3405,2332037,3405,289,289,2013-12-14,Wes Brown,GB1,0,0,0,0,90
2332047_3160,2332047,3160,631,631,2013-12-14,John Terry,GB1,0,0,0,0,90
2334910_3322,2334910,3322,903,903,2013-12-14,Ben Williams,SC1,0,0,0,0,90
2341236_215,2341236,215,1084,1084,2013-12-14,Roque Santa Cruz,ES1,0,0,1,0,17
2346135_3132,2346135,3132,126,126,2013-12-14,Florin Cernat,TR1,0,0,1,0,69
2346138_3216,2346138,3216,589,589,2013-12-14,Milan Baros,TR1,0,0,0,0,13
2346138_755,2346138,755,589,589,2013-12-14,Deniz Baris,TR1,0,0,0,0,90
2346138_933,2346138,933,589,2293,2013-12-14,Ugur Inceman,TR1,0,0,0,0,88
2321191_1321,2321191,1321,33,114,2013-12-15,Jermaine Jones,L1,0,0,0,0,32
2321191_1428,2321191,1428,60,60,2013-12-15,Mike Hanke,L1,0,0,0,0,17
2321192_691,2321192,691,15,15,2013-12-15,Simon Rolfes,L1,1,0,0,0,90
2329803_3176,2329803,3176,2282,2282,2013-12-15,Eidur Gudjohnsen,BE1,0,0,0,0,67
2332018_3332,2332018,3332,985,985,2013-12-15,Wayne Rooney,GB1,0,0,0,1,84
2332018_3406,2332018,3406,985,985,2013-12-15,Ryan Giggs,GB1,0,0,0,0,70
2342393_1443,2342393,1443,610,190,2013-12-15,Christian Poulsen,NL1,0,0,0,0,7
2342394_3170,2342394,3170,1304,1304,2013-12-15,Simon Cziommer,NL1,0,0,0,0,90
2359357_2926,2359357,2926,1025,105,2013-12-15,György Garics,IT1,0,0,0,0,45
2359360_10,2359360,10,398,398,2013-12-15,Miroslav Klose,IT1,0,0,2,0,90
2359361_3366,2359361,3366,5,5,2013-12-16,Kaká,IT1,1,0,0,0,90
2382252_2923,2382252,2923,3368,3368,2013-12-17,Andreas Ivanschitz,CDR,0,0,1,2,90
2382254_215,2382254,215,1084,1084,2013-12-17,Roque Santa Cruz,CDR,0,0,0,0,26
2384653_2219,2384653,2219,27,27,2013-12-17,Philipp Lahm,KLUB,0,0,0,0,90
2384653_532,2384653,532,27,86,2013-12-17,Claudio Pizarro,KLUB,0,0,0,0,15
2352058_1083,2352058,1083,128,128,2013-12-18,Julian de Guzmán,GR1,1,0,0,1,90
2352064_3201,2352064,3201,3060,265,2013-12-18,Stathis Tavlaridis,GR1,0,0,0,0,86
2378599_3170,2378599,3170,1304,1304,2013-12-18,Simon Cziommer,NLP,0,0,0,1,72
2382261_2623,2382261,2623,368,167,2013-12-18,Piotr Trochowski,CDR,0,0,0,0,57
2383734_2865,2383734,2865,506,167,2013-12-18,Stephan Lichtsteiner,CIT,0,0,0,0,8
2378600_1443,2378600,1443,610,190,2013-12-19,Christian Poulsen,NLP,0,0,0,0,90
2321207_1565,2321207,1565,24,24,2013-12-20,Alexander Meier,L1,0,0,0,0,28
2321207_1791,2321207,1791,167,167,2013-12-20,Halil Altintop,L1,0,0,0,0,90
2341205_215,2341205,215,1084,1084,2013-12-20,Roque Santa Cruz,ES1,0,0,0,0,1
2346148_3132,2346148,3132,126,126,2013-12-20,Florin Cernat,TR1,0,0,0,0,85
2321199_2334,2321199,2334,44,44,2013-12-21,Marcel Ndjeng,L1,0,0,0,0,90
2321199_26,2321199,26,16,16,2013-12-21,Roman Weidenfeller,L1,0,0,0,0,90
2321199_410,2321199,410,16,16,2013-12-21,Sebastian Kehl,L1,0,0,0,1,77
2321199_411,2321199,411,44,44,2013-12-21,Levan Kobiashvili,L1,1,0,0,0,90
2321202_691,2321202,691,15,15,2013-12-21,Simon Rolfes,L1,0,0,0,0,90
2321203_1150,2321203,1150,4,4,2013-12-21,Raphael Schäfer,L1,0,0,0,0,90
2321203_1321,2321203,1321,33,114,2013-12-21,Jermaine Jones,L1,0,0,0,0,90
2321204_1335,2321204,1335,42,42,2013-12-21,Steven Cherundolo,L1,0,0,0,0,82
2321204_1428,2321204,1428,60,60,2013-12-21,Mike Hanke,L1,0,0,0,0,2
2321204_3114,2321204,3114,42,42,2013-12-21,Jan Schlaudraff,L1,0,0,0,0,8
2321205_1139,2321205,1139,39,39,2013-12-21,Nikolce Noveski,L1,0,0,0,0,90
2321206_1944,2321206,1944,23,23,2013-12-21,Deniz Dogan,L1,0,0,0,0,90
2331990_3405,2331990,3405,289,289,2013-12-21,Wes Brown,GB1,0,1,0,0,90
2331993_3276,2331993,3276,762,873,2013-12-21,Shola Ameobi,GB1,0,0,0,1,15
2331994_1662,2331994,1662,931,33,2013-12-21,Sascha Riether,GB1,0,0,0,1,90
2331994_2963,2331994,2963,281,714,2013-12-21,Martín Demichelis,GB1,1,0,0,1,90
2331994_3220,2331994,3220,931,931,2013-12-21,John Arne Riise,GB1,0,0,0,0,90
2331994_3333,2331994,3333,281,1237,2013-12-21,James Milner,GB1,0,0,1,0,15
2331996_1368,2331996,1368,379,1519,2013-12-21,Guy Demel,GB1,0,0,0,0,90
2331996_3179,2331996,3179,379,371,2013-12-21,Carlton Cole,GB1,0,0,1,0,19
2331996_3332,2331996,3332,985,985,2013-12-21,Wayne Rooney,GB1,0,0,0,2,90
2331997_3195,2331997,3195,512,512,2013-12-21,Jermaine Pennant,GB1,0,0,0,0,18
2331997_3306,2331997,3306,512,1132,2013-12-21,Jonathan Walters,GB1,0,0,0,0,90
2334918_3322,2334918,3322,903,903,2013-12-21,Ben Williams,SC1,0,0,0,0,90
2341196_277,2341196,277,3368,3368,2013-12-21,Sérgio da Silva Pinto,ES1,1,0,0,0,3
2341196_2923,2341196,2923,3368,3368,2013-12-21,Andreas Ivanschitz,ES1,0,0,1,0,34
2342395_3170,2342395,3170,1304,1304,2013-12-21,Simon Cziommer,NL1,0,0,0,1,90
2352030_3201,2352030,3201,3060,265,2013-12-21,Stathis Tavlaridis,GR1,0,0,0,0,90
2385268_2219,2385268,2219,27,27,2013-12-21,Philipp Lahm,KLUB,0,0,0,0,90
2321200_1667,2321200,1667,82,162,2013-12-22,Diego Benaglio,L1,0,0,0,0,90
2321200_2358,2321200,2358,82,82,2013-12-22,Patrick Ochs,L1,1,0,0,0,90
2321200_568,2321200,568,18,18,2013-12-22,Martin Stranzl,L1,0,0,0,0,90
2330988_3266,2330988,3266,1158,1158,2013-12-22,Jérémie Aliadière,FR1,0,0,0,1,90
2332038_3291,2332038,3291,29,984,2013-12-22,Gareth Barry,GB1,0,0,0,0,90
2332038_3356,2332038,3356,29,989,2013-12-22,Sylvain Distin,GB1,0,0,0,0,90
2332038_488,2332038,488,2288,2288,2013-12-22,Gerhard Tremmel,GB1,0,0,0,0,90
2342396_1443,2342396,1443,610,190,2013-12-22,Christian Poulsen,NL1,0,0,0,0,80
2346143_3216,2346143,3216,589,589,2013-12-22,Milan Baros,TR1,0,0,0,0,4
2346143_755,2346143,755,589,589,2013-12-22,Deniz Baris,TR1,0,0,0,0,40
2346143_933,2346143,933,589,2293,2013-12-22,Ugur Inceman,TR1,0,0,0,0,45
2346146_2148,2346146,2148,2293,2944,2013-12-22,Erdal Kilicaslan,TR1,0,0,0,0,10
2352029_1083,2352029,1083,128,128,2013-12-22,Julian de Guzmán,GR1,0,0,0,0,85
2359365_2865,2359365,2865,506,167,2013-12-22,Stephan Lichtsteiner,IT1,0,0,0,1,90
2359366_2926,2359366,2926,1025,105,2013-12-22,György Garics,IT1,1,0,0,0,90
2359368_10,2359368,10,398,398,2013-12-22,Miroslav Klose,IT1,0,0,0,0,90
2359369_1161,2359369,1161,46,46,2013-12-22,Javier Zanetti,IT1,0,0,0,0,68
2359369_3366,2359369,3366,5,5,2013-12-22,Kaká,IT1,0,0,0,0,90
2332007_132,2332007,132,11,11,2013-12-23,Tomas Rosicky,GB1,1,0,0,0,90
2332007_3160,2332007,3160,631,631,2013-12-23,John Terry,GB1,0,0,0,0,90
2332007_3163,2332007,3163,631,281,2013-12-23,Frank Lampard,GB1,0,0,0,0,90
2346142_1896,2346142,1896,19771,19771,2013-12-23,Ahmet Cebe,TR1,0,0,0,0,1
2329787_3176,2329787,3176,2282,2282,2013-12-26,Eidur Gudjohnsen,BE1,0,0,0,0,32
2331963_3276,2331963,3276,762,873,2013-12-26,Shola Ameobi,GB1,0,0,0,0,45
2331963_3306,2331963,3306,512,1132,2013-12-26,Jonathan Walters,GB1,0,0,0,0,90
2331964_1662,2331964,1662,931,33,2013-12-26,Sascha Riether,GB1,0,0,0,0,90
2331964_3220,2331964,3220,931,931,2013-12-26,John Arne Riise,GB1,0,0,0,0,1
2331964_3259,2331964,3259,931,931,2013-12-26,Damien Duff,GB1,0,0,0,0,58
2331965_1368,2331965,1368,379,1519,2013-12-26,Guy Demel,GB1,0,0,0,0,27
2331965_3179,2331965,3179,379,371,2013-12-26,Carlton Cole,GB1,0,0,1,0,90
2332004_3332,2332004,3332,985,985,2013-12-26,Wayne Rooney,GB1,1,0,1,1,90
2332009_3333,2332009,3333,281,1237,2013-12-26,James Milner,GB1,0,0,0,0,18
2332014_3160,2332014,3160,631,631,2013-12-26,John Terry,GB1,0,0,0,0,90
2332014_3163,2332014,3163,631,281,2013-12-26,Frank Lampard,GB1,0,0,0,0,23
2332014_3182,2332014,3182,631,12,2013-12-26,Ashley Cole,GB1,0,0,0,1,90
2332014_488,2332014,488,2288,2288,2013-12-26,Gerhard Tremmel,GB1,0,0,0,0,90
2332015_3291,2332015,3291,29,984,2013-12-26,Gareth Barry,GB1,1,0,0,0,90
2332015_3356,2332015,3356,29,989,2013-12-26,Sylvain Distin,GB1,0,0,0,0,90
2334976_3269,2334976,3269,370,370,2013-12-26,Calvin Zola,SC1,0,0,0,0,4
2334983_3322,2334983,3322,903,903,2013-12-26,Ben Williams,SC1,0,0,0,0,90
2331966_488,2331966,488,2288,2288,2013-12-28,Gerhard Tremmel,GB1,0,0,0,0,90
2331975_3406,2331975,3406,985,985,2013-12-28,Ryan Giggs,GB1,1,0,0,0,45
2331986_3220,2331986,3220,931,931,2013-12-28,John Arne Riise,GB1,0,0,0,0,90
2331988_1368,2331988,1368,379,1519,2013-12-28,Guy Demel,GB1,0,0,0,0,80
2331988_3179,2331988,3179,379,371,2013-12-28,Carlton Cole,GB1,1,0,0,0,45
2331988_3226,2331988,3226,984,984,2013-12-28,Nicolas Anelka,GB1,0,0,2,0,90
2331998_3333,2331998,3333,281,1237,2013-12-28,James Milner,GB1,0,0,0,0,75
2346152_3132,2346152,3132,126,126,2013-12-28,Florin Cernat,TR1,0,0,0,0,60
2331959_3356,2331959,3356,29,989,2013-12-29,Sylvain Distin,GB1,0,0,0,0,90
2331968_3160,2331968,3160,631,631,2013-12-29,John Terry,GB1,1,0,0,0,90
2331968_3163,2331968,3163,631,281,2013-12-29,Frank Lampard,GB1,0,0,0,0,45
2331968_3182,2331968,3182,631,12,2013-12-29,Ashley Cole,GB1,0,0,0,0,60
2331968_3202,2331968,3202,31,371,2013-12-29,Kolo Touré,GB1,0,0,0,0,1
2331976_3195,2331976,3195,512,512,2013-12-29,Jermaine Pennant,GB1,0,0,0,0,22
2331976_3306,2331976,3306,512,1132,2013-12-29,Jonathan Walters,GB1,1,0,0,0,90
2331987_132,2331987,132,11,11,2013-12-29,Tomas Rosicky,GB1,1,0,0,0,90
2331987_3276,2331987,3276,762,873,2013-12-29,Shola Ameobi,GB1,0,0,0,0,16
2334990_3322,2334990,3322,903,903,2013-12-29,Ben Williams,SC1,0,0,0,0,90
2346151_2148,2346151,2148,2293,2944,2013-12-29,Erdal Kilicaslan,TR1,0,0,2,0,37
2346155_933,2346155,933,589,2293,2013-12-29,Ugur Inceman,TR1,0,0,0,0,15
2331977_132,2331977,132,11,11,2014-01-01,Tomas Rosicky,GB1,0,0,0,0,25
2332096_3332,2332096,3332,985,985,2014-01-01,Wayne Rooney,GB1,1,0,0,0,90
2332100_3160,2332100,3160,631,631,2014-01-01,John Terry,GB1,0,0,0,0,90
2332100_3182,2332100,3182,631,12,2014-01-01,Ashley Cole,GB1,0,0,0,0,90
2332101_3195,2332101,3195,512,512,2014-01-01,Jermaine Pennant,GB1,1,0,0,0,18
2332101_3291,2332101,3291,29,984,2014-01-01,Gareth Barry,GB1,0,0,0,0,90
2332101_3306,2332101,3306,512,1132,2014-01-01,Jonathan Walters,GB1,0,0,0,0,72
2332102_3226,2332102,3226,984,984,2014-01-01,Nicolas Anelka,GB1,0,0,0,0,88
2332102_3276,2332102,3276,762,873,2014-01-01,Shola Ameobi,GB1,0,0,0,0,76
2332113_1327,2332113,1327,379,1159,2014-01-01,Alou Diarra,GB1,0,0,0,0,90
2332113_1368,2332113,1368,379,1519,2014-01-01,Guy Demel,GB1,0,0,0,0,90
2332113_1662,2332113,1662,931,33,2014-01-01,Sascha Riether,GB1,0,0,0,0,90
2332113_3179,2332113,3179,379,371,2014-01-01,Carlton Cole,GB1,0,0,0,0,22
2332113_3220,2332113,3220,931,931,2014-01-01,John Arne Riise,GB1,0,0,0,0,90
2332113_3259,2332113,3259,931,931,2014-01-01,Damien Duff,GB1,0,0,0,1,78
2332113_65,2332113,65,931,1091,2014-01-01,Dimitar Berbatov,GB1,1,0,1,0,90
2332114_3109,2332114,3109,31,31,2014-01-01,Steven Gerrard,GB1,0,0,0,0,28
2332114_3202,2332114,3202,31,371,2014-01-01,Kolo Touré,GB1,0,0,0,0,35
2332116_3333,2332116,3333,281,1237,2014-01-01,James Milner,GB1,1,0,0,0,20
2332116_488,2332116,488,2288,2288,2014-01-01,Gerhard Tremmel,GB1,0,0,0,0,90
2334993_3322,2334993,3322,903,903,2014-01-02,Ben Williams,SC1,0,0,0,0,90
2341200_2923,2341200,2923,3368,3368,2014-01-04,Andreas Ivanschitz,ES1,0,0,0,0,54
2341201_215,2341201,215,1084,1084,2014-01-04,Roque Santa Cruz,ES1,0,0,0,0,24
2352042_3201,2352042,3201,3060,265,2014-01-04,Stathis Tavlaridis,GR1,0,0,0,0,90
2387437_3306,2387437,3306,512,1132,2014-01-04,Jonathan Walters,FAC,0,0,0,0,10
2387439_3276,2387439,3276,762,873,2014-01-04,Shola Ameobi,FAC,0,0,0,0,5
2387445_3220,2387445,3220,931,931,2014-01-04,John Arne Riise,FAC,1,0,0,0,20
2387450_3333,2387450,3333,281,1237,2014-01-04,James Milner,FAC,0,0,0,0,90
2387451_3291,2387451,3291,29,984,2014-01-04,Gareth Barry,FAC,0,0,0,0,83
2387453_132,2387453,132,11,11,2014-01-04,Tomas Rosicky,FAC,0,0,1,0,90
2334996_3322,2334996,3322,903,903,2014-01-05,Ben Williams,SC1,0,0,0,0,90
2341187_2623,2341187,2623,368,167,2014-01-05,Piotr Trochowski,ES1,0,0,0,0,6
2352051_1083,2352051,1083,128,128,2014-01-05,Julian de Guzmán,GR1,1,0,0,0,90
2359379_2865,2359379,2865,506,167,2014-01-05,Stephan Lichtsteiner,IT1,0,0,0,0,90
2387429_3109,2387429,3109,31,31,2014-01-05,Steven Gerrard,FAC,0,0,0,0,76
2387429_3202,2387429,3202,31,371,2014-01-05,Kolo Touré,FAC,0,0,0,0,90
2387430_1327,2387430,1327,379,1159,2014-01-05,Alou Diarra,FAC,0,0,0,0,55
2387443_3235,2387443,3235,985,1039,2014-01-05,Rio Ferdinand,FAC,0,0,0,0,76
2387443_488,2387443,488,2288,2288,2014-01-05,Gerhard Tremmel,FAC,0,0,0,0,90
2387448_3405,2387448,3405,289,289,2014-01-05,Wes Brown,FAC,0,0,0,0,90
2387457_3182,2387457,3182,631,12,2014-01-05,Ashley Cole,FAC,0,0,0,0,90
2387457_3357,2387457,3357,631,1003,2014-01-05,Mark Schwarzer,FAC,0,0,0,0,90
2359380_10,2359380,10,398,398,2014-01-06,Miroslav Klose,IT1,0,0,1,0,90
2359380_1161,2359380,1161,46,46,2014-01-06,Javier Zanetti,IT1,0,0,0,0,7
2359381_3366,2359381,3366,5,5,2014-01-06,Kaká,IT1,0,0,2,1,90
2383889_1161,2383889,1161,46,46,2014-01-09,Javier Zanetti,CIT,0,0,0,0,61
2388766_277,2388766,277,3368,3368,2014-01-09,Sérgio da Silva Pinto,CDR,0,0,0,0,90
2388766_2923,2388766,2923,3368,3368,2014-01-09,Andreas Ivanschitz,CDR,0,0,0,0,90
2334987_3269,2334987,3269,370,370,2014-01-10,Calvin Zola,SC1,0,0,0,0,7
2334987_3322,2334987,3322,903,903,2014-01-10,Ben Williams,SC1,0,0,0,0,90
2332207_1662,2332207,1662,931,33,2014-01-11,Sascha Riether,GB1,0,0,0,0,90
2332207_3220,2332207,3220,931,931,2014-01-11,John Arne Riise,GB1,1,0,0,0,90
2332207_3259,2332207,3259,931,931,2014-01-11,Damien Duff,GB1,0,0,0,1,68
2332207_3405,2332207,3405,289,289,2014-01-11,Wes Brown,GB1,0,0,0,0,90
2332207_65,2332207,65,931,1091,2014-01-11,Dimitar Berbatov,GB1,0,0,0,0,90
2332210_3291,2332210,3291,29,984,2014-01-11,Gareth Barry,GB1,0,0,1,0,90
2332224_3226,2332224,3226,984,984,2014-01-11,Nicolas Anelka,GB1,0,0,0,0,77
2332227_1327,2332227,1327,379,1159,2014-01-11,Alou Diarra,GB1,1,0,0,0,15
2332227_1368,2332227,1368,379,1519,2014-01-11,Guy Demel,GB1,0,0,0,0,17
2332227_3179,2332227,3179,379,371,2014-01-11,Carlton Cole,GB1,0,0,1,0,72
2332227_3297,2332227,3297,603,603,2014-01-11,Craig Bellamy,GB1,0,0,0,0,45
2332228_488,2332228,488,2288,2288,2014-01-11,Gerhard Tremmel,GB1,0,0,0,0,90
2332232_3160,2332232,3160,631,631,2014-01-11,John Terry,GB1,0,0,0,0,90
2332232_3182,2332232,3182,631,12,2014-01-11,Ashley Cole,GB1,0,0,0,1,90
2359386_10,2359386,10,398,398,2014-01-11,Miroslav Klose,IT1,0,0,0,0,90
2359386_2926,2359386,2926,1025,105,2014-01-11,György Garics,IT1,0,0,0,0,90
2330986_3266,2330986,3266,1158,1158,2014-01-12,Jérémie Aliadière,FR1,0,0,0,0,83
2332229_2963,2332229,2963,281,714,2014-01-12,Martín Demichelis,GB1,0,0,0,0,90
2332229_3333,2332229,3333,281,1237,2014-01-12,James Milner,GB1,0,0,0,1,11
2332245_3109,2332245,3109,31,31,2014-01-12,Steven Gerrard,GB1,0,0,1,0,90
2332245_3202,2332245,3202,31,371,2014-01-12,Kolo Touré,GB1,0,0,0,0,90
2332245_3306,2332245,3306,512,1132,2014-01-12,Jonathan Walters,GB1,0,0,1,0,90
2341044_215,2341044,215,1084,1084,2014-01-12,Roque Santa Cruz,ES1,0,0,0,0,90
2341044_277,2341044,277,3368,3368,2014-01-12,Sérgio da Silva Pinto,ES1,0,0,0,0,45
2341044_2923,2341044,2923,3368,3368,2014-01-12,Andreas Ivanschitz,ES1,0,0,0,1,61
2352020_3201,2352020,3201,3060,265,2014-01-12,Stathis Tavlaridis,GR1,0,0,0,0,90
2352022_1083,2352022,1083,128,128,2014-01-12,Julian de Guzmán,GR1,0,0,0,0,86
2359387_2865,2359387,2865,506,167,2014-01-12,Stephan Lichtsteiner,IT1,0,0,1,2,90
2359393_3366,2359393,3366,5,5,2014-01-12,Kaká,IT1,0,0,0,0,90
2332231_132,2332231,132,11,11,2014-01-13,Tomas Rosicky,GB1,0,0,0,0,17
2388688_1662,2388688,1662,931,33,2014-01-14,Sascha Riether,FAC,0,0,0,1,90
2384510_3201,2384510,3201,3060,265,2014-01-15,Stathis Tavlaridis,GRP,0,0,0,0,90
2388690_3333,2388690,3333,281,1237,2014-01-15,James Milner,FAC,1,0,0,0,90
2396428_277,2396428,277,3368,3368,2014-01-15,Sérgio da Silva Pinto,CDR,0,0,0,0,90
2382307_2956,2382307,2956,68608,68608,2014-01-16,Roland Linz,POCP,0,0,0,0,75
2341038_215,2341038,215,1084,1084,2014-01-17,Roque Santa Cruz,ES1,0,0,0,0,90
2342414_3170,2342414,3170,1304,1304,2014-01-17,Simon Cziommer,NL1,0,0,0,0,90
2329798_3176,2329798,3176,2282,2282,2014-01-18,Eidur Gudjohnsen,BE1,0,0,0,0,90
2331021_3266,2331021,3266,1158,1158,2014-01-18,Jérémie Aliadière,FR1,0,0,0,0,90
2332233_3179,2332233,3179,379,371,2014-01-18,Carlton Cole,GB1,0,0,0,1,90
2332233_3276,2332233,3276,762,873,2014-01-18,Shola Ameobi,GB1,0,0,0,0,30
2332239_3109,2332239,3109,31,31,2014-01-18,Steven Gerrard,GB1,0,0,1,0,90
2332239_3202,2332239,3202,31,371,2014-01-18,Kolo Touré,GB1,0,0,0,0,90
2332246_2963,2332246,2963,281,714,2014-01-18,Martín Demichelis,GB1,0,0,0,0,90
2332246_3297,2332246,3297,603,603,2014-01-18,Craig Bellamy,GB1,0,0,0,0,22
2332246_3333,2332246,3333,281,1237,2014-01-18,James Milner,GB1,0,0,0,0,10
2332247_1662,2332247,1662,931,33,2014-01-18,Sascha Riether,GB1,0,0,0,0,90
2332247_65,2332247,65,931,1091,2014-01-18,Dimitar Berbatov,GB1,0,0,0,0,90
2332248_3306,2332248,3306,512,1132,2014-01-18,Jonathan Walters,GB1,0,0,0,0,79
2332249_3405,2332249,3405,289,289,2014-01-18,Wes Brown,GB1,0,0,0,0,90
2335004_3322,2335004,3322,903,903,2014-01-18,Ben Williams,SC1,0,0,0,0,90
2359403_2865,2359403,2865,506,167,2014-01-18,Stephan Lichtsteiner,IT1,0,0,0,0,90
2332218_3160,2332218,3160,631,631,2014-01-19,John Terry,GB1,0,0,0,0,90
2332241_488,2332241,488,2288,2288,2014-01-19,Gerhard Tremmel,GB1,0,0,0,0,90
2340437_2956,2340437,2956,68608,68608,2014-01-19,Roland Linz,PO1,0,0,0,0,10
2341042_277,2341042,277,3368,3368,2014-01-19,Sérgio da Silva Pinto,ES1,0,0,0,0,3
2341042_2923,2341042,2923,3368,3368,2014-01-19,Andreas Ivanschitz,ES1,1,0,0,1,87
2342430_1443,2342430,1443,610,190,2014-01-19,Christian Poulsen,NL1,0,0,0,0,4
2352001_1083,2352001,1083,128,128,2014-01-19,Julian de Guzmán,GR1,0,0,0,0,90
2352037_3201,2352037,3201,3060,265,2014-01-19,Stathis Tavlaridis,GR1,1,0,0,0,90
2359397_3366,2359397,3366,5,5,2014-01-19,Kaká,IT1,0,0,0,1,90
2359399_10,2359399,10,398,398,2014-01-19,Miroslav Klose,IT1,1,0,0,1,90
2359401_2926,2359401,2926,1025,105,2014-01-19,György Garics,IT1,1,0,0,0,90
2332237_3226,2332237,3226,984,984,2014-01-20,Nicolas Anelka,GB1,0,0,0,0,77
2332237_3291,2332237,3291,29,984,2014-01-20,Gareth Barry,GB1,1,0,0,0,90
2332237_3356,2332237,3356,29,989,2014-01-20,Sylvain Distin,GB1,0,0,0,0,90
2335052_3287,2335052,3287,2578,2578,2014-01-21,Steve Banks,SC1,0,0,0,0,90
2385457_1443,2385457,1443,610,190,2014-01-22,Christian Poulsen,NLP,0,0,0,0,14
2398370_3366,2398370,3366,5,5,2014-01-22,Kaká,CIT,0,0,0,0,90
2421862_277,2421862,277,3368,3368,2014-01-22,Sérgio da Silva Pinto,CDR,0,0,0,0,90
2321209_2219,2321209,2219,27,27,2014-01-24,Philipp Lahm,L1,0,0,0,0,90
2321209_532,2321209,532,27,86,2014-01-24,Claudio Pizarro,L1,0,0,0,0,9
2321209_568,2321209,568,18,18,2014-01-24,Martin Stranzl,L1,0,0,0,0,90
2342453_3170,2342453,3170,1304,1304,2014-01-24,Simon Cziommer,NL1,0,0,0,0,90
2321208_1791,2321208,1791,167,167,2014-01-25,Halil Altintop,L1,0,0,0,0,35
2321208_26,2321208,26,16,16,2014-01-25,Roman Weidenfeller,L1,0,0,0,0,90
2321208_410,2321208,410,16,16,2014-01-25,Sebastian Kehl,L1,0,0,0,0,90
2321210_1139,2321210,1139,39,39,2014-01-25,Nikolce Noveski,L1,1,0,0,0,90
2321211_1586,2321211,1586,42,42,2014-01-25,Christian Schulz,L1,0,0,0,0,90
2321211_1667,2321211,1667,82,162,2014-01-25,Diego Benaglio,L1,0,0,0,0,90
2321211_3114,2321211,3114,42,42,2014-01-25,Jan Schlaudraff,L1,0,0,0,0,1
2321213_1150,2321213,1150,4,4,2014-01-25,Raphael Schäfer,L1,0,0,0,0,90
2321213_1986,2321213,1986,4,167,2014-01-25,Markus Feulner,L1,0,0,0,0,90
2321214_1428,2321214,1428,60,60,2014-01-25,Mike Hanke,L1,0,0,0,0,1
2321214_691,2321214,691,15,15,2014-01-25,Simon Rolfes,L1,0,0,1,0,90
2321216_1565,2321216,1565,24,24,2014-01-25,Alexander Meier,L1,0,0,1,0,90
2321216_2767,2321216,2767,24,24,2014-01-25,Alexander Madlung,L1,0,0,0,0,6
2321216_411,2321216,411,44,44,2014-01-25,Levan Kobiashvili,L1,0,0,0,0,17
2331003_3266,2331003,3266,1158,1158,2014-01-25,Jérémie Aliadière,FR1,0,0,0,0,90
2341027_2923,2341027,2923,3368,3368,2014-01-25,Andreas Ivanschitz,ES1,0,0,0,1,81
2346167_3132,2346167,3132,126,126,2014-01-25,Florin Cernat,TR1,0,0,0,0,29
2346171_109,2346171,109,825,825,2014-01-25,Dedê,TR1,0,0,0,0,90
2359410_10,2359410,10,398,398,2014-01-25,Miroslav Klose,IT1,0,0,0,1,90
2359410_2865,2359410,2865,506,167,2014-01-25,Stephan Lichtsteiner,IT1,0,0,0,1,90
2382314_2956,2382314,2956,68608,68608,2014-01-25,Roland Linz,POCP,0,0,0,0,19
2421954_3109,2421954,3109,31,31,2014-01-25,Steven Gerrard,FAC,1,0,0,0,90
2421954_3202,2421954,3202,31,371,2014-01-25,Kolo Touré,FAC,0,0,0,0,90
2421963_2963,2421963,2963,281,714,2014-01-25,Martín Demichelis,FAC,0,0,0,0,90
2421964_488,2421964,488,2288,2288,2014-01-25,Gerhard Tremmel,FAC,0,0,0,0,90
2421965_3291,2421965,3291,29,984,2014-01-25,Gareth Barry,FAC,0,0,0,0,90
2422829_3201,2422829,3201,3060,265,2014-01-25,Stathis Tavlaridis,GR1,0,0,0,0,90
2321212_1944,2321212,1944,23,23,2014-01-26,Deniz Dogan,L1,0,0,0,0,90
2321215_1726,2321215,1726,41,610,2014-01-26,Heiko Westermann,L1,0,0,0,0,90
2335014_3322,2335014,3322,903,903,2014-01-26,Ben Williams,SC1,0,0,0,0,90
2341020_215,2341020,215,1084,1084,2014-01-26,Roque Santa Cruz,ES1,0,0,0,0,25
2342450_1443,2342450,1443,610,190,2014-01-26,Christian Poulsen,NL1,0,0,0,0,5
2346165_1896,2346165,1896,19771,19771,2014-01-26,Ahmet Cebe,TR1,0,0,0,0,22
2346169_933,2346169,933,589,2293,2014-01-26,Ugur Inceman,TR1,0,0,0,0,19
2346170_3059,2346170,3059,524,524,2014-01-26,Ekrem Dag,TR1,0,0,0,0,5
2359406_2926,2359406,2926,1025,105,2014-01-26,György Garics,IT1,0,0,0,0,90
2359411_3366,2359411,3366,5,5,2014-01-26,Kaká,IT1,0,0,0,0,90
2421966_3220,2421966,3220,931,931,2014-01-26,John Arne Riise,FAC,0,0,0,0,10
2421966_3259,2421966,3259,931,931,2014-01-26,Damien Duff,FAC,0,0,0,0,90
2421967_3163,2421967,3163,631,281,2014-01-26,Frank Lampard,FAC,0,0,0,0,90
2421967_3182,2421967,3182,631,12,2014-01-26,Ashley Cole,FAC,0,0,0,0,90
2421967_3306,2421967,3306,512,1132,2014-01-26,Jonathan Walters,FAC,0,0,0,0,90
2421967_3357,2421967,3357,631,1003,2014-01-26,Mark Schwarzer,FAC,0,0,0,0,90
2422835_1083,2422835,1083,128,128,2014-01-26,Julian de Guzmán,GR1,2,0,0,0,48
2346163_2148,2346163,2148,2293,2944,2014-01-27,Erdal Kilicaslan,TR1,0,0,0,0,11
2346163_597,2346163,597,2293,2696,2014-01-27,Aleksandr Hleb,TR1,0,0,0,1,82
2332201_3276,2332201,3276,762,873,2014-01-28,Shola Ameobi,GB1,0,0,0,0,15
2332203_1662,2332203,1662,931,33,2014-01-28,Sascha Riether,GB1,0,0,0,0,90
2332203_3259,2332203,3259,931,931,2014-01-28,Damien Duff,GB1,0,0,0,0,19
2332203_488,2332203,488,2288,2288,2014-01-28,Gerhard Tremmel,GB1,0,0,0,0,90
2332203_65,2332203,65,931,1091,2014-01-28,Dimitar Berbatov,GB1,0,0,0,0,83
2332230_3297,2332230,3297,603,603,2014-01-28,Craig Bellamy,GB1,1,0,0,0,90
2332230_3332,2332230,3332,985,985,2014-01-28,Wayne Rooney,GB1,0,0,0,0,27
2332230_3406,2332230,3406,985,985,2014-01-28,Ryan Giggs,GB1,0,0,0,0,71
2332250_3109,2332250,3109,31,31,2014-01-28,Steven Gerrard,GB1,0,0,1,0,90
2332250_3202,2332250,3202,31,371,2014-01-28,Kolo Touré,GB1,0,0,0,1,90
2332250_3291,2332250,3291,29,984,2014-01-28,Gareth Barry,GB1,1,0,0,0,90
2321201_2219,2321201,2219,27,27,2014-01-29,Philipp Lahm,L1,0,0,0,0,90
2321201_532,2321201,532,27,86,2014-01-29,Claudio Pizarro,L1,0,0,1,0,31
2332202_3306,2332202,3306,512,1132,2014-01-29,Jonathan Walters,GB1,0,0,0,0,25
2332202_3405,2332202,3405,289,289,2014-01-29,Wes Brown,GB1,0,0,0,0,90
2332211_1368,2332211,1368,379,1519,2014-01-29,Guy Demel,GB1,0,0,0,0,90
2332211_3160,2332211,3160,631,631,2014-01-29,John Terry,GB1,0,0,0,0,90
2332211_3163,2332211,3163,631,281,2014-01-29,Frank Lampard,GB1,0,0,0,0,27
2332211_3179,2332211,3179,379,371,2014-01-29,Carlton Cole,GB1,0,0,0,0,26
2332219_2963,2332219,2963,281,714,2014-01-29,Martín Demichelis,GB1,1,0,0,0,90
2332234_3226,2332234,3226,984,984,2014-01-29,Nicolas Anelka,GB1,0,0,0,0,26
2421870_277,2421870,277,3368,3368,2014-01-29,Sérgio da Silva Pinto,CDR,1,0,0,0,31
2428286_3201,2428286,3201,3060,265,2014-01-29,Stathis Tavlaridis,GRP,0,0,0,0,90
2321224_1944,2321224,1944,23,23,2014-01-31,Deniz Dogan,L1,0,0,0,0,90
2321224_26,2321224,26,16,16,2014-01-31,Roman Weidenfeller,L1,0,0,0,0,90
2321224_410,2321224,410,16,16,2014-01-31,Sebastian Kehl,L1,0,0,0,0,1
2331012_3115,2331012,3115,40,40,2014-01-31,David Bellion,FR1,0,0,0,0,8
2321218_1667,2321218,1667,82,162,2014-02-01,Diego Benaglio,L1,0,0,0,0,90
2321218_2358,2321218,2358,82,82,2014-02-01,Patrick Ochs,L1,1,0,0,0,90
2321219_1426,2321219,1426,79,79,2014-02-01,Cacau,L1,0,0,0,0,1
2321219_3256,2321219,3256,15,15,2014-02-01,Roberto Hilbert,L1,0,0,0,0,90
2321219_691,2321219,691,15,15,2014-02-01,Simon Rolfes,L1,0,0,0,1,90
2321220_1586,2321220,1586,42,42,2014-02-01,Christian Schulz,L1,0,0,0,0,90
2321220_3114,2321220,3114,42,42,2014-02-01,Jan Schlaudraff,L1,0,0,0,1,1
2321220_568,2321220,568,18,18,2014-02-01,Martin Stranzl,L1,0,0,0,0,90
2321222_1139,2321222,1139,39,39,2014-02-01,Nikolce Noveski,L1,1,0,0,0,90
2321222_1428,2321222,1428,60,60,2014-02-01,Mike Hanke,L1,0,0,0,0,19
2321223_1791,2321223,1791,167,167,2014-02-01,Halil Altintop,L1,0,0,1,0,87
2329737_3176,2329737,3176,2282,2282,2014-02-01,Eidur Gudjohnsen,BE1,0,0,1,0,22
2331009_3266,2331009,3266,1158,1158,2014-02-01,Jérémie Aliadière,FR1,0,0,1,0,90
2332189_1662,2332189,1662,931,33,2014-02-01,Sascha Riether,GB1,0,0,0,0,90
2332189_3259,2332189,3259,931,931,2014-02-01,Damien Duff,GB1,0,0,0,0,65
2332194_3306,2332194,3306,512,1132,2014-02-01,Jonathan Walters,GB1,1,0,0,0,60
2332194_3332,2332194,3332,985,985,2014-02-01,Wayne Rooney,GB1,1,0,0,0,90
2332195_1368,2332195,1368,379,1519,2014-02-01,Guy Demel,GB1,0,0,0,0,90
2332195_3179,2332195,3179,379,371,2014-02-01,Carlton Cole,GB1,0,0,0,0,24
2332195_488,2332195,488,2288,2288,2014-02-01,Gerhard Tremmel,GB1,0,0,0,0,90
2332204_3276,2332204,3276,762,873,2014-02-01,Shola Ameobi,GB1,0,0,0,0,90
2332204_3405,2332204,3405,289,289,2014-02-01,Wes Brown,GB1,0,0,0,0,90
2332208_3291,2332208,3291,29,984,2014-02-01,Gareth Barry,GB1,0,0,0,0,90
2332208_3356,2332208,3356,29,989,2014-02-01,Sylvain Distin,GB1,0,0,0,0,90
2332220_3297,2332220,3297,603,603,2014-02-01,Craig Bellamy,GB1,0,0,1,0,90
2341031_2923,2341031,2923,3368,3368,2014-02-01,Andreas Ivanschitz,ES1,0,0,0,0,58
2342523_3170,2342523,3170,1304,1304,2014-02-01,Simon Cziommer,NL1,1,0,0,1,90
2342587_1726,2342587,1726,41,610,2014-02-01,Heiko Westermann,L1,0,0,0,0,90
2359423_3366,2359423,3366,5,5,2014-02-01,Kaká,IT1,0,0,0,0,90
2359424_2926,2359424,2926,1025,105,2014-02-01,György Garics,IT1,0,0,0,0,60
2321217_1565,2321217,1565,24,24,2014-02-02,Alexander Meier,L1,0,0,0,0,90
2321217_2219,2321217,2219,27,27,2014-02-02,Philipp Lahm,L1,0,0,0,0,90
2321217_2767,2321217,2767,24,24,2014-02-02,Alexander Madlung,L1,0,0,0,0,90
2321217_532,2321217,532,27,86,2014-02-02,Claudio Pizarro,L1,0,0,0,0,15
2321225_1150,2321225,1150,4,4,2014-02-02,Raphael Schäfer,L1,0,0,0,0,90
2321225_1986,2321225,1986,4,167,2014-02-02,Markus Feulner,L1,1,0,1,0,90
2321225_2334,2321225,2334,44,44,2014-02-02,Marcel Ndjeng,L1,0,0,0,0,90
2332197_132,2332197,132,11,11,2014-02-02,Tomas Rosicky,GB1,0,0,0,0,18
2332198_3109,2332198,3109,31,31,2014-02-02,Steven Gerrard,GB1,1,0,0,0,90
2332198_3202,2332198,3202,31,371,2014-02-02,Kolo Touré,GB1,0,0,0,0,90
2340411_2956,2340411,2956,68608,68608,2014-02-02,Roland Linz,PO1,0,0,0,0,45
2342452_1443,2342452,1443,610,190,2014-02-02,Christian Poulsen,NL1,0,0,0,0,41
2346177_2148,2346177,2148,2293,2944,2014-02-02,Erdal Kilicaslan,TR1,1,0,0,0,12
2346177_597,2346177,597,2293,2696,2014-02-02,Aleksandr Hleb,TR1,0,0,0,0,79
2346179_1896,2346179,1896,19771,19771,2014-02-02,Ahmet Cebe,TR1,0,0,0,0,74
2359417_2865,2359417,2865,506,167,2014-02-02,Stephan Lichtsteiner,IT1,0,0,1,0,82
2359418_10,2359418,10,398,398,2014-02-02,Miroslav Klose,IT1,0,0,0,0,89
2423716_2050,2423716,2050,683,24,2014-02-02,Nelson Valdez,GR1,0,0,0,0,30
2423718_3201,2423718,3201,3060,265,2014-02-02,Stathis Tavlaridis,GR1,1,0,0,0,69
2332190_2963,2332190,2963,281,714,2014-02-03,Martín Demichelis,GB1,1,0,0,0,90
2332190_3160,2332190,3160,631,631,2014-02-03,John Terry,GB1,0,0,0,0,90
2342434_3170,2342434,3170,1304,1304,2014-02-04,Simon Cziommer,NL1,0,0,0,0,78
2423598_3259,2423598,3259,931,931,2014-02-04,Damien Duff,FAC,0,0,0,0,61
2342455_1443,2342455,1443,610,190,2014-02-06,Christian Poulsen,NL1,0,0,0,1,24
2321227_3256,2321227,3256,15,15,2014-02-07,Roberto Hilbert,L1,0,0,0,0,90
2321227_568,2321227,568,18,18,2014-02-07,Martin Stranzl,L1,0,0,0,0,90
2321227_691,2321227,691,15,15,2014-02-07,Simon Rolfes,L1,0,0,0,0,90
2346184_2148,2346184,2148,2293,2944,2014-02-07,Erdal Kilicaslan,TR1,0,0,0,0,8
2346184_597,2346184,597,2293,2696,2014-02-07,Aleksandr Hleb,TR1,0,0,0,1,82
2346189_3059,2346189,3059,524,524,2014-02-07,Ekrem Dag,TR1,0,0,0,0,90
2321229_1667,2321229,1667,82,162,2014-02-08,Diego Benaglio,L1,0,0,0,0,90
2321229_2358,2321229,2358,82,82,2014-02-08,Patrick Ochs,L1,0,0,0,0,90
2321230_1073,2321230,1073,16,16,2014-02-08,Manuel Friedrich,L1,1,0,1,0,90
2321230_26,2321230,26,16,16,2014-02-08,Roman Weidenfeller,L1,0,0,0,0,90
2321230_410,2321230,410,16,16,2014-02-08,Sebastian Kehl,L1,0,0,0,0,25
2321231_1150,2321231,1150,4,4,2014-02-08,Raphael Schäfer,L1,0,0,0,0,90
2321231_1986,2321231,1986,4,167,2014-02-08,Markus Feulner,L1,0,0,0,0,90
2321231_2219,2321231,2219,27,27,2014-02-08,Philipp Lahm,L1,1,0,1,0,90
2321231_532,2321231,532,27,86,2014-02-08,Claudio Pizarro,L1,0,0,0,0,4
2321232_1428,2321232,1428,60,60,2014-02-08,Mike Hanke,L1,0,0,0,0,6
2321233_1726,2321233,1726,41,610,2014-02-08,Heiko Westermann,L1,1,0,0,0,90
2321233_1784,2321233,1784,41,39,2014-02-08,René Adler,L1,0,0,0,0,90
2321233_2334,2321233,2334,44,44,2014-02-08,Marcel Ndjeng,L1,0,0,0,0,90
2321233_411,2321233,411,44,44,2014-02-08,Levan Kobiashvili,L1,0,0,0,0,90
2321234_1565,2321234,1565,24,24,2014-02-08,Alexander Meier,L1,0,0,1,0,90
2321234_1944,2321234,1944,23,23,2014-02-08,Deniz Dogan,L1,0,0,0,0,90
2321234_2767,2321234,2767,24,24,2014-02-08,Alexander Madlung,L1,0,0,0,0,58
2332205_3163,2332205,3163,631,281,2014-02-08,Frank Lampard,GB1,0,0,0,0,90
2332206_3297,2332206,3297,603,603,2014-02-08,Craig Bellamy,GB1,0,0,0,0,90
2332217_1368,2332217,1368,379,1519,2014-02-08,Guy Demel,GB1,0,0,0,0,90
2332217_3179,2332217,3179,379,371,2014-02-08,Carlton Cole,GB1,0,0,0,0,45
2332221_3306,2332221,3306,512,1132,2014-02-08,Jonathan Walters,GB1,1,0,0,0,90
2332226_132,2332226,132,11,11,2014-02-08,Tomas Rosicky,GB1,0,0,0,0,29
2332226_3109,2332226,3109,31,31,2014-02-08,Steven Gerrard,GB1,0,0,0,2,76
2332226_3202,2332226,3202,31,371,2014-02-08,Kolo Touré,GB1,0,0,0,1,90
2332236_3405,2332236,3405,289,289,2014-02-08,Wes Brown,GB1,0,1,0,0,4
2332242_2963,2332242,2963,281,714,2014-02-08,Martín Demichelis,GB1,0,0,0,0,90
2332242_3270,2332242,3270,1123,1123,2014-02-08,Joseph Yobo,GB1,0,0,0,0,90
2332242_3333,2332242,3333,281,1237,2014-02-08,James Milner,GB1,1,0,0,0,90
2340342_2956,2340342,2956,68608,68608,2014-02-08,Roland Linz,PO1,0,0,0,0,1
2346183_3132,2346183,3132,126,126,2014-02-08,Florin Cernat,TR1,0,0,0,0,9
2359432_3366,2359432,3366,5,5,2014-02-08,Kaká,IT1,0,0,0,0,45
2384212_3322,2384212,3322,903,903,2014-02-08,Ben Williams,SFA,0,0,0,0,90
2384532_2999,2384532,2999,2578,2578,2014-02-08,Chris Iwelumo,SFA,0,0,0,0,13
2384532_3287,2384532,3287,2578,2578,2014-02-08,Steve Banks,SFA,0,0,0,0,90
2423929_1083,2423929,1083,128,128,2014-02-08,Julian de Guzmán,GR1,0,0,0,0,57
2321226_1586,2321226,1586,42,42,2014-02-09,Christian Schulz,L1,0,0,0,0,90
2321226_3114,2321226,3114,42,42,2014-02-09,Jan Schlaudraff,L1,0,0,0,0,17
2321228_1426,2321228,1426,79,79,2014-02-09,Cacau,L1,0,0,0,0,26
2321228_1791,2321228,1791,167,167,2014-02-09,Halil Altintop,L1,0,0,0,1,90
2329729_3176,2329729,3176,2282,2282,2014-02-09,Eidur Gudjohnsen,BE1,0,0,0,0,19
2331037_65,2331037,65,162,1091,2014-02-09,Dimitar Berbatov,FR1,0,0,0,0,26
2332212_1662,2332212,1662,931,33,2014-02-09,Sascha Riether,GB1,0,0,0,0,90
2332212_3220,2332212,3220,931,931,2014-02-09,John Arne Riise,GB1,0,0,0,0,90
2332212_3332,2332212,3332,985,985,2014-02-09,Wayne Rooney,GB1,0,0,0,0,90
2332213_3291,2332213,3291,29,984,2014-02-09,Gareth Barry,GB1,0,0,0,0,90
2332213_3356,2332213,3356,29,989,2014-02-09,Sylvain Distin,GB1,0,0,0,0,90
2341003_2923,2341003,2923,3368,3368,2014-02-09,Andreas Ivanschitz,ES1,1,0,0,0,90
2341013_2623,2341013,2623,368,167,2014-02-09,Piotr Trochowski,ES1,0,0,0,0,26
2342440_3170,2342440,3170,1304,1304,2014-02-09,Simon Cziommer,NL1,0,0,0,0,90
2359426_2926,2359426,2926,1025,105,2014-02-09,György Garics,IT1,0,0,0,0,90
2359431_2865,2359431,2865,506,167,2014-02-09,Stephan Lichtsteiner,IT1,0,0,0,0,90
2359433_10,2359433,10,398,398,2014-02-09,Miroslav Klose,IT1,0,0,0,0,90
2423931_3201,2423931,3201,3060,265,2014-02-09,Stathis Tavlaridis,GR1,1,0,0,0,90
2332216_1368,2332216,1368,379,1519,2014-02-11,Guy Demel,GB1,0,0,0,0,90
2332216_3179,2332216,3179,379,371,2014-02-11,Carlton Cole,GB1,0,0,0,0,45
2332216_3270,2332216,3270,1123,1123,2014-02-11,Joseph Yobo,GB1,0,0,0,0,90
2384434_1073,2384434,1073,16,16,2014-02-11,Manuel Friedrich,DFB,0,0,0,0,90
2384434_1565,2384434,1565,24,24,2014-02-11,Alexander Meier,DFB,0,0,0,0,90
2384434_26,2384434,26,16,16,2014-02-11,Roman Weidenfeller,DFB,0,0,0,0,90
2384434_2767,2384434,2767,24,24,2014-02-11,Alexander Madlung,DFB,0,0,0,0,90
2384434_410,2384434,410,16,16,2014-02-11,Sebastian Kehl,DFB,0,0,0,1,90
2332187_1662,2332187,1662,931,33,2014-02-12,Sascha Riether,GB1,1,0,0,0,90
2332187_3109,2332187,3109,31,31,2014-02-12,Steven Gerrard,GB1,1,0,1,1,90
2332187_3202,2332187,3202,31,371,2014-02-12,Kolo Touré,GB1,0,0,0,0,90
2332187_3220,2332187,3220,931,931,2014-02-12,John Arne Riise,GB1,0,0,0,0,90
2332215_3306,2332215,3306,512,1132,2014-02-12,Jonathan Walters,GB1,0,0,0,0,56
2332222_132,2332222,132,11,11,2014-02-12,Tomas Rosicky,GB1,0,0,0,0,74
2332222_3235,2332222,3235,985,1039,2014-02-12,Rio Ferdinand,GB1,0,0,0,0,45
2332222_3332,2332222,3332,985,985,2014-02-12,Wayne Rooney,GB1,0,0,0,0,90
2384435_1667,2384435,1667,82,162,2014-02-12,Diego Benaglio,DFB,0,0,0,0,90
2384435_2358,2384435,2358,82,82,2014-02-12,Patrick Ochs,DFB,0,0,0,0,45
2384436_1726,2384436,1726,41,610,2014-02-12,Heiko Westermann,DFB,0,0,0,0,90
2384436_1784,2384436,1784,41,39,2014-02-12,René Adler,DFB,0,0,0,0,90
2384436_2219,2384436,2219,27,27,2014-02-12,Philipp Lahm,DFB,0,0,0,0,65
2384436_2514,2384436,2514,27,985,2014-02-12,Bastian Schweinsteiger,DFB,0,0,0,0,25
2384437_691,2384437,691,15,15,2014-02-12,Simon Rolfes,DFB,0,0,0,0,120
2428289_3201,2428289,3201,3060,265,2014-02-12,Stathis Tavlaridis,GRP,1,0,1,0,90
2321240_1139,2321240,1139,39,39,2014-02-14,Nikolce Noveski,L1,0,0,0,0,90
2321240_1586,2321240,1586,42,42,2014-02-14,Christian Schulz,L1,1,0,0,0,75
2321240_3114,2321240,3114,42,42,2014-02-14,Jan Schlaudraff,L1,0,0,0,0,15
2329888_3176,2329888,3176,2282,2282,2014-02-14,Eidur Gudjohnsen,BE1,0,0,0,0,17
2342469_3170,2342469,3170,1304,1304,2014-02-14,Simon Cziommer,NL1,0,0,0,0,73
2346197_3132,2346197,3132,126,126,2014-02-14,Florin Cernat,TR1,0,0,0,0,60
2359435_2926,2359435,2926,1025,105,2014-02-14,György Garics,IT1,0,0,0,0,88
2359435_3366,2359435,3366,5,5,2014-02-14,Kaká,IT1,0,0,0,0,80
2321235_1073,2321235,1073,16,16,2014-02-15,Manuel Friedrich,L1,0,0,0,1,90
2321235_1565,2321235,1565,24,24,2014-02-15,Alexander Meier,L1,0,0,0,0,90
2321235_26,2321235,26,16,16,2014-02-15,Roman Weidenfeller,L1,0,0,0,0,90
2321235_2767,2321235,2767,24,24,2014-02-15,Alexander Madlung,L1,0,0,0,0,90
2321235_410,2321235,410,16,16,2014-02-15,Sebastian Kehl,L1,0,0,0,0,90
2321236_2219,2321236,2219,27,27,2014-02-15,Philipp Lahm,L1,0,0,0,0,64
2321236_2514,2321236,2514,27,985,2014-02-15,Bastian Schweinsteiger,L1,0,0,0,0,29
2321236_532,2321236,532,27,86,2014-02-15,Claudio Pizarro,L1,0,0,1,1,90
2321237_3256,2321237,3256,15,15,2014-02-15,Roberto Hilbert,L1,0,0,0,0,90
2321237_691,2321237,691,15,15,2014-02-15,Simon Rolfes,L1,0,0,0,0,90
2321238_568,2321238,568,18,18,2014-02-15,Martin Stranzl,L1,0,0,0,0,90
2321239_1426,2321239,1426,79,79,2014-02-15,Cacau,L1,1,0,0,0,32
2321242_1726,2321242,1726,41,610,2014-02-15,Heiko Westermann,L1,1,0,0,0,90
2321242_1784,2321242,1784,41,39,2014-02-15,René Adler,L1,0,0,0,0,90
2321242_1944,2321242,1944,23,23,2014-02-15,Deniz Dogan,L1,0,0,0,0,1
2331091_3266,2331091,3266,1158,1158,2014-02-15,Jérémie Aliadière,FR1,0,0,0,0,65
2334963_3322,2334963,3322,903,903,2014-02-15,Ben Williams,SC1,0,0,0,0,90
2423908_3333,2423908,3333,281,1237,2014-02-15,James Milner,FAC,0,0,0,0,90
2428040_1083,2428040,1083,128,128,2014-02-15,Julian de Guzmán,GR1,0,0,0,0,90
2428041_3201,2428041,3201,3060,265,2014-02-15,Stathis Tavlaridis,GR1,0,0,0,0,87
2428042_2050,2428042,2050,683,24,2014-02-15,Nelson Valdez,GR1,0,0,1,0,33
2321241_1150,2321241,1150,4,4,2014-02-16,Raphael Schäfer,L1,0,0,0,0,90
2321241_1791,2321241,1791,167,167,2014-02-16,Halil Altintop,L1,0,0,0,0,90
2321241_1986,2321241,1986,4,167,2014-02-16,Markus Feulner,L1,0,0,0,0,90
2321243_1667,2321243,1667,82,162,2014-02-16,Diego Benaglio,L1,0,0,0,0,90
2321243_2334,2321243,2334,44,44,2014-02-16,Marcel Ndjeng,L1,0,0,0,0,90
2321243_2358,2321243,2358,82,82,2014-02-16,Patrick Ochs,L1,0,0,0,0,90
2321243_411,2321243,411,44,44,2014-02-16,Levan Kobiashvili,L1,0,0,0,0,90
2342446_1443,2342446,1443,610,190,2014-02-16,Christian Poulsen,NL1,0,0,0,0,45
2346193_1896,2346193,1896,19771,19771,2014-02-16,Ahmet Cebe,TR1,0,0,0,0,45
2346195_2587,2346195,2587,10484,524,2014-02-16,Elyasa Süme,TR1,0,0,0,0,90
2359436_2865,2359436,2865,506,167,2014-02-16,Stephan Lichtsteiner,IT1,0,0,0,0,90
2359438_10,2359438,10,398,398,2014-02-16,Miroslav Klose,IT1,0,0,0,0,90
2423910_3109,2423910,3109,31,31,2014-02-16,Steven Gerrard,FAC,1,0,1,0,90
2423915_3291,2423915,3291,29,984,2014-02-16,Gareth Barry,FAC,0,0,0,0,90
2423915_3356,2423915,3356,29,989,2014-02-16,Sylvain Distin,FAC,0,0,0,1,90
2423915_488,2423915,488,2288,2288,2014-02-16,Gerhard Tremmel,FAC,0,0,0,0,90
2428047_2874,2428047,2874,265,265,2014-02-16,Mladen Petric,GR1,0,0,0,0,16
2341121_215,2341121,215,1084,1084,2014-02-17,Roque Santa Cruz,ES1,0,0,0,0,20
2346191_2148,2346191,2148,2293,2944,2014-02-17,Erdal Kilicaslan,TR1,0,0,0,0,45
2346191_597,2346191,597,2293,2696,2014-02-17,Aleksandr Hleb,TR1,0,0,0,0,90
2346196_109,2346196,109,825,825,2014-02-17,Dedê,TR1,0,0,0,1,25
2385037_2963,2385037,2963,281,714,2014-02-18,Martín Demichelis,CL,0,1,0,0,53
2385040_3256,2385040,3256,15,15,2014-02-18,Roberto Hilbert,CL,1,0,0,0,90
2385040_691,2385040,691,15,15,2014-02-18,Simon Rolfes,CL,0,0,0,0,45
2385039_3366,2385039,3366,5,5,2014-02-19,Kaká,CL,0,0,0,0,90
2385044_132,2385044,132,11,11,2014-02-19,Tomas Rosicky,CL,1,0,0,0,16
2385044_2219,2385044,2219,27,27,2014-02-19,Philipp Lahm,CL,0,0,0,2,90
2385044_532,2385044,532,27,86,2014-02-19,Claudio Pizarro,CL,0,0,0,0,11
2385090_1443,2385090,1443,610,190,2014-02-20,Christian Poulsen,EL,0,0,0,0,31
2385092_1565,2385092,1565,24,24,2014-02-20,Alexander Meier,EL,0,0,0,0,90
2385092_2767,2385092,2767,24,24,2014-02-20,Alexander Madlung,EL,0,0,0,0,90
2385093_2623,2385093,2623,368,167,2014-02-20,Piotr Trochowski,EL,0,0,0,0,6
2385097_10,2385097,10,398,398,2014-02-20,Miroslav Klose,EL,0,0,0,0,78
2321244_1139,2321244,1139,39,39,2014-02-21,Nikolce Noveski,L1,0,0,0,0,90
2331099_65,2331099,65,162,1091,2014-02-21,Dimitar Berbatov,FR1,0,0,0,0,10
2341095_2923,2341095,2923,3368,3368,2014-02-21,Andreas Ivanschitz,ES1,1,0,0,1,64
2346206_3132,2346206,3132,126,126,2014-02-21,Florin Cernat,TR1,0,0,0,0,73
2321245_568,2321245,568,18,18,2014-02-22,Martin Stranzl,L1,0,0,0,0,90
2321246_1426,2321246,1426,79,79,2014-02-22,Cacau,L1,0,0,0,0,23
2321246_2334,2321246,2334,44,44,2014-02-22,Marcel Ndjeng,L1,0,0,0,0,85
2321246_411,2321246,411,44,44,2014-02-22,Levan Kobiashvili,L1,0,0,1,0,90
2321248_1667,2321248,1667,82,162,2014-02-22,Diego Benaglio,L1,0,0,0,0,90
2321248_3256,2321248,3256,15,15,2014-02-22,Roberto Hilbert,L1,1,0,0,0,74
2321249_1094,2321249,1094,4,4,2014-02-22,Emanuel Pogatetz,L1,0,0,0,0,21
2321249_1150,2321249,1150,4,4,2014-02-22,Raphael Schäfer,L1,1,0,0,0,90
2321249_1986,2321249,1986,4,167,2014-02-22,Markus Feulner,L1,0,0,0,0,90
2321249_2386,2321249,2386,23,23,2014-02-22,Marjan Petkovic,L1,0,0,0,0,90
2321250_1791,2321250,1791,167,167,2014-02-22,Halil Altintop,L1,0,0,1,0,90
2321251_1073,2321251,1073,16,16,2014-02-22,Manuel Friedrich,L1,0,0,0,0,90
2321251_1726,2321251,1726,41,610,2014-02-22,Heiko Westermann,L1,0,0,0,0,90
2321251_1784,2321251,1784,41,39,2014-02-22,René Adler,L1,0,0,0,0,90
2321251_26,2321251,26,16,16,2014-02-22,Roman Weidenfeller,L1,0,0,0,0,90
2329395_2703,2329395,2703,173,173,2014-02-22,Morten Skoubo,DK1,0,0,0,0,90
2331087_3266,2331087,3266,1158,1158,2014-02-22,Jérémie Aliadière,FR1,0,0,0,0,90
2331092_3115,2331092,3115,40,40,2014-02-22,David Bellion,FR1,0,0,0,0,6
2332159_132,2332159,132,11,11,2014-02-22,Tomas Rosicky,GB1,0,0,1,0,73
2332161_3160,2332161,3160,631,631,2014-02-22,John Terry,GB1,0,0,0,0,90
2332161_3163,2332161,3163,631,281,2014-02-22,Frank Lampard,GB1,0,0,1,0,90
2332161_3291,2332161,3291,29,984,2014-02-22,Gareth Barry,GB1,1,0,0,0,90
2332161_3356,2332161,3356,29,989,2014-02-22,Sylvain Distin,GB1,0,0,0,0,90
2332162_2963,2332162,2963,281,714,2014-02-22,Martín Demichelis,GB1,0,0,0,0,90
2332162_3306,2332162,3306,512,1132,2014-02-22,Jonathan Walters,GB1,0,0,0,0,78
2332167_1368,2332167,1368,379,1519,2014-02-22,Guy Demel,GB1,0,0,0,0,90
2332167_3179,2332167,3179,379,371,2014-02-22,Carlton Cole,GB1,0,0,1,1,90
2332170_3235,2332170,3235,985,1039,2014-02-22,Rio Ferdinand,GB1,0,0,0,0,90
2332170_3332,2332170,3332,985,985,2014-02-22,Wayne Rooney,GB1,0,0,1,0,90
2332170_3406,2332170,3406,985,985,2014-02-22,Ryan Giggs,GB1,1,0,0,0,10
2332172_1662,2332172,1662,931,33,2014-02-22,Sascha Riether,GB1,1,0,0,0,90
2332172_3220,2332172,3220,931,931,2014-02-22,John Arne Riise,GB1,0,0,0,0,38
2334965_3322,2334965,3322,903,903,2014-02-22,Ben Williams,SC1,0,0,0,0,90
2334967_2999,2334967,2999,2578,2578,2014-02-22,Chris Iwelumo,SC1,0,0,0,0,45
2335065_3269,2335065,3269,370,370,2014-02-22,Calvin Zola,SC1,0,0,0,0,16
2341127_215,2341127,215,1084,1084,2014-02-22,Roque Santa Cruz,ES1,0,0,0,0,84
2342519_3170,2342519,3170,1304,1304,2014-02-22,Simon Cziommer,NL1,0,0,0,1,76
2346205_1896,2346205,1896,19771,19771,2014-02-22,Ahmet Cebe,TR1,1,0,0,0,72
2346205_3059,2346205,3059,524,524,2014-02-22,Ekrem Dag,TR1,0,0,0,0,90
2359452_2926,2359452,2926,1025,105,2014-02-22,György Garics,IT1,0,0,0,0,56
2321247_1586,2321247,1586,42,42,2014-02-23,Christian Schulz,L1,0,0,0,0,90
2321247_2219,2321247,2219,27,27,2014-02-23,Philipp Lahm,L1,0,0,0,0,90
2321247_2514,2321247,2514,27,985,2014-02-23,Bastian Schweinsteiger,L1,0,0,0,1,72
2321247_532,2321247,532,27,86,2014-02-23,Claudio Pizarro,L1,0,0,0,0,18
2321247_80,2321247,80,27,27,2014-02-23,Tom Starke,L1,0,0,0,0,90
2321252_1565,2321252,1565,24,24,2014-02-23,Alexander Meier,L1,0,0,0,0,90
2321252_2767,2321252,2767,24,24,2014-02-23,Alexander Madlung,L1,0,0,0,0,45
2329396_1423,2329396,1423,190,855,2014-02-23,Lars Jacobsen,DK1,0,0,0,0,90
2329396_3098,2329396,3098,190,190,2014-02-23,Olof Mellberg,DK1,1,0,0,0,90
2332164_3270,2332164,3270,1123,1123,2014-02-23,Joseph Yobo,GB1,0,0,0,0,90
2332171_3109,2332171,3109,31,31,2014-02-23,Steven Gerrard,GB1,0,0,0,0,90
2332171_3202,2332171,3202,31,371,2014-02-23,Kolo Touré,GB1,0,0,0,0,27
2341109_2623,2341109,2623,368,167,2014-02-23,Piotr Trochowski,ES1,0,0,0,0,1
2342492_1443,2342492,1443,610,190,2014-02-23,Christian Poulsen,NL1,0,0,0,1,90
2346199_2148,2346199,2148,2293,2944,2014-02-23,Erdal Kilicaslan,TR1,0,0,0,0,14
2346199_597,2346199,597,2293,2696,2014-02-23,Aleksandr Hleb,TR1,0,0,1,1,90
2346200_2587,2346200,2587,10484,524,2014-02-23,Elyasa Süme,TR1,0,0,0,0,90
2359450_735,2359450,735,1210,1210,2014-02-23,Giuseppe Gemiti,IT1,1,0,0,1,29
2359453_10,2359453,10,398,398,2014-02-23,Miroslav Klose,IT1,0,0,1,0,90
2359454_2865,2359454,2865,506,167,2014-02-23,Stephan Lichtsteiner,IT1,0,0,0,0,90
2428052_2874,2428052,2874,265,265,2014-02-23,Mladen Petric,GR1,0,0,0,0,24
2428053_1083,2428053,1083,128,128,2014-02-23,Julian de Guzmán,GR1,1,0,0,0,90
2331031_3266,2331031,3266,1158,1158,2014-02-25,Jérémie Aliadière,FR1,0,0,0,0,31
2334961_2999,2334961,2999,2578,2578,2014-02-25,Chris Iwelumo,SC1,0,0,0,0,18
2385038_2050,2385038,2050,683,24,2014-02-25,Nelson Valdez,CL,0,0,0,0,4
2385038_3235,2385038,3235,985,1039,2014-02-25,Rio Ferdinand,CL,1,0,0,0,90
2385038_3332,2385038,3332,985,985,2014-02-25,Wayne Rooney,CL,0,0,0,0,90
2385043_1073,2385043,1073,16,16,2014-02-25,Manuel Friedrich,CL,0,0,0,0,90
2385043_26,2385043,26,16,16,2014-02-25,Roman Weidenfeller,CL,0,0,0,0,90
2385043_410,2385043,410,16,16,2014-02-25,Sebastian Kehl,CL,0,0,0,0,90
2385041_3160,2385041,3160,631,631,2014-02-26,John Terry,CL,1,0,0,0,90
2385041_3163,2385041,3163,631,281,2014-02-26,Frank Lampard,CL,0,0,0,0,90
2385100_2623,2385100,2623,368,167,2014-02-27,Piotr Trochowski,EL,0,0,0,0,90
2385102_1443,2385102,1443,610,190,2014-02-27,Christian Poulsen,EL,1,0,0,0,63
2385104_1565,2385104,1565,24,24,2014-02-27,Alexander Meier,EL,1,0,2,1,90
2385104_2767,2385104,2767,24,24,2014-02-27,Alexander Madlung,EL,0,0,0,0,90
2385105_10,2385105,10,398,398,2014-02-27,Miroslav Klose,EL,0,0,1,0,19
2321261_2334,2321261,2334,44,44,2014-02-28,Marcel Ndjeng,L1,0,0,0,0,60
2321261_411,2321261,411,44,44,2014-02-28,Levan Kobiashvili,L1,0,0,0,0,90
2334958_3322,2334958,3322,903,903,2014-02-28,Ben Williams,SC1,0,0,0,0,90
2342493_3170,2342493,3170,1304,1304,2014-02-28,Simon Cziommer,NL1,1,0,0,0,90
2346210_1896,2346210,1896,19771,19771,2014-02-28,Ahmet Cebe,TR1,0,0,0,0,7
2346214_1321,2346214,1321,114,114,2014-02-28,Jermaine Jones,TR1,0,0,0,0,58
2346214_933,2346214,933,589,2293,2014-02-28,Ugur Inceman,TR1,1,0,0,0,79
2321253_1073,2321253,1073,16,16,2014-03-01,Manuel Friedrich,L1,0,0,0,0,54
2321253_1094,2321253,1094,4,4,2014-03-01,Emanuel Pogatetz,L1,1,0,0,0,54
2321253_1150,2321253,1150,4,4,2014-03-01,Raphael Schäfer,L1,0,0,0,0,90
2321253_1986,2321253,1986,4,167,2014-03-01,Markus Feulner,L1,1,0,0,0,61
2321253_26,2321253,26,16,16,2014-03-01,Roman Weidenfeller,L1,0,0,0,0,90
2321253_410,2321253,410,16,16,2014-03-01,Sebastian Kehl,L1,0,0,0,0,90
2321254_2514,2321254,2514,27,985,2014-03-01,Bastian Schweinsteiger,L1,0,0,0,0,77
2321254_532,2321254,532,27,86,2014-03-01,Claudio Pizarro,L1,0,0,0,0,19
2321255_1139,2321255,1139,39,39,2014-03-01,Nikolce Noveski,L1,0,0,0,0,90
2321255_3256,2321255,3256,15,15,2014-03-01,Roberto Hilbert,L1,0,0,0,0,76
2321255_691,2321255,691,15,15,2014-03-01,Simon Rolfes,L1,0,0,0,0,90
2321256_1784,2321256,1784,41,39,2014-03-01,René Adler,L1,0,0,0,0,90
2321258_1586,2321258,1586,42,42,2014-03-01,Christian Schulz,L1,0,0,0,0,90
2321258_1791,2321258,1791,167,167,2014-03-01,Halil Altintop,L1,0,0,0,0,78
2321259_568,2321259,568,18,18,2014-03-01,Martin Stranzl,L1,0,0,0,0,90
2331071_65,2331071,65,162,1091,2014-03-01,Dimitar Berbatov,FR1,0,0,0,0,9
2331079_3266,2331079,3266,1158,1158,2014-03-01,Jérémie Aliadière,FR1,0,0,0,0,90
2332174_1368,2332174,1368,379,1519,2014-03-01,Guy Demel,GB1,0,0,0,0,80
2332174_3179,2332174,3179,379,371,2014-03-01,Carlton Cole,GB1,0,0,0,0,29
2332174_3291,2332174,3291,29,984,2014-03-01,Gareth Barry,GB1,0,0,0,0,90
2332174_3356,2332174,3356,29,989,2014-03-01,Sylvain Distin,GB1,0,0,0,0,90
2332178_132,2332178,132,11,11,2014-03-01,Tomas Rosicky,GB1,1,0,0,0,74
2332178_3306,2332178,3306,512,1132,2014-03-01,Jonathan Walters,GB1,0,0,1,0,90
2332191_1662,2332191,1662,931,33,2014-03-01,Sascha Riether,GB1,0,0,0,0,90
2332191_3160,2332191,3160,631,631,2014-03-01,John Terry,GB1,0,0,0,0,90
2332196_3109,2332196,3109,31,31,2014-03-01,Steven Gerrard,GB1,1,0,1,0,90
2334957_2999,2334957,2999,2578,2578,2014-03-01,Chris Iwelumo,SC1,0,0,0,0,6
2341110_2923,2341110,2923,3368,3368,2014-03-01,Andreas Ivanschitz,ES1,0,0,0,1,74
2341114_215,2341114,215,1084,1084,2014-03-01,Roque Santa Cruz,ES1,0,0,1,0,90
2346209_2587,2346209,2587,10484,524,2014-03-01,Elyasa Süme,TR1,1,0,0,0,65
2346216_3059,2346216,3059,524,524,2014-03-01,Ekrem Dag,TR1,0,0,0,0,90
2359458_1161,2359458,1161,46,46,2014-03-01,Javier Zanetti,IT1,0,0,0,0,3
2445987_1083,2445987,1083,128,128,2014-03-01,Julian de Guzmán,GR1,0,0,0,1,90
2321257_1667,2321257,1667,82,162,2014-03-02,Diego Benaglio,L1,0,0,0,0,90
2321257_2358,2321257,2358,82,82,2014-03-02,Patrick Ochs,L1,0,0,0,0,6
2321260_1426,2321260,1426,79,79,2014-03-02,Cacau,L1,0,0,0,0,85
2321260_1565,2321260,1565,24,24,2014-03-02,Alexander Meier,L1,0,0,1,0,90
2321260_2767,2321260,2767,24,24,2014-03-02,Alexander Madlung,L1,0,0,0,0,90
2329430_3098,2329430,3098,190,190,2014-03-02,Olof Mellberg,DK1,0,0,1,0,90
2329438_2703,2329438,2703,173,173,2014-03-02,Morten Skoubo,DK1,0,0,0,0,90
2329874_3176,2329874,3176,2282,2282,2014-03-02,Eidur Gudjohnsen,BE1,0,0,0,0,7
2332173_3270,2332173,3270,1123,1123,2014-03-02,Joseph Yobo,GB1,0,0,0,0,90
2332186_3297,2332186,3297,603,603,2014-03-02,Craig Bellamy,GB1,1,0,0,0,63
2341111_2623,2341111,2623,368,167,2014-03-02,Piotr Trochowski,ES1,0,0,0,0,45
2342487_1443,2342487,1443,610,190,2014-03-02,Christian Poulsen,NL1,0,0,0,0,90
2346212_597,2346212,597,2293,2696,2014-03-02,Aleksandr Hleb,TR1,0,0,0,0,90
2346215_3132,2346215,3132,126,126,2014-03-02,Florin Cernat,TR1,0,0,0,0,66
2359455_2926,2359455,2926,1025,105,2014-03-02,György Garics,IT1,0,0,0,0,90
2359459_2865,2359459,2865,506,167,2014-03-02,Stephan Lichtsteiner,IT1,0,0,0,1,84
2359459_3366,2359459,3366,5,5,2014-03-02,Kaká,IT1,0,0,0,0,90
2445990_3201,2445990,3201,3060,265,2014-03-02,Stathis Tavlaridis,GR1,1,0,0,0,90
2445994_2050,2445994,2050,683,24,2014-03-02,Nelson Valdez,GR1,0,0,0,0,55
2445994_2874,2445994,2874,265,265,2014-03-02,Mladen Petric,GR1,0,0,0,0,13
2321263_1791,2321263,1791,167,167,2014-03-08,Halil Altintop,L1,0,0,1,0,86
2321263_568,2321263,568,18,18,2014-03-08,Martin Stranzl,L1,0,0,0,0,90
2321264_1426,2321264,1426,79,79,2014-03-08,Cacau,L1,0,0,0,0,87
2321265_1586,2321265,1586,42,42,2014-03-08,Christian Schulz,L1,0,0,0,0,90
2321265_3256,2321265,3256,15,15,2014-03-08,Roberto Hilbert,L1,0,0,0,0,90
2321265_691,2321265,691,15,15,2014-03-08,Simon Rolfes,L1,0,0,0,0,90
2321266_1667,2321266,1667,82,162,2014-03-08,Diego Benaglio,L1,0,0,0,0,90
2321266_2219,2321266,2219,27,27,2014-03-08,Philipp Lahm,L1,0,0,0,0,67
2321266_2358,2321266,2358,82,82,2014-03-08,Patrick Ochs,L1,0,0,0,0,90
2321267_1150,2321267,1150,4,4,2014-03-08,Raphael Schäfer,L1,0,0,0,0,45
2321267_1277,2321267,1277,86,86,2014-03-08,Clemens Fritz,L1,0,0,0,0,10
2321270_1565,2321270,1565,24,24,2014-03-08,Alexander Meier,L1,0,0,0,1,69
2321270_1726,2321270,1726,41,610,2014-03-08,Heiko Westermann,L1,1,0,0,0,90
2321270_1784,2321270,1784,41,39,2014-03-08,René Adler,L1,0,0,0,0,90
2321270_2767,2321270,2767,24,24,2014-03-08,Alexander Madlung,L1,0,0,1,0,90
2329869_3176,2329869,3176,2282,2282,2014-03-08,Eidur Gudjohnsen,BE1,0,0,0,0,18
2331065_65,2331065,65,162,1091,2014-03-08,Dimitar Berbatov,FR1,0,0,1,1,90
2332129_3332,2332129,3332,985,985,2014-03-08,Wayne Rooney,GB1,0,0,1,1,90
2332181_1662,2332181,1662,931,33,2014-03-08,Sascha Riether,GB1,0,0,0,0,90
2332181_3220,2332181,3220,931,931,2014-03-08,John Arne Riise,GB1,0,0,0,0,45
2332185_3270,2332185,3270,1123,1123,2014-03-08,Joseph Yobo,GB1,0,0,0,0,90
2332185_3306,2332185,3306,512,1132,2014-03-08,Jonathan Walters,GB1,0,1,1,0,78
2332192_3160,2332192,3160,631,631,2014-03-08,John Terry,GB1,0,0,0,0,90
2332192_3163,2332192,3163,631,281,2014-03-08,Frank Lampard,GB1,1,0,0,0,45
2335025_3322,2335025,3322,903,903,2014-03-08,Ben Williams,SC1,0,0,0,0,90
2342495_3170,2342495,3170,1304,1304,2014-03-08,Simon Cziommer,NL1,0,0,0,0,63
2346217_2148,2346217,2148,2293,2944,2014-03-08,Erdal Kilicaslan,TR1,0,0,0,0,31
2346217_597,2346217,597,2293,2696,2014-03-08,Aleksandr Hleb,TR1,0,0,0,0,90
2346218_1792,2346218,1792,141,105,2014-03-08,Hamit Altintop,TR1,0,0,0,0,14
2346218_1896,2346218,1896,19771,19771,2014-03-08,Ahmet Cebe,TR1,0,0,0,0,14
2437462_132,2437462,132,11,11,2014-03-08,Tomas Rosicky,FAC,0,0,0,0,13
2437462_3291,2437462,3291,29,984,2014-03-08,Gareth Barry,FAC,0,0,0,0,90
2437462_3356,2437462,3356,29,989,2014-03-08,Sylvain Distin,FAC,0,0,0,0,90
2445997_1083,2445997,1083,128,128,2014-03-08,Julian de Guzmán,GR1,0,0,0,0,90
2445998_2874,2445998,2874,265,265,2014-03-08,Mladen Petric,GR1,0,0,0,0,72
2321268_1073,2321268,1073,16,16,2014-03-09,Manuel Friedrich,L1,0,0,0,0,1
2321268_2150,2321268,2150,16,16,2014-03-09,Oliver Kirch,L1,0,0,0,0,27
2321268_26,2321268,26,16,16,2014-03-09,Roman Weidenfeller,L1,0,0,0,0,90
2321268_410,2321268,410,16,16,2014-03-09,Sebastian Kehl,L1,0,0,1,0,90
2321269_1139,2321269,1139,39,39,2014-03-09,Nikolce Noveski,L1,0,0,0,0,90
2321269_2334,2321269,2334,44,44,2014-03-09,Marcel Ndjeng,L1,0,0,0,0,45
2321269_411,2321269,411,44,44,2014-03-09,Levan Kobiashvili,L1,0,0,0,0,90
2329439_1423,2329439,1423,190,855,2014-03-09,Lars Jacobsen,DK1,0,0,0,0,13
2329439_1725,2329439,1725,173,173,2014-03-09,Jesper Christiansen,DK1,0,0,0,0,90
2329439_2703,2329439,2703,173,173,2014-03-09,Morten Skoubo,DK1,0,0,0,0,86
2329439_3098,2329439,3098,190,190,2014-03-09,Olof Mellberg,DK1,0,0,0,0,90
2331064_3266,2331064,3266,1158,1158,2014-03-09,Jérémie Aliadière,FR1,0,0,1,0,90
2335209_1331,2335209,1331,121,533,2014-03-09,Kevin Kuranyi,RU1,1,0,1,0,87
2335209_3321,2335209,3321,121,3725,2014-03-09,Luke Wilkshire,RU1,0,0,0,0,61
2341089_2623,2341089,2623,368,167,2014-03-09,Piotr Trochowski,ES1,0,0,0,0,11
2341093_277,2341093,277,3368,3368,2014-03-09,Sérgio da Silva Pinto,ES1,0,0,0,0,74
2341093_2923,2341093,2923,3368,3368,2014-03-09,Andreas Ivanschitz,ES1,0,0,0,0,90
2342521_1443,2342521,1443,610,190,2014-03-09,Christian Poulsen,NL1,0,0,0,0,18
2346220_3059,2346220,3059,524,524,2014-03-09,Ekrem Dag,TR1,0,0,0,0,90
2346225_1321,2346225,1321,114,114,2014-03-09,Jermaine Jones,TR1,0,0,0,0,61
2359465_10,2359465,10,398,398,2014-03-09,Miroslav Klose,IT1,0,0,0,0,86
2359467_2865,2359467,2865,506,167,2014-03-09,Stephan Lichtsteiner,IT1,0,0,0,0,78
2437465_2963,2437465,2963,281,714,2014-03-09,Martín Demichelis,FAC,0,0,0,0,90
2437465_3333,2437465,3333,281,1237,2014-03-09,James Milner,FAC,1,0,0,0,37
2446003_2050,2446003,2050,683,24,2014-03-09,Nelson Valdez,GR1,0,0,0,0,72
2341112_215,2341112,215,1084,1084,2014-03-10,Roque Santa Cruz,ES1,0,0,0,1,90
2385047_3366,2385047,3366,5,5,2014-03-11,Kaká,CL,0,0,1,0,90
2385052_132,2385052,132,11,11,2014-03-11,Tomas Rosicky,CL,0,0,0,0,45
2385052_2219,2385052,2219,27,27,2014-03-11,Philipp Lahm,CL,0,0,0,0,90
2385052_2514,2385052,2514,27,985,2014-03-11,Bastian Schweinsteiger,CL,0,0,1,0,90
2334970_3322,2334970,3322,903,903,2014-03-12,Ben Williams,SC1,0,0,0,0,90
2385045_3333,2385045,3333,281,1237,2014-03-12,James Milner,CL,0,0,0,0,90
2385048_691,2385048,691,15,15,2014-03-12,Simon Rolfes,CL,0,0,0,0,90
2321275_1791,2321275,1791,167,167,2014-03-14,Halil Altintop,L1,0,0,0,0,90
2329435_3098,2329435,3098,190,190,2014-03-14,Olof Mellberg,DK1,0,0,0,0,90
2321271_26,2321271,26,16,16,2014-03-15,Roman Weidenfeller,L1,0,0,0,0,90
2321271_410,2321271,410,16,16,2014-03-15,Sebastian Kehl,L1,0,0,0,0,63
2321271_568,2321271,568,18,18,2014-03-15,Martin Stranzl,L1,0,0,0,0,90
2321271_837,2321271,837,18,18,2014-03-15,Thorben Marx,L1,0,0,0,0,15
2321272_2514,2321272,2514,27,985,2014-03-15,Bastian Schweinsteiger,L1,0,0,1,1,90
2321272_3256,2321272,3256,15,15,2014-03-15,Roberto Hilbert,L1,0,0,0,1,90
2321272_691,2321272,691,15,15,2014-03-15,Simon Rolfes,L1,0,0,0,0,90
2321273_1426,2321273,1426,79,79,2014-03-15,Cacau,L1,0,0,0,0,87
2321274_1139,2321274,1139,39,39,2014-03-15,Nikolce Noveski,L1,0,0,0,0,90
2321277_1667,2321277,1667,82,162,2014-03-15,Diego Benaglio,L1,0,0,0,0,90
2321277_2358,2321277,2358,82,82,2014-03-15,Patrick Ochs,L1,1,0,0,0,90
2321279_1586,2321279,1586,42,42,2014-03-15,Christian Schulz,L1,0,0,0,0,90
2321279_3114,2321279,3114,42,42,2014-03-15,Jan Schlaudraff,L1,0,0,1,0,60
2321279_411,2321279,411,44,44,2014-03-15,Levan Kobiashvili,L1,0,0,0,0,90
2331060_3266,2331060,3266,1158,1158,2014-03-15,Jérémie Aliadière,FR1,0,0,0,0,90
2332131_2963,2332131,2963,281,714,2014-03-15,Martín Demichelis,GB1,0,0,0,0,90
2332137_3160,2332137,3160,631,631,2014-03-15,John Terry,GB1,0,0,0,0,90
2332138_1662,2332138,1662,931,33,2014-03-15,Sascha Riether,GB1,0,0,0,0,10
2332138_3276,2332138,3276,762,873,2014-03-15,Shola Ameobi,GB1,0,0,0,0,20
2332139_3270,2332139,3270,1123,1123,2014-03-15,Joseph Yobo,GB1,0,0,0,0,90
2332140_1368,2332140,1368,379,1519,2014-03-15,Guy Demel,GB1,0,0,0,0,90
2332140_3179,2332140,3179,379,371,2014-03-15,Carlton Cole,GB1,0,0,0,0,14
2332141_3405,2332141,3405,289,289,2014-03-15,Wes Brown,GB1,1,0,0,0,90
2332145_3291,2332145,3291,29,984,2014-03-15,Gareth Barry,GB1,0,0,0,1,90
2332145_3356,2332145,3356,29,989,2014-03-15,Sylvain Distin,GB1,0,0,0,0,90
2334988_2999,2334988,2999,2578,2578,2014-03-15,Chris Iwelumo,SC1,1,0,0,0,21
2335061_3322,2335061,3322,903,903,2014-03-15,Ben Williams,SC1,0,0,0,0,90
2335262_1331,2335262,1331,121,533,2014-03-15,Kevin Kuranyi,RU1,0,0,1,0,82
2335262_3321,2335262,3321,121,3725,2014-03-15,Luke Wilkshire,RU1,0,0,0,0,90
2341327_215,2341327,215,1084,1084,2014-03-15,Roque Santa Cruz,ES1,0,0,0,0,90
2341352_2923,2341352,2923,3368,3368,2014-03-15,Andreas Ivanschitz,ES1,1,0,0,0,90
2342522_3170,2342522,3170,1304,1304,2014-03-15,Simon Cziommer,NL1,0,0,0,0,45
2346238_2587,2346238,2587,10484,524,2014-03-15,Elyasa Süme,TR1,0,0,0,0,90
2346241_1896,2346241,1896,19771,19771,2014-03-15,Ahmet Cebe,TR1,0,0,0,0,45
2346241_933,2346241,933,589,2293,2014-03-15,Ugur Inceman,TR1,0,0,0,0,90
2359478_1161,2359478,1161,46,46,2014-03-15,Javier Zanetti,IT1,0,0,0,0,21
2447609_3201,2447609,3201,3060,265,2014-03-15,Stathis Tavlaridis,GR1,0,0,0,0,90
2447611_2050,2447611,2050,683,24,2014-03-15,Nelson Valdez,GR1,0,0,1,0,72
2321276_1150,2321276,1150,4,4,2014-03-16,Raphael Schäfer,L1,0,0,0,0,90
2321276_1726,2321276,1726,41,610,2014-03-16,Heiko Westermann,L1,0,0,0,0,90
2321276_1784,2321276,1784,41,39,2014-03-16,René Adler,L1,0,0,0,0,90
2321276_1986,2321276,1986,4,167,2014-03-16,Markus Feulner,L1,0,0,0,1,90
2321276_823,2321276,823,4,4,2014-03-16,Hanno Balitsch,L1,0,0,0,0,28
2321278_1565,2321278,1565,24,24,2014-03-16,Alexander Meier,L1,0,0,0,0,52
2321278_2767,2321278,2767,24,24,2014-03-16,Alexander Madlung,L1,0,0,0,0,74
2329413_1725,2329413,1725,173,173,2014-03-16,Jesper Christiansen,DK1,0,0,0,0,90
2329413_2703,2329413,2703,173,173,2014-03-16,Morten Skoubo,DK1,0,0,0,0,89
2329882_3176,2329882,3176,2282,2282,2014-03-16,Eidur Gudjohnsen,BE1,0,0,0,0,90
2331048_65,2331048,65,162,1091,2014-03-16,Dimitar Berbatov,FR1,0,0,1,2,70
2332132_3109,2332132,3109,31,31,2014-03-16,Steven Gerrard,GB1,1,0,2,0,87
2332132_3235,2332132,3235,985,1039,2014-03-16,Rio Ferdinand,GB1,0,0,0,0,3
2332132_3332,2332132,3332,985,985,2014-03-16,Wayne Rooney,GB1,0,0,0,0,90
2332133_132,2332133,132,11,11,2014-03-16,Tomas Rosicky,GB1,0,0,1,0,68
2342515_1443,2342515,1443,610,190,2014-03-16,Christian Poulsen,NL1,0,0,0,0,77
2346242_2148,2346242,2148,2293,2944,2014-03-16,Erdal Kilicaslan,TR1,0,0,0,0,90
2346242_3059,2346242,3059,524,524,2014-03-16,Ekrem Dag,TR1,0,0,0,0,90
2346242_597,2346242,597,2293,2696,2014-03-16,Aleksandr Hleb,TR1,0,0,0,0,90
2359475_2926,2359475,2926,1025,105,2014-03-16,György Garics,IT1,1,0,0,0,74
2359479_2865,2359479,2865,506,167,2014-03-16,Stephan Lichtsteiner,IT1,0,0,0,0,84
2359480_10,2359480,10,398,398,2014-03-16,Miroslav Klose,IT1,0,0,0,1,90
2359482_3366,2359482,3366,5,5,2014-03-16,Kaká,IT1,0,0,0,1,90
2447617_1083,2447617,1083,128,128,2014-03-17,Julian de Guzmán,GR1,0,0,0,0,90
2385049_3160,2385049,3160,631,631,2014-03-18,John Terry,CL,0,0,0,1,90
2385049_3163,2385049,3163,631,281,2014-03-18,Frank Lampard,CL,0,0,0,0,90
2385046_2050,2385046,2050,683,24,2014-03-19,Nelson Valdez,CL,0,0,0,0,33
2385046_3235,2385046,3235,985,1039,2014-03-19,Rio Ferdinand,CL,1,0,0,0,90
2385046_3332,2385046,3332,985,985,2014-03-19,Wayne Rooney,CL,0,0,0,1,90
2385046_3406,2385046,3406,985,985,2014-03-19,Ryan Giggs,CL,0,0,0,0,90
2385051_26,2385051,26,16,16,2014-03-19,Roman Weidenfeller,CL,0,0,0,0,90
2385051_410,2385051,410,16,16,2014-03-19,Sebastian Kehl,CL,1,0,1,0,90
2437609_2865,2437609,2865,506,167,2014-03-20,Stephan Lichtsteiner,EL,0,0,0,0,14
2331049_3266,2331049,3266,1158,1158,2014-03-21,Jérémie Aliadière,FR1,0,0,0,0,62
2341299_215,2341299,215,1084,1084,2014-03-21,Roque Santa Cruz,ES1,0,0,0,1,90
2346257_2587,2346257,2587,10484,524,2014-03-21,Elyasa Süme,TR1,0,0,0,0,90
2321281_568,2321281,568,18,18,2014-03-22,Martin Stranzl,L1,0,0,0,0,90
2321283_1426,2321283,1426,79,79,2014-03-22,Cacau,L1,0,0,0,0,2
2321283_1726,2321283,1726,41,610,2014-03-22,Heiko Westermann,L1,0,0,0,0,90
2321283_1784,2321283,1784,41,39,2014-03-22,René Adler,L1,0,0,0,0,90
2321284_1667,2321284,1667,82,162,2014-03-22,Diego Benaglio,L1,0,0,0,0,90
2321284_1791,2321284,1791,167,167,2014-03-22,Halil Altintop,L1,0,0,0,1,80
2321287_1139,2321287,1139,39,39,2014-03-22,Nikolce Noveski,L1,0,0,0,0,90
2321287_2219,2321287,2219,27,27,2014-03-22,Philipp Lahm,L1,0,0,0,0,90
2321287_2514,2321287,2514,27,985,2014-03-22,Bastian Schweinsteiger,L1,0,0,1,0,90
2321287_532,2321287,532,27,86,2014-03-22,Claudio Pizarro,L1,0,0,0,0,9
2321288_1586,2321288,1586,42,42,2014-03-22,Christian Schulz,L1,0,0,0,0,90
2321288_2150,2321288,2150,16,16,2014-03-22,Oliver Kirch,L1,0,0,0,0,90
2321288_26,2321288,26,16,16,2014-03-22,Roman Weidenfeller,L1,0,0,0,0,90
2321288_3114,2321288,3114,42,42,2014-03-22,Jan Schlaudraff,L1,0,0,0,0,17
2321288_410,2321288,410,16,16,2014-03-22,Sebastian Kehl,L1,0,0,0,0,24
2332135_3109,2332135,3109,31,31,2014-03-22,Steven Gerrard,GB1,1,0,0,0,90
2332135_3297,2332135,3297,603,603,2014-03-22,Craig Bellamy,GB1,0,0,0,0,70
2332136_3291,2332136,3291,29,984,2014-03-22,Gareth Barry,GB1,0,0,0,0,90
2332136_3356,2332136,3356,29,989,2014-03-22,Sylvain Distin,GB1,0,0,0,0,90
2332143_132,2332143,132,11,11,2014-03-22,Tomas Rosicky,GB1,1,0,0,0,90
2332143_3160,2332143,3160,631,631,2014-03-22,John Terry,GB1,0,0,0,0,90
2332147_1662,2332147,1662,931,33,2014-03-22,Sascha Riether,GB1,0,0,0,0,90
2332147_2963,2332147,2963,281,714,2014-03-22,Martín Demichelis,GB1,0,0,1,0,90
2332147_3220,2332147,3220,931,931,2014-03-22,John Arne Riise,GB1,0,0,0,0,90
2332147_3333,2332147,3333,281,1237,2014-03-22,James Milner,GB1,0,0,0,1,90
2332153_1368,2332153,1368,379,1519,2014-03-22,Guy Demel,GB1,0,0,0,0,90
2332153_3179,2332153,3179,379,371,2014-03-22,Carlton Cole,GB1,0,0,0,0,18
2332153_3332,2332153,3332,985,985,2014-03-22,Wayne Rooney,GB1,0,0,2,0,77
2332165_3276,2332165,3276,762,873,2014-03-22,Shola Ameobi,GB1,0,0,0,0,14
2332166_3270,2332166,3270,1123,1123,2014-03-22,Joseph Yobo,GB1,0,0,0,0,90
2332166_3405,2332166,3405,289,289,2014-03-22,Wes Brown,GB1,0,0,0,0,90
2341306_2923,2341306,2923,3368,3368,2014-03-22,Andreas Ivanschitz,ES1,0,0,0,0,74
2346251_933,2346251,933,589,2293,2014-03-22,Ugur Inceman,TR1,0,0,0,0,90
2346254_597,2346254,597,2293,2696,2014-03-22,Aleksandr Hleb,TR1,1,0,0,1,90
2346259_3132,2346259,3132,126,126,2014-03-22,Florin Cernat,TR1,0,0,0,0,61
2321282_3256,2321282,3256,15,15,2014-03-23,Roberto Hilbert,L1,1,0,0,0,90
2321282_691,2321282,691,15,15,2014-03-23,Simon Rolfes,L1,0,0,1,0,90
2321285_1094,2321285,1094,4,4,2014-03-23,Emanuel Pogatetz,L1,0,0,0,0,62
2321285_1150,2321285,1150,4,4,2014-03-23,Raphael Schäfer,L1,0,0,0,0,90
2321285_1986,2321285,1986,4,167,2014-03-23,Markus Feulner,L1,0,0,0,0,90
2321285_2767,2321285,2767,24,24,2014-03-23,Alexander Madlung,L1,0,0,1,0,90
2321285_823,2321285,823,4,4,2014-03-23,Hanno Balitsch,L1,0,0,0,0,67
2329417_3098,2329417,3098,190,190,2014-03-23,Olof Mellberg,DK1,0,0,0,0,90
2329427_2703,2329427,2703,173,173,2014-03-23,Morten Skoubo,DK1,0,0,1,0,84
2331057_65,2331057,65,162,1091,2014-03-23,Dimitar Berbatov,FR1,0,0,0,0,90
2335265_1331,2335265,1331,121,533,2014-03-23,Kevin Kuranyi,RU1,1,0,0,0,77
2335265_3321,2335265,3321,121,3725,2014-03-23,Luke Wilkshire,RU1,0,0,0,0,90
2341290_2623,2341290,2623,368,167,2014-03-23,Piotr Trochowski,ES1,0,0,0,0,83
2346256_1321,2346256,1321,114,114,2014-03-23,Jermaine Jones,TR1,1,0,0,0,37
2346256_1896,2346256,1896,19771,19771,2014-03-23,Ahmet Cebe,TR1,0,0,0,0,45
2359486_2926,2359486,2926,1025,105,2014-03-23,György Garics,IT1,0,0,0,0,90
2359490_2865,2359490,2865,506,167,2014-03-23,Stephan Lichtsteiner,IT1,0,0,0,0,90
2359492_3366,2359492,3366,5,5,2014-03-23,Kaká,IT1,0,0,0,1,90
2449802_1083,2449802,1083,128,128,2014-03-23,Julian de Guzmán,GR1,0,0,0,0,90
2449804_3201,2449804,3201,3060,265,2014-03-23,Stathis Tavlaridis,GR1,1,0,1,0,90
2449806_2050,2449806,2050,683,24,2014-03-23,Nelson Valdez,GR1,0,0,3,0,72
2346253_3059,2346253,3059,524,524,2014-03-24,Ekrem Dag,TR1,1,0,0,0,90
2321289_26,2321289,26,16,16,2014-03-25,Roman Weidenfeller,L1,0,0,0,0,90
2321289_410,2321289,410,16,16,2014-03-25,Sebastian Kehl,L1,0,0,0,0,90
2321290_1277,2321290,1277,86,86,2014-03-25,Clemens Fritz,L1,1,0,0,0,90
2321290_1667,2321290,1667,82,162,2014-03-25,Diego Benaglio,L1,0,0,0,0,45
2321294_1139,2321294,1139,39,39,2014-03-25,Nikolce Noveski,L1,0,0,0,0,90
2321294_1944,2321294,1944,23,23,2014-03-25,Deniz Dogan,L1,0,0,0,0,51
2321296_2219,2321296,2219,27,27,2014-03-25,Philipp Lahm,L1,0,0,0,0,90
2321296_2514,2321296,2514,27,985,2014-03-25,Bastian Schweinsteiger,L1,0,0,0,1,64
2321296_411,2321296,411,44,44,2014-03-25,Levan Kobiashvili,L1,0,0,0,0,64
2332180_132,2332180,132,11,11,2014-03-25,Tomas Rosicky,GB1,0,0,0,0,79
2332184_3276,2332184,3276,762,873,2014-03-25,Shola Ameobi,GB1,0,0,0,0,1
2332184_3291,2332184,3291,29,984,2014-03-25,Gareth Barry,GB1,1,0,0,0,90
2332184_3356,2332184,3356,29,989,2014-03-25,Sylvain Distin,GB1,0,0,0,0,90
2332199_2963,2332199,2963,281,714,2014-03-25,Martín Demichelis,GB1,0,0,0,0,90
2332199_3235,2332199,3235,985,1039,2014-03-25,Rio Ferdinand,GB1,0,0,0,0,90
2332199_3332,2332199,3332,985,985,2014-03-25,Wayne Rooney,GB1,0,0,0,0,90
2332199_3333,2332199,3333,281,1237,2014-03-25,James Milner,GB1,0,0,0,1,16
2335021_3269,2335021,3269,370,370,2014-03-25,Calvin Zola,SC1,0,0,0,0,4
2341278_215,2341278,215,1084,1084,2014-03-25,Roque Santa Cruz,ES1,0,0,0,1,90
2321291_1094,2321291,1094,4,4,2014-03-26,Emanuel Pogatetz,L1,0,0,0,0,90
2321291_1150,2321291,1150,4,4,2014-03-26,Raphael Schäfer,L1,0,0,0,0,90
2321291_1986,2321291,1986,4,167,2014-03-26,Markus Feulner,L1,0,0,0,1,84
2321291_823,2321291,823,4,4,2014-03-26,Hanno Balitsch,L1,0,0,0,0,15
2321292_1586,2321292,1586,42,42,2014-03-26,Christian Schulz,L1,0,0,0,0,90
2321292_3114,2321292,3114,42,42,2014-03-26,Jan Schlaudraff,L1,0,0,0,0,25
2321293_1791,2321293,1791,167,167,2014-03-26,Halil Altintop,L1,0,0,0,0,90
2321293_691,2321293,691,15,15,2014-03-26,Simon Rolfes,L1,0,0,0,0,5
2321295_2767,2321295,2767,24,24,2014-03-26,Alexander Madlung,L1,0,0,0,0,90
2321295_568,2321295,568,18,18,2014-03-26,Martin Stranzl,L1,0,0,0,0,90
2321297_1726,2321297,1726,41,610,2014-03-26,Heiko Westermann,L1,0,0,0,0,90
2321297_1784,2321297,1784,41,39,2014-03-26,René Adler,L1,0,0,0,0,90
2332130_1368,2332130,1368,379,1519,2014-03-26,Guy Demel,GB1,0,0,0,1,90
2332182_3109,2332182,3109,31,31,2014-03-26,Steven Gerrard,GB1,0,0,1,0,90
2332182_3405,2332182,3405,289,289,2014-03-26,Wes Brown,GB1,0,0,0,0,90
2359495_2926,2359495,2926,1025,105,2014-03-26,György Garics,IT1,0,0,0,0,30
2359498_735,2359498,735,1210,1210,2014-03-26,Giuseppe Gemiti,IT1,0,0,0,0,63
2359499_3366,2359499,3366,5,5,2014-03-26,Kaká,IT1,0,0,0,0,90
2359501_2865,2359501,2865,506,167,2014-03-26,Stephan Lichtsteiner,IT1,0,0,0,0,70
2387110_1423,2387110,1423,190,855,2014-03-26,Lars Jacobsen,DKP,0,0,0,0,90
2387110_3098,2387110,3098,190,190,2014-03-26,Olof Mellberg,DKP,0,0,0,0,90
2449815_1083,2449815,1083,128,128,2014-03-26,Julian de Guzmán,GR1,0,0,0,0,90
2449819_3201,2449819,3201,3060,265,2014-03-26,Stathis Tavlaridis,GR1,0,0,0,0,77
2449820_2050,2449820,2050,683,24,2014-03-26,Nelson Valdez,GR1,0,0,0,0,32
2421947_1443,2421947,1443,610,190,2014-03-27,Christian Poulsen,NLP,0,0,0,0,17
2321299_2334,2321299,2334,44,44,2014-03-28,Marcel Ndjeng,L1,0,0,0,0,90
2321299_411,2321299,411,44,44,2014-03-28,Levan Kobiashvili,L1,0,0,0,0,90
2329409_2703,2329409,2703,173,173,2014-03-28,Morten Skoubo,DK1,0,0,0,0,32
2346265_2587,2346265,2587,10484,524,2014-03-28,Elyasa Süme,TR1,0,0,0,0,90
2346269_1321,2346269,1321,114,114,2014-03-28,Jermaine Jones,TR1,1,0,0,0,90
2321298_2219,2321298,2219,27,27,2014-03-29,Philipp Lahm,L1,0,0,0,0,65
2321298_2514,2321298,2514,27,985,2014-03-29,Bastian Schweinsteiger,L1,1,0,0,0,90
2321298_532,2321298,532,27,86,2014-03-29,Claudio Pizarro,L1,0,0,2,1,90
2321298_80,2321298,80,27,27,2014-03-29,Tom Starke,L1,0,0,0,0,90
2321301_1659,2321301,1659,23,23,2014-03-29,Dennis Kruppke,L1,0,0,0,0,8
2321301_1944,2321301,1944,23,23,2014-03-29,Deniz Dogan,L1,0,0,0,0,90
2321301_691,2321301,691,15,15,2014-03-29,Simon Rolfes,L1,0,0,0,0,3
2321302_1426,2321302,1426,79,79,2014-03-29,Cacau,L1,0,0,0,0,4
2321302_2150,2321302,2150,16,16,2014-03-29,Oliver Kirch,L1,1,0,0,0,60
2321302_26,2321302,26,16,16,2014-03-29,Roman Weidenfeller,L1,0,0,0,0,90
2321302_410,2321302,410,16,16,2014-03-29,Sebastian Kehl,L1,0,0,0,0,90
2321304_2358,2321304,2358,82,82,2014-03-29,Patrick Ochs,L1,0,0,0,0,13
2321304_2767,2321304,2767,24,24,2014-03-29,Alexander Madlung,L1,0,0,0,0,90
2321305_1094,2321305,1094,4,4,2014-03-29,Emanuel Pogatetz,L1,2,0,1,1,90
2321305_1150,2321305,1150,4,4,2014-03-29,Raphael Schäfer,L1,0,0,0,0,90
2321305_1986,2321305,1986,4,167,2014-03-29,Markus Feulner,L1,0,0,0,0,90
2321306_1791,2321306,1791,167,167,2014-03-29,Halil Altintop,L1,1,0,0,0,90
2331109_3266,2331109,3266,1158,1158,2014-03-29,Jérémie Aliadière,FR1,0,0,0,1,73
2331111_65,2331111,65,162,1091,2014-03-29,Dimitar Berbatov,FR1,0,0,0,0,60
2332149_132,2332149,132,11,11,2014-03-29,Tomas Rosicky,GB1,1,0,0,0,90
2332149_2963,2332149,2963,281,714,2014-03-29,Martín Demichelis,GB1,0,0,0,0,90
2332149_3333,2332149,3333,281,1237,2014-03-29,James Milner,GB1,0,0,0,0,26
2332151_3332,2332151,3332,985,985,2014-03-29,Wayne Rooney,GB1,0,0,2,0,75
2332154_3160,2332154,3160,631,631,2014-03-29,John Terry,GB1,1,0,0,0,90
2332154_3163,2332154,3163,631,281,2014-03-29,Frank Lampard,GB1,0,0,0,0,56
2332156_3297,2332156,3297,603,603,2014-03-29,Craig Bellamy,GB1,1,0,0,0,90
2341310_2623,2341310,2623,368,167,2014-03-29,Piotr Trochowski,ES1,0,0,0,0,73
2346263_3059,2346263,3059,524,524,2014-03-29,Ekrem Dag,TR1,0,0,0,0,90
2346270_597,2346270,597,2293,2696,2014-03-29,Aleksandr Hleb,TR1,1,0,0,0,86
2359505_2926,2359505,2926,1025,105,2014-03-29,György Garics,IT1,0,0,0,0,90
2359508_3366,2359508,3366,5,5,2014-03-29,Kaká,IT1,0,0,2,0,74
2450853_3201,2450853,3201,3060,265,2014-03-29,Stathis Tavlaridis,GR1,1,0,0,0,90
2321300_1726,2321300,1726,41,610,2014-03-30,Heiko Westermann,L1,0,0,0,0,90
2321300_1784,2321300,1784,41,39,2014-03-30,René Adler,L1,0,0,0,0,90
2321300_568,2321300,568,18,18,2014-03-30,Martin Stranzl,L1,0,0,0,0,63
2321303_1277,2321303,1277,86,86,2014-03-30,Clemens Fritz,L1,0,0,0,0,90
2321303_1586,2321303,1586,42,42,2014-03-30,Christian Schulz,L1,0,0,0,0,90
2321303_3114,2321303,3114,42,42,2014-03-30,Jan Schlaudraff,L1,0,0,0,0,90
2329419_3098,2329419,3098,190,190,2014-03-30,Olof Mellberg,DK1,0,0,1,0,90
2332146_1662,2332146,1662,931,33,2014-03-30,Sascha Riether,GB1,1,0,0,0,90
2332146_3220,2332146,3220,931,931,2014-03-30,John Arne Riise,GB1,0,0,0,0,90
2332146_3291,2332146,3291,29,984,2014-03-30,Gareth Barry,GB1,0,0,0,0,90
2332146_3356,2332146,3356,29,989,2014-03-30,Sylvain Distin,GB1,0,0,0,0,90
2332150_3109,2332150,3109,31,31,2014-03-30,Steven Gerrard,GB1,0,0,0,0,70
2335029_3322,2335029,3322,903,903,2014-03-30,Ben Williams,SC1,0,0,0,0,90
2335249_1331,2335249,1331,121,533,2014-03-30,Kevin Kuranyi,RU1,1,0,1,0,69
2342475_1443,2342475,1443,610,190,2014-03-30,Christian Poulsen,NL1,0,0,0,0,20
2359512_2865,2359512,2865,506,167,2014-03-30,Stephan Lichtsteiner,IT1,1,0,0,0,90
2359513_10,2359513,10,398,398,2014-03-30,Miroslav Klose,IT1,0,0,1,0,90
2450859_2050,2450859,2050,683,24,2014-03-30,Nelson Valdez,GR1,0,0,1,0,90
2332152_1368,2332152,1368,379,1519,2014-03-31,Guy Demel,GB1,0,0,0,0,90
2332152_3405,2332152,3405,289,289,2014-03-31,Wes Brown,GB1,0,0,0,0,90
2341294_215,2341294,215,1084,1084,2014-03-31,Roque Santa Cruz,ES1,1,0,0,0,90
2341313_2923,2341313,2923,3368,3368,2014-03-31,Andreas Ivanschitz,ES1,0,0,0,0,77
2346262_933,2346262,933,589,2293,2014-03-31,Ugur Inceman,TR1,1,0,1,0,90
2346267_109,2346267,109,825,825,2014-03-31,Dedê,TR1,0,0,0,0,90
2359511_1161,2359511,1161,46,46,2014-03-31,Javier Zanetti,IT1,0,0,0,0,11
2450860_1083,2450860,1083,128,128,2014-03-31,Julian de Guzmán,GR1,1,0,0,0,90
2449281_2219,2449281,2219,27,27,2014-04-01,Philipp Lahm,CL,0,0,0,0,90
2449281_2514,2449281,2514,27,985,2014-04-01,Bastian Schweinsteiger,CL,2,0,1,0,90
2449281_3235,2449281,3235,985,1039,2014-04-01,Rio Ferdinand,CL,0,0,0,0,90
2449281_3332,2449281,3332,985,985,2014-04-01,Wayne Rooney,CL,0,0,0,1,90
2449281_3406,2449281,3406,985,985,2014-04-01,Ryan Giggs,CL,0,0,0,0,45
2342477_3170,2342477,3170,1304,1304,2014-04-02,Simon Cziommer,NL1,2,0,0,0,25
2342505_1443,2342505,1443,610,190,2014-04-02,Christian Poulsen,NL1,0,0,0,0,90
2449279_26,2449279,26,16,16,2014-04-02,Roman Weidenfeller,CL,0,0,0,0,90
2449279_410,2449279,410,16,16,2014-04-02,Sebastian Kehl,CL,1,0,0,0,74
2449280_3160,2449280,3160,631,631,2014-04-02,John Terry,CL,0,0,0,0,90
2449280_3163,2449280,3163,631,281,2014-04-02,Frank Lampard,CL,0,0,0,0,17
2452159_2050,2452159,2050,683,24,2014-04-02,Nelson Valdez,GRP,1,0,0,0,90
2449287_2865,2449287,2865,506,167,2014-04-03,Stephan Lichtsteiner,EL,0,0,0,0,13
2321312_1726,2321312,1726,41,610,2014-04-04,Heiko Westermann,L1,0,0,1,0,90
2321312_1784,2321312,1784,41,39,2014-04-04,René Adler,L1,0,0,0,0,90
2321312_691,2321312,691,15,15,2014-04-04,Simon Rolfes,L1,0,0,0,0,90
2346326_2587,2346326,2587,10484,524,2014-04-04,Elyasa Süme,TR1,0,0,0,1,90
2346326_3059,2346326,3059,524,524,2014-04-04,Ekrem Dag,TR1,0,0,0,1,90
2321307_2150,2321307,2150,16,16,2014-04-05,Oliver Kirch,L1,0,0,0,0,14
2321307_2358,2321307,2358,82,82,2014-04-05,Patrick Ochs,L1,0,0,0,0,21
2321307_410,2321307,410,16,16,2014-04-05,Sebastian Kehl,L1,0,0,0,0,90
2321309_1277,2321309,1277,86,86,2014-04-05,Clemens Fritz,L1,0,0,0,0,89
2321310_1150,2321310,1150,4,4,2014-04-05,Raphael Schäfer,L1,0,0,0,0,90
2321310_1986,2321310,1986,4,167,2014-04-05,Markus Feulner,L1,0,0,0,0,90
2321310_823,2321310,823,4,4,2014-04-05,Hanno Balitsch,L1,0,0,0,0,90
2321311_1791,2321311,1791,167,167,2014-04-05,Halil Altintop,L1,0,0,0,0,90
2321311_2514,2321311,2514,27,985,2014-04-05,Bastian Schweinsteiger,L1,0,0,0,0,90
2321311_532,2321311,532,27,86,2014-04-05,Claudio Pizarro,L1,0,0,0,0,63
2321314_1139,2321314,1139,39,39,2014-04-05,Nikolce Noveski,L1,0,0,0,0,90
2321314_1565,2321314,1565,24,24,2014-04-05,Alexander Meier,L1,0,0,1,0,28
2321314_2767,2321314,2767,24,24,2014-04-05,Alexander Madlung,L1,0,0,0,0,90
2331127_3266,2331127,3266,1158,1158,2014-04-05,Jérémie Aliadière,FR1,0,0,1,0,74
2332268_3160,2332268,3160,631,631,2014-04-05,John Terry,GB1,0,0,0,0,90
2332268_3163,2332268,3163,631,281,2014-04-05,Frank Lampard,GB1,0,0,1,0,70
2332268_3182,2332268,3182,631,12,2014-04-05,Ashley Cole,GB1,0,0,0,0,12
2332268_3306,2332268,3306,512,1132,2014-04-05,Jonathan Walters,GB1,0,0,0,0,12
2332274_3297,2332274,3297,603,603,2014-04-05,Craig Bellamy,GB1,0,0,0,0,18
2332275_3276,2332275,3276,762,873,2014-04-05,Shola Ameobi,GB1,0,0,0,0,5
2332291_1662,2332291,1662,931,33,2014-04-05,Sascha Riether,GB1,0,0,0,0,90
2332291_3220,2332291,3220,931,931,2014-04-05,John Arne Riise,GB1,0,0,0,0,7
2332298_2963,2332298,2963,281,714,2014-04-05,Martín Demichelis,GB1,0,0,0,0,90
2332303_3270,2332303,3270,1123,1123,2014-04-05,Joseph Yobo,GB1,0,0,0,0,90
2346327_109,2346327,109,825,825,2014-04-05,Dedê,TR1,0,0,0,0,90
2346328_597,2346328,597,2293,2696,2014-04-05,Aleksandr Hleb,TR1,0,0,0,0,24
2346328_933,2346328,933,589,2293,2014-04-05,Ugur Inceman,TR1,1,0,0,0,90
2346329_1321,2346329,1321,114,114,2014-04-05,Jermaine Jones,TR1,1,0,0,0,90
2359515_2926,2359515,2926,1025,105,2014-04-05,György Garics,IT1,0,0,0,0,90
2321313_1586,2321313,1586,42,42,2014-04-06,Christian Schulz,L1,1,0,0,0,90
2321313_3114,2321313,3114,42,42,2014-04-06,Jan Schlaudraff,L1,0,0,0,0,45
2321315_2334,2321315,2334,44,44,2014-04-06,Marcel Ndjeng,L1,0,0,0,0,90
2329403_2703,2329403,2703,173,173,2014-04-06,Morten Skoubo,DK1,0,0,0,0,31
2329421_3098,2329421,3098,190,190,2014-04-06,Olof Mellberg,DK1,0,0,0,0,85
2331125_65,2331125,65,162,1091,2014-04-06,Dimitar Berbatov,FR1,0,0,0,1,64
2332269_132,2332269,132,11,11,2014-04-06,Tomas Rosicky,GB1,0,0,0,0,90
2332269_3291,2332269,3291,29,984,2014-04-06,Gareth Barry,GB1,0,0,0,0,90
2332269_3356,2332269,3356,29,989,2014-04-06,Sylvain Distin,GB1,0,0,0,0,90
2332297_1368,2332297,1368,379,1519,2014-04-06,Guy Demel,GB1,0,0,1,0,90
2332297_3109,2332297,3109,31,31,2014-04-06,Steven Gerrard,GB1,0,0,2,0,90
2332297_3179,2332297,3179,379,371,2014-04-06,Carlton Cole,GB1,0,0,0,0,5
2332297_3202,2332297,3202,31,371,2014-04-06,Kolo Touré,GB1,0,0,0,0,5
2335245_1331,2335245,1331,121,533,2014-04-06,Kevin Kuranyi,RU1,0,0,0,0,90
2341271_2623,2341271,2623,368,167,2014-04-06,Piotr Trochowski,ES1,0,0,0,1,73
2341303_215,2341303,215,1084,1084,2014-04-06,Roque Santa Cruz,ES1,0,0,0,0,78
2451529_1443,2451529,1443,610,190,2014-04-06,Christian Poulsen,NL1,0,0,0,0,12
2452106_2050,2452106,2050,683,24,2014-04-06,Nelson Valdez,GR1,0,0,0,0,45
2452109_1083,2452109,1083,128,128,2014-04-06,Julian de Guzmán,GR1,0,0,0,0,90
2452111_2874,2452111,2874,265,265,2014-04-06,Mladen Petric,GR1,0,0,0,0,62
2332282_3405,2332282,3405,289,289,2014-04-07,Wes Brown,GB1,0,0,0,0,90
2335034_3322,2335034,3322,903,903,2014-04-07,Ben Williams,SC1,0,0,0,0,90
2341288_277,2341288,277,3368,3368,2014-04-07,Sérgio da Silva Pinto,ES1,0,0,0,0,45
2359517_2865,2359517,2865,506,167,2014-04-07,Stephan Lichtsteiner,IT1,0,0,0,0,90
2359518_3366,2359518,3366,5,5,2014-04-07,Kaká,IT1,0,0,0,1,88
2449283_1073,2449283,1073,16,16,2014-04-08,Manuel Friedrich,CL,0,0,0,1,90
2449283_2150,2449283,2150,16,16,2014-04-08,Oliver Kirch,CL,0,0,0,0,90
2449283_26,2449283,26,16,16,2014-04-08,Roman Weidenfeller,CL,0,0,0,0,90
2449284_3160,2449284,3160,631,631,2014-04-08,John Terry,CL,0,0,0,0,90
2449284_3163,2449284,3163,631,281,2014-04-08,Frank Lampard,CL,1,0,0,0,66
2449285_2219,2449285,2219,27,27,2014-04-09,Philipp Lahm,CL,0,0,0,0,90
2449285_3332,2449285,3332,985,985,2014-04-09,Wayne Rooney,CL,0,0,0,0,90
2449285_532,2449285,532,27,86,2014-04-09,Claudio Pizarro,CL,0,0,0,0,6
2387111_1423,2387111,1423,190,855,2014-04-10,Lars Jacobsen,DKP,0,0,0,0,90
2449296_2623,2449296,2623,368,167,2014-04-10,Piotr Trochowski,EL,0,0,0,0,4
2321317_1565,2321317,1565,24,24,2014-04-11,Alexander Meier,L1,0,0,0,0,69
2321317_2767,2321317,2767,24,24,2014-04-11,Alexander Madlung,L1,0,0,0,0,90
2346341_1321,2346341,1321,114,114,2014-04-11,Jermaine Jones,TR1,0,0,0,0,90
2346341_597,2346341,597,2293,2696,2014-04-11,Aleksandr Hleb,TR1,0,0,0,0,90
2321316_1073,2321316,1073,16,16,2014-04-12,Manuel Friedrich,L1,0,0,0,0,20
2321316_2219,2321316,2219,27,27,2014-04-12,Philipp Lahm,L1,0,0,0,0,90
2321316_2514,2321316,2514,27,985,2014-04-12,Bastian Schweinsteiger,L1,0,0,0,0,90
2321316_26,2321316,26,16,16,2014-04-12,Roman Weidenfeller,L1,0,0,0,0,90
2321316_410,2321316,410,16,16,2014-04-12,Sebastian Kehl,L1,0,0,0,0,90
2321318_1426,2321318,1426,79,79,2014-04-12,Cacau,L1,0,0,0,0,1
2321320_1586,2321320,1586,42,42,2014-04-12,Christian Schulz,L1,0,0,0,0,90
2321320_1726,2321320,1726,41,610,2014-04-12,Heiko Westermann,L1,0,0,0,0,17
2321320_1784,2321320,1784,41,39,2014-04-12,René Adler,L1,0,0,0,0,90
2321320_2805,2321320,2805,42,42,2014-04-12,Christian Pander,L1,0,0,0,0,83
2321321_1094,2321321,1094,4,4,2014-04-12,Emanuel Pogatetz,L1,0,0,0,0,90
2321321_1150,2321321,1150,4,4,2014-04-12,Raphael Schäfer,L1,0,0,0,0,90
2321321_1986,2321321,1986,4,167,2014-04-12,Markus Feulner,L1,0,0,1,0,90
2321321_823,2321321,823,4,4,2014-04-12,Hanno Balitsch,L1,0,0,0,0,90
2321323_1659,2321323,1659,23,23,2014-04-12,Dennis Kruppke,L1,0,0,0,0,64
2321324_1139,2321324,1139,39,39,2014-04-12,Nikolce Noveski,L1,0,0,0,0,90
2321324_1277,2321324,1277,86,86,2014-04-12,Clemens Fritz,L1,0,0,0,0,90
2329360_2703,2329360,2703,173,173,2014-04-12,Morten Skoubo,DK1,0,0,0,0,16
2331120_3266,2331120,3266,1158,1158,2014-04-12,Jérémie Aliadière,FR1,0,0,0,0,90
2332284_1662,2332284,1662,931,33,2014-04-12,Sascha Riether,GB1,0,0,0,0,90
2332293_3297,2332293,3297,603,603,2014-04-12,Craig Bellamy,GB1,0,0,0,0,3
2332304_3276,2332304,3276,762,873,2014-04-12,Shola Ameobi,GB1,0,0,0,0,90
2332304_3306,2332304,3306,512,1132,2014-04-12,Jonathan Walters,GB1,0,0,0,0,3
2332307_3291,2332307,3291,29,984,2014-04-12,Gareth Barry,GB1,0,0,0,0,90
2332307_3356,2332307,3356,29,989,2014-04-12,Sylvain Distin,GB1,0,0,0,0,90
2332307_3405,2332307,3405,289,289,2014-04-12,Wes Brown,GB1,0,0,0,0,90
2346337_2587,2346337,2587,10484,524,2014-04-12,Elyasa Süme,TR1,1,0,0,0,45
2346340_1896,2346340,1896,19771,19771,2014-04-12,Ahmet Cebe,TR1,0,0,0,0,11
2321319_411,2321319,411,44,44,2014-04-13,Levan Kobiashvili,L1,0,0,0,0,57
2321319_691,2321319,691,15,15,2014-04-13,Simon Rolfes,L1,0,0,0,0,19
2321322_1791,2321322,1791,167,167,2014-04-13,Halil Altintop,L1,0,0,0,0,90
2332278_3160,2332278,3160,631,631,2014-04-13,John Terry,GB1,0,0,0,0,90
2332292_2963,2332292,2963,281,714,2014-04-13,Martín Demichelis,GB1,0,0,0,0,90
2332292_3109,2332292,3109,31,31,2014-04-13,Steven Gerrard,GB1,0,0,0,1,90
2332292_3333,2332292,3333,281,1237,2014-04-13,James Milner,GB1,0,0,0,1,40
2341295_2623,2341295,2623,368,167,2014-04-13,Piotr Trochowski,ES1,1,0,0,0,45
2342539_1443,2342539,1443,610,190,2014-04-13,Christian Poulsen,NL1,1,0,1,1,90
2342542_3170,2342542,3170,1304,1304,2014-04-13,Simon Cziommer,NL1,0,0,0,0,81
2346335_933,2346335,933,589,2293,2014-04-13,Ugur Inceman,TR1,0,0,0,0,90
2346339_109,2346339,109,825,825,2014-04-13,Dedê,TR1,1,0,0,0,90
2359527_3366,2359527,3366,5,5,2014-04-13,Kaká,IT1,0,0,0,0,87
2359534_2926,2359534,2926,1025,105,2014-04-13,György Garics,IT1,1,0,0,0,90
2452116_2050,2452116,2050,683,24,2014-04-13,Nelson Valdez,GR1,0,0,0,0,90
2452119_1083,2452119,1083,128,128,2014-04-13,Julian de Guzmán,GR1,0,0,0,0,90
2452119_2874,2452119,2874,265,265,2014-04-13,Mladen Petric,GR1,0,0,0,0,23
2335239_1331,2335239,1331,121,533,2014-04-14,Kevin Kuranyi,RU1,0,0,0,0,90
2341335_215,2341335,215,1084,1084,2014-04-14,Roque Santa Cruz,ES1,0,0,0,0,77
2346336_3059,2346336,3059,524,524,2014-04-14,Ekrem Dag,TR1,0,0,0,0,90
2359532_2865,2359532,2865,506,167,2014-04-14,Stephan Lichtsteiner,IT1,1,0,0,0,75
2332270_132,2332270,132,11,11,2014-04-15,Tomas Rosicky,GB1,1,0,0,0,72
2332270_1368,2332270,1368,379,1519,2014-04-15,Guy Demel,GB1,0,0,0,0,90
2332270_3179,2332270,3179,379,371,2014-04-15,Carlton Cole,GB1,0,0,0,0,6
2425889_2150,2425889,2150,16,16,2014-04-15,Oliver Kirch,DFB,0,0,0,0,18
2425889_26,2425889,26,16,16,2014-04-15,Roman Weidenfeller,DFB,0,0,0,0,90
2425889_410,2425889,410,16,16,2014-04-15,Sebastian Kehl,DFB,1,0,0,0,90
2332168_2963,2332168,2963,281,714,2014-04-16,Martín Demichelis,GB1,0,0,0,0,90
2332168_3333,2332168,3333,281,1237,2014-04-16,James Milner,GB1,0,0,0,0,90
2332168_3405,2332168,3405,289,289,2014-04-16,Wes Brown,GB1,0,0,0,0,90
2332177_3291,2332177,3291,29,984,2014-04-16,Gareth Barry,GB1,0,0,0,0,59
2332177_3356,2332177,3356,29,989,2014-04-16,Sylvain Distin,GB1,0,0,0,0,90
2425888_2219,2425888,2219,27,27,2014-04-16,Philipp Lahm,DFB,0,0,0,0,90
2425888_2514,2425888,2514,27,985,2014-04-16,Bastian Schweinsteiger,DFB,0,0,1,0,75
2452160_2874,2452160,2874,265,265,2014-04-16,Mladen Petric,GRP,0,0,0,0,68
2452161_2050,2452161,2050,683,24,2014-04-16,Nelson Valdez,GRP,1,0,0,0,90
2321333_1565,2321333,1565,24,24,2014-04-17,Alexander Meier,L1,0,0,1,0,58
2321333_1586,2321333,1586,42,42,2014-04-17,Christian Schulz,L1,0,0,0,0,90
2321333_2767,2321333,2767,24,24,2014-04-17,Alexander Madlung,L1,1,0,0,0,90
2321333_2805,2321333,2805,42,42,2014-04-17,Christian Pander,L1,0,0,0,2,90
2321333_3114,2321333,3114,42,42,2014-04-17,Jan Schlaudraff,L1,0,0,0,0,2
2329376_1423,2329376,1423,190,855,2014-04-17,Lars Jacobsen,DK1,0,0,0,0,90
2451916_3269,2451916,3269,370,370,2014-04-18,Calvin Zola,SC1,0,0,0,0,4
2321325_1139,2321325,1139,39,39,2014-04-19,Nikolce Noveski,L1,0,0,0,0,90
2321325_2150,2321325,2150,16,16,2014-04-19,Oliver Kirch,L1,0,0,0,0,90
2321327_1277,2321327,1277,86,86,2014-04-19,Clemens Fritz,L1,0,0,0,0,64
2321330_1791,2321330,1791,167,167,2014-04-19,Halil Altintop,L1,0,0,0,0,78
2321330_2334,2321330,2334,44,44,2014-04-19,Marcel Ndjeng,L1,0,0,0,0,75
2321331_1726,2321331,1726,41,610,2014-04-19,Heiko Westermann,L1,0,0,0,0,90
2321331_1784,2321331,1784,41,39,2014-04-19,René Adler,L1,0,0,0,0,90
2321332_1659,2321332,1659,23,23,2014-04-19,Dennis Kruppke,L1,0,0,0,0,84
2321332_1944,2321332,1944,23,23,2014-04-19,Deniz Dogan,L1,0,0,0,0,90
2321332_2219,2321332,2219,27,27,2014-04-19,Philipp Lahm,L1,0,0,0,0,87
2321332_2514,2321332,2514,27,985,2014-04-19,Bastian Schweinsteiger,L1,1,0,0,0,90
2321332_532,2321332,532,27,86,2014-04-19,Claudio Pizarro,L1,0,0,1,0,90
2332279_3276,2332279,3276,762,873,2014-04-19,Shola Ameobi,GB1,0,0,1,0,90
2332294_3306,2332294,3306,512,1132,2014-04-19,Jonathan Walters,GB1,0,0,0,0,5
2332295_3160,2332295,3160,631,631,2014-04-19,John Terry,GB1,0,0,0,0,90
2332295_3357,2332295,3357,631,1003,2014-04-19,Mark Schwarzer,GB1,0,0,0,0,90
2332295_3405,2332295,3405,289,289,2014-04-19,Wes Brown,GB1,1,0,0,0,90
2332296_3179,2332296,3179,379,371,2014-04-19,Carlton Cole,GB1,0,0,0,0,20
2332301_3220,2332301,3220,931,931,2014-04-19,John Arne Riise,GB1,0,0,0,0,90
2346344_2587,2346344,2587,10484,524,2014-04-19,Elyasa Süme,TR1,0,0,0,0,90
2346348_3059,2346348,3059,524,524,2014-04-19,Ekrem Dag,TR1,0,0,0,0,90
2359535_2926,2359535,2926,1025,105,2014-04-19,György Garics,IT1,0,0,0,0,90
2359538_1161,2359538,1161,46,46,2014-04-19,Javier Zanetti,IT1,0,0,0,0,31
2359539_3366,2359539,3366,5,5,2014-04-19,Kaká,IT1,0,0,0,0,74
2451921_3322,2451921,3322,903,903,2014-04-19,Ben Williams,SC1,0,0,0,0,90
2321326_1426,2321326,1426,79,79,2014-04-20,Cacau,L1,1,0,1,0,89
2321328_1094,2321328,1094,4,4,2014-04-20,Emanuel Pogatetz,L1,0,0,0,0,90
2321328_1150,2321328,1150,4,4,2014-04-20,Raphael Schäfer,L1,0,0,0,0,90
2321328_3256,2321328,3256,15,15,2014-04-20,Roberto Hilbert,L1,0,0,1,0,20
2321328_691,2321328,691,15,15,2014-04-20,Simon Rolfes,L1,0,0,0,0,20
2321328_823,2321328,823,4,4,2014-04-20,Hanno Balitsch,L1,0,0,0,0,90
2331118_3266,2331118,3266,1158,1158,2014-04-20,Jérémie Aliadière,FR1,0,0,1,0,90
2331124_65,2331124,65,162,1091,2014-04-20,Dimitar Berbatov,FR1,0,0,1,0,84
2332300_3109,2332300,3109,31,31,2014-04-20,Steven Gerrard,GB1,0,0,0,0,90
2332308_3291,2332308,3291,29,984,2014-04-20,Gareth Barry,GB1,0,0,0,0,90
2332308_3332,2332308,3332,985,985,2014-04-20,Wayne Rooney,GB1,0,0,0,0,90
2332308_3356,2332308,3356,29,989,2014-04-20,Sylvain Distin,GB1,0,0,0,0,45
2335224_1331,2335224,1331,121,533,2014-04-20,Kevin Kuranyi,RU1,0,0,0,0,87
2335224_3321,2335224,3321,121,3725,2014-04-20,Luke Wilkshire,RU1,0,0,0,0,14
2341353_2623,2341353,2623,368,167,2014-04-20,Piotr Trochowski,ES1,0,0,0,0,13
2346343_597,2346343,597,2293,2696,2014-04-20,Aleksandr Hleb,TR1,0,0,0,0,90
2346350_1321,2346350,1321,114,114,2014-04-20,Jermaine Jones,TR1,1,0,0,0,90
2454241_1443,2454241,1443,610,190,2014-04-20,Christian Poulsen,NLP,0,0,0,0,36
2329352_1423,2329352,1423,190,855,2014-04-21,Lars Jacobsen,DK1,0,0,0,0,90
2332305_2963,2332305,2963,281,714,2014-04-21,Martín Demichelis,GB1,1,0,1,0,90
2332305_3333,2332305,3333,281,1237,2014-04-21,James Milner,GB1,0,0,0,0,20
2341324_215,2341324,215,1084,1084,2014-04-21,Roque Santa Cruz,ES1,0,0,1,0,88
2346345_933,2346345,933,589,2293,2014-04-21,Ugur Inceman,TR1,0,0,0,0,58
2452863_3160,2452863,3160,631,631,2014-04-22,John Terry,CL,0,0,0,0,73
2452863_3163,2452863,3163,631,281,2014-04-22,Frank Lampard,CL,1,0,0,0,90
2452863_3182,2452863,3182,631,12,2014-04-22,Ashley Cole,CL,0,0,0,0,90
2452863_3357,2452863,3357,631,1003,2014-04-22,Mark Schwarzer,CL,0,0,0,0,72
2452862_2219,2452862,2219,27,27,2014-04-23,Philipp Lahm,CL,0,0,0,0,90
2452862_2514,2452862,2514,27,985,2014-04-23,Bastian Schweinsteiger,CL,0,0,0,0,74
2452875_2865,2452875,2865,506,167,2014-04-24,Stephan Lichtsteiner,EL,0,0,0,0,90
2321337_1426,2321337,1426,79,79,2014-04-25,Cacau,L1,0,0,0,0,66
2321337_1586,2321337,1586,42,42,2014-04-25,Christian Schulz,L1,0,0,0,0,90
2321337_2805,2321337,2805,42,42,2014-04-25,Christian Pander,L1,0,0,0,0,90
2321337_3114,2321337,3114,42,42,2014-04-25,Jan Schlaudraff,L1,0,0,0,0,71
2359551_3366,2359551,3366,5,5,2014-04-25,Kaká,IT1,0,0,0,0,90
2321334_1277,2321334,1277,86,86,2014-04-26,Clemens Fritz,L1,0,0,0,0,90
2321334_2219,2321334,2219,27,27,2014-04-26,Philipp Lahm,L1,0,0,0,1,45
2321334_2514,2321334,2514,27,985,2014-04-26,Bastian Schweinsteiger,L1,0,0,1,0,90
2321334_532,2321334,532,27,86,2014-04-26,Claudio Pizarro,L1,0,0,2,1,90
2321336_2150,2321336,2150,16,16,2014-04-26,Oliver Kirch,L1,0,0,1,0,90
2321336_26,2321336,26,16,16,2014-04-26,Roman Weidenfeller,L1,0,0,0,0,90
2321336_3256,2321336,3256,15,15,2014-04-26,Roberto Hilbert,L1,0,0,0,0,90
2321336_691,2321336,691,15,15,2014-04-26,Simon Rolfes,L1,0,0,0,0,9
2321339_1565,2321339,1565,24,24,2014-04-26,Alexander Meier,L1,0,0,0,0,90
2321339_2767,2321339,2767,24,24,2014-04-26,Alexander Madlung,L1,0,0,0,0,90
2321340_1139,2321340,1139,39,39,2014-04-26,Nikolce Noveski,L1,0,0,0,0,90
2321340_1150,2321340,1150,4,4,2014-04-26,Raphael Schäfer,L1,0,0,0,0,90
2321340_823,2321340,823,4,4,2014-04-26,Hanno Balitsch,L1,0,0,0,0,90
2321342_1659,2321342,1659,23,23,2014-04-26,Dennis Kruppke,L1,0,0,0,0,90
2331164_3266,2331164,3266,1158,1158,2014-04-26,Jérémie Aliadière,FR1,0,0,0,1,90
2331173_65,2331173,65,162,1091,2014-04-26,Dimitar Berbatov,FR1,0,0,2,1,90
2332243_3235,2332243,3235,985,1039,2014-04-26,Rio Ferdinand,GB1,0,0,0,0,90
2332243_3332,2332243,3332,985,985,2014-04-26,Wayne Rooney,GB1,0,0,2,0,90
2332253_1368,2332253,1368,379,1519,2014-04-26,Guy Demel,GB1,0,0,0,0,90
2332253_3179,2332253,3179,379,371,2014-04-26,Carlton Cole,GB1,0,0,0,0,11
2332257_1662,2332257,1662,931,33,2014-04-26,Sascha Riether,GB1,0,0,0,0,90
2332257_3220,2332257,3220,931,931,2014-04-26,John Arne Riise,GB1,0,0,0,0,45
2332271_3291,2332271,3291,29,984,2014-04-26,Gareth Barry,GB1,1,0,0,0,90
2341348_215,2341348,215,1084,1084,2014-04-26,Roque Santa Cruz,ES1,0,0,0,0,90
2346354_3059,2346354,3059,524,524,2014-04-26,Ekrem Dag,TR1,0,0,0,0,90
2359547_2926,2359547,2926,1025,105,2014-04-26,György Garics,IT1,0,0,0,0,90
2359552_1161,2359552,1161,46,46,2014-04-26,Javier Zanetti,IT1,0,0,0,0,22
2451923_3269,2451923,3269,370,370,2014-04-26,Calvin Zola,SC1,0,0,0,0,4
2456285_2874,2456285,2874,265,265,2014-04-26,Mladen Petric,GRP,0,0,0,0,1
2321335_568,2321335,568,18,18,2014-04-27,Martin Stranzl,L1,0,0,0,0,90
2321341_1726,2321341,1726,41,610,2014-04-27,Heiko Westermann,L1,0,0,1,0,90
2321341_1784,2321341,1784,41,39,2014-04-27,René Adler,L1,0,0,0,0,90
2321341_1791,2321341,1791,167,167,2014-04-27,Halil Altintop,L1,0,0,2,0,90
2329349_1423,2329349,1423,190,855,2014-04-27,Lars Jacobsen,DK1,0,0,0,0,86
2331163_3115,2331163,3115,40,40,2014-04-27,David Bellion,FR1,0,0,0,0,13
2332251_3109,2332251,3109,31,31,2014-04-27,Steven Gerrard,GB1,0,0,0,0,90
2332251_3163,2332251,3163,631,281,2014-04-27,Frank Lampard,GB1,1,0,0,0,90
2332251_3182,2332251,3182,631,12,2014-04-27,Ashley Cole,GB1,1,0,0,0,90
2332251_3357,2332251,3357,631,1003,2014-04-27,Mark Schwarzer,GB1,0,0,0,0,90
2332267_3297,2332267,3297,603,603,2014-04-27,Craig Bellamy,GB1,0,0,0,0,16
2332267_3405,2332267,3405,289,289,2014-04-27,Wes Brown,GB1,0,0,0,0,90
2332306_2963,2332306,2963,281,714,2014-04-27,Martín Demichelis,GB1,0,0,0,0,90
2332306_3333,2332306,3333,281,1237,2014-04-27,James Milner,GB1,0,0,0,0,90
2335288_1075,2335288,1075,121,121,2014-04-27,Andriy Voronin,RU1,0,0,0,0,12
2335288_1331,2335288,1331,121,533,2014-04-27,Kevin Kuranyi,RU1,0,0,0,0,90
2335288_3321,2335288,3321,121,3725,2014-04-27,Luke Wilkshire,RU1,0,0,0,0,78
2341333_2623,2341333,2623,368,167,2014-04-27,Piotr Trochowski,ES1,0,0,0,0,64
2346353_597,2346353,597,2293,2696,2014-04-27,Aleksandr Hleb,TR1,0,0,0,3,90
2346359_2587,2346359,2587,10484,524,2014-04-27,Elyasa Süme,TR1,0,0,0,0,90
2346359_933,2346359,933,589,2293,2014-04-27,Ugur Inceman,TR1,0,0,0,0,62
2451926_3322,2451926,3322,903,903,2014-04-27,Ben Williams,SC1,0,0,0,0,90
2452013_1443,2452013,1443,610,190,2014-04-27,Christian Poulsen,NL1,0,0,0,0,24
2452013_3170,2452013,3170,1304,1304,2014-04-27,Simon Cziommer,NL1,0,0,1,0,90
2332302_132,2332302,132,11,11,2014-04-28,Tomas Rosicky,GB1,0,0,0,0,16
2332302_3276,2332302,3276,762,873,2014-04-28,Shola Ameobi,GB1,0,0,0,0,21
2359549_2865,2359549,2865,506,167,2014-04-28,Stephan Lichtsteiner,IT1,0,0,0,1,28
2452864_2219,2452864,2219,27,27,2014-04-29,Philipp Lahm,CL,0,0,0,0,90
2452864_2514,2452864,2514,27,985,2014-04-29,Bastian Schweinsteiger,CL,0,0,0,0,90
2452864_532,2452864,532,27,86,2014-04-29,Claudio Pizarro,CL,0,0,0,0,18
2452865_3160,2452865,3160,631,631,2014-04-30,John Terry,CL,0,0,0,0,90
2452865_3182,2452865,3182,631,12,2014-04-30,Ashley Cole,CL,0,0,0,0,54
2452865_3357,2452865,3357,631,1003,2014-04-30,Mark Schwarzer,CL,0,0,0,0,90
2452877_2865,2452877,2865,506,167,2014-05-01,Stephan Lichtsteiner,EL,0,0,0,0,90
2335270_3321,2335270,3321,121,3725,2014-05-02,Luke Wilkshire,RU1,1,0,0,0,90
2321343_26,2321343,26,16,16,2014-05-03,Roman Weidenfeller,L1,0,0,0,0,90
2321344_1139,2321344,1139,39,39,2014-05-03,Nikolce Noveski,L1,0,0,0,0,90
2321344_568,2321344,568,18,18,2014-05-03,Martin Stranzl,L1,0,0,1,0,90
2321345_1426,2321345,1426,79,79,2014-05-03,Cacau,L1,0,0,0,1,75
2321345_1667,2321345,1667,82,162,2014-05-03,Diego Benaglio,L1,0,0,0,0,90
2321346_1277,2321346,1277,86,86,2014-05-03,Clemens Fritz,L1,0,0,0,1,90
2321346_2334,2321346,2334,44,44,2014-05-03,Marcel Ndjeng,L1,0,0,0,0,90
2321347_1150,2321347,1150,4,4,2014-05-03,Raphael Schäfer,L1,0,0,0,0,90
2321347_1586,2321347,1586,42,42,2014-05-03,Christian Schulz,L1,0,0,0,0,90
2321347_2805,2321347,2805,42,42,2014-05-03,Christian Pander,L1,0,0,0,0,90
2321347_823,2321347,823,4,4,2014-05-03,Hanno Balitsch,L1,0,0,0,0,90
2321349_1726,2321349,1726,41,610,2014-05-03,Heiko Westermann,L1,0,0,0,0,76
2321349_1784,2321349,1784,41,39,2014-05-03,René Adler,L1,0,0,0,0,90
2321349_2219,2321349,2219,27,27,2014-05-03,Philipp Lahm,L1,0,0,0,0,90
2321349_2514,2321349,2514,27,985,2014-05-03,Bastian Schweinsteiger,L1,0,0,0,0,90
2321349_532,2321349,532,27,86,2014-05-03,Claudio Pizarro,L1,0,0,1,0,17
2321350_1791,2321350,1791,167,167,2014-05-03,Halil Altintop,L1,0,0,0,0,90
2321351_1565,2321351,1565,24,24,2014-05-03,Alexander Meier,L1,0,0,0,0,90
2321351_691,2321351,691,15,15,2014-05-03,Simon Rolfes,L1,0,0,0,0,45
2332259_2963,2332259,2963,281,714,2014-05-03,Martín Demichelis,GB1,1,0,0,0,90
2332259_3333,2332259,3333,281,1237,2014-05-03,James Milner,GB1,0,0,0,1,90
2332260_3235,2332260,3235,985,1039,2014-05-03,Rio Ferdinand,GB1,0,0,0,0,90
2332260_3405,2332260,3405,289,289,2014-05-03,Wes Brown,GB1,0,0,0,0,90
2332261_3276,2332261,3276,762,873,2014-05-03,Shola Ameobi,GB1,0,0,1,0,90
2332261_3297,2332261,3297,603,603,2014-05-03,Craig Bellamy,GB1,0,0,0,0,45
2332265_3220,2332265,3220,931,931,2014-05-03,John Arne Riise,GB1,0,0,0,0,90
2332265_3306,2332265,3306,512,1132,2014-05-03,Jonathan Walters,GB1,0,0,1,0,12
2332289_1368,2332289,1368,379,1519,2014-05-03,Guy Demel,GB1,0,0,0,0,90
2332289_3179,2332289,3179,379,371,2014-05-03,Carlton Cole,GB1,0,0,0,0,6
2341366_215,2341366,215,1084,1084,2014-05-03,Roque Santa Cruz,ES1,0,0,0,0,90
2342550_1443,2342550,1443,610,190,2014-05-03,Christian Poulsen,NL1,0,0,0,0,90
2342552_3170,2342552,3170,1304,1304,2014-05-03,Simon Cziommer,NL1,0,0,0,0,90
2346361_597,2346361,597,2293,2696,2014-05-03,Aleksandr Hleb,TR1,0,0,0,1,90
2346366_933,2346366,933,589,2293,2014-05-03,Ugur Inceman,TR1,1,0,0,0,74
2346367_1321,2346367,1321,114,114,2014-05-03,Jermaine Jones,TR1,0,0,0,0,65
2346367_2587,2346367,2587,10484,524,2014-05-03,Elyasa Süme,TR1,0,0,0,0,90
2346369_3059,2346369,3059,524,524,2014-05-03,Ekrem Dag,TR1,0,0,0,0,19
2452075_3322,2452075,3322,903,903,2014-05-03,Ben Williams,SC1,0,0,0,0,90
2329447_1423,2329447,1423,190,855,2014-05-04,Lars Jacobsen,DK1,0,0,0,0,90
2331154_3266,2331154,3266,1158,1158,2014-05-04,Jérémie Aliadière,FR1,0,0,1,0,90
2332254_132,2332254,132,11,11,2014-05-04,Tomas Rosicky,GB1,0,0,0,0,20
2332256_3160,2332256,3160,631,631,2014-05-04,John Terry,GB1,0,0,0,0,90
2332256_3163,2332256,3163,631,281,2014-05-04,Frank Lampard,GB1,0,0,0,0,45
2332256_3182,2332256,3182,631,12,2014-05-04,Ashley Cole,GB1,0,0,0,0,90
2332256_3357,2332256,3357,631,1003,2014-05-04,Mark Schwarzer,GB1,0,0,0,0,90
2341364_277,2341364,277,3368,3368,2014-05-04,Sérgio da Silva Pinto,ES1,0,0,0,0,19
2341364_2923,2341364,2923,3368,3368,2014-05-04,Andreas Ivanschitz,ES1,0,0,0,0,31
2359556_2926,2359556,2926,1025,105,2014-05-04,György Garics,IT1,0,0,0,0,90
2359559_3366,2359559,3366,5,5,2014-05-04,Kaká,IT1,0,0,0,0,76
2332258_3109,2332258,3109,31,31,2014-05-05,Steven Gerrard,GB1,0,0,0,2,90
2359555_2865,2359555,2865,506,167,2014-05-05,Stephan Lichtsteiner,IT1,0,0,0,0,84
2359558_10,2359558,10,398,398,2014-05-05,Miroslav Klose,IT1,0,0,0,0,17
2332286_2857,2332286,2857,3008,29,2014-05-06,Eldin Jakupovic,GB1,0,0,0,0,90
2332286_3406,2332286,3406,985,985,2014-05-06,Ryan Giggs,GB1,0,0,0,1,20
2452080_3269,2452080,3269,370,370,2014-05-06,Calvin Zola,SC1,0,0,0,0,2
2452081_3322,2452081,3322,903,903,2014-05-06,Ben Williams,SC1,0,0,0,0,90
2331162_65,2331162,65,162,1091,2014-05-07,Dimitar Berbatov,FR1,0,0,1,0,83
2332175_3405,2332175,3405,289,289,2014-05-07,Wes Brown,GB1,0,0,0,0,90
2332183_2963,2332183,2963,281,714,2014-05-07,Martín Demichelis,GB1,0,0,0,0,90
2332183_3333,2332183,3333,281,1237,2014-05-07,James Milner,GB1,0,0,0,0,60
2452085_2999,2452085,2999,2578,2578,2014-05-07,Chris Iwelumo,SC1,0,0,0,0,12
2329448_1423,2329448,1423,190,855,2014-05-08,Lars Jacobsen,DK1,0,0,0,0,90
2329457_2703,2329457,2703,173,173,2014-05-08,Morten Skoubo,DK1,1,0,0,0,12
2321352_1426,2321352,1426,79,79,2014-05-10,Cacau,L1,0,0,0,0,25
2321352_2514,2321352,2514,27,985,2014-05-10,Bastian Schweinsteiger,L1,0,0,0,0,37
2321352_532,2321352,532,27,86,2014-05-10,Claudio Pizarro,L1,0,0,1,0,26
2321353_1986,2321353,1986,4,167,2014-05-10,Markus Feulner,L1,0,0,0,0,20
2321353_823,2321353,823,4,4,2014-05-10,Hanno Balitsch,L1,0,0,0,0,62
2321354_1277,2321354,1277,86,86,2014-05-10,Clemens Fritz,L1,0,0,0,0,90
2321354_691,2321354,691,15,15,2014-05-10,Simon Rolfes,L1,0,0,0,0,45
2321355_1586,2321355,1586,42,42,2014-05-10,Christian Schulz,L1,0,0,0,0,90
2321355_2805,2321355,2805,42,42,2014-05-10,Christian Pander,L1,0,0,0,0,90
2321356_1667,2321356,1667,82,162,2014-05-10,Diego Benaglio,L1,0,0,0,0,90
2321356_568,2321356,568,18,18,2014-05-10,Martin Stranzl,L1,1,0,0,0,90
2321357_1944,2321357,1944,23,23,2014-05-10,Deniz Dogan,L1,0,0,0,0,17
2321358_1139,2321358,1139,39,39,2014-05-10,Nikolce Noveski,L1,0,0,0,0,90
2321358_1726,2321358,1726,41,610,2014-05-10,Heiko Westermann,L1,0,0,0,0,90
2321358_1784,2321358,1784,41,39,2014-05-10,René Adler,L1,0,0,0,0,90
2321359_1565,2321359,1565,24,24,2014-05-10,Alexander Meier,L1,0,0,0,0,16
2321359_1791,2321359,1791,167,167,2014-05-10,Halil Altintop,L1,0,0,0,0,90
2321359_2767,2321359,2767,24,24,2014-05-10,Alexander Madlung,L1,0,0,0,0,90
2321360_1073,2321360,1073,16,16,2014-05-10,Manuel Friedrich,L1,0,0,0,0,90
2321360_2150,2321360,2150,16,16,2014-05-10,Oliver Kirch,L1,0,0,0,0,45
2321360_2334,2321360,2334,44,44,2014-05-10,Marcel Ndjeng,L1,0,0,0,0,90
2321360_26,2321360,26,16,16,2014-05-10,Roman Weidenfeller,L1,0,0,0,0,90
2321360_411,2321360,411,44,44,2014-05-10,Levan Kobiashvili,L1,0,0,0,0,64
2331158_3266,2331158,3266,1158,1158,2014-05-10,Jérémie Aliadière,FR1,0,0,0,0,90
2341356_2923,2341356,2923,3368,3368,2014-05-10,Andreas Ivanschitz,ES1,0,0,1,0,26
2346371_933,2346371,933,589,2293,2014-05-10,Ugur Inceman,TR1,0,0,0,0,45
2359570_10,2359570,10,398,398,2014-05-10,Miroslav Klose,IT1,0,0,0,0,90
2359570_1161,2359570,1161,46,46,2014-05-10,Javier Zanetti,IT1,0,0,0,0,38
2452086_3322,2452086,3322,903,903,2014-05-10,Ben Williams,SC1,0,0,0,0,90
2329458_1423,2329458,1423,190,855,2014-05-11,Lars Jacobsen,DK1,0,0,0,1,90
2332255_2963,2332255,2963,281,714,2014-05-11,Martín Demichelis,GB1,1,0,0,0,90
2332255_3179,2332255,3179,379,371,2014-05-11,Carlton Cole,GB1,0,0,0,0,18
2332255_3333,2332255,3333,281,1237,2014-05-11,James Milner,GB1,0,0,0,0,14
2332262_3182,2332262,3182,631,12,2014-05-11,Ashley Cole,GB1,0,0,0,0,90
2332262_3297,2332262,3297,603,603,2014-05-11,Craig Bellamy,GB1,0,0,1,0,76
2332262_3357,2332262,3357,631,1003,2014-05-11,Mark Schwarzer,GB1,0,0,0,0,90
2332263_3291,2332263,3291,29,984,2014-05-11,Gareth Barry,GB1,0,0,0,0,90
2332263_3356,2332263,3356,29,989,2014-05-11,Sylvain Distin,GB1,0,0,0,0,90
2332266_3235,2332266,3235,985,1039,2014-05-11,Rio Ferdinand,GB1,0,0,0,0,90
2332272_3109,2332272,3109,31,31,2014-05-11,Steven Gerrard,GB1,0,0,0,2,90
2332272_3276,2332272,3276,762,873,2014-05-11,Shola Ameobi,GB1,2,0,0,0,66
2332280_132,2332280,132,11,11,2014-05-11,Tomas Rosicky,GB1,0,0,0,0,74
2332281_3306,2332281,3306,512,1132,2014-05-11,Jonathan Walters,GB1,0,0,0,0,81
2332285_3405,2332285,3405,289,289,2014-05-11,Wes Brown,GB1,0,0,0,0,90
2332285_488,2332285,488,2288,2288,2014-05-11,Gerhard Tremmel,GB1,0,0,0,0,90
2335251_1331,2335251,1331,121,533,2014-05-11,Kevin Kuranyi,RU1,1,0,1,0,90
2341341_215,2341341,215,1084,1084,2014-05-11,Roque Santa Cruz,ES1,0,0,0,0,76
2341346_2623,2341346,2623,368,167,2014-05-11,Piotr Trochowski,ES1,0,0,0,0,90
2346370_1896,2346370,1896,19771,19771,2014-05-11,Ahmet Cebe,TR1,0,0,0,0,8
2346372_3059,2346372,3059,524,524,2014-05-11,Ekrem Dag,TR1,0,0,0,0,90
2346374_597,2346374,597,2293,2696,2014-05-11,Aleksandr Hleb,TR1,0,0,1,0,90
2346376_2587,2346376,2587,10484,524,2014-05-11,Elyasa Süme,TR1,0,0,0,0,85
2346377_1321,2346377,1321,114,114,2014-05-11,Jermaine Jones,TR1,0,0,0,0,90
2346378_1792,2346378,1792,141,105,2014-05-11,Hamit Altintop,TR1,0,0,0,0,5
2359565_2926,2359565,2926,1025,105,2014-05-11,György Garics,IT1,0,0,0,0,90
2359569_2865,2359569,2865,506,167,2014-05-11,Stephan Lichtsteiner,IT1,0,0,0,1,90
2359571_3366,2359571,3366,5,5,2014-05-11,Kaká,IT1,0,0,0,0,80
2452091_2999,2452091,2999,2578,2578,2014-05-11,Chris Iwelumo,SC1,0,0,0,0,25
2335295_3321,2335295,3321,121,3725,2014-05-15,Luke Wilkshire,RU1,1,0,0,1,90
2457733_1423,2457733,1423,190,855,2014-05-15,Lars Jacobsen,DKP,0,0,0,1,90
2341264_277,2341264,277,3368,3368,2014-05-16,Sérgio da Silva Pinto,ES1,0,0,0,0,65
2346379_109,2346379,109,825,825,2014-05-16,Dedê,TR1,0,0,0,0,90
2331176_1572,2331176,1572,162,162,2014-05-17,Andreas Wolf,FR1,0,0,0,0,29
2331176_65,2331176,65,162,1091,2014-05-17,Dimitar Berbatov,FR1,1,0,0,0,90
2331179_3266,2331179,3266,1158,1158,2014-05-17,Jérémie Aliadière,FR1,0,0,1,0,90
2346382_1792,2346382,1792,141,105,2014-05-17,Hamit Altintop,TR1,0,0,0,0,8
2346384_1321,2346384,1321,114,114,2014-05-17,Jermaine Jones,TR1,1,0,0,0,90
2346387_3059,2346387,3059,524,524,2014-05-17,Ekrem Dag,TR1,0,0,0,0,90
2453204_132,2453204,132,11,11,2014-05-17,Tomas Rosicky,FAC,0,0,0,0,14
2453761_2150,2453761,2150,16,16,2014-05-17,Oliver Kirch,DFB,0,0,0,0,60
2453761_2219,2453761,2219,27,27,2014-05-17,Philipp Lahm,DFB,0,0,0,0,30
2453761_26,2453761,26,16,16,2014-05-17,Roman Weidenfeller,DFB,0,0,0,0,120
2453761_532,2453761,532,27,86,2014-05-17,Claudio Pizarro,DFB,0,0,0,1,11
2329469_1423,2329469,1423,190,855,2014-05-18,Lars Jacobsen,DK1,0,0,0,1,90
2329469_2703,2329469,2703,173,173,2014-05-18,Morten Skoubo,DK1,0,0,0,0,27
2341283_2623,2341283,2623,368,167,2014-05-18,Piotr Trochowski,ES1,0,0,0,0,90
2346383_933,2346383,933,589,2293,2014-05-18,Ugur Inceman,TR1,1,0,0,0,90
2346385_2587,2346385,2587,10484,524,2014-05-18,Elyasa Süme,TR1,0,0,0,0,90
2359576_10,2359576,10,398,398,2014-05-18,Miroslav Klose,IT1,0,0,0,0,81
2359577_2865,2359577,2865,506,167,2014-05-18,Stephan Lichtsteiner,IT1,0,0,0,0,90
2359579_1161,2359579,1161,46,46,2014-05-18,Javier Zanetti,IT1,0,0,0,0,90
2359580_735,2359580,735,1210,1210,2014-05-18,Giuseppe Gemiti,IT1,0,0,0,0,90
2359583_3366,2359583,3366,5,5,2014-05-18,Kaká,IT1,0,0,0,0,73
2478430_2874,2478430,2874,265,265,2014-07-30,Mladen Petric,CLQ,0,0,0,0,64
2479051_1331,2479051,1331,121,533,2014-07-31,Kevin Kuranyi,ELQ,0,0,1,0,90
2479065_1139,2479065,1139,39,39,2014-07-31,Nikolce Noveski,ELQ,1,0,0,0,90
2479067_3201,2479067,3201,3060,265,2014-07-31,Stathis Tavlaridis,ELQ,1,0,0,0,90
2479926_2138,2479926,2138,3729,40426,2014-08-02,Mladen Kascelan,RU1,1,0,0,0,90
2502472_1423,2502472,1423,855,855,2014-08-02,Lars Jacobsen,FRCH,0,0,0,0,90
2479928_1331,2479928,1331,121,533,2014-08-03,Kevin Kuranyi,RU1,0,0,2,0,90
2478444_2874,2478444,2874,265,265,2014-08-05,Mladen Petric,CLQ,0,0,0,0,56
2480856_1331,2480856,1331,121,533,2014-08-07,Kevin Kuranyi,ELQ,0,0,1,0,58
2480864_3201,2480864,3201,3060,265,2014-08-07,Stathis Tavlaridis,ELQ,0,0,1,0,120
2480867_1139,2480867,1139,39,39,2014-08-07,Nikolce Noveski,ELQ,1,0,0,0,90
2459590_3170,2459590,3170,1304,1304,2014-08-09,Simon Cziommer,NL1,0,0,0,0,17
2482108_1423,2482108,1423,855,855,2014-08-09,Lars Jacobsen,FR1,0,0,0,0,90
2458586_132,2458586,132,11,11,2014-08-10,Tomas Rosicky,GBCS,0,0,0,0,20
2458586_3333,2458586,3333,281,1237,2014-08-10,James Milner,GBCS,0,0,0,0,30
2459591_3321,2459591,3321,234,3725,2014-08-10,Luke Wilkshire,NL1,1,0,0,0,90
2482114_65,2482114,65,162,1091,2014-08-10,Dimitar Berbatov,FR1,1,0,0,1,90
2483942_1331,2483942,1331,121,533,2014-08-10,Kevin Kuranyi,RU1,0,0,0,0,90
2483944_2138,2483944,2138,3729,40426,2014-08-10,Mladen Kascelan,RU1,0,0,0,0,90
2473697_2150,2473697,2150,16,16,2014-08-13,Oliver Kirch,DFL,0,0,0,0,85
2473697_2219,2473697,2219,27,27,2014-08-13,Philipp Lahm,DFL,1,0,0,0,45
2473697_410,2473697,410,16,16,2014-08-13,Sebastian Kehl,DFL,0,0,0,0,90
2484582_1331,2484582,1331,121,533,2014-08-13,Kevin Kuranyi,RU1,0,0,1,0,34
2484584_2138,2484584,2138,3729,40426,2014-08-13,Mladen Kascelan,RU1,0,0,0,0,90
2458316_691,2458316,691,15,15,2014-08-15,Simon Rolfes,DFB,0,0,0,0,90
2459595_3321,2459595,3321,234,3725,2014-08-15,Luke Wilkshire,NL1,0,0,0,0,90
2458308_568,2458308,568,18,18,2014-08-16,Martin Stranzl,DFB,0,0,0,0,90
2458322_2150,2458322,2150,16,16,2014-08-16,Oliver Kirch,DFB,0,0,0,0,90
2458322_410,2458322,410,16,16,2014-08-16,Sebastian Kehl,DFB,0,0,0,0,33
2458333_1586,2458333,1586,42,42,2014-08-16,Christian Schulz,DFB,1,0,0,0,90
2458333_2805,2458333,2805,42,42,2014-08-16,Christian Pander,DFB,0,0,0,1,90
2458333_3114,2458333,3114,42,42,2014-08-16,Jan Schlaudraff,DFB,0,0,0,0,1
2458336_1126,2458336,1126,3,3,2014-08-16,Matthias Lehmann,DFB,1,0,1,0,69
2460298_3291,2460298,3291,29,984,2014-08-16,Gareth Barry,GB1,1,0,0,0,90
2460298_3296,2460298,3296,1003,1003,2014-08-16,Paul Konchesky,GB1,0,0,0,0,90
2460298_3356,2460298,3356,29,989,2014-08-16,Sylvain Distin,GB1,0,0,0,0,90
2460300_3332,2460300,3332,985,985,2014-08-16,Wayne Rooney,GB1,0,0,1,0,90
2460302_3235,2460302,3235,1039,1039,2014-08-16,Rio Ferdinand,GB1,0,0,0,0,90
2460302_3292,2460302,3292,1039,1132,2014-08-16,Joey Barton,GB1,0,0,0,0,90
2460304_3405,2460304,3405,289,289,2014-08-16,Wes Brown,GB1,0,0,0,0,81
2460305_1368,2460305,1368,379,1519,2014-08-16,Guy Demel,GB1,0,0,0,0,28
2460305_3179,2460305,3179,379,371,2014-08-16,Carlton Cole,GB1,0,0,0,0,81
2482117_1423,2482117,1423,855,855,2014-08-16,Lars Jacobsen,FR1,0,0,0,0,90
2485834_1565,2485834,1565,24,24,2014-08-16,Alexander Meier,DFB,0,0,1,0,20
2485834_2050,2485834,2050,24,24,2014-08-16,Nelson Valdez,DFB,0,0,0,0,70
2458313_2219,2458313,2219,27,27,2014-08-17,Philipp Lahm,DFB,0,0,0,0,78
2458313_532,2458313,532,27,86,2014-08-17,Claudio Pizarro,DFB,0,0,1,0,34
2458318_1791,2458318,1791,167,167,2014-08-17,Halil Altintop,DFB,0,0,0,0,90
2458323_1277,2458323,1277,86,86,2014-08-17,Clemens Fritz,DFB,1,0,0,0,120
2458324_2201,2458324,2201,127,127,2014-08-17,Lukas Kruse,DFB,0,0,0,0,120
2458324_2453,2458324,2453,127,127,2014-08-17,Mahir Saglik,DFB,0,0,0,0,10
2460299_3109,2460299,3109,31,31,2014-08-17,Steven Gerrard,GB1,0,0,0,0,90
2460301_2963,2460301,2963,281,714,2014-08-17,Martín Demichelis,GB1,1,0,0,0,90
2460301_3333,2460301,3333,281,1237,2014-08-17,James Milner,GB1,0,0,0,0,12
2482115_65,2482115,65,162,1091,2014-08-17,Dimitar Berbatov,FR1,0,0,1,0,90
2485967_1331,2485967,1331,121,533,2014-08-17,Kevin Kuranyi,RU1,0,0,1,0,61
2485967_2138,2485967,2138,3729,40426,2014-08-17,Mladen Kascelan,RU1,1,0,0,0,90
2458337_1726,2458337,1726,41,610,2014-08-18,Heiko Westermann,DFB,0,0,1,0,120
2458337_1784,2458337,1784,41,39,2014-08-18,René Adler,DFB,1,0,0,0,120
2460297_3160,2460297,3160,631,631,2014-08-18,John Terry,GB1,0,0,0,0,90
2483328_132,2483328,132,11,11,2014-08-19,Tomas Rosicky,CLQ,0,0,0,0,1
2483330_691,2483330,691,15,15,2014-08-19,Simon Rolfes,CLQ,0,0,0,0,90
2483416_568,2483416,568,18,18,2014-08-21,Martin Stranzl,ELQ,0,0,0,0,90
2483428_2874,2483428,2874,265,265,2014-08-21,Mladen Petric,ELQ,0,0,0,0,12
2483454_1331,2483454,1331,121,533,2014-08-21,Kevin Kuranyi,ELQ,1,0,0,1,90
2483474_3321,2483474,3321,234,3725,2014-08-21,Luke Wilkshire,ELQ,0,0,0,1,82
2459604_3170,2459604,3170,1304,1304,2014-08-22,Simon Cziommer,NL1,0,0,0,0,45
2460626_2219,2460626,2219,27,27,2014-08-22,Philipp Lahm,L1,0,0,0,0,90
2487344_2138,2487344,2138,3729,40426,2014-08-22,Mladen Kascelan,RU1,1,0,0,0,90
2460627_410,2460627,410,16,16,2014-08-23,Sebastian Kehl,L1,0,0,0,0,90
2460627_691,2460627,691,15,15,2014-08-23,Simon Rolfes,L1,0,0,0,0,62
2460629_1791,2460629,1791,167,167,2014-08-23,Halil Altintop,L1,0,0,0,0,71
2460629_1986,2460629,1986,167,167,2014-08-23,Markus Feulner,L1,0,0,0,0,90
2460630_1586,2460630,1586,42,42,2014-08-23,Christian Schulz,L1,0,0,0,0,90
2460630_2805,2460630,2805,42,42,2014-08-23,Christian Pander,L1,0,0,0,0,90
2460631_1277,2460631,1277,86,86,2014-08-23,Clemens Fritz,L1,0,0,0,0,90
2460632_1565,2460632,1565,24,24,2014-08-23,Alexander Meier,L1,0,0,0,0,22
2460632_2050,2460632,2050,24,24,2014-08-23,Nelson Valdez,L1,0,0,0,0,84
2460633_1126,2460633,1126,3,3,2014-08-23,Matthias Lehmann,L1,1,0,0,0,90
2460633_1726,2460633,1726,41,610,2014-08-23,Heiko Westermann,L1,0,0,0,0,90
2460633_1784,2460633,1784,41,39,2014-08-23,René Adler,L1,0,0,0,0,90
2475187_215,2475187,215,1084,1084,2014-08-23,Roque Santa Cruz,ES1,0,0,0,0,90
2478480_3160,2478480,3160,631,631,2014-08-23,John Terry,GB1,0,0,0,0,90
2478480_3296,2478480,3296,1003,1003,2014-08-23,Paul Konchesky,GB1,0,0,0,0,90
2478481_3179,2478481,3179,379,371,2014-08-23,Carlton Cole,GB1,0,0,1,0,68
2478484_3291,2478484,3291,29,984,2014-08-23,Gareth Barry,GB1,0,0,0,1,90
2478484_3356,2478484,3356,29,989,2014-08-23,Sylvain Distin,GB1,0,0,0,0,90
2482127_1423,2482127,1423,855,855,2014-08-23,Lars Jacobsen,FR1,0,0,0,0,90
2459607_3321,2459607,3321,234,3725,2014-08-24,Luke Wilkshire,NL1,0,0,0,0,90
2460628_568,2460628,568,18,18,2014-08-24,Martin Stranzl,L1,0,0,0,0,90
2460634_1139,2460634,1139,39,39,2014-08-24,Nikolce Noveski,L1,0,0,0,0,52
2460634_2201,2460634,2201,127,127,2014-08-24,Lukas Kruse,L1,0,0,0,0,90
2475181_2923,2475181,2923,3368,3368,2014-08-24,Andreas Ivanschitz,ES1,0,0,0,0,57
2478486_3235,2478486,3235,1039,1039,2014-08-24,Rio Ferdinand,GB1,0,0,0,0,90
2478486_3292,2478486,3292,1039,1132,2014-08-24,Joey Barton,GB1,0,0,0,0,90
2478487_3332,2478487,3332,985,985,2014-08-24,Wayne Rooney,GB1,0,0,0,0,90
2478487_3405,2478487,3405,289,289,2014-08-24,Wes Brown,GB1,0,0,0,0,90
2482131_65,2482131,65,162,1091,2014-08-24,Dimitar Berbatov,FR1,1,0,0,0,21
2486234_10,2486234,10,398,398,2014-08-24,Miroslav Klose,CIT,0,0,1,1,20
2489360_3201,2489360,3201,3060,265,2014-08-24,Stathis Tavlaridis,GR1,0,0,0,0,90
2478488_2963,2478488,2963,281,714,2014-08-25,Martín Demichelis,GB1,0,0,0,0,90
2478488_3109,2478488,3109,31,31,2014-08-25,Steven Gerrard,GB1,0,0,0,0,90
2483340_691,2483340,691,15,15,2014-08-27,Simon Rolfes,CLQ,0,0,0,0,65
2483424_1331,2483424,1331,121,533,2014-08-28,Kevin Kuranyi,ELQ,0,0,0,0,90
2483444_3321,2483444,3321,234,3725,2014-08-28,Luke Wilkshire,ELQ,0,0,0,0,90
2483446_568,2483446,568,18,18,2014-08-28,Martin Stranzl,ELQ,0,0,0,0,90
2460639_1791,2460639,1791,167,167,2014-08-29,Halil Altintop,L1,0,0,0,0,90
2460639_1986,2460639,1986,167,167,2014-08-29,Markus Feulner,L1,0,0,0,0,69
2460639_26,2460639,26,16,16,2014-08-29,Roman Weidenfeller,L1,0,0,0,0,90
2460639_410,2460639,410,16,16,2014-08-29,Sebastian Kehl,L1,0,0,0,0,90
2469935_1896,2469935,1896,19771,19771,2014-08-29,Ahmet Cebe,TR1,0,0,0,0,90
2475190_215,2475190,215,1084,1084,2014-08-29,Roque Santa Cruz,ES1,0,0,0,0,90
2459616_3170,2459616,3170,1304,1304,2014-08-30,Simon Cziommer,NL1,0,0,0,0,90
2460635_2219,2460635,2219,27,27,2014-08-30,Philipp Lahm,L1,0,0,0,0,90
2460636_2334,2460636,2334,44,44,2014-08-30,Marcel Ndjeng,L1,0,0,0,0,90
2460636_691,2460636,691,15,15,2014-08-30,Simon Rolfes,L1,0,0,0,0,68
2460637_2050,2460637,2050,24,24,2014-08-30,Nelson Valdez,L1,0,0,0,0,56
2460640_1277,2460640,1277,86,86,2014-08-30,Clemens Fritz,L1,0,0,0,0,90
2460642_1126,2460642,1126,3,3,2014-08-30,Matthias Lehmann,L1,0,0,0,0,90
2460643_1726,2460643,1726,41,610,2014-08-30,Heiko Westermann,L1,0,0,0,0,90
2460643_1784,2460643,1784,41,39,2014-08-30,René Adler,L1,0,0,0,0,90
2460643_2201,2460643,2201,127,127,2014-08-30,Lukas Kruse,L1,0,0,0,0,90
2469936_597,2469936,597,2293,2696,2014-08-30,Aleksandr Hleb,TR1,0,0,0,0,90
2469936_933,2469936,933,2293,2293,2014-08-30,Ugur Inceman,TR1,0,0,0,0,86
2478590_2865,2478590,2865,506,167,2014-08-30,Stephan Lichtsteiner,IT1,0,0,0,0,90
2478594_3182,2478594,3182,12,12,2014-08-30,Ashley Cole,IT1,1,0,0,0,90
2482141_65,2482141,65,162,1091,2014-08-30,Dimitar Berbatov,FR1,0,0,1,0,90
2486489_3332,2486489,3332,985,985,2014-08-30,Wayne Rooney,GB1,0,0,0,0,90
2486491_2963,2486491,2963,281,714,2014-08-30,Martín Demichelis,GB1,0,0,0,0,90
2486491_3306,2486491,3306,512,1132,2014-08-30,Jonathan Walters,GB1,0,0,0,0,45
2486493_3235,2486493,3235,1039,1039,2014-08-30,Rio Ferdinand,GB1,0,0,0,0,90
2486493_3292,2486493,3292,1039,1132,2014-08-30,Joey Barton,GB1,0,0,0,0,90
2486493_3405,2486493,3405,289,289,2014-08-30,Wes Brown,GB1,0,0,0,0,90
2486495_3179,2486495,3179,379,371,2014-08-30,Carlton Cole,GB1,0,0,0,0,79
2486496_3160,2486496,3160,631,631,2014-08-30,John Terry,GB1,0,0,0,0,90
2486496_3291,2486496,3291,29,984,2014-08-30,Gareth Barry,GB1,0,0,0,0,90
2486496_3356,2486496,3356,29,989,2014-08-30,Sylvain Distin,GB1,0,0,0,0,90
2489339_2138,2489339,2138,3729,40426,2014-08-30,Mladen Kascelan,RU1,0,0,0,0,90
2459621_3321,2459621,3321,234,3725,2014-08-31,Luke Wilkshire,NL1,0,0,0,0,90
2460638_1586,2460638,1586,42,42,2014-08-31,Christian Schulz,L1,1,0,0,0,90
2460638_2805,2460638,2805,42,42,2014-08-31,Christian Pander,L1,0,0,0,0,90
2460641_568,2460641,568,18,18,2014-08-31,Martin Stranzl,L1,0,0,0,0,90
2469933_2587,2469933,2587,524,524,2014-08-31,Elyasa Süme,TR1,1,0,0,0,90
2478592_10,2478592,10,398,398,2014-08-31,Miroslav Klose,IT1,0,0,0,0,59
2486497_3109,2486497,3109,31,31,2014-08-31,Steven Gerrard,GB1,0,0,1,0,90
2486498_3296,2486498,3296,1003,1003,2014-08-31,Paul Konchesky,GB1,0,0,0,0,90
2489368_3201,2489368,3201,3060,265,2014-08-31,Stathis Tavlaridis,GR1,0,0,0,0,90
2489371_2874,2489371,2874,265,265,2014-08-31,Mladen Petric,GR1,0,0,1,0,90
2460646_1277,2460646,1277,86,86,2014-09-12,Clemens Fritz,L1,0,0,0,0,82
2482149_65,2482149,65,162,1091,2014-09-12,Dimitar Berbatov,FR1,0,0,0,0,90
2459625_3321,2459625,3321,234,3725,2014-09-13,Luke Wilkshire,NL1,0,0,0,1,90
2460644_2219,2460644,2219,27,27,2014-09-13,Philipp Lahm,L1,0,0,0,0,90
2460644_532,2460644,532,27,86,2014-09-13,Claudio Pizarro,L1,0,0,0,0,3
2460645_26,2460645,26,16,16,2014-09-13,Roman Weidenfeller,L1,0,0,0,0,90
2460645_410,2460645,410,16,16,2014-09-13,Sebastian Kehl,L1,0,0,0,1,90
2460647_568,2460647,568,18,18,2014-09-13,Martin Stranzl,L1,1,0,0,0,90
2460648_1667,2460648,1667,82,162,2014-09-13,Diego Benaglio,L1,0,0,0,0,90
2460650_2334,2460650,2334,44,44,2014-09-13,Marcel Ndjeng,L1,0,0,0,0,90
2460652_1126,2460652,1126,3,3,2014-09-13,Matthias Lehmann,L1,1,0,0,0,90
2460652_2201,2460652,2201,127,127,2014-09-13,Lukas Kruse,L1,0,0,0,0,90
2469943_597,2469943,597,2293,2696,2014-09-13,Aleksandr Hleb,TR1,0,0,0,0,90
2469943_933,2469943,933,2293,2293,2014-09-13,Ugur Inceman,TR1,0,0,0,0,12
2475209_215,2475209,215,1084,1084,2014-09-13,Roque Santa Cruz,ES1,0,0,0,0,90
2478599_3182,2478599,3182,12,12,2014-09-13,Ashley Cole,IT1,0,0,0,0,90
2478603_2865,2478603,2865,506,167,2014-09-13,Stephan Lichtsteiner,IT1,0,0,0,1,90
2486499_2963,2486499,2963,281,714,2014-09-13,Martín Demichelis,GB1,0,0,1,0,90
2486499_3163,2486499,3163,281,281,2014-09-13,Frank Lampard,GB1,1,0,0,0,45
2486499_3333,2486499,3333,281,1237,2014-09-13,James Milner,GB1,0,0,0,0,90
2486500_3160,2486500,3160,631,631,2014-09-13,John Terry,GB1,0,0,0,0,90
2486503_3296,2486503,3296,1003,1003,2014-09-13,Paul Konchesky,GB1,0,0,0,1,90
2486503_3306,2486503,3306,512,1132,2014-09-13,Jonathan Walters,GB1,0,0,0,0,82
2486504_3405,2486504,3405,289,289,2014-09-13,Wes Brown,GB1,1,0,0,0,90
2486505_3291,2486505,3291,29,984,2014-09-13,Gareth Barry,GB1,0,0,0,0,90
2486506_3109,2486506,3109,31,31,2014-09-13,Steven Gerrard,GB1,0,0,0,0,90
2493786_1331,2493786,1331,121,533,2014-09-13,Kevin Kuranyi,RU1,0,0,0,0,90
2493787_2138,2493787,2138,3729,40426,2014-09-13,Mladen Kascelan,RU1,0,0,0,0,45
2460649_1586,2460649,1586,42,42,2014-09-14,Christian Schulz,L1,0,0,0,0,90
2460651_1565,2460651,1565,24,24,2014-09-14,Alexander Meier,L1,0,0,0,0,34
2460651_1791,2460651,1791,167,167,2014-09-14,Halil Altintop,L1,0,0,0,1,72
2460651_1986,2460651,1986,167,167,2014-09-14,Markus Feulner,L1,1,0,0,0,18
2469944_2587,2469944,2587,524,524,2014-09-14,Elyasa Süme,TR1,0,0,0,0,90
2478604_10,2478604,10,398,398,2014-09-14,Miroslav Klose,IT1,0,0,0,1,30
2486507_3235,2486507,3235,1039,1039,2014-09-14,Rio Ferdinand,GB1,0,0,0,0,90
2486507_3332,2486507,3332,985,985,2014-09-14,Wayne Rooney,GB1,0,0,1,1,90
2494326_3201,2494326,3201,3060,265,2014-09-14,Stathis Tavlaridis,GR1,1,0,0,0,90
2494329_2874,2494329,2874,265,265,2014-09-14,Mladen Petric,GR1,0,0,0,0,90
2469947_1896,2469947,1896,19771,19771,2014-09-15,Ahmet Cebe,TR1,0,0,0,0,90
2486508_1368,2486508,1368,379,1519,2014-09-15,Guy Demel,GB1,0,0,0,0,76
2490843_2865,2490843,2865,506,167,2014-09-16,Stephan Lichtsteiner,CL,0,0,0,0,90
2490844_3109,2490844,3109,31,31,2014-09-16,Steven Gerrard,CL,0,0,1,0,90
2490846_65,2490846,65,162,1091,2014-09-16,Dimitar Berbatov,CL,0,0,0,1,90
2490849_26,2490849,26,16,16,2014-09-16,Roman Weidenfeller,CL,0,0,0,0,90
2490849_410,2490849,410,16,16,2014-09-16,Sebastian Kehl,CL,0,0,0,0,45
2490851_2219,2490851,2219,27,27,2014-09-17,Philipp Lahm,CL,0,0,0,0,90
2490851_2963,2490851,2963,281,714,2014-09-17,Martín Demichelis,CL,1,0,0,0,90
2490851_3333,2490851,3333,281,1237,2014-09-17,James Milner,CL,0,0,0,0,33
2490851_532,2490851,532,27,86,2014-09-17,Claudio Pizarro,CL,0,0,0,0,6
2490854_3160,2490854,3160,631,631,2014-09-17,John Terry,CL,1,0,0,0,90
2492348_568,2492348,568,18,18,2014-09-18,Martin Stranzl,EL,0,0,0,0,90
2492409_1331,2492409,1331,121,533,2014-09-18,Kevin Kuranyi,EL,0,0,0,1,90
2492409_2874,2492409,2874,265,265,2014-09-18,Mladen Petric,EL,0,0,0,0,15
2492432_3321,2492432,3321,234,3725,2014-09-18,Luke Wilkshire,EL,0,0,0,0,90
2492444_1667,2492444,1667,82,162,2014-09-18,Diego Benaglio,EL,0,0,0,0,90
2492444_3291,2492444,3291,29,984,2014-09-18,Gareth Barry,EL,0,0,0,0,90
2460653_1565,2460653,1565,24,24,2014-09-20,Alexander Meier,L1,0,0,1,0,90
2460655_26,2460655,26,16,16,2014-09-20,Roman Weidenfeller,L1,0,0,0,0,90
2460656_1277,2460656,1277,86,86,2014-09-20,Clemens Fritz,L1,0,0,0,0,58
2460656_1791,2460656,1791,167,167,2014-09-20,Halil Altintop,L1,0,0,0,1,90
2460658_1726,2460658,1726,41,610,2014-09-20,Heiko Westermann,L1,0,0,0,0,90
2460658_2219,2460658,2219,27,27,2014-09-20,Philipp Lahm,L1,0,0,0,0,90
2460658_532,2460658,532,27,86,2014-09-20,Claudio Pizarro,L1,0,0,0,0,90
2460661_1586,2460661,1586,42,42,2014-09-20,Christian Schulz,L1,0,0,0,0,90
2460661_2201,2460661,2201,127,127,2014-09-20,Lukas Kruse,L1,0,0,0,0,90
2460661_2805,2460661,2805,42,42,2014-09-20,Christian Pander,L1,0,0,0,0,90
2469953_1896,2469953,1896,19771,19771,2014-09-20,Ahmet Cebe,TR1,0,0,0,0,90
2475210_215,2475210,215,1084,1084,2014-09-20,Roque Santa Cruz,ES1,0,0,0,0,45
2478612_2865,2478612,2865,506,167,2014-09-20,Stephan Lichtsteiner,IT1,0,0,0,0,82
2486509_3235,2486509,3235,1039,1039,2014-09-20,Rio Ferdinand,GB1,0,0,0,0,90
2486509_3292,2486509,3292,1039,1132,2014-09-20,Joey Barton,GB1,0,0,0,0,34
2486510_132,2486510,132,11,11,2014-09-20,Tomas Rosicky,GB1,0,0,0,0,12
2486511_3405,2486511,3405,289,289,2014-09-20,Wes Brown,GB1,0,0,0,0,90
2486515_1368,2486515,1368,379,1519,2014-09-20,Guy Demel,GB1,0,0,0,0,61
2486515_3109,2486515,3109,31,31,2014-09-20,Steven Gerrard,GB1,0,0,0,0,90
2494335_3201,2494335,3201,3060,265,2014-09-20,Stathis Tavlaridis,GR1,1,0,0,0,90
2459635_3170,2459635,3170,1304,1304,2014-09-21,Simon Cziommer,NL1,0,0,0,0,45
2459637_3321,2459637,3321,234,3725,2014-09-21,Luke Wilkshire,NL1,0,0,0,0,90
2460654_1667,2460654,1667,82,162,2014-09-21,Diego Benaglio,L1,0,0,0,0,90
2460660_1126,2460660,1126,3,3,2014-09-21,Matthias Lehmann,L1,1,0,0,0,90
2460660_568,2460660,568,18,18,2014-09-21,Martin Stranzl,L1,0,0,0,0,90
2469950_2587,2469950,2587,524,524,2014-09-21,Elyasa Süme,TR1,1,0,0,0,90
2469954_597,2469954,597,2293,2696,2014-09-21,Aleksandr Hleb,TR1,0,0,0,0,90
2475219_2923,2475219,2923,3368,3368,2014-09-21,Andreas Ivanschitz,ES1,0,0,0,0,32
2478614_3182,2478614,3182,12,12,2014-09-21,Ashley Cole,IT1,0,0,0,0,90
2482161_65,2482161,65,162,1091,2014-09-21,Dimitar Berbatov,FR1,0,0,0,0,90
2486516_3296,2486516,3296,1003,1003,2014-09-21,Paul Konchesky,GB1,0,0,0,0,90
2486516_3332,2486516,3332,985,985,2014-09-21,Wayne Rooney,GB1,1,0,0,1,90
2486517_3291,2486517,3291,29,984,2014-09-21,Gareth Barry,GB1,0,0,0,0,90
2486517_3356,2486517,3356,29,989,2014-09-21,Sylvain Distin,GB1,0,0,0,0,84
2486518_3160,2486518,3160,631,631,2014-09-21,John Terry,GB1,0,0,0,0,90
2486518_3163,2486518,3163,281,281,2014-09-21,Frank Lampard,GB1,0,0,1,0,12
2486518_3333,2486518,3333,281,1237,2014-09-21,James Milner,GB1,0,0,0,1,90
2494337_2874,2494337,2874,265,265,2014-09-21,Mladen Petric,GR1,0,0,0,0,75
2498470_1331,2498470,1331,121,533,2014-09-22,Kevin Kuranyi,RU1,0,0,0,2,90
2460662_2201,2460662,2201,127,127,2014-09-23,Lukas Kruse,L1,0,0,0,0,90
2460662_2219,2460662,2219,27,27,2014-09-23,Philipp Lahm,L1,0,0,0,1,90
2460666_1662,2460666,1662,60,33,2014-09-23,Sascha Riether,L1,0,0,0,0,10
2460670_1565,2460670,1565,24,24,2014-09-23,Alexander Meier,L1,0,0,1,0,90
2460663_26,2460663,26,16,16,2014-09-24,Roman Weidenfeller,L1,0,0,0,0,90
2460664_1791,2460664,1791,167,167,2014-09-24,Halil Altintop,L1,0,0,0,0,90
2460664_3256,2460664,3256,15,15,2014-09-24,Roberto Hilbert,L1,0,0,0,1,90
2460665_1726,2460665,1726,41,610,2014-09-24,Heiko Westermann,L1,0,0,0,0,90
2460665_568,2460665,568,18,18,2014-09-24,Martin Stranzl,L1,0,0,0,0,90
2460667_1126,2460667,1126,3,3,2014-09-24,Matthias Lehmann,L1,0,0,0,0,90
2460667_1586,2460667,1586,42,42,2014-09-24,Christian Schulz,L1,0,0,0,0,90
2460668_1667,2460668,1667,82,162,2014-09-24,Diego Benaglio,L1,0,0,0,0,90
2460668_2334,2460668,2334,44,44,2014-09-24,Marcel Ndjeng,L1,1,0,0,1,90
2475228_2923,2475228,2923,3368,3368,2014-09-24,Andreas Ivanschitz,ES1,0,0,0,0,14
2478623_2865,2478623,2865,506,167,2014-09-24,Stephan Lichtsteiner,IT1,0,0,1,0,87
2482170_65,2482170,65,162,1091,2014-09-24,Dimitar Berbatov,FR1,0,0,0,0,90
2493709_2138,2493709,2138,3729,40426,2014-09-24,Mladen Kascelan,RUP,1,0,0,0,90
2496933_3321,2496933,3321,234,3725,2014-09-24,Luke Wilkshire,NLP,0,0,0,0,72
2501210_2874,2501210,2874,265,265,2014-09-24,Mladen Petric,GRP,0,0,0,0,90
2478624_10,2478624,10,398,398,2014-09-25,Miroslav Klose,IT1,0,0,0,0,90
2493706_1331,2493706,1331,121,533,2014-09-25,Kevin Kuranyi,RUP,0,0,0,0,31
2469961_1792,2469961,1792,141,105,2014-09-26,Hamit Altintop,TR1,0,0,0,0,13
2459642_3321,2459642,3321,234,3725,2014-09-27,Luke Wilkshire,NL1,0,0,0,0,78
2460671_26,2460671,26,16,16,2014-09-27,Roman Weidenfeller,L1,0,0,0,0,90
2460672_1667,2460672,1667,82,162,2014-09-27,Diego Benaglio,L1,0,0,0,0,90
2460675_1662,2460675,1662,60,33,2014-09-27,Sascha Riether,L1,0,0,0,0,38
2460675_3256,2460675,3256,15,15,2014-09-27,Roberto Hilbert,L1,0,0,0,0,90
2460676_1586,2460676,1586,42,42,2014-09-27,Christian Schulz,L1,0,0,0,0,90
2460678_1126,2460678,1126,3,3,2014-09-27,Matthias Lehmann,L1,0,0,0,0,90
2460678_2219,2460678,2219,27,27,2014-09-27,Philipp Lahm,L1,0,0,0,0,90
2460679_2201,2460679,2201,127,127,2014-09-27,Lukas Kruse,L1,0,0,0,0,90
2460679_568,2460679,568,18,18,2014-09-27,Martin Stranzl,L1,0,0,0,0,90
2475238_2923,2475238,2923,3368,3368,2014-09-27,Andreas Ivanschitz,ES1,0,0,0,0,90
2478628_2865,2478628,2865,506,167,2014-09-27,Stephan Lichtsteiner,IT1,0,0,0,1,90
2478634_3182,2478634,3182,12,12,2014-09-27,Ashley Cole,IT1,0,0,0,0,90
2482181_65,2482181,65,162,1091,2014-09-27,Dimitar Berbatov,FR1,1,0,0,0,90
2486519_3109,2486519,3109,31,31,2014-09-27,Steven Gerrard,GB1,1,0,1,0,90
2486519_3291,2486519,3291,29,984,2014-09-27,Gareth Barry,GB1,1,0,0,0,90
2486520_3160,2486520,3160,631,631,2014-09-27,John Terry,GB1,0,0,0,0,90
2486521_3296,2486521,3296,1003,1003,2014-09-27,Paul Konchesky,GB1,0,0,0,0,90
2486522_2963,2486522,2963,281,714,2014-09-27,Martín Demichelis,GB1,0,0,0,0,12
2486522_3163,2486522,3163,281,281,2014-09-27,Frank Lampard,GB1,0,0,1,0,18
2486522_3333,2486522,3333,281,1237,2014-09-27,James Milner,GB1,0,0,0,0,90
2486523_1368,2486523,1368,379,1519,2014-09-27,Guy Demel,GB1,0,0,0,0,65
2486523_3179,2486523,3179,379,371,2014-09-27,Carlton Cole,GB1,0,0,0,0,29
2486523_3332,2486523,3332,985,985,2014-09-27,Wayne Rooney,GB1,0,1,1,0,59
2486524_3235,2486524,3235,1039,1039,2014-09-27,Rio Ferdinand,GB1,0,0,0,0,90
2494341_3201,2494341,3201,3060,265,2014-09-27,Stathis Tavlaridis,GR1,1,0,0,0,90
2460674_1791,2460674,1791,167,167,2014-09-28,Halil Altintop,L1,0,0,0,0,90
2460674_2334,2460674,2334,44,44,2014-09-28,Marcel Ndjeng,L1,0,0,0,0,90
2460677_1565,2460677,1565,24,24,2014-09-28,Alexander Meier,L1,0,0,0,0,90
2460677_1726,2460677,1726,41,610,2014-09-28,Heiko Westermann,L1,0,0,0,0,90
2460677_2767,2460677,2767,24,24,2014-09-28,Alexander Madlung,L1,0,0,0,0,1
2469958_597,2469958,597,2293,2696,2014-09-28,Aleksandr Hleb,TR1,0,0,0,0,90
2469962_1896,2469962,1896,19771,19771,2014-09-28,Ahmet Cebe,TR1,0,0,0,0,90
2475230_215,2475230,215,1084,1084,2014-09-28,Roque Santa Cruz,ES1,0,0,0,0,90
2494346_2874,2494346,2874,265,265,2014-09-28,Mladen Petric,GR1,0,0,0,0,23
2500262_1331,2500262,1331,121,533,2014-09-28,Kevin Kuranyi,RU1,0,0,0,0,72
2500264_2138,2500264,2138,3729,40426,2014-09-28,Mladen Kascelan,RU1,0,0,0,0,45
2469959_2587,2469959,2587,524,524,2014-09-29,Elyasa Süme,TR1,1,0,0,0,90
2495294_2219,2495294,2219,27,27,2014-09-30,Philipp Lahm,CL,1,0,0,0,90
2495294_532,2495294,532,27,86,2014-09-30,Claudio Pizarro,CL,0,0,0,0,1
2495295_2963,2495295,2963,281,714,2014-09-30,Martín Demichelis,CL,0,0,0,0,90
2495295_3163,2495295,3163,281,281,2014-09-30,Frank Lampard,CL,0,0,0,0,33
2495295_3182,2495295,3182,12,12,2014-09-30,Ashley Cole,CL,0,0,0,0,90
2495295_3333,2495295,3333,281,1237,2014-09-30,James Milner,CL,0,0,0,0,45
2495298_3160,2495298,3160,631,631,2014-09-30,John Terry,CL,0,0,0,0,90
2495302_65,2495302,65,162,1091,2014-10-01,Dimitar Berbatov,CL,0,0,0,0,52
2495303_2865,2495303,2865,506,167,2014-10-01,Stephan Lichtsteiner,CL,1,0,0,0,89
2495306_3109,2495306,3109,31,31,2014-10-01,Steven Gerrard,CL,1,0,0,0,90
2495307_3256,2495307,3256,15,15,2014-10-01,Roberto Hilbert,CL,1,0,0,0,90
2495308_26,2495308,26,16,16,2014-10-01,Roman Weidenfeller,CL,0,0,0,0,90
2495308_410,2495308,410,16,16,2014-10-01,Sebastian Kehl,CL,0,0,0,0,90
2495309_132,2495309,132,11,11,2014-10-01,Tomas Rosicky,CL,0,0,0,0,22
2495309_1792,2495309,1792,141,105,2014-10-01,Hamit Altintop,CL,0,0,0,0,45
2492350_568,2492350,568,18,18,2014-10-02,Martin Stranzl,EL,0,0,0,0,90
2492410_1331,2492410,1331,121,533,2014-10-02,Kevin Kuranyi,EL,0,0,0,0,22
2492411_2874,2492411,2874,265,265,2014-10-02,Mladen Petric,EL,0,0,0,0,90
2492423_1423,2492423,1423,855,855,2014-10-02,Lars Jacobsen,EL,0,0,0,0,90
2492435_3321,2492435,3321,234,3725,2014-10-02,Luke Wilkshire,EL,0,0,0,0,90
2492446_3291,2492446,3291,29,984,2014-10-02,Gareth Barry,EL,0,0,0,0,90
2492447_1667,2492447,1667,82,162,2014-10-02,Diego Benaglio,EL,0,0,0,0,90
2459650_3170,2459650,3170,1304,1304,2014-10-04,Simon Cziommer,NL1,0,0,0,0,67
2460680_1586,2460680,1586,42,42,2014-10-04,Christian Schulz,L1,0,0,0,0,90
2460680_2219,2460680,2219,27,27,2014-10-04,Philipp Lahm,L1,0,0,0,1,75
2460680_2805,2460680,2805,42,42,2014-10-04,Christian Pander,L1,0,0,0,0,45
2460680_3114,2460680,3114,42,42,2014-10-04,Jan Schlaudraff,L1,0,0,0,0,18
2460680_532,2460680,532,27,86,2014-10-04,Claudio Pizarro,L1,0,0,0,0,30
2460681_1726,2460681,1726,41,610,2014-10-04,Heiko Westermann,L1,0,0,0,0,90
2460681_26,2460681,26,16,16,2014-10-04,Roman Weidenfeller,L1,0,0,0,0,90
2460681_410,2460681,410,16,16,2014-10-04,Sebastian Kehl,L1,0,0,0,0,90
2460682_2201,2460682,2201,127,127,2014-10-04,Lukas Kruse,L1,0,0,0,0,90
2460682_3256,2460682,3256,15,15,2014-10-04,Roberto Hilbert,L1,0,0,0,0,90
2460688_1126,2460688,1126,3,3,2014-10-04,Matthias Lehmann,L1,0,0,0,0,90
2460688_1565,2460688,1565,24,24,2014-10-04,Alexander Meier,L1,0,0,2,0,90
2460688_2767,2460688,2767,24,24,2014-10-04,Alexander Madlung,L1,0,0,0,0,1
2469969_2587,2469969,2587,524,524,2014-10-04,Elyasa Süme,TR1,0,0,0,0,90
2469971_597,2469971,597,2293,2696,2014-10-04,Aleksandr Hleb,TR1,0,0,0,0,90
2469972_1792,2469972,1792,141,105,2014-10-04,Hamit Altintop,TR1,0,0,0,0,31
2475249_215,2475249,215,1084,1084,2014-10-04,Roque Santa Cruz,ES1,0,0,1,0,83
2486530_3296,2486530,3296,1003,1003,2014-10-04,Paul Konchesky,GB1,0,0,0,0,90
2486531_3109,2486531,3109,31,31,2014-10-04,Steven Gerrard,GB1,1,0,0,0,90
2486532_3306,2486532,3306,512,1132,2014-10-04,Jonathan Walters,GB1,0,0,0,0,12
2486535_3163,2486535,3163,281,281,2014-10-04,Frank Lampard,GB1,0,0,0,0,34
2486535_3333,2486535,3333,281,1237,2014-10-04,James Milner,GB1,0,0,0,1,90
2459656_3321,2459656,3321,234,3725,2014-10-05,Luke Wilkshire,NL1,0,0,0,0,90
2460683_1667,2460683,1667,82,162,2014-10-05,Diego Benaglio,L1,0,0,0,0,90
2460683_1791,2460683,1791,167,167,2014-10-05,Halil Altintop,L1,1,0,0,0,90
2460684_568,2460684,568,18,18,2014-10-05,Martin Stranzl,L1,0,0,0,0,90
2478641_2865,2478641,2865,506,167,2014-10-05,Stephan Lichtsteiner,IT1,1,0,0,0,90
2478642_10,2478642,10,398,398,2014-10-05,Miroslav Klose,IT1,0,0,0,0,5
2482188_1423,2482188,1423,855,855,2014-10-05,Lars Jacobsen,FR1,0,0,0,0,90
2486536_3291,2486536,3291,29,984,2014-10-05,Gareth Barry,GB1,0,0,0,0,90
2486537_132,2486537,132,11,11,2014-10-05,Tomas Rosicky,GB1,0,0,0,0,7
2486537_3160,2486537,3160,631,631,2014-10-05,John Terry,GB1,0,0,0,0,90
2486538_3235,2486538,3235,1039,1039,2014-10-05,Rio Ferdinand,GB1,0,0,0,0,90
2459660_3170,2459660,3170,1304,1304,2014-10-18,Simon Cziommer,NL1,0,0,0,0,29
2459660_3321,2459660,3321,234,3725,2014-10-18,Luke Wilkshire,NL1,0,0,0,1,90
2460689_1277,2460689,1277,86,86,2014-10-18,Clemens Fritz,L1,0,0,0,0,90
2460689_2219,2460689,2219,27,27,2014-10-18,Philipp Lahm,L1,0,0,2,0,90
2460691_1791,2460691,1791,167,167,2014-10-18,Halil Altintop,L1,0,0,0,0,90
2460692_1586,2460692,1586,42,42,2014-10-18,Christian Schulz,L1,1,0,0,0,90
2460692_2805,2460692,2805,42,42,2014-10-18,Christian Pander,L1,0,0,0,0,90
2460692_3114,2460692,3114,42,42,2014-10-18,Jan Schlaudraff,L1,0,0,0,0,6
2460692_568,2460692,568,18,18,2014-10-18,Martin Stranzl,L1,1,0,0,0,90
2460693_1667,2460693,1667,82,162,2014-10-18,Diego Benaglio,L1,0,0,0,0,90
2460694_3256,2460694,3256,15,15,2014-10-18,Roberto Hilbert,L1,1,0,0,0,90
2460696_1126,2460696,1126,3,3,2014-10-18,Matthias Lehmann,L1,1,0,0,0,90
2460696_26,2460696,26,16,16,2014-10-18,Roman Weidenfeller,L1,0,0,0,0,90
2460696_410,2460696,410,16,16,2014-10-18,Sebastian Kehl,L1,0,0,0,0,90
2469976_2587,2469976,2587,524,524,2014-10-18,Elyasa Süme,TR1,0,0,0,0,90
2469979_1792,2469979,1792,141,105,2014-10-18,Hamit Altintop,TR1,0,0,0,0,4
2469980_597,2469980,597,2293,2696,2014-10-18,Aleksandr Hleb,TR1,0,0,0,0,78
2478655_3182,2478655,3182,12,12,2014-10-18,Ashley Cole,IT1,0,0,0,0,90
2478656_2865,2478656,2865,506,167,2014-10-18,Stephan Lichtsteiner,IT1,0,0,0,0,90
2486539_2963,2486539,2963,281,714,2014-10-18,Martín Demichelis,GB1,0,0,0,0,90
2486539_3163,2486539,3163,281,281,2014-10-18,Frank Lampard,GB1,0,0,0,2,28
2486539_3333,2486539,3333,281,1237,2014-10-18,James Milner,GB1,0,0,0,0,90
2486540_2857,2486540,2857,3008,29,2014-10-18,Eldin Jakupovic,GB1,0,0,0,0,47
2486541_3179,2486541,3179,379,371,2014-10-18,Carlton Cole,GB1,0,0,1,0,31
2486542_3160,2486542,3160,631,631,2014-10-18,John Terry,GB1,0,0,0,0,90
2486543_3291,2486543,3291,29,984,2014-10-18,Gareth Barry,GB1,1,0,0,0,90
2486544_3296,2486544,3296,1003,1003,2014-10-18,Paul Konchesky,GB1,0,0,0,0,90
2486545_3405,2486545,3405,289,289,2014-10-18,Wes Brown,GB1,0,0,0,0,45
2460695_1726,2460695,1726,41,610,2014-10-19,Heiko Westermann,L1,0,0,0,0,90
2460697_1565,2460697,1565,24,24,2014-10-19,Alexander Meier,L1,0,0,1,0,90
2460697_2201,2460697,2201,127,127,2014-10-19,Lukas Kruse,L1,0,0,0,0,90
2469981_1896,2469981,1896,19771,19771,2014-10-19,Ahmet Cebe,TR1,1,0,0,0,80
2478650_10,2478650,10,398,398,2014-10-19,Miroslav Klose,IT1,0,0,0,0,1
2486546_3109,2486546,3109,31,31,2014-10-19,Steven Gerrard,GB1,0,0,0,1,90
2486546_3202,2486546,3202,31,371,2014-10-19,Kolo Touré,GB1,0,0,0,0,1
2486547_3306,2486547,3306,512,1132,2014-10-19,Jonathan Walters,GB1,0,0,1,0,28
2494361_2874,2494361,2874,265,265,2014-10-19,Mladen Petric,GR1,0,0,0,0,34
2494366_3201,2494366,3201,3060,265,2014-10-19,Stathis Tavlaridis,GR1,1,0,0,0,90
2495680_1443,2495680,1443,190,190,2014-10-19,Christian Poulsen,DK1,0,0,0,0,2
2500984_2138,2500984,2138,3729,40426,2014-10-19,Mladen Kascelan,RU1,0,0,0,0,90
2495310_3333,2495310,3333,281,1237,2014-10-21,James Milner,CL,0,0,1,0,90
2495311_2219,2495311,2219,27,27,2014-10-21,Philipp Lahm,CL,0,0,0,1,90
2495311_3182,2495311,3182,12,12,2014-10-21,Ashley Cole,CL,0,0,0,0,45
2495315_3160,2495315,3160,631,631,2014-10-21,John Terry,CL,0,0,1,1,90
2495318_2865,2495318,2865,506,167,2014-10-22,Stephan Lichtsteiner,CL,1,0,0,0,90
2495320_3109,2495320,3109,31,31,2014-10-22,Steven Gerrard,CL,0,0,0,0,90
2495322_65,2495322,65,162,1091,2014-10-22,Dimitar Berbatov,CL,0,0,0,0,34
2495325_1792,2495325,1792,141,105,2014-10-22,Hamit Altintop,CL,0,0,0,0,61
2495325_26,2495325,26,16,16,2014-10-22,Roman Weidenfeller,CL,0,0,0,0,90
2495325_410,2495325,410,16,16,2014-10-22,Sebastian Kehl,CL,0,0,0,0,90
2492353_568,2492353,568,18,18,2014-10-23,Martin Stranzl,EL,1,0,0,0,90
2492412_2874,2492412,2874,265,265,2014-10-23,Mladen Petric,EL,0,0,0,1,15
2492413_1331,2492413,1331,121,533,2014-10-23,Kevin Kuranyi,EL,0,0,0,0,15
2492425_1423,2492425,1423,855,855,2014-10-23,Lars Jacobsen,EL,0,0,0,0,90
2492437_3321,2492437,3321,234,3725,2014-10-23,Luke Wilkshire,EL,1,0,0,0,45
2492448_1667,2492448,1667,82,162,2014-10-23,Diego Benaglio,EL,0,0,0,0,90
2492449_3291,2492449,3291,29,984,2014-10-23,Gareth Barry,EL,0,0,0,0,90
2492449_3356,2492449,3356,29,989,2014-10-23,Sylvain Distin,EL,0,0,0,0,90
2460705_1126,2460705,1126,3,3,2014-10-24,Matthias Lehmann,L1,0,0,0,0,90
2460705_1277,2460705,1277,86,86,2014-10-24,Clemens Fritz,L1,0,0,0,0,90
2469991_1896,2469991,1896,19771,19771,2014-10-24,Ahmet Cebe,TR1,0,1,0,0,54
2469992_597,2469992,597,2293,2696,2014-10-24,Aleksandr Hleb,TR1,1,0,0,0,27
2469992_933,2469992,933,2293,2293,2014-10-24,Ugur Inceman,TR1,0,0,0,0,63
2475266_2923,2475266,2923,3368,3368,2014-10-24,Andreas Ivanschitz,ES1,0,0,0,0,90
2506729_2138,2506729,2138,3729,40426,2014-10-24,Mladen Kascelan,RU1,0,0,0,0,90
2459669_3170,2459669,3170,1304,1304,2014-10-25,Simon Cziommer,NL1,0,0,0,0,63
2460698_1586,2460698,1586,42,42,2014-10-25,Christian Schulz,L1,0,0,0,0,90
2460698_26,2460698,26,16,16,2014-10-25,Roman Weidenfeller,L1,0,0,0,0,90
2460698_3114,2460698,3114,42,42,2014-10-25,Jan Schlaudraff,L1,0,0,0,0,1
2460699_3256,2460699,3256,15,15,2014-10-25,Roberto Hilbert,L1,0,0,0,0,1
2460702_1662,2460702,1662,60,33,2014-10-25,Sascha Riether,L1,0,0,0,0,12
2460702_1791,2460702,1791,167,167,2014-10-25,Halil Altintop,L1,0,0,1,0,87
2460702_1986,2460702,1986,167,167,2014-10-25,Markus Feulner,L1,0,0,0,0,31
2460703_2201,2460703,2201,127,127,2014-10-25,Lukas Kruse,L1,0,0,0,0,90
2460704_1726,2460704,1726,41,610,2014-10-25,Heiko Westermann,L1,0,0,0,0,90
2460704_2334,2460704,2334,44,44,2014-10-25,Marcel Ndjeng,L1,0,0,0,0,45
2460706_1565,2460706,1565,24,24,2014-10-25,Alexander Meier,L1,0,0,1,0,90
2460706_2767,2460706,2767,24,24,2014-10-25,Alexander Madlung,L1,0,0,2,0,90
2486550_2857,2486550,2857,3008,29,2014-10-25,Eldin Jakupovic,GB1,0,0,0,0,90
2486550_3109,2486550,3109,31,31,2014-10-25,Steven Gerrard,GB1,0,0,0,0,90
2486551_3306,2486551,3306,512,1132,2014-10-25,Jonathan Walters,GB1,0,0,0,0,69
2486552_132,2486552,132,11,11,2014-10-25,Tomas Rosicky,GB1,0,0,0,0,1
2486552_3405,2486552,3405,289,289,2014-10-25,Wes Brown,GB1,0,0,0,0,90
2486554_3179,2486554,3179,379,371,2014-10-25,Carlton Cole,GB1,0,0,0,0,14
2486554_3333,2486554,3333,281,1237,2014-10-25,James Milner,GB1,0,0,0,0,12
2486555_3296,2486555,3296,1003,1003,2014-10-25,Paul Konchesky,GB1,0,0,0,0,90
2459671_3321,2459671,3321,234,3725,2014-10-26,Luke Wilkshire,NL1,0,0,0,0,90
2460700_1667,2460700,1667,82,162,2014-10-26,Diego Benaglio,L1,0,0,0,0,90
2460701_2219,2460701,2219,27,27,2014-10-26,Philipp Lahm,L1,0,0,0,0,90
2460701_532,2460701,532,27,86,2014-10-26,Claudio Pizarro,L1,0,0,0,0,15
2460701_568,2460701,568,18,18,2014-10-26,Martin Stranzl,L1,0,0,0,0,90
2469987_2587,2469987,2587,524,524,2014-10-26,Elyasa Süme,TR1,0,0,0,0,90
2475269_215,2475269,215,1084,1084,2014-10-26,Roque Santa Cruz,ES1,0,0,0,0,13
2478661_2865,2478661,2865,506,167,2014-10-26,Stephan Lichtsteiner,IT1,0,0,0,0,37
2478662_10,2478662,10,398,398,2014-10-26,Miroslav Klose,IT1,1,0,1,0,45
2486556_3291,2486556,3291,29,984,2014-10-26,Gareth Barry,GB1,0,0,0,0,90
2486557_3160,2486557,3160,631,631,2014-10-26,John Terry,GB1,0,0,0,0,90
2494373_2874,2494373,2874,265,265,2014-10-26,Mladen Petric,GR1,1,0,0,0,27
2495685_1443,2495685,1443,190,190,2014-10-26,Christian Poulsen,DK1,0,0,0,0,31
2506736_1331,2506736,1331,121,533,2014-10-27,Kevin Kuranyi,RU1,0,0,0,0,56
2488526_1277,2488526,1277,86,86,2014-10-28,Clemens Fritz,DFB,1,0,0,1,90
2488527_2334,2488527,2334,44,44,2014-10-28,Marcel Ndjeng,DFB,0,0,0,0,120
2488530_1126,2488530,1126,3,3,2014-10-28,Matthias Lehmann,DFB,1,0,0,0,120
2488535_1586,2488535,1586,42,42,2014-10-28,Christian Schulz,DFB,1,0,0,0,90
2488535_3114,2488535,3114,42,42,2014-10-28,Jan Schlaudraff,DFB,0,0,0,0,57
2488539_410,2488539,410,16,16,2014-10-28,Sebastian Kehl,DFB,1,0,0,0,90
2500754_3170,2500754,3170,1304,1304,2014-10-28,Simon Cziommer,NLP,0,0,0,1,76
2478671_2865,2478671,2865,506,167,2014-10-29,Stephan Lichtsteiner,IT1,1,0,0,0,90
2478675_3182,2478675,3182,12,12,2014-10-29,Ashley Cole,IT1,0,0,0,0,90
2488525_3256,2488525,3256,15,15,2014-10-29,Roberto Hilbert,DFB,0,0,0,0,120
2488532_1662,2488532,1662,60,33,2014-10-29,Sascha Riether,DFB,0,0,0,1,90
2488533_1726,2488533,1726,41,610,2014-10-29,Heiko Westermann,DFB,0,0,0,0,90
2488533_2219,2488533,2219,27,27,2014-10-29,Philipp Lahm,DFB,0,0,0,0,65
2488533_532,2488533,532,27,86,2014-10-29,Claudio Pizarro,DFB,0,0,0,0,15
2488537_1667,2488537,1667,82,162,2014-10-29,Diego Benaglio,DFB,0,0,0,0,90
2488540_2767,2488540,2767,24,24,2014-10-29,Alexander Madlung,DFB,0,0,0,0,90
2488540_568,2488540,568,18,18,2014-10-29,Martin Stranzl,DFB,0,0,0,0,90
2507221_2138,2507221,2138,3729,40426,2014-10-29,Mladen Kascelan,RUP,0,0,0,0,120
2507241_3201,2507241,3201,3060,265,2014-10-29,Stathis Tavlaridis,GRP,0,0,0,0,90
2478672_10,2478672,10,398,398,2014-10-30,Miroslav Klose,IT1,0,0,0,0,4
2501154_1443,2501154,1443,190,190,2014-10-30,Christian Poulsen,DKP,0,0,0,0,90
2507247_2874,2507247,2874,265,265,2014-10-30,Mladen Petric,GRP,0,0,0,1,76
2460708_1791,2460708,1791,167,167,2014-10-31,Halil Altintop,L1,0,0,0,0,90
2469997_1792,2469997,1792,141,105,2014-10-31,Hamit Altintop,TR1,0,0,0,0,72
2459678_3321,2459678,3321,234,3725,2014-11-01,Luke Wilkshire,NL1,0,0,0,0,90
2460707_2219,2460707,2219,27,27,2014-11-01,Philipp Lahm,L1,0,0,0,0,90
2460707_26,2460707,26,16,16,2014-11-01,Roman Weidenfeller,L1,0,0,0,0,90
2460707_410,2460707,410,16,16,2014-11-01,Sebastian Kehl,L1,0,0,0,0,90
2460707_532,2460707,532,27,86,2014-11-01,Claudio Pizarro,L1,0,0,0,0,9
2460710_1277,2460710,1277,86,86,2014-11-01,Clemens Fritz,L1,0,0,0,0,90
2460711_1565,2460711,1565,24,24,2014-11-01,Alexander Meier,L1,0,0,0,0,90
2460711_1586,2460711,1586,42,42,2014-11-01,Christian Schulz,L1,1,0,0,0,90
2460711_2767,2460711,2767,24,24,2014-11-01,Alexander Madlung,L1,1,0,0,0,90
2460712_1667,2460712,1667,82,162,2014-11-01,Diego Benaglio,L1,0,0,0,0,90
2460713_1726,2460713,1726,41,610,2014-11-01,Heiko Westermann,L1,0,0,0,0,90
2469998_1896,2469998,1896,19771,19771,2014-11-01,Ahmet Cebe,TR1,0,0,0,0,90
2478680_2865,2478680,2865,506,167,2014-11-01,Stephan Lichtsteiner,IT1,0,0,0,0,45
2486559_3109,2486559,3109,31,31,2014-11-01,Steven Gerrard,GB1,0,0,0,0,90
2486561_3160,2486561,3160,631,631,2014-11-01,John Terry,GB1,0,0,0,0,90
2486562_3291,2486562,3291,29,984,2014-11-01,Gareth Barry,GB1,1,0,0,0,90
2486563_2857,2486563,2857,3008,29,2014-11-01,Eldin Jakupovic,GB1,0,0,0,0,90
2486564_3296,2486564,3296,1003,1003,2014-11-01,Paul Konchesky,GB1,0,0,0,0,90
2486565_3179,2486565,3179,379,371,2014-11-01,Carlton Cole,GB1,0,0,0,0,45
2486565_3306,2486565,3306,512,1132,2014-11-01,Jonathan Walters,GB1,0,0,0,1,90
2459676_3170,2459676,3170,1304,1304,2014-11-02,Simon Cziommer,NL1,0,0,0,0,85
2460709_568,2460709,568,18,18,2014-11-02,Martin Stranzl,L1,0,0,0,0,79
2460714_1126,2460714,1126,3,3,2014-11-02,Matthias Lehmann,L1,0,0,0,0,71
2460714_1662,2460714,1662,60,33,2014-11-02,Sascha Riether,L1,0,0,0,0,90
2460715_2201,2460715,2201,127,127,2014-11-02,Lukas Kruse,L1,0,0,0,0,90
2460715_2334,2460715,2334,44,44,2014-11-02,Marcel Ndjeng,L1,0,0,0,1,90
2460715_2453,2460715,2453,127,127,2014-11-02,Mahir Saglik,L1,0,0,0,0,2
2469999_2587,2469999,2587,524,524,2014-11-02,Elyasa Süme,TR1,0,0,0,0,90
2475276_2923,2475276,2923,3368,3368,2014-11-02,Andreas Ivanschitz,ES1,0,0,0,0,66
2486566_2963,2486566,2963,281,714,2014-11-02,Martín Demichelis,GB1,1,0,0,0,90
2486566_3332,2486566,3332,985,985,2014-11-02,Wayne Rooney,GB1,0,0,0,0,90
2486566_3333,2486566,3333,281,1237,2014-11-02,James Milner,GB1,0,0,0,0,70
2494382_2874,2494382,2874,265,265,2014-11-02,Mladen Petric,GR1,0,0,0,0,64
2494382_3201,2494382,3201,3060,265,2014-11-02,Stathis Tavlaridis,GR1,1,0,0,0,90
2495691_1443,2495691,1443,190,190,2014-11-02,Christian Poulsen,DK1,0,0,0,0,22
2508361_1331,2508361,1331,121,533,2014-11-02,Kevin Kuranyi,RU1,0,0,0,0,8
2469995_597,2469995,597,2293,2696,2014-11-03,Aleksandr Hleb,TR1,0,0,0,0,90
2469995_933,2469995,933,2293,2293,2014-11-03,Ugur Inceman,TR1,0,0,0,0,90
2478681_10,2478681,10,398,398,2014-11-03,Miroslav Klose,IT1,0,0,2,1,62
2486568_3405,2486568,3405,289,289,2014-11-03,Wes Brown,GB1,0,0,0,0,53
2508364_2138,2508364,2138,3729,40426,2014-11-03,Mladen Kascelan,RU1,0,0,0,0,90
2495328_2865,2495328,2865,506,167,2014-11-04,Stephan Lichtsteiner,CL,0,0,0,0,90
2495329_3109,2495329,3109,31,31,2014-11-04,Steven Gerrard,CL,0,0,0,0,21
2495329_3202,2495329,3202,31,371,2014-11-04,Kolo Touré,CL,0,0,0,0,90
2495332_1792,2495332,1792,141,105,2014-11-04,Hamit Altintop,CL,0,0,0,0,82
2495332_26,2495332,26,16,16,2014-11-04,Roman Weidenfeller,CL,0,0,0,0,90
2495332_410,2495332,410,16,16,2014-11-04,Sebastian Kehl,CL,0,0,0,1,90
2495333_132,2495333,132,11,11,2014-11-04,Tomas Rosicky,CL,0,0,0,0,7
2495334_2963,2495334,2963,281,714,2014-11-05,Martín Demichelis,CL,0,0,0,0,90
2495334_3333,2495334,3333,281,1237,2014-11-05,James Milner,CL,0,0,0,0,90
2495335_2219,2495335,2219,27,27,2014-11-05,Philipp Lahm,CL,0,0,0,0,88
2495335_3182,2495335,3182,12,12,2014-11-05,Ashley Cole,CL,0,0,0,0,45
2495338_3160,2495338,3160,631,631,2014-11-05,John Terry,CL,0,0,0,1,90
2492355_568,2492355,568,18,18,2014-11-06,Martin Stranzl,EL,0,0,0,0,90
2492414_1331,2492414,1331,121,533,2014-11-06,Kevin Kuranyi,EL,0,0,1,0,16
2492415_2874,2492415,2874,265,265,2014-11-06,Mladen Petric,EL,1,0,1,0,63
2492439_3321,2492439,3321,234,3725,2014-11-06,Luke Wilkshire,EL,0,0,0,0,73
2492450_3291,2492450,3291,29,984,2014-11-06,Gareth Barry,EL,1,0,0,0,67
2492450_3356,2492450,3356,29,989,2014-11-06,Sylvain Distin,EL,0,0,0,0,90
2492451_1667,2492451,1667,82,162,2014-11-06,Diego Benaglio,EL,0,0,0,0,90
2460721_1586,2460721,1586,42,42,2014-11-07,Christian Schulz,L1,0,0,0,0,90
2470004_1896,2470004,1896,19771,19771,2014-11-07,Ahmet Cebe,TR1,0,0,0,0,90
2470004_2587,2470004,2587,524,524,2014-11-07,Elyasa Süme,TR1,0,0,0,0,90
2460719_1791,2460719,1791,167,167,2014-11-08,Halil Altintop,L1,0,0,0,1,85
2460719_1986,2460719,1986,167,167,2014-11-08,Markus Feulner,L1,1,0,0,0,90
2460719_2201,2460719,2201,127,127,2014-11-08,Lukas Kruse,L1,0,0,0,0,90
2460719_2453,2460719,2453,127,127,2014-11-08,Mahir Saglik,L1,0,0,0,0,32
2460720_1126,2460720,1126,3,3,2014-11-08,Matthias Lehmann,L1,0,0,1,0,82
2460722_1277,2460722,1277,86,86,2014-11-08,Clemens Fritz,L1,0,0,0,0,90
2460723_1565,2460723,1565,24,24,2014-11-08,Alexander Meier,L1,0,0,0,0,90
2460723_2219,2460723,2219,27,27,2014-11-08,Philipp Lahm,L1,0,0,0,0,71
2460724_1662,2460724,1662,60,33,2014-11-08,Sascha Riether,L1,0,0,0,0,90
2470010_1792,2470010,1792,141,105,2014-11-08,Hamit Altintop,TR1,1,0,0,0,88
2486569_3109,2486569,3109,31,31,2014-11-08,Steven Gerrard,GB1,0,0,0,0,90
2486569_3160,2486569,3160,631,631,2014-11-08,John Terry,GB1,0,0,0,0,90
2486571_3332,2486571,3332,985,985,2014-11-08,Wayne Rooney,GB1,0,0,0,0,90
2486572_2963,2486572,2963,281,714,2014-11-08,Martín Demichelis,GB1,0,0,0,0,90
2486572_3163,2486572,3163,281,281,2014-11-08,Frank Lampard,GB1,0,0,0,0,22
2486572_3292,2486572,3292,1039,1132,2014-11-08,Joey Barton,GB1,0,0,0,0,45
2486572_3333,2486572,3333,281,1237,2014-11-08,James Milner,GB1,0,0,0,0,16
2486575_3179,2486575,3179,379,371,2014-11-08,Carlton Cole,GB1,0,0,0,0,15
2459693_3170,2459693,3170,1304,1304,2014-11-09,Simon Cziommer,NL1,0,0,0,0,73
2460716_26,2460716,26,16,16,2014-11-09,Roman Weidenfeller,L1,0,0,0,0,90
2460716_410,2460716,410,16,16,2014-11-09,Sebastian Kehl,L1,0,0,0,0,90
2460716_568,2460716,568,18,18,2014-11-09,Martin Stranzl,L1,0,0,0,0,90
2460718_1667,2460718,1667,82,162,2014-11-09,Diego Benaglio,L1,0,0,0,0,90
2460718_1726,2460718,1726,41,610,2014-11-09,Heiko Westermann,L1,0,0,0,0,90
2470009_597,2470009,597,2293,2696,2014-11-09,Aleksandr Hleb,TR1,0,0,0,0,90
2470009_933,2470009,933,2293,2293,2014-11-09,Ugur Inceman,TR1,0,0,0,0,14
2475285_2923,2475285,2923,3368,3368,2014-11-09,Andreas Ivanschitz,ES1,1,0,0,0,90
2478690_10,2478690,10,398,398,2014-11-09,Miroslav Klose,IT1,0,0,0,0,32
2478693_2865,2478693,2865,506,167,2014-11-09,Stephan Lichtsteiner,IT1,0,0,1,2,90
2478695_3182,2478695,3182,12,12,2014-11-09,Ashley Cole,IT1,0,0,0,0,90
2486574_3306,2486574,3306,512,1132,2014-11-09,Jonathan Walters,GB1,0,0,1,0,90
2486576_3291,2486576,3291,29,984,2014-11-09,Gareth Barry,GB1,0,0,0,0,13
2486576_3356,2486576,3356,29,989,2014-11-09,Sylvain Distin,GB1,0,0,0,0,90
2486576_3405,2486576,3405,289,289,2014-11-09,Wes Brown,GB1,0,0,0,0,90
2494392_2874,2494392,2874,265,265,2014-11-09,Mladen Petric,GR1,0,0,0,0,30
2495699_1443,2495699,1443,190,190,2014-11-09,Christian Poulsen,DK1,0,1,0,0,32
2509349_1331,2509349,1331,121,533,2014-11-09,Kevin Kuranyi,RU1,0,0,0,0,15
2509352_2138,2509352,2138,3729,40426,2014-11-09,Mladen Kascelan,RU1,0,0,0,0,90
2494388_3201,2494388,3201,3060,265,2014-11-10,Stathis Tavlaridis,GR1,0,0,0,0,38
2460725_2514,2460725,2514,27,985,2014-11-22,Bastian Schweinsteiger,L1,0,0,0,1,12
2460726_1667,2460726,1667,82,162,2014-11-22,Diego Benaglio,L1,0,0,0,0,90
2460727_1565,2460727,1565,24,24,2014-11-22,Alexander Meier,L1,0,0,1,1,90
2460727_2767,2460727,2767,24,24,2014-11-22,Alexander Madlung,L1,0,0,0,0,1
2460728_1139,2460728,1139,39,39,2014-11-22,Nikolce Noveski,L1,0,0,0,0,4
2460729_1586,2460729,1586,42,42,2014-11-22,Christian Schulz,L1,0,0,0,0,90
2460729_3256,2460729,3256,15,15,2014-11-22,Roberto Hilbert,L1,0,0,0,1,90
2460729_691,2460729,691,15,15,2014-11-22,Simon Rolfes,L1,1,0,0,0,45
2460732_1126,2460732,1126,3,3,2014-11-22,Matthias Lehmann,L1,0,0,0,0,90
2460732_2334,2460732,2334,44,44,2014-11-22,Marcel Ndjeng,L1,0,0,1,0,90
2460733_2201,2460733,2201,127,127,2014-11-22,Lukas Kruse,L1,0,0,0,0,90
2460733_2453,2460733,2453,127,127,2014-11-22,Mahir Saglik,L1,1,0,1,0,10
2460733_26,2460733,26,16,16,2014-11-22,Roman Weidenfeller,L1,0,0,0,0,90
2460733_410,2460733,410,16,16,2014-11-22,Sebastian Kehl,L1,0,0,0,0,90
2470017_1896,2470017,1896,19771,19771,2014-11-22,Ahmet Cebe,TR1,0,0,0,0,90
2475290_215,2475290,215,1084,1084,2014-11-22,Roque Santa Cruz,ES1,0,0,1,0,90
2478698_3182,2478698,3182,12,12,2014-11-22,Ashley Cole,IT1,0,0,0,0,90
2478702_10,2478702,10,398,398,2014-11-22,Miroslav Klose,IT1,0,0,0,0,57
2478702_2865,2478702,2865,506,167,2014-11-22,Stephan Lichtsteiner,IT1,1,0,0,0,90
2482236_1423,2482236,1423,855,855,2014-11-22,Lars Jacobsen,FR1,0,0,0,0,90
2482241_65,2482241,65,162,1091,2014-11-22,Dimitar Berbatov,FR1,0,0,0,0,90
2486579_3160,2486579,3160,631,631,2014-11-22,John Terry,GB1,0,0,0,0,90
2486580_3179,2486580,3179,379,371,2014-11-22,Carlton Cole,GB1,0,0,0,0,51
2486580_3356,2486580,3356,29,989,2014-11-22,Sylvain Distin,GB1,0,0,0,0,90
2486581_3296,2486581,3296,1003,1003,2014-11-22,Paul Konchesky,GB1,0,0,0,0,90
2486581_3405,2486581,3405,289,289,2014-11-22,Wes Brown,GB1,0,0,0,0,90
2486582_2963,2486582,2963,281,714,2014-11-22,Martín Demichelis,GB1,1,0,0,0,90
2486582_3163,2486582,3163,281,281,2014-11-22,Frank Lampard,GB1,0,0,0,0,20
2486582_3333,2486582,3333,281,1237,2014-11-22,James Milner,GB1,0,0,0,0,11
2486583_3292,2486583,3292,1039,1132,2014-11-22,Joey Barton,GB1,0,0,0,0,90
2486584_3306,2486584,3306,512,1132,2014-11-22,Jonathan Walters,GB1,0,0,1,0,90
2486585_3332,2486585,3332,985,985,2014-11-22,Wayne Rooney,GB1,0,0,1,0,90
2459701_3170,2459701,3170,1304,1304,2014-11-23,Simon Cziommer,NL1,0,0,0,0,66
2460730_1791,2460730,1791,167,167,2014-11-23,Halil Altintop,L1,0,0,0,0,90
2460730_1986,2460730,1986,167,167,2014-11-23,Markus Feulner,L1,1,0,0,0,83
2460731_1277,2460731,1277,86,86,2014-11-23,Clemens Fritz,L1,2,0,0,0,89
2460731_1726,2460731,1726,41,610,2014-11-23,Heiko Westermann,L1,1,0,0,0,90
2470016_2587,2470016,2587,524,524,2014-11-23,Elyasa Süme,TR1,1,0,0,0,90
2470016_597,2470016,597,2293,2696,2014-11-23,Aleksandr Hleb,TR1,0,0,0,2,90
2470016_933,2470016,933,2293,2293,2014-11-23,Ugur Inceman,TR1,1,0,0,0,90
2475295_2923,2475295,2923,3368,3368,2014-11-23,Andreas Ivanschitz,ES1,0,0,0,1,78
2486586_3109,2486586,3109,31,31,2014-11-23,Steven Gerrard,GB1,0,0,0,0,90
2512795_1331,2512795,1331,121,533,2014-11-23,Kevin Kuranyi,RU1,0,0,2,0,90
2512796_2138,2512796,2138,3729,40426,2014-11-23,Mladen Kascelan,RU1,0,0,0,0,90
2495344_2514,2495344,2514,27,985,2014-11-25,Bastian Schweinsteiger,CL,0,0,0,0,9
2495344_2963,2495344,2963,281,714,2014-11-25,Martín Demichelis,CL,0,0,0,0,1
2495344_3163,2495344,3163,281,281,2014-11-25,Frank Lampard,CL,0,0,0,0,90
2495344_3333,2495344,3333,281,1237,2014-11-25,James Milner,CL,0,0,0,0,66
2495347_3160,2495347,3160,631,631,2014-11-25,John Terry,CL,0,0,1,0,90
2495351_2865,2495351,2865,506,167,2014-11-26,Stephan Lichtsteiner,CL,0,0,0,0,90
2495354_3109,2495354,3109,31,31,2014-11-26,Steven Gerrard,CL,0,0,0,0,90
2495354_3202,2495354,3202,31,371,2014-11-26,Kolo Touré,CL,0,0,0,0,90
2495355_65,2495355,65,162,1091,2014-11-26,Dimitar Berbatov,CL,0,0,0,0,90
2495355_691,2495355,691,15,15,2014-11-26,Simon Rolfes,CL,0,0,0,0,14
2495356_26,2495356,26,16,16,2014-11-26,Roman Weidenfeller,CL,0,0,0,0,90
2495357_1792,2495357,1792,141,105,2014-11-26,Hamit Altintop,CL,1,0,0,0,90
2492416_1331,2492416,1331,121,533,2014-11-27,Kevin Kuranyi,EL,0,0,0,0,88
2492416_2874,2492416,2874,265,265,2014-11-27,Mladen Petric,EL,0,0,0,0,90
2492428_1423,2492428,1423,855,855,2014-11-27,Lars Jacobsen,EL,0,0,0,0,90
2492453_1667,2492453,1667,82,162,2014-11-27,Diego Benaglio,EL,0,0,0,0,90
2492453_3356,2492453,3356,29,989,2014-11-27,Sylvain Distin,EL,0,0,0,0,90
2470027_1896,2470027,1896,19771,19771,2014-11-28,Ahmet Cebe,TR1,0,0,0,0,90
2470027_597,2470027,597,2293,2696,2014-11-28,Aleksandr Hleb,TR1,0,0,0,0,90
2470027_933,2470027,933,2293,2293,2014-11-28,Ugur Inceman,TR1,0,0,0,0,90
2459704_3170,2459704,3170,1304,1304,2014-11-29,Simon Cziommer,NL1,0,0,0,0,45
2460735_1126,2460735,1126,3,3,2014-11-29,Matthias Lehmann,L1,1,0,1,0,90
2460735_3256,2460735,3256,15,15,2014-11-29,Roberto Hilbert,L1,0,0,0,0,90
2460735_691,2460735,691,15,15,2014-11-29,Simon Rolfes,L1,0,0,0,0,23
2460737_1726,2460737,1726,41,610,2014-11-29,Heiko Westermann,L1,0,0,0,0,35
2460737_1791,2460737,1791,167,167,2014-11-29,Halil Altintop,L1,0,0,1,0,85
2460737_1986,2460737,1986,167,167,2014-11-29,Markus Feulner,L1,0,0,0,0,90
2460738_1586,2460738,1586,42,42,2014-11-29,Christian Schulz,L1,1,0,0,0,90
2460739_2334,2460739,2334,44,44,2014-11-29,Marcel Ndjeng,L1,0,0,0,0,90
2460739_2514,2460739,2514,27,985,2014-11-29,Bastian Schweinsteiger,L1,0,0,0,0,10
2460740_2201,2460740,2201,127,127,2014-11-29,Lukas Kruse,L1,0,0,0,0,90
2470021_1792,2470021,1792,141,105,2014-11-29,Hamit Altintop,TR1,0,0,0,0,90
2475304_2923,2475304,2923,3368,3368,2014-11-29,Andreas Ivanschitz,ES1,1,0,0,0,73
2475309_215,2475309,215,1084,1084,2014-11-29,Roque Santa Cruz,ES1,0,0,1,0,90
2478710_10,2478710,10,398,398,2014-11-29,Miroslav Klose,IT1,0,0,0,0,7
2482252_65,2482252,65,162,1091,2014-11-29,Dimitar Berbatov,FR1,0,0,0,0,81
2486591_3109,2486591,3109,31,31,2014-11-29,Steven Gerrard,GB1,0,0,0,0,15
2486591_3202,2486591,3202,31,371,2014-11-29,Kolo Touré,GB1,0,0,0,0,90
2486591_3306,2486591,3306,512,1132,2014-11-29,Jonathan Walters,GB1,0,0,0,0,90
2486592_3332,2486592,3332,985,985,2014-11-29,Wayne Rooney,GB1,0,0,1,0,90
2486593_3292,2486593,3292,1039,1132,2014-11-29,Joey Barton,GB1,0,0,0,0,90
2486593_3296,2486593,3296,1003,1003,2014-11-29,Paul Konchesky,GB1,0,0,0,0,90
2486596_3160,2486596,3160,631,631,2014-11-29,John Terry,GB1,0,0,0,0,90
2486596_3405,2486596,3405,289,289,2014-11-29,Wes Brown,GB1,0,0,0,0,90
2514352_2138,2514352,2138,3729,40426,2014-11-29,Mladen Kascelan,RU1,1,0,0,0,90
2460736_1667,2460736,1667,82,162,2014-11-30,Diego Benaglio,L1,0,0,0,0,90
2460741_1565,2460741,1565,24,24,2014-11-30,Alexander Meier,L1,0,0,1,0,90
2460741_26,2460741,26,16,16,2014-11-30,Roman Weidenfeller,L1,0,0,0,0,90
2460741_410,2460741,410,16,16,2014-11-30,Sebastian Kehl,L1,0,0,0,0,74
2478712_2865,2478712,2865,506,167,2014-11-30,Stephan Lichtsteiner,IT1,2,0,0,0,78
2486597_2963,2486597,2963,281,714,2014-11-30,Martín Demichelis,GB1,0,0,0,0,14
2486597_3163,2486597,3163,281,281,2014-11-30,Frank Lampard,GB1,0,0,1,0,25
2486597_3333,2486597,3333,281,1237,2014-11-30,James Milner,GB1,0,0,0,1,35
2486598_3291,2486598,3291,29,984,2014-11-30,Gareth Barry,GB1,0,0,0,0,90
2486598_3356,2486598,3356,29,989,2014-11-30,Sylvain Distin,GB1,0,0,0,0,90
2494410_2874,2494410,2874,265,265,2014-11-30,Mladen Petric,GR1,0,0,0,0,27
2482261_65,2482261,65,162,1091,2014-12-02,Dimitar Berbatov,FR1,0,0,1,0,72
2486601_3109,2486601,3109,31,31,2014-12-02,Steven Gerrard,GB1,1,0,1,0,90
2486601_3202,2486601,3202,31,371,2014-12-02,Kolo Touré,GB1,0,0,0,0,90
2486601_3296,2486601,3296,1003,1003,2014-12-02,Paul Konchesky,GB1,0,0,0,0,80
2486603_3292,2486603,3292,1039,1132,2014-12-02,Joey Barton,GB1,1,0,0,0,80
2486605_3179,2486605,3179,379,371,2014-12-02,Carlton Cole,GB1,0,0,0,0,12
2482256_1423,2482256,1423,855,855,2014-12-03,Lars Jacobsen,FR1,0,0,0,0,90
2486606_3160,2486606,3160,631,631,2014-12-03,John Terry,GB1,0,0,0,0,90
2486607_3291,2486607,3291,29,984,2014-12-03,Gareth Barry,GB1,0,0,0,0,90
2486607_3356,2486607,3356,29,989,2014-12-03,Sylvain Distin,GB1,0,0,0,0,90
2486608_2963,2486608,2963,281,714,2014-12-03,Martín Demichelis,GB1,0,0,0,0,90
2486608_3163,2486608,3163,281,281,2014-12-03,Frank Lampard,GB1,0,0,0,0,16
2486608_3333,2486608,3333,281,1237,2014-12-03,James Milner,GB1,0,0,0,1,34
2494351_2874,2494351,2874,265,265,2014-12-04,Mladen Petric,GR1,0,0,1,0,90
2508406_1443,2508406,1443,190,190,2014-12-04,Christian Poulsen,DKP,0,0,0,0,90
2514863_1331,2514863,1331,121,533,2014-12-04,Kevin Kuranyi,RU1,0,0,0,0,90
2460744_410,2460744,410,16,16,2014-12-05,Sebastian Kehl,L1,1,0,0,0,90
2482274_65,2482274,65,162,1091,2014-12-05,Dimitar Berbatov,FR1,1,0,2,0,88
2460743_2514,2460743,2514,27,985,2014-12-06,Bastian Schweinsteiger,L1,0,0,0,0,3
2460743_691,2460743,691,15,15,2014-12-06,Simon Rolfes,L1,0,0,0,0,28
2460746_1586,2460746,1586,42,42,2014-12-06,Christian Schulz,L1,0,0,0,0,90
2460746_1667,2460746,1667,82,162,2014-12-06,Diego Benaglio,L1,0,0,0,0,90
2460750_1791,2460750,1791,167,167,2014-12-06,Halil Altintop,L1,0,0,0,1,90
2460751_2201,2460751,2201,127,127,2014-12-06,Lukas Kruse,L1,0,0,0,0,90
2460751_2453,2460751,2453,127,127,2014-12-06,Mahir Saglik,L1,1,0,0,0,90
2470032_2587,2470032,2587,524,524,2014-12-06,Elyasa Süme,TR1,0,0,0,0,90
2470034_1792,2470034,1792,141,105,2014-12-06,Hamit Altintop,TR1,0,0,0,0,1
2470034_1896,2470034,1896,19771,19771,2014-12-06,Ahmet Cebe,TR1,0,0,0,0,90
2470035_597,2470035,597,2293,2696,2014-12-06,Aleksandr Hleb,TR1,0,0,0,0,81
2470035_933,2470035,933,2293,2293,2014-12-06,Ugur Inceman,TR1,0,0,0,0,90
2475310_215,2475310,215,1084,1084,2014-12-06,Roque Santa Cruz,ES1,0,0,0,0,90
2486611_3109,2486611,3109,31,31,2014-12-06,Steven Gerrard,GB1,0,0,0,0,23
2486611_3202,2486611,3202,31,371,2014-12-06,Kolo Touré,GB1,0,0,0,0,90
2486611_3405,2486611,3405,289,289,2014-12-06,Wes Brown,GB1,0,0,0,0,90
2486612_2963,2486612,2963,281,714,2014-12-06,Martín Demichelis,GB1,0,0,0,0,90
2486612_3163,2486612,3163,281,281,2014-12-06,Frank Lampard,GB1,0,0,0,0,12
2486612_3291,2486612,3291,29,984,2014-12-06,Gareth Barry,GB1,1,0,0,0,90
2486612_3333,2486612,3333,281,1237,2014-12-06,James Milner,GB1,0,0,0,1,90
2486612_3356,2486612,3356,29,989,2014-12-06,Sylvain Distin,GB1,0,0,0,0,90
2486613_3160,2486613,3160,631,631,2014-12-06,John Terry,GB1,0,0,0,0,90
2486614_3292,2486614,3292,1039,1132,2014-12-06,Joey Barton,GB1,0,0,0,0,90
2486616_2998,2486616,2998,512,1003,2014-12-06,Robert Huth,GB1,0,0,0,0,3
2486616_3306,2486616,3306,512,1132,2014-12-06,Jonathan Walters,GB1,0,0,1,1,90
2460747_1277,2460747,1277,86,86,2014-12-07,Clemens Fritz,L1,1,0,0,0,90
2460747_1565,2460747,1565,24,24,2014-12-07,Alexander Meier,L1,0,0,2,0,84
2460749_1139,2460749,1139,39,39,2014-12-07,Nikolce Noveski,L1,0,0,0,0,90
2478725_10,2478725,10,398,398,2014-12-07,Miroslav Klose,IT1,0,0,0,0,14
2482271_1423,2482271,1423,855,855,2014-12-07,Lars Jacobsen,FR1,0,0,1,0,90
2486609_3296,2486609,3296,1003,1003,2014-12-07,Paul Konchesky,GB1,0,1,0,0,80
2486618_488,2486618,488,2288,2288,2014-12-07,Gerhard Tremmel,GB1,0,0,0,0,19
2494415_2874,2494415,2874,265,265,2014-12-07,Mladen Petric,GR1,0,0,0,0,75
2495716_1443,2495716,1443,190,190,2014-12-07,Christian Poulsen,DK1,0,0,0,0,15
2515999_1331,2515999,1331,121,533,2014-12-07,Kevin Kuranyi,RU1,0,0,1,1,90
2475314_2923,2475314,2923,3368,3368,2014-12-08,Andreas Ivanschitz,ES1,1,0,0,0,90
2486615_3332,2486615,3332,985,985,2014-12-08,Wayne Rooney,GB1,1,0,0,1,90
2516002_2138,2516002,2138,3729,40426,2014-12-08,Mladen Kascelan,RU1,0,0,1,0,90
2495358_2865,2495358,2865,506,167,2014-12-09,Stephan Lichtsteiner,CL,0,0,0,0,90
2495360_3109,2495360,3109,31,31,2014-12-09,Steven Gerrard,CL,0,0,1,0,90
2495362_65,2495362,65,162,1091,2014-12-09,Dimitar Berbatov,CL,0,0,0,0,56
2495363_3256,2495363,3256,15,15,2014-12-09,Roberto Hilbert,CL,0,0,0,0,90
2495363_691,2495363,691,15,15,2014-12-09,Simon Rolfes,CL,0,0,0,0,83
2495364_1792,2495364,1792,141,105,2014-12-09,Hamit Altintop,CL,0,0,0,0,45
2495365_2150,2495365,2150,16,16,2014-12-09,Oliver Kirch,CL,0,0,0,0,24
2495366_2963,2495366,2963,281,714,2014-12-10,Martín Demichelis,CL,0,0,0,0,90
2495366_3333,2495366,3333,281,1237,2014-12-10,James Milner,CL,0,0,0,0,90
2495367_2514,2495367,2514,27,985,2014-12-10,Bastian Schweinsteiger,CL,0,0,0,1,90
2492419_1331,2492419,1331,121,533,2014-12-11,Kevin Kuranyi,EL,0,0,0,0,68
2492430_1423,2492430,1423,855,855,2014-12-11,Lars Jacobsen,EL,0,0,0,0,90
2492442_3321,2492442,3321,234,3725,2014-12-11,Luke Wilkshire,EL,1,0,0,0,64
2492454_1667,2492454,1667,82,162,2014-12-11,Diego Benaglio,EL,0,0,0,0,90
2492455_3291,2492455,3291,29,984,2014-12-11,Gareth Barry,EL,0,0,0,0,90
2460757_1565,2460757,1565,24,24,2014-12-12,Alexander Meier,L1,0,0,0,0,90
2460757_2767,2460757,2767,24,24,2014-12-12,Alexander Madlung,L1,0,0,0,0,8
2460757_598,2460757,598,24,24,2014-12-12,Timo Hildebrand,L1,0,0,0,0,90
2460752_1126,2460752,1126,3,3,2014-12-13,Matthias Lehmann,L1,0,0,1,0,90
2460755_1139,2460755,1139,39,39,2014-12-13,Nikolce Noveski,L1,0,0,0,0,90
2460756_1791,2460756,1791,167,167,2014-12-13,Halil Altintop,L1,0,0,0,0,73
2460756_1986,2460756,1986,167,167,2014-12-13,Markus Feulner,L1,0,0,0,0,90
2460756_2514,2460756,2514,27,985,2014-12-13,Bastian Schweinsteiger,L1,0,0,0,1,72
2460758_410,2460758,410,16,16,2014-12-13,Sebastian Kehl,L1,0,0,0,0,45
2460759_1277,2460759,1277,86,86,2014-12-13,Clemens Fritz,L1,0,0,0,0,90
2460759_1586,2460759,1586,42,42,2014-12-13,Christian Schulz,L1,0,0,0,0,90
2460760_1662,2460760,1662,60,33,2014-12-13,Sascha Riether,L1,0,0,0,0,90
2470043_1792,2470043,1792,141,105,2014-12-13,Hamit Altintop,TR1,0,0,1,0,32
2470043_597,2470043,597,2293,2696,2014-12-13,Aleksandr Hleb,TR1,0,0,0,0,90
2470043_933,2470043,933,2293,2293,2014-12-13,Ugur Inceman,TR1,1,0,0,0,90
2470044_1896,2470044,1896,19771,19771,2014-12-13,Ahmet Cebe,TR1,0,0,0,0,10
2475323_2923,2475323,2923,3368,3368,2014-12-13,Andreas Ivanschitz,ES1,0,0,0,0,90
2475329_215,2475329,215,1084,1084,2014-12-13,Roque Santa Cruz,ES1,0,0,0,1,90
2478733_10,2478733,10,398,398,2014-12-13,Miroslav Klose,IT1,0,0,0,0,14
2486621_3160,2486621,3160,631,631,2014-12-13,John Terry,GB1,0,0,0,0,90
2486622_3306,2486622,3306,512,1132,2014-12-13,Jonathan Walters,GB1,0,0,0,0,90
2486624_2963,2486624,2963,281,714,2014-12-13,Martín Demichelis,GB1,0,0,0,0,13
2486624_3163,2486624,3163,281,281,2014-12-13,Frank Lampard,GB1,0,0,1,0,60
2486624_3296,2486624,3296,1003,1003,2014-12-13,Paul Konchesky,GB1,0,0,0,0,90
2486624_3333,2486624,3333,281,1237,2014-12-13,James Milner,GB1,0,0,0,0,30
2486626_3405,2486626,3405,289,289,2014-12-13,Wes Brown,GB1,0,0,0,0,90
2459724_3321,2459724,3321,234,3725,2014-12-14,Luke Wilkshire,NL1,0,0,0,0,90
2460753_691,2460753,691,15,15,2014-12-14,Simon Rolfes,L1,0,0,0,0,33
2460754_1667,2460754,1667,82,162,2014-12-14,Diego Benaglio,L1,0,0,0,0,90
2460754_2201,2460754,2201,127,127,2014-12-14,Lukas Kruse,L1,0,0,0,0,90
2470045_2587,2470045,2587,524,524,2014-12-14,Elyasa Süme,TR1,1,0,0,0,90
2478732_2865,2478732,2865,506,167,2014-12-14,Stephan Lichtsteiner,IT1,0,0,0,0,90
2482276_1423,2482276,1423,855,855,2014-12-14,Lars Jacobsen,FR1,0,0,0,0,90
2486625_3109,2486625,3109,31,31,2014-12-14,Steven Gerrard,GB1,1,0,0,0,90
2486625_3202,2486625,3202,31,371,2014-12-14,Kolo Touré,GB1,0,0,0,0,64
2486625_3332,2486625,3332,985,985,2014-12-14,Wayne Rooney,GB1,1,0,1,0,78
2486627_488,2486627,488,2288,2288,2014-12-14,Gerhard Tremmel,GB1,0,0,0,0,90
2494427_2874,2494427,2874,265,265,2014-12-14,Mladen Petric,GR1,0,0,1,0,81
2486623_3292,2486623,3292,1039,1132,2014-12-15,Joey Barton,GB1,0,0,0,0,90
2486623_3356,2486623,3356,29,989,2014-12-15,Sylvain Distin,GB1,0,0,0,0,90
2460761_1662,2460761,1662,60,33,2014-12-16,Sascha Riether,L1,0,0,0,0,90
2460761_2514,2460761,2514,27,985,2014-12-16,Bastian Schweinsteiger,L1,0,0,0,0,45
2460765_1791,2460765,1791,167,167,2014-12-16,Halil Altintop,L1,0,0,0,0,90
2460765_1986,2460765,1986,167,167,2014-12-16,Markus Feulner,L1,0,0,0,0,70
2460765_2805,2460765,2805,42,42,2014-12-16,Christian Pander,L1,0,0,0,0,10
2460768_1126,2460768,1126,3,3,2014-12-16,Matthias Lehmann,L1,1,0,0,0,90
2459711_3321,2459711,3321,234,3725,2014-12-17,Luke Wilkshire,NL1,1,0,0,0,66
2460762_1667,2460762,1667,82,162,2014-12-17,Diego Benaglio,L1,0,0,0,0,90
2460762_2150,2460762,2150,16,16,2014-12-17,Oliver Kirch,L1,0,0,0,1,15
2460762_410,2460762,410,16,16,2014-12-17,Sebastian Kehl,L1,0,0,0,0,90
2460763_1277,2460763,1277,86,86,2014-12-17,Clemens Fritz,L1,1,0,0,0,90
2460764_3256,2460764,3256,15,15,2014-12-17,Roberto Hilbert,L1,1,0,0,0,90
2460764_691,2460764,691,15,15,2014-12-17,Simon Rolfes,L1,0,0,0,0,6
2460766_1565,2460766,1565,24,24,2014-12-17,Alexander Meier,L1,0,0,2,0,90
2460766_2767,2460766,2767,24,24,2014-12-17,Alexander Madlung,L1,0,0,0,0,61
2460766_598,2460766,598,24,24,2014-12-17,Timo Hildebrand,L1,0,0,0,0,90
2460769_2201,2460769,2201,127,127,2014-12-17,Lukas Kruse,L1,0,0,0,0,90
2460769_2453,2460769,2453,127,127,2014-12-17,Mahir Saglik,L1,0,0,0,0,76
2494433_3201,2494433,3201,3060,265,2014-12-17,Stathis Tavlaridis,GR1,0,0,0,0,90
2478739_2865,2478739,2865,506,167,2014-12-18,Stephan Lichtsteiner,IT1,0,0,0,0,90
2494431_2874,2494431,2874,265,265,2014-12-18,Mladen Petric,GR1,0,0,0,0,90
2505193_215,2505193,215,1084,1084,2014-12-18,Roque Santa Cruz,CDR,0,0,2,0,73
2460773_2514,2460773,2514,27,985,2014-12-19,Bastian Schweinsteiger,L1,0,0,1,0,90
2460773_532,2460773,532,27,86,2014-12-19,Claudio Pizarro,L1,0,0,0,0,13
2460771_1565,2460771,1565,24,24,2014-12-20,Alexander Meier,L1,0,0,1,0,90
2460771_2767,2460771,2767,24,24,2014-12-20,Alexander Madlung,L1,0,0,0,0,90
2460771_598,2460771,598,24,24,2014-12-20,Timo Hildebrand,L1,1,0,0,0,90
2460771_691,2460771,691,15,15,2014-12-20,Simon Rolfes,L1,0,0,0,0,71
2460772_1126,2460772,1126,3,3,2014-12-20,Matthias Lehmann,L1,0,0,0,0,90
2460772_1667,2460772,1667,82,162,2014-12-20,Diego Benaglio,L1,0,0,0,0,90
2460774_1791,2460774,1791,167,167,2014-12-20,Halil Altintop,L1,0,0,0,1,90
2460774_1986,2460774,1986,167,167,2014-12-20,Markus Feulner,L1,0,0,1,0,90
2460776_1277,2460776,1277,86,86,2014-12-20,Clemens Fritz,L1,0,0,0,0,90
2460776_2150,2460776,2150,16,16,2014-12-20,Oliver Kirch,L1,0,0,0,0,90
2460776_410,2460776,410,16,16,2014-12-20,Sebastian Kehl,L1,0,0,0,0,45
2460778_2201,2460778,2201,127,127,2014-12-20,Lukas Kruse,L1,0,0,0,0,90
2460778_2453,2460778,2453,127,127,2014-12-20,Mahir Saglik,L1,0,0,0,0,1
2470050_597,2470050,597,2293,2696,2014-12-20,Aleksandr Hleb,TR1,0,0,0,0,71
2470050_933,2470050,933,2293,2293,2014-12-20,Ugur Inceman,TR1,0,0,0,0,90
2470052_1792,2470052,1792,141,105,2014-12-20,Hamit Altintop,TR1,0,0,0,0,45
2475333_2923,2475333,2923,3368,3368,2014-12-20,Andreas Ivanschitz,ES1,0,0,1,0,90
2482294_1423,2482294,1423,855,855,2014-12-20,Lars Jacobsen,FR1,0,0,0,0,90
2486629_3332,2486629,3332,985,985,2014-12-20,Wayne Rooney,GB1,0,0,0,0,90
2486632_2963,2486632,2963,281,714,2014-12-20,Martín Demichelis,GB1,0,0,0,0,90
2486632_3163,2486632,3163,281,281,2014-12-20,Frank Lampard,GB1,0,0,0,0,21
2486632_3333,2486632,3333,281,1237,2014-12-20,James Milner,GB1,1,0,0,1,82
2486634_3292,2486634,3292,1039,1132,2014-12-20,Joey Barton,GB1,0,0,0,1,90
2486635_3291,2486635,3291,29,984,2014-12-20,Gareth Barry,GB1,0,0,0,0,90
2486635_3356,2486635,3356,29,989,2014-12-20,Sylvain Distin,GB1,0,0,0,0,90
2486638_3296,2486638,3296,1003,1003,2014-12-20,Paul Konchesky,GB1,0,0,0,0,62
2459736_3321,2459736,3321,234,3725,2014-12-21,Luke Wilkshire,NL1,0,0,0,1,90
2460775_2334,2460775,2334,44,44,2014-12-21,Marcel Ndjeng,L1,0,0,0,0,90
2460777_1662,2460777,1662,60,33,2014-12-21,Sascha Riether,L1,1,0,0,0,45
2475330_215,2475330,215,1084,1084,2014-12-21,Roque Santa Cruz,ES1,0,0,0,0,51
2478742_10,2478742,10,398,398,2014-12-21,Miroslav Klose,IT1,1,0,0,0,56
2486631_3109,2486631,3109,31,31,2014-12-21,Steven Gerrard,GB1,0,0,0,0,90
2486631_3202,2486631,3202,31,371,2014-12-21,Kolo Touré,GB1,0,0,0,0,81
2486633_3405,2486633,3405,289,289,2014-12-21,Wes Brown,GB1,0,0,0,0,90
2494447_3201,2494447,3201,3060,265,2014-12-21,Stathis Tavlaridis,GR1,0,0,0,0,90
2470056_2587,2470056,2587,524,524,2014-12-22,Elyasa Süme,TR1,1,0,0,0,90
2484243_2865,2484243,2865,506,167,2014-12-22,Stephan Lichtsteiner,SCI,0,0,0,0,79
2486636_3160,2486636,3160,631,631,2014-12-22,John Terry,GB1,0,0,1,0,90
2486636_3306,2486636,3306,512,1132,2014-12-22,Jonathan Walters,GB1,1,0,0,0,90
2494445_2874,2494445,2874,265,265,2014-12-22,Mladen Petric,GR1,1,0,0,0,90
2470065_1792,2470065,1792,141,105,2014-12-26,Hamit Altintop,TR1,0,0,0,0,88
2486639_132,2486639,132,11,11,2014-12-26,Tomas Rosicky,GB1,0,0,1,0,83
2486639_3235,2486639,3235,1039,1039,2014-12-26,Rio Ferdinand,GB1,1,0,0,0,90
2486640_3109,2486640,3109,31,31,2014-12-26,Steven Gerrard,GB1,0,0,0,0,90
2486640_3202,2486640,3202,31,371,2014-12-26,Kolo Touré,GB1,0,0,0,0,45
2486641_3160,2486641,3160,631,631,2014-12-26,John Terry,GB1,0,0,1,0,90
2486643_3291,2486643,3291,29,984,2014-12-26,Gareth Barry,GB1,1,0,0,0,90
2486643_3306,2486643,3306,512,1132,2014-12-26,Jonathan Walters,GB1,1,0,0,0,90
2486644_3296,2486644,3296,1003,1003,2014-12-26,Paul Konchesky,GB1,0,0,0,0,83
2486645_3332,2486645,3332,985,985,2014-12-26,Wayne Rooney,GB1,0,0,2,1,90
2486648_2963,2486648,2963,281,714,2014-12-26,Martín Demichelis,GB1,0,0,0,0,90
2486648_3163,2486648,3163,281,281,2014-12-26,Frank Lampard,GB1,0,0,0,0,15
2486648_3333,2486648,3333,281,1237,2014-12-26,James Milner,GB1,0,0,0,0,90
2470058_1896,2470058,1896,19771,19771,2014-12-28,Ahmet Cebe,TR1,0,0,0,0,40
2470061_933,2470061,933,2293,2293,2014-12-28,Ugur Inceman,TR1,0,0,0,0,90
2470062_2587,2470062,2587,524,524,2014-12-28,Elyasa Süme,TR1,1,0,0,0,90
2486649_3405,2486649,3405,289,289,2014-12-28,Wes Brown,GB1,0,0,0,0,90
2486650_3296,2486650,3296,1003,1003,2014-12-28,Paul Konchesky,GB1,2,0,0,0,88
2486652_2963,2486652,2963,281,714,2014-12-28,Martín Demichelis,GB1,0,0,0,0,90
2486652_3163,2486652,3163,281,281,2014-12-28,Frank Lampard,GB1,0,0,0,0,14
2486652_3333,2486652,3333,281,1237,2014-12-28,James Milner,GB1,0,0,0,0,62
2486653_3291,2486653,3291,29,984,2014-12-28,Gareth Barry,GB1,0,0,0,0,90
2486653_3356,2486653,3356,29,989,2014-12-28,Sylvain Distin,GB1,0,0,0,0,90
2486654_3292,2486654,3292,1039,1132,2014-12-28,Joey Barton,GB1,1,0,0,0,90
2486655_3160,2486655,3160,631,631,2014-12-28,John Terry,GB1,0,0,0,0,90
2486656_3306,2486656,3306,512,1132,2014-12-28,Jonathan Walters,GB1,0,0,0,0,27
2486657_3332,2486657,3332,985,985,2014-12-28,Wayne Rooney,GB1,0,0,0,0,90
2486658_1368,2486658,1368,379,1519,2014-12-28,Guy Demel,GB1,0,0,0,0,12
2486660_3291,2486660,3291,29,984,2015-01-01,Gareth Barry,GB1,1,0,0,0,90
2486661_3109,2486661,3109,31,31,2015-01-01,Steven Gerrard,GB1,1,0,2,0,90
2486661_3202,2486661,3202,31,371,2015-01-01,Kolo Touré,GB1,0,0,0,0,90
2486662_2963,2486662,2963,281,714,2015-01-01,Martín Demichelis,GB1,0,0,0,0,90
2486662_3163,2486662,3163,281,281,2015-01-01,Frank Lampard,GB1,0,0,1,0,20
2486662_3333,2486662,3333,281,1237,2015-01-01,James Milner,GB1,0,0,0,0,1
2486662_3405,2486662,3405,289,289,2015-01-01,Wes Brown,GB1,1,0,0,0,90
2486664_3292,2486664,3292,1039,1132,2015-01-01,Joey Barton,GB1,1,0,0,0,90
2486665_132,2486665,132,11,11,2015-01-01,Tomas Rosicky,GB1,0,0,0,0,90
2486666_3306,2486666,3306,512,1132,2015-01-01,Jonathan Walters,GB1,0,0,0,0,90
2486666_3332,2486666,3332,985,985,2015-01-01,Wayne Rooney,GB1,0,0,0,0,90
2486667_3160,2486667,3160,631,631,2015-01-01,John Terry,GB1,0,0,1,0,90
2486668_3179,2486668,3179,379,371,2015-01-01,Carlton Cole,GB1,0,0,0,0,6
2470074_933,2470074,933,2293,2293,2015-01-03,Ugur Inceman,TR1,0,0,0,0,90
2475342_2923,2475342,2923,3368,3368,2015-01-03,Andreas Ivanschitz,ES1,0,0,0,0,90
2517338_3296,2517338,3296,1003,1003,2015-01-03,Paul Konchesky,FAC,0,0,0,0,90
2518105_488,2518105,488,2288,2288,2015-01-03,Gerhard Tremmel,FAC,0,0,0,0,90
2470069_1792,2470069,1792,141,105,2015-01-04,Hamit Altintop,TR1,1,0,0,0,30
2470073_2587,2470073,2587,524,524,2015-01-04,Elyasa Süme,TR1,1,0,0,0,90
2494457_3201,2494457,3201,265,265,2015-01-04,Stathis Tavlaridis,GR1,0,0,0,0,90
2517320_132,2517320,132,11,11,2015-01-04,Tomas Rosicky,FAC,0,0,0,0,90
2517322_2998,2517322,2998,512,1003,2015-01-04,Robert Huth,FAC,0,0,0,0,90
2517322_3306,2517322,3306,512,1132,2015-01-04,Jonathan Walters,FAC,0,0,0,0,29
2517326_3163,2517326,3163,281,281,2015-01-04,Frank Lampard,FAC,0,0,0,0,61
2517326_3333,2517326,3333,281,1237,2015-01-04,James Milner,FAC,0,0,2,0,90
2517348_3235,2517348,3235,1039,1039,2015-01-04,Rio Ferdinand,FAC,0,0,0,0,90
2518107_3332,2518107,3332,985,985,2015-01-04,Wayne Rooney,FAC,0,0,0,1,90
2524277_3146,2524277,3146,405,512,2015-01-04,Shay Given,FAC,0,0,0,0,90
2517325_3109,2517325,3109,31,31,2015-01-05,Steven Gerrard,FAC,0,0,2,0,90
2517325_3202,2517325,3202,31,371,2015-01-05,Kolo Touré,FAC,0,0,0,0,4
2478752_2865,2478752,2865,506,167,2015-01-06,Stephan Lichtsteiner,IT1,0,0,0,0,90
2517339_3179,2517339,3179,379,371,2015-01-06,Carlton Cole,FAC,1,0,0,0,30
2517339_3291,2517339,3291,29,984,2015-01-06,Gareth Barry,FAC,0,0,0,0,90
2517339_3356,2517339,3356,29,989,2015-01-06,Sylvain Distin,FAC,0,0,0,0,71
2475352_2923,2475352,2923,3368,3368,2015-01-09,Andreas Ivanschitz,ES1,0,0,0,0,80
2482297_1423,2482297,1423,855,855,2015-01-10,Lars Jacobsen,FR1,0,0,0,0,90
2486670_3292,2486670,3292,1039,1132,2015-01-10,Joey Barton,GB1,1,0,0,0,90
2486671_3160,2486671,3160,631,631,2015-01-10,John Terry,GB1,0,0,0,0,90
2486673_2963,2486673,2963,281,714,2015-01-10,Martín Demichelis,GB1,0,0,0,0,90
2486673_3163,2486673,3163,281,281,2015-01-10,Frank Lampard,GB1,0,0,0,0,8
2486673_3291,2486673,3291,29,984,2015-01-10,Gareth Barry,GB1,0,0,0,0,90
2486674_3296,2486674,3296,1003,1003,2015-01-10,Paul Konchesky,GB1,0,0,1,0,90
2486676_3109,2486676,3109,31,31,2015-01-10,Steven Gerrard,GB1,0,0,0,0,45
2486676_3405,2486676,3405,289,289,2015-01-10,Wes Brown,GB1,0,0,0,0,90
2478763_2865,2478763,2865,506,167,2015-01-11,Stephan Lichtsteiner,IT1,0,0,0,0,20
2478764_10,2478764,10,398,398,2015-01-11,Miroslav Klose,IT1,0,0,0,0,25
2482295_65,2482295,65,162,1091,2015-01-11,Dimitar Berbatov,FR1,0,0,0,0,32
2486669_132,2486669,132,11,11,2015-01-11,Tomas Rosicky,GB1,0,0,0,1,90
2486669_3306,2486669,3306,512,1132,2015-01-11,Jonathan Walters,GB1,0,0,0,0,90
2486675_3332,2486675,3332,985,985,2015-01-11,Wayne Rooney,GB1,0,0,0,0,90
2494400_2874,2494400,2874,265,265,2015-01-11,Mladen Petric,GR1,0,0,0,3,73
2494400_3201,2494400,3201,265,265,2015-01-11,Stathis Tavlaridis,GR1,0,0,1,0,78
2524883_3179,2524883,3179,379,371,2015-01-13,Carlton Cole,FAC,0,0,1,0,9
2524883_3291,2524883,3291,29,984,2015-01-13,Gareth Barry,FAC,1,0,0,0,120
2494463_2874,2494463,2874,265,265,2015-01-14,Mladen Petric,GR1,0,0,1,0,76
2494463_3201,2494463,3201,265,265,2015-01-14,Stathis Tavlaridis,GR1,1,0,0,0,90
2515981_10,2515981,10,398,398,2015-01-14,Miroslav Klose,CIT,0,0,1,1,90
2515986_2865,2515986,2865,506,167,2015-01-15,Stephan Lichtsteiner,CIT,0,0,0,2,82
2482311_65,2482311,65,162,1091,2015-01-17,Dimitar Berbatov,FR1,0,0,0,0,90
2486682_3296,2486682,3296,1003,1003,2015-01-17,Paul Konchesky,GB1,0,0,0,0,90
2486682_3306,2486682,3306,512,1132,2015-01-17,Jonathan Walters,GB1,0,0,0,1,90
2486685_3292,2486685,3292,1039,1132,2015-01-17,Joey Barton,GB1,1,0,0,0,90
2486685_3332,2486685,3332,985,985,2015-01-17,Wayne Rooney,GB1,0,0,0,0,90
2486686_3160,2486686,3160,631,631,2015-01-17,John Terry,GB1,0,0,0,0,90
2486687_3405,2486687,3405,289,289,2015-01-17,Wes Brown,GB1,0,0,0,0,90
2494481_2874,2494481,2874,265,265,2015-01-17,Mladen Petric,GR1,0,0,0,0,90
2494481_3201,2494481,3201,265,265,2015-01-17,Stathis Tavlaridis,GR1,0,0,0,0,90
2459747_3170,2459747,3170,1304,1304,2015-01-18,Simon Cziommer,NL1,0,0,0,0,29
2475361_2923,2475361,2923,3368,3368,2015-01-18,Andreas Ivanschitz,ES1,0,0,0,0,10
2478773_10,2478773,10,398,398,2015-01-18,Miroslav Klose,IT1,0,0,0,0,45
2482307_1423,2482307,1423,855,855,2015-01-18,Lars Jacobsen,FR1,0,0,0,0,90
2486683_132,2486683,132,11,11,2015-01-18,Tomas Rosicky,GB1,0,0,0,0,24
2486683_2963,2486683,2963,281,714,2015-01-18,Martín Demichelis,GB1,0,0,0,0,90
2486683_3163,2486683,3163,281,281,2015-01-18,Frank Lampard,GB1,0,0,0,0,27
2486683_3333,2486683,3333,281,1237,2015-01-18,James Milner,GB1,0,0,0,0,45
2486681_3291,2486681,3291,29,984,2015-01-19,Gareth Barry,GB1,1,0,0,0,90
2515984_3182,2515984,3182,12,12,2015-01-20,Ashley Cole,CIT,0,0,0,0,24
2527982_2874,2527982,2874,265,265,2015-01-21,Mladen Petric,GRP,1,0,0,0,30
2527982_3201,2527982,3201,265,265,2015-01-21,Stathis Tavlaridis,GRP,1,0,0,0,90
2459748_3170,2459748,3170,1304,1304,2015-01-23,Simon Cziommer,NL1,0,0,0,0,11
2470079_933,2470079,933,2293,2293,2015-01-23,Ugur Inceman,TR1,0,0,0,0,90
2470080_1896,2470080,1896,19771,19771,2015-01-24,Ahmet Cebe,TR1,1,0,0,0,90
2475371_2923,2475371,2923,3368,3368,2015-01-24,Andreas Ivanschitz,ES1,0,0,0,0,71
2478782_10,2478782,10,398,398,2015-01-24,Miroslav Klose,IT1,0,0,1,1,73
2482318_1423,2482318,1423,855,855,2015-01-24,Lars Jacobsen,FR1,0,0,0,0,90
2482321_65,2482321,65,162,1091,2015-01-24,Dimitar Berbatov,FR1,0,0,1,0,82
2494488_2874,2494488,2874,265,265,2015-01-24,Mladen Petric,GR1,1,0,0,0,90
2494488_3201,2494488,3201,265,265,2015-01-24,Stathis Tavlaridis,GR1,1,0,0,0,90
2527276_3163,2527276,3163,281,281,2015-01-24,Frank Lampard,FAC,0,0,0,0,23
2527276_3333,2527276,3333,281,1237,2015-01-24,James Milner,FAC,0,0,0,0,90
2528146_3357,2528146,3357,1003,1003,2015-01-24,Mark Schwarzer,FAC,0,0,0,0,90
2459753_3321,2459753,3321,234,3725,2015-01-25,Luke Wilkshire,NL1,0,0,0,0,90
2470078_1792,2470078,1792,141,105,2015-01-25,Hamit Altintop,TR1,0,0,0,0,9
2478780_2865,2478780,2865,506,167,2015-01-25,Stephan Lichtsteiner,IT1,0,0,1,0,28
2527278_1368,2527278,1368,379,1519,2015-01-25,Guy Demel,FAC,0,0,0,0,2
2527279_3146,2527279,3146,405,512,2015-01-25,Shay Given,FAC,0,0,0,0,90
2527280_132,2527280,132,11,11,2015-01-25,Tomas Rosicky,FAC,0,0,1,1,90
2527281_3306,2527281,3306,512,1132,2015-01-26,Jonathan Walters,FAC,0,0,1,0,90
2528963_10,2528963,10,398,398,2015-01-27,Miroslav Klose,CIT,0,0,0,0,90
2528964_2865,2528964,2865,506,167,2015-01-28,Stephan Lichtsteiner,CIT,0,0,0,0,90
2527994_2874,2527994,2874,265,265,2015-01-29,Mladen Petric,GRP,1,0,0,0,60
2527994_3201,2527994,3201,265,265,2015-01-29,Stathis Tavlaridis,GRP,0,0,0,0,90
2460781_1667,2460781,1667,82,162,2015-01-30,Diego Benaglio,L1,0,0,0,0,90
2460781_2514,2460781,2514,27,985,2015-01-30,Bastian Schweinsteiger,L1,1,0,0,0,90
2460781_532,2460781,532,27,86,2015-01-30,Claudio Pizarro,L1,0,0,0,0,19
2460779_1586,2460779,1586,42,42,2015-01-31,Christian Schulz,L1,0,0,0,0,90
2460779_2805,2460779,2805,42,42,2015-01-31,Christian Pander,L1,0,0,0,0,2
2460780_26,2460780,26,16,16,2015-01-31,Roman Weidenfeller,L1,0,0,0,0,90
2460780_3256,2460780,3256,15,15,2015-01-31,Roberto Hilbert,L1,0,0,0,0,90
2460780_691,2460780,691,15,15,2015-01-31,Simon Rolfes,L1,0,0,0,0,17
2460782_2201,2460782,2201,127,127,2015-01-31,Lukas Kruse,L1,0,0,0,0,90
2460785_1565,2460785,1565,24,24,2015-01-31,Alexander Meier,L1,0,0,0,0,90
2460785_1662,2460785,1662,60,33,2015-01-31,Sascha Riether,L1,0,0,0,0,45
2460785_2767,2460785,2767,24,24,2015-01-31,Alexander Madlung,L1,0,0,0,0,7
2460786_568,2460786,568,18,18,2015-01-31,Martin Stranzl,L1,0,0,0,0,90
2460787_1126,2460787,1126,3,3,2015-01-31,Matthias Lehmann,L1,0,0,0,0,90
2460787_1726,2460787,1726,41,610,2015-01-31,Heiko Westermann,L1,0,0,0,0,90
2470086_2587,2470086,2587,524,524,2015-01-31,Elyasa Süme,TR1,0,0,0,0,90
2486690_2963,2486690,2963,281,714,2015-01-31,Martín Demichelis,GB1,0,0,0,0,90
2486690_3160,2486690,3160,631,631,2015-01-31,John Terry,GB1,0,0,0,0,90
2486690_3163,2486690,3163,281,281,2015-01-31,Frank Lampard,GB1,0,0,0,0,13
2486690_3333,2486690,3333,281,1237,2015-01-31,James Milner,GB1,0,0,0,0,90
2486691_3291,2486691,3291,29,984,2015-01-31,Gareth Barry,GB1,0,0,0,0,90
2486693_1368,2486693,1368,379,1519,2015-01-31,Guy Demel,GB1,0,0,0,0,17
2486693_3179,2486693,3179,379,371,2015-01-31,Carlton Cole,GB1,0,0,0,0,27
2486694_3332,2486694,3332,985,985,2015-01-31,Wayne Rooney,GB1,0,0,0,0,90
2486694_3357,2486694,3357,1003,1003,2015-01-31,Mark Schwarzer,GB1,0,0,0,0,90
2486696_3292,2486696,3292,1039,1132,2015-01-31,Joey Barton,GB1,1,0,0,0,90
2486696_3306,2486696,3306,512,1132,2015-01-31,Jonathan Walters,GB1,1,0,3,0,90
2459762_3321,2459762,3321,234,3725,2015-02-01,Luke Wilkshire,NL1,0,0,0,0,18
2459765_3170,2459765,3170,1304,1304,2015-02-01,Simon Cziommer,NL1,0,0,0,0,33
2460783_1791,2460783,1791,167,167,2015-02-01,Halil Altintop,L1,0,0,1,0,90
2460783_1986,2460783,1986,167,167,2015-02-01,Markus Feulner,L1,1,0,0,0,90
2460784_1277,2460784,1277,86,86,2015-02-01,Clemens Fritz,L1,0,0,0,1,24
2460784_2334,2460784,2334,44,44,2015-02-01,Marcel Ndjeng,L1,0,0,0,0,45
2470089_933,2470089,933,2293,2293,2015-02-01,Ugur Inceman,TR1,0,0,0,0,90
2475389_2923,2475389,2923,3368,3368,2015-02-01,Andreas Ivanschitz,ES1,0,0,0,0,57
2478793_2865,2478793,2865,506,167,2015-02-01,Stephan Lichtsteiner,IT1,1,0,0,0,90
2478794_10,2478794,10,398,398,2015-02-01,Miroslav Klose,IT1,0,0,1,0,90
2482327_1423,2482327,1423,855,855,2015-02-01,Lars Jacobsen,FR1,0,0,0,0,90
2482329_65,2482329,65,162,1091,2015-02-01,Dimitar Berbatov,FR1,0,0,0,0,90
2486689_132,2486689,132,11,11,2015-02-01,Tomas Rosicky,GB1,0,0,0,0,20
2494498_2874,2494498,2874,265,265,2015-02-01,Mladen Petric,GR1,1,0,1,0,72
2494498_3201,2494498,3201,265,265,2015-02-01,Stathis Tavlaridis,GR1,1,0,0,0,90
2460788_2514,2460788,2514,27,985,2015-02-03,Bastian Schweinsteiger,L1,1,0,0,0,90
2460790_568,2460790,568,18,18,2015-02-03,Martin Stranzl,L1,0,0,0,0,45
2460792_1586,2460792,1586,42,42,2015-02-03,Christian Schulz,L1,0,0,0,0,90
2460794_1565,2460794,1565,24,24,2015-02-03,Alexander Meier,L1,0,0,0,0,90
2460794_1667,2460794,1667,82,162,2015-02-03,Diego Benaglio,L1,0,0,0,0,90
2529661_3182,2529661,3182,12,12,2015-02-03,Ashley Cole,CIT,0,0,0,0,90
2530777_3405,2530777,3405,289,289,2015-02-03,Wes Brown,FAC,0,0,0,0,1
2530779_3332,2530779,3332,985,985,2015-02-03,Wayne Rooney,FAC,0,0,0,0,90
2460789_1791,2460789,1791,167,167,2015-02-04,Halil Altintop,L1,0,0,0,0,90
2460789_1986,2460789,1986,167,167,2015-02-04,Markus Feulner,L1,0,0,0,0,90
2460789_26,2460789,26,16,16,2015-02-04,Roman Weidenfeller,L1,0,0,0,0,90
2460791_1277,2460791,1277,86,86,2015-02-04,Clemens Fritz,L1,0,0,0,0,90
2460793_2334,2460793,2334,44,44,2015-02-04,Marcel Ndjeng,L1,1,0,0,0,90
2460793_3256,2460793,3256,15,15,2015-02-04,Roberto Hilbert,L1,0,0,0,0,90
2460793_691,2460793,691,15,15,2015-02-04,Simon Rolfes,L1,0,0,0,0,24
2460795_1126,2460795,1126,3,3,2015-02-04,Matthias Lehmann,L1,0,0,0,0,90
2460796_1726,2460796,1726,41,610,2015-02-04,Heiko Westermann,L1,0,0,0,0,90
2460796_2201,2460796,2201,127,127,2015-02-04,Lukas Kruse,L1,0,0,0,0,90
2460796_2453,2460796,2453,127,127,2015-02-04,Mahir Saglik,L1,0,0,0,0,9
2530780_3109,2530780,3109,31,31,2015-02-04,Steven Gerrard,FAC,0,0,0,0,90
2459773_3170,2459773,3170,1304,1304,2015-02-05,Simon Cziommer,NL1,0,0,0,0,74
2460798_1667,2460798,1667,82,162,2015-02-07,Diego Benaglio,L1,0,0,0,0,90
2460802_26,2460802,26,16,16,2015-02-07,Roman Weidenfeller,L1,0,0,0,0,90
2460803_2514,2460803,2514,27,985,2015-02-07,Bastian Schweinsteiger,L1,0,0,0,0,90
2460804_1586,2460804,1586,42,42,2015-02-07,Christian Schulz,L1,0,0,0,0,63
2460804_1726,2460804,1726,41,610,2015-02-07,Heiko Westermann,L1,0,0,0,0,45
2460805_1126,2460805,1126,3,3,2015-02-07,Matthias Lehmann,L1,1,0,0,0,90
2460805_2201,2460805,2201,127,127,2015-02-07,Lukas Kruse,L1,0,0,0,0,90
2470097_2587,2470097,2587,524,524,2015-02-07,Elyasa Süme,TR1,1,0,0,0,90
2486699_3160,2486699,3160,631,631,2015-02-07,John Terry,GB1,0,0,0,0,90
2486701_3109,2486701,3109,31,31,2015-02-07,Steven Gerrard,GB1,0,0,0,0,90
2486701_3291,2486701,3291,29,984,2015-02-07,Gareth Barry,GB1,0,0,0,0,90
2486702_3296,2486702,3296,1003,1003,2015-02-07,Paul Konchesky,GB1,1,0,0,0,90
2486702_3357,2486702,3357,1003,1003,2015-02-07,Mark Schwarzer,GB1,0,0,0,0,90
2486703_2963,2486703,2963,281,714,2015-02-07,Martín Demichelis,GB1,0,0,0,0,90
2486703_3333,2486703,3333,281,1237,2015-02-07,James Milner,GB1,0,0,1,0,24
2486705_3292,2486705,3292,1039,1132,2015-02-07,Joey Barton,GB1,1,0,0,0,90
2486707_132,2486707,132,11,11,2015-02-07,Tomas Rosicky,GB1,0,0,0,0,22
2459781_3170,2459781,3170,1304,1304,2015-02-08,Simon Cziommer,NL1,1,0,0,0,45
2460800_1565,2460800,1565,24,24,2015-02-08,Alexander Meier,L1,0,0,1,1,90
2460800_1791,2460800,1791,167,167,2015-02-08,Halil Altintop,L1,0,0,0,1,90
2460800_1986,2460800,1986,167,167,2015-02-08,Markus Feulner,L1,0,0,0,0,90
2460800_2767,2460800,2767,24,24,2015-02-08,Alexander Madlung,L1,0,0,0,0,1
2460801_1277,2460801,1277,86,86,2015-02-08,Clemens Fritz,L1,1,0,0,0,90
2460801_3256,2460801,3256,15,15,2015-02-08,Roberto Hilbert,L1,0,0,0,0,90
2470094_597,2470094,597,820,2696,2015-02-08,Aleksandr Hleb,TR1,0,0,0,0,37
2470096_933,2470096,933,2293,2293,2015-02-08,Ugur Inceman,TR1,0,0,1,0,90
2482341_1423,2482341,1423,855,855,2015-02-08,Lars Jacobsen,FR1,1,0,0,0,90
2482341_65,2482341,65,162,1091,2015-02-08,Dimitar Berbatov,FR1,0,0,0,0,90
2486704_3306,2486704,3306,512,1132,2015-02-08,Jonathan Walters,GB1,0,0,0,0,90
2486708_3332,2486708,3332,985,985,2015-02-08,Wayne Rooney,GB1,1,0,0,0,90
2518597_2874,2518597,2874,265,265,2015-02-08,Mladen Petric,GR1,0,0,1,0,90
2518597_3201,2518597,3201,265,265,2015-02-08,Stathis Tavlaridis,GR1,0,0,0,0,90
2478801_10,2478801,10,398,398,2015-02-09,Miroslav Klose,IT1,0,0,0,0,90
2486709_132,2486709,132,11,11,2015-02-10,Tomas Rosicky,GB1,1,0,0,0,90
2486709_2998,2486709,2998,1003,1003,2015-02-10,Robert Huth,GB1,0,0,0,0,90
2486709_3273,2486709,3273,1003,1003,2015-02-10,Matthew Upson,GB1,0,0,0,0,59
2486709_3296,2486709,3296,1003,1003,2015-02-10,Paul Konchesky,GB1,0,0,0,0,90
2486709_3357,2486709,3357,1003,1003,2015-02-10,Mark Schwarzer,GB1,0,0,0,0,90
2486714_3109,2486714,3109,31,31,2015-02-10,Steven Gerrard,GB1,1,0,1,0,68
2486718_3235,2486718,3235,1039,1039,2015-02-10,Rio Ferdinand,GB1,1,0,0,0,90
2486718_3292,2486718,3292,1039,1132,2015-02-10,Joey Barton,GB1,1,0,0,0,90
2486718_3405,2486718,3405,289,289,2015-02-10,Wes Brown,GB1,0,0,0,0,27
2486711_3332,2486711,3332,985,985,2015-02-11,Wayne Rooney,GB1,1,0,0,0,90
2486712_3179,2486712,3179,379,371,2015-02-11,Carlton Cole,GB1,1,0,0,0,63
2486716_3160,2486716,3160,631,631,2015-02-11,John Terry,GB1,0,0,0,0,90
2486716_3291,2486716,3291,29,984,2015-02-11,Gareth Barry,GB1,2,0,0,0,88
2486717_3163,2486717,3163,281,281,2015-02-11,Frank Lampard,GB1,0,0,0,0,10
2486717_3333,2486717,3333,281,1237,2015-02-11,James Milner,GB1,1,0,1,1,90
2460807_26,2460807,26,16,16,2015-02-13,Roman Weidenfeller,L1,0,0,0,0,90
2459785_3170,2459785,3170,1304,1304,2015-02-14,Simon Cziommer,NL1,0,0,0,0,1
2460806_1726,2460806,1726,41,610,2015-02-14,Heiko Westermann,L1,0,0,0,0,90
2460806_2514,2460806,2514,27,985,2015-02-14,Bastian Schweinsteiger,L1,0,0,0,1,90
2460806_532,2460806,532,27,86,2015-02-14,Claudio Pizarro,L1,0,0,0,1,19
2460808_1667,2460808,1667,82,162,2015-02-14,Diego Benaglio,L1,0,0,0,0,90
2460808_3256,2460808,3256,15,15,2015-02-14,Roberto Hilbert,L1,0,0,0,0,90
2460808_691,2460808,691,15,15,2015-02-14,Simon Rolfes,L1,1,0,0,0,45
2460809_1126,2460809,1126,3,3,2015-02-14,Matthias Lehmann,L1,0,0,0,0,90
2460809_568,2460809,568,18,18,2015-02-14,Martin Stranzl,L1,0,0,0,0,1
2460813_1277,2460813,1277,86,86,2015-02-14,Clemens Fritz,L1,0,0,0,0,45
2460813_1791,2460813,1791,167,167,2015-02-14,Halil Altintop,L1,0,0,0,0,72
2460813_1986,2460813,1986,167,167,2015-02-14,Markus Feulner,L1,1,0,0,0,90
2460814_1565,2460814,1565,24,24,2015-02-14,Alexander Meier,L1,0,0,0,0,90
2460814_2767,2460814,2767,24,24,2015-02-14,Alexander Madlung,L1,0,0,0,0,90
2470103_2587,2470103,2587,524,524,2015-02-14,Elyasa Süme,TR1,0,0,0,0,90
2530790_3179,2530790,3179,379,371,2015-02-14,Carlton Cole,FAC,0,0,0,0,22
2460811_1586,2460811,1586,42,42,2015-02-15,Christian Schulz,L1,1,0,0,0,45
2460811_2201,2460811,2201,127,127,2015-02-15,Lukas Kruse,L1,0,0,0,0,90
2460812_1662,2460812,1662,60,33,2015-02-15,Sascha Riether,L1,0,0,0,0,90
2470107_933,2470107,933,2293,2293,2015-02-15,Ugur Inceman,TR1,0,0,0,0,90
2478813_2865,2478813,2865,506,167,2015-02-15,Stephan Lichtsteiner,IT1,1,0,0,0,90
2478814_10,2478814,10,398,398,2015-02-15,Miroslav Klose,IT1,0,0,0,1,75
2478816_3182,2478816,3182,12,12,2015-02-15,Ashley Cole,IT1,0,0,0,0,90
2482348_1423,2482348,1423,855,855,2015-02-15,Lars Jacobsen,FR1,0,0,0,0,90
2518604_2874,2518604,2874,265,265,2015-02-15,Mladen Petric,GR1,0,0,0,0,62
2530788_132,2530788,132,11,11,2015-02-15,Tomas Rosicky,FAC,0,0,0,0,18
2530789_3146,2530789,3146,405,512,2015-02-15,Shay Given,FAC,0,0,0,0,90
2530789_3273,2530789,3273,1003,1003,2015-02-15,Matthew Upson,FAC,0,0,0,0,90
2530789_3296,2530789,3296,1003,1003,2015-02-15,Paul Konchesky,FAC,1,0,0,0,90
2530789_3357,2530789,3357,1003,1003,2015-02-15,Mark Schwarzer,FAC,0,0,0,0,90
2532796_3405,2532796,3405,289,289,2015-02-15,Wes Brown,FAC,0,0,0,0,90
2470104_1792,2470104,1792,141,105,2015-02-16,Hamit Altintop,TR1,0,0,0,0,7
2470110_597,2470110,597,820,2696,2015-02-16,Aleksandr Hleb,TR1,0,0,0,0,25
2532797_3332,2532797,3332,985,985,2015-02-16,Wayne Rooney,FAC,0,0,1,0,90
2517512_3160,2517512,3160,631,631,2015-02-17,John Terry,CL,0,0,0,0,90
2517517_2514,2517517,2514,27,985,2015-02-17,Bastian Schweinsteiger,CL,1,0,0,0,90
2517528_3291,2517528,3291,29,984,2015-02-19,Gareth Barry,EL,0,0,0,1,90
2517530_568,2517530,568,18,18,2015-02-19,Martin Stranzl,EL,1,0,0,0,90
2517531_1667,2517531,1667,82,162,2015-02-19,Diego Benaglio,EL,0,0,0,0,90
2517534_1331,2517534,1331,121,533,2015-02-19,Kevin Kuranyi,EL,0,0,0,0,51
2517537_1423,2517537,1423,855,855,2015-02-19,Lars Jacobsen,EL,0,0,0,0,90
2517539_3321,2517539,3321,234,3725,2015-02-19,Luke Wilkshire,EL,1,0,0,0,30
2460820_26,2460820,26,16,16,2015-02-20,Roman Weidenfeller,L1,0,0,0,0,90
2470239_933,2470239,933,2293,2293,2015-02-20,Ugur Inceman,TR1,0,0,0,0,90
2478818_2865,2478818,2865,506,167,2015-02-20,Stephan Lichtsteiner,IT1,1,0,0,0,25
2482361_65,2482361,65,162,1091,2015-02-20,Dimitar Berbatov,FR1,0,0,0,0,58
2459797_3170,2459797,3170,1304,1304,2015-02-21,Simon Cziommer,NL1,0,0,0,1,25
2460815_1277,2460815,1277,86,86,2015-02-21,Clemens Fritz,L1,0,0,0,0,90
2460817_1565,2460817,1565,24,24,2015-02-21,Alexander Meier,L1,0,0,0,0,90
2460817_2767,2460817,2767,24,24,2015-02-21,Alexander Madlung,L1,0,0,0,0,90
2460818_1791,2460818,1791,167,167,2015-02-21,Halil Altintop,L1,0,0,0,0,90
2460818_3256,2460818,3256,15,15,2015-02-21,Roberto Hilbert,L1,1,0,0,1,16
2460818_691,2460818,691,15,15,2015-02-21,Simon Rolfes,L1,0,0,0,0,90
2460819_1662,2460819,1662,60,33,2015-02-21,Sascha Riether,L1,0,0,0,0,90
2460822_1126,2460822,1126,3,3,2015-02-21,Matthias Lehmann,L1,0,0,0,0,90
2460822_2805,2460822,2805,42,42,2015-02-21,Christian Pander,L1,0,0,0,0,16
2460823_2201,2460823,2201,127,127,2015-02-21,Lukas Kruse,L1,0,0,0,0,90
2470240_2587,2470240,2587,524,524,2015-02-21,Elyasa Süme,TR1,0,0,0,0,90
2470242_1792,2470242,1792,141,105,2015-02-21,Hamit Altintop,TR1,0,0,0,0,90
2486719_3306,2486719,3306,512,1132,2015-02-21,Jonathan Walters,GB1,1,0,0,0,90
2486720_3160,2486720,3160,631,631,2015-02-21,John Terry,GB1,0,0,0,0,90
2486721_132,2486721,132,11,11,2015-02-21,Tomas Rosicky,GB1,0,0,0,0,14
2486721_3276,2486721,3276,873,873,2015-02-21,Shola Ameobi,GB1,0,0,0,0,10
2486723_3235,2486723,3235,1039,1039,2015-02-21,Rio Ferdinand,GB1,0,0,0,0,90
2486723_3292,2486723,3292,1039,1132,2015-02-21,Joey Barton,GB1,0,1,0,0,32
2486724_3163,2486724,3163,281,281,2015-02-21,Frank Lampard,GB1,0,0,0,0,20
2486726_3405,2486726,3405,289,289,2015-02-21,Wes Brown,GB1,0,0,0,0,90
2486727_3332,2486727,3332,985,985,2015-02-21,Wayne Rooney,GB1,0,0,0,0,90
2460816_1667,2460816,1667,82,162,2015-02-22,Diego Benaglio,L1,0,0,0,0,90
2460816_2334,2460816,2334,44,44,2015-02-22,Marcel Ndjeng,L1,0,0,0,0,73
2460821_1726,2460821,1726,41,610,2015-02-22,Heiko Westermann,L1,0,0,0,0,5
2460821_568,2460821,568,18,18,2015-02-22,Martin Stranzl,L1,0,0,0,0,90
2470246_597,2470246,597,820,2696,2015-02-22,Aleksandr Hleb,TR1,0,0,0,0,11
2478823_10,2478823,10,398,398,2015-02-22,Miroslav Klose,IT1,0,0,0,0,74
2478824_3182,2478824,3182,12,12,2015-02-22,Ashley Cole,IT1,1,0,0,0,90
2486722_2998,2486722,2998,1003,1003,2015-02-22,Robert Huth,GB1,0,0,0,0,90
2486722_3273,2486722,3273,1003,1003,2015-02-22,Matthew Upson,GB1,0,0,0,0,90
2486722_3296,2486722,3296,1003,1003,2015-02-22,Paul Konchesky,GB1,0,0,0,0,90
2486722_3357,2486722,3357,1003,1003,2015-02-22,Mark Schwarzer,GB1,0,0,0,0,90
2486728_3179,2486728,3179,379,371,2015-02-22,Carlton Cole,GB1,0,0,0,0,19
2518618_2874,2518618,2874,265,265,2015-02-22,Mladen Petric,GR1,0,0,1,0,90
2518618_3201,2518618,3201,265,265,2015-02-22,Stathis Tavlaridis,GR1,1,0,0,0,90
2532451_1443,2532451,1443,190,190,2015-02-22,Christian Poulsen,DK1,0,0,0,0,13
2517513_2963,2517513,2963,281,714,2015-02-24,Martín Demichelis,CL,0,0,0,0,90
2517513_3333,2517513,3333,281,1237,2015-02-24,James Milner,CL,0,0,0,0,90
2517515_2150,2517515,2150,16,16,2015-02-24,Oliver Kirch,CL,0,0,0,0,45
2517515_26,2517515,26,16,16,2015-02-24,Roman Weidenfeller,CL,0,0,0,0,90
2517515_2865,2517515,2865,506,167,2015-02-24,Stephan Lichtsteiner,CL,0,0,0,0,90
2517514_3256,2517514,3256,15,15,2015-02-25,Roberto Hilbert,CL,0,0,0,0,90
2517514_691,2517514,691,15,15,2015-02-25,Simon Rolfes,CL,0,0,0,0,22
2517518_132,2517518,132,11,11,2015-02-25,Tomas Rosicky,CL,0,0,0,0,8
2517518_65,2517518,65,162,1091,2015-02-25,Dimitar Berbatov,CL,0,0,1,0,75
2517545_3202,2517545,3202,31,371,2015-02-26,Kolo Touré,EL,0,0,0,0,120
2531136_568,2531136,568,18,18,2015-02-26,Martin Stranzl,EL,0,0,0,0,90
2531138_1331,2531138,1331,121,533,2015-02-26,Kevin Kuranyi,EL,0,0,1,0,6
2531139_1423,2531139,1423,855,855,2015-02-26,Lars Jacobsen,EL,0,0,0,0,90
2531143_3291,2531143,3291,29,984,2015-02-26,Gareth Barry,EL,0,0,0,0,90
2531145_1667,2531145,1667,82,162,2015-02-26,Diego Benaglio,EL,0,0,0,0,90
2460824_1126,2460824,1126,3,3,2015-02-27,Matthias Lehmann,L1,0,0,0,1,90
2460824_2514,2460824,2514,27,985,2015-02-27,Bastian Schweinsteiger,L1,0,0,1,1,78
2470253_1792,2470253,1792,141,105,2015-02-27,Hamit Altintop,TR1,1,0,0,0,90
2459806_3170,2459806,3170,1304,1304,2015-02-28,Simon Cziommer,NL1,0,0,0,0,45
2460825_2150,2460825,2150,16,16,2015-02-28,Oliver Kirch,L1,0,0,0,0,90
2460825_26,2460825,26,16,16,2015-02-28,Roman Weidenfeller,L1,0,0,0,0,90
2460825_410,2460825,410,16,16,2015-02-28,Sebastian Kehl,L1,0,0,0,0,3
2460826_1662,2460826,1662,60,33,2015-02-28,Sascha Riether,L1,0,0,0,0,90
2460826_3256,2460826,3256,15,15,2015-02-28,Roberto Hilbert,L1,0,0,0,0,90
2460826_691,2460826,691,15,15,2015-02-28,Simon Rolfes,L1,0,0,1,0,90
2460829_1586,2460829,1586,42,42,2015-02-28,Christian Schulz,L1,0,0,0,0,90
2460830_1791,2460830,1791,167,167,2015-02-28,Halil Altintop,L1,0,0,0,0,90
2460830_1986,2460830,1986,167,167,2015-02-28,Markus Feulner,L1,1,0,0,0,90
2460830_2334,2460830,2334,44,44,2015-02-28,Marcel Ndjeng,L1,0,0,0,0,33
2460832_1565,2460832,1565,24,24,2015-02-28,Alexander Meier,L1,0,0,2,0,90
2460832_2767,2460832,2767,24,24,2015-02-28,Alexander Madlung,L1,1,0,0,0,90
2470252_933,2470252,933,2293,2293,2015-02-28,Ugur Inceman,TR1,0,0,0,0,90
2470254_597,2470254,597,820,2696,2015-02-28,Aleksandr Hleb,TR1,0,0,0,0,17
2486733_3332,2486733,3332,985,985,2015-02-28,Wayne Rooney,GB1,0,0,2,0,86
2486733_3405,2486733,3405,289,289,2015-02-28,Wes Brown,GB1,0,1,0,0,65
2486736_3306,2486736,3306,512,1132,2015-02-28,Jonathan Walters,GB1,0,0,0,0,90
2486738_3276,2486738,3276,873,873,2015-02-28,Shola Ameobi,GB1,0,0,0,0,18
2460827_2201,2460827,2201,127,127,2015-03-01,Lukas Kruse,L1,0,0,0,0,90
2460827_568,2460827,568,18,18,2015-03-01,Martin Stranzl,L1,0,0,0,0,90
2460831_1277,2460831,1277,86,86,2015-03-01,Clemens Fritz,L1,0,0,0,0,77
2460831_1667,2460831,1667,82,162,2015-03-01,Diego Benaglio,L1,0,0,0,0,90
2470250_2587,2470250,2587,524,524,2015-03-01,Elyasa Süme,TR1,1,0,0,0,90
2478832_10,2478832,10,398,398,2015-03-01,Miroslav Klose,IT1,0,0,1,0,25
2482368_1423,2482368,1423,855,855,2015-03-01,Lars Jacobsen,FR1,1,0,0,0,90
2482371_65,2482371,65,162,1091,2015-03-01,Dimitar Berbatov,FR1,0,0,0,0,24
2486729_132,2486729,132,11,11,2015-03-01,Tomas Rosicky,GB1,0,0,1,0,8
2486729_3291,2486729,3291,29,984,2015-03-01,Gareth Barry,GB1,0,0,0,0,84
2486732_3163,2486732,3163,281,281,2015-03-01,Frank Lampard,GB1,0,0,0,0,7
2486732_3202,2486732,3202,31,371,2015-03-01,Kolo Touré,GB1,0,0,0,0,7
2486732_3333,2486732,3333,281,1237,2015-03-01,James Milner,GB1,1,0,0,0,32
2478831_2865,2478831,2865,506,167,2015-03-02,Stephan Lichtsteiner,IT1,0,0,0,0,90
2486740_3405,2486740,3405,289,289,2015-03-03,Wes Brown,GB1,1,0,0,0,90
2486742_3276,2486742,3276,873,873,2015-03-03,Shola Ameobi,GB1,0,0,0,0,6
2507893_3256,2507893,3256,15,15,2015-03-03,Roberto Hilbert,DFB,0,0,0,0,74
2507893_691,2507893,691,15,15,2015-03-03,Simon Rolfes,DFB,0,0,0,0,120
2507899_2150,2507899,2150,16,16,2015-03-03,Oliver Kirch,DFB,0,0,0,0,90
2507899_410,2507899,410,16,16,2015-03-03,Sebastian Kehl,DFB,0,0,0,0,90
2507900_1126,2507900,1126,3,3,2015-03-03,Matthias Lehmann,DFB,1,0,0,0,90
2507900_1662,2507900,1662,60,33,2015-03-03,Sascha Riether,DFB,0,0,0,0,1
2537256_2138,2537256,2138,3729,40426,2015-03-03,Mladen Kascelan,RUP,0,0,0,0,120
2486741_132,2486741,132,11,11,2015-03-04,Tomas Rosicky,GB1,0,0,0,0,87
2486743_3160,2486743,3160,631,631,2015-03-04,John Terry,GB1,1,0,0,0,90
2486744_3202,2486744,3202,31,371,2015-03-04,Kolo Touré,GB1,0,0,0,0,17
2486745_2963,2486745,2963,281,714,2015-03-04,Martín Demichelis,GB1,0,0,0,0,90
2486745_2998,2486745,2998,1003,1003,2015-03-04,Robert Huth,GB1,0,0,0,0,90
2486745_3163,2486745,3163,281,281,2015-03-04,Frank Lampard,GB1,0,0,0,0,11
2486745_3273,2486745,3273,1003,1003,2015-03-04,Matthew Upson,GB1,0,0,0,0,90
2486745_3296,2486745,3296,1003,1003,2015-03-04,Paul Konchesky,GB1,1,0,0,0,57
2486745_3333,2486745,3333,281,1237,2015-03-04,James Milner,GB1,0,0,1,0,18
2486745_3357,2486745,3357,1003,1003,2015-03-04,Mark Schwarzer,GB1,0,0,0,0,90
2486746_3332,2486746,3332,985,985,2015-03-04,Wayne Rooney,GB1,0,0,0,0,90
2486747_3291,2486747,3291,29,984,2015-03-04,Gareth Barry,GB1,1,0,0,0,60
2486747_3306,2486747,3306,512,1132,2015-03-04,Jonathan Walters,GB1,1,0,0,0,90
2507894_568,2507894,568,18,18,2015-03-04,Martin Stranzl,DFB,0,0,0,0,90
2507895_2514,2507895,2514,27,985,2015-03-04,Bastian Schweinsteiger,DFB,1,0,0,0,77
2507897_1667,2507897,1667,82,162,2015-03-04,Diego Benaglio,DFB,0,0,0,0,90
2507898_1277,2507898,1277,86,86,2015-03-04,Clemens Fritz,DFB,2,0,1,0,89
2532968_10,2532968,10,398,398,2015-03-04,Miroslav Klose,CIT,1,0,1,0,82
2515952_1443,2515952,1443,190,190,2015-03-05,Christian Poulsen,DKP,0,0,0,0,76
2459813_3170,2459813,3170,1304,1304,2015-03-07,Simon Cziommer,NL1,0,0,0,0,45
2460834_568,2460834,568,18,18,2015-03-07,Martin Stranzl,L1,0,0,0,0,71
2460835_1667,2460835,1667,82,162,2015-03-07,Diego Benaglio,L1,0,0,0,0,90
2460835_1791,2460835,1791,167,167,2015-03-07,Halil Altintop,L1,0,0,0,0,90
2460835_1986,2460835,1986,167,167,2015-03-07,Markus Feulner,L1,0,0,0,0,90
2460836_1586,2460836,1586,42,42,2015-03-07,Christian Schulz,L1,0,0,0,0,90
2460836_2514,2460836,2514,27,985,2015-03-07,Bastian Schweinsteiger,L1,0,0,0,0,22
2460837_1277,2460837,1277,86,86,2015-03-07,Clemens Fritz,L1,0,0,0,0,90
2460839_1726,2460839,1726,41,610,2015-03-07,Heiko Westermann,L1,0,0,0,0,90
2460839_2150,2460839,2150,16,16,2015-03-07,Oliver Kirch,L1,0,0,0,0,90
2460839_26,2460839,26,16,16,2015-03-07,Roman Weidenfeller,L1,0,0,0,0,90
2470265_597,2470265,597,820,2696,2015-03-07,Aleksandr Hleb,TR1,0,0,1,0,78
2482381_65,2482381,65,162,1091,2015-03-07,Dimitar Berbatov,FR1,0,0,1,0,71
2486735_3235,2486735,3235,1039,1039,2015-03-07,Rio Ferdinand,GB1,0,0,0,0,90
2540193_3146,2540193,3146,405,512,2015-03-07,Shay Given,FAC,0,0,0,0,90
2460840_1126,2460840,1126,3,3,2015-03-08,Matthias Lehmann,L1,0,0,0,0,90
2460840_1565,2460840,1565,24,24,2015-03-08,Alexander Meier,L1,0,0,2,0,90
2460840_2767,2460840,2767,24,24,2015-03-08,Alexander Madlung,L1,0,0,0,0,6
2460841_2201,2460841,2201,127,127,2015-03-08,Lukas Kruse,L1,0,0,0,0,90
2460841_3256,2460841,3256,15,15,2015-03-08,Roberto Hilbert,L1,0,0,0,0,90
2460841_691,2460841,691,15,15,2015-03-08,Simon Rolfes,L1,0,0,0,0,12
2470257_2587,2470257,2587,524,524,2015-03-08,Elyasa Süme,TR1,1,0,0,0,90
2470260_1792,2470260,1792,141,105,2015-03-08,Hamit Altintop,TR1,0,0,0,0,89
2470261_933,2470261,933,2293,2293,2015-03-08,Ugur Inceman,TR1,0,0,0,0,90
2478845_3182,2478845,3182,12,12,2015-03-08,Ashley Cole,IT1,0,0,0,0,90
2482377_1423,2482377,1423,855,855,2015-03-08,Lars Jacobsen,FR1,0,0,0,0,90
2518636_2874,2518636,2874,265,265,2015-03-08,Mladen Petric,GR1,0,0,0,0,66
2518636_3201,2518636,3201,265,265,2015-03-08,Stathis Tavlaridis,GR1,0,0,0,0,90
2532462_1443,2532462,1443,190,190,2015-03-08,Christian Poulsen,DK1,0,0,0,0,6
2537192_1331,2537192,1331,121,533,2015-03-08,Kevin Kuranyi,RU1,0,0,1,0,27
2540194_3202,2540194,3202,31,371,2015-03-08,Kolo Touré,FAC,0,0,0,0,79
2478840_10,2478840,10,398,398,2015-03-09,Miroslav Klose,IT1,0,0,2,0,90
2478846_2865,2478846,2865,506,167,2015-03-09,Stephan Lichtsteiner,IT1,0,0,0,0,90
2537195_2138,2537195,2138,3729,40426,2015-03-09,Mladen Kascelan,RU1,1,0,0,0,90
2540195_3332,2540195,3332,985,985,2015-03-09,Wayne Rooney,FAC,0,0,1,0,90
2517520_3160,2517520,3160,631,631,2015-03-11,John Terry,CL,0,0,0,0,120
2517525_2514,2517525,2514,27,985,2015-03-11,Bastian Schweinsteiger,CL,0,0,0,1,90
2538955_3291,2538955,3291,29,984,2015-03-12,Gareth Barry,EL,0,0,0,0,90
2538958_1667,2538958,1667,82,162,2015-03-12,Diego Benaglio,EL,0,0,0,0,90
2538960_1331,2538960,1331,121,533,2015-03-12,Kevin Kuranyi,EL,0,0,1,0,62
2460843_3256,2460843,3256,15,15,2015-03-13,Roberto Hilbert,L1,1,0,0,1,63
2460843_691,2460843,691,15,15,2015-03-13,Simon Rolfes,L1,0,0,0,0,90
2470273_933,2470273,933,2293,2293,2015-03-13,Ugur Inceman,TR1,0,0,0,0,90
2482385_65,2482385,65,162,1091,2015-03-13,Dimitar Berbatov,FR1,0,0,0,0,27
2482388_1423,2482388,1423,855,855,2015-03-13,Lars Jacobsen,FR1,0,0,0,0,90
2460842_1126,2460842,1126,3,3,2015-03-14,Matthias Lehmann,L1,0,0,0,0,90
2460842_2150,2460842,2150,16,16,2015-03-14,Oliver Kirch,L1,0,0,0,0,90
2460842_26,2460842,26,16,16,2015-03-14,Roman Weidenfeller,L1,0,0,0,0,90
2460842_410,2460842,410,16,16,2015-03-14,Sebastian Kehl,L1,0,0,0,0,90
2460846_1791,2460846,1791,167,167,2015-03-14,Halil Altintop,L1,0,0,0,0,78
2460846_1986,2460846,1986,167,167,2015-03-14,Markus Feulner,L1,0,0,0,0,90
2460847_1726,2460847,1726,41,610,2015-03-14,Heiko Westermann,L1,0,0,0,0,70
2460847_1784,2460847,1784,41,39,2015-03-14,René Adler,L1,0,0,0,0,68
2460849_1277,2460849,1277,86,86,2015-03-14,Clemens Fritz,L1,0,0,0,0,90
2460849_2219,2460849,2219,27,27,2015-03-14,Philipp Lahm,L1,0,0,0,0,8
2460849_2514,2460849,2514,27,985,2015-03-14,Bastian Schweinsteiger,L1,0,0,0,0,90
2460850_1565,2460850,1565,24,24,2015-03-14,Alexander Meier,L1,0,0,1,1,90
2460850_2050,2460850,2050,24,24,2015-03-14,Nelson Valdez,L1,1,0,1,0,16
2460850_2201,2460850,2201,127,127,2015-03-14,Lukas Kruse,L1,0,0,0,0,90
2460850_2453,2460850,2453,127,127,2015-03-14,Mahir Saglik,L1,0,0,0,0,45
2460850_2767,2460850,2767,24,24,2015-03-14,Alexander Madlung,L1,0,0,0,0,90
2470266_1792,2470266,1792,141,105,2015-03-14,Hamit Altintop,TR1,0,0,0,0,90
2478851_2865,2478851,2865,506,167,2015-03-14,Stephan Lichtsteiner,IT1,1,0,0,0,90
2486750_2963,2486750,2963,281,714,2015-03-14,Martín Demichelis,GB1,1,0,0,0,90
2486750_3163,2486750,3163,281,281,2015-03-14,Frank Lampard,GB1,0,0,0,0,9
2486754_2998,2486754,2998,1003,1003,2015-03-14,Robert Huth,GB1,0,0,0,0,90
2486754_3273,2486754,3273,1003,1003,2015-03-14,Matthew Upson,GB1,0,0,0,0,90
2486754_3357,2486754,3357,1003,1003,2015-03-14,Mark Schwarzer,GB1,0,0,0,0,90
2486756_3405,2486756,3405,289,289,2015-03-14,Wes Brown,GB1,0,0,0,0,90
2486758_3306,2486758,3306,512,1132,2015-03-14,Jonathan Walters,GB1,0,0,0,0,68
2518640_2874,2518640,2874,265,265,2015-03-14,Mladen Petric,GR1,0,0,0,0,90
2518640_3201,2518640,3201,265,265,2015-03-14,Stathis Tavlaridis,GR1,0,0,0,0,90
2537210_2138,2537210,2138,3729,40426,2015-03-14,Mladen Kascelan,RU1,0,0,0,0,90
2459827_3170,2459827,3170,1304,1304,2015-03-15,Simon Cziommer,NL1,0,0,0,0,90
2460844_1662,2460844,1662,60,33,2015-03-15,Sascha Riether,L1,0,0,0,0,90
2460844_1667,2460844,1667,82,162,2015-03-15,Diego Benaglio,L1,0,0,0,0,90
2460845_1586,2460845,1586,42,42,2015-03-15,Christian Schulz,L1,0,0,0,0,90
2460845_568,2460845,568,18,18,2015-03-15,Martin Stranzl,L1,1,0,0,0,90
2470269_597,2470269,597,820,2696,2015-03-15,Aleksandr Hleb,TR1,0,0,0,0,80
2486751_3160,2486751,3160,631,631,2015-03-15,John Terry,GB1,0,0,0,0,90
2486755_3332,2486755,3332,985,985,2015-03-15,Wayne Rooney,GB1,0,0,1,0,90
2532469_1443,2532469,1443,190,190,2015-03-15,Christian Poulsen,DK1,0,0,0,0,28
2537211_1331,2537211,1331,121,533,2015-03-15,Kevin Kuranyi,RU1,0,0,0,0,90
2470268_2587,2470268,2587,524,524,2015-03-16,Elyasa Süme,TR1,0,0,0,0,90
2478852_10,2478852,10,398,398,2015-03-16,Miroslav Klose,IT1,0,0,0,1,90
2486757_3109,2486757,3109,31,31,2015-03-16,Steven Gerrard,GB1,0,0,0,0,26
2517522_3256,2517522,3256,15,15,2015-03-17,Roberto Hilbert,CL,0,0,0,0,120
2517522_691,2517522,691,15,15,2015-03-17,Simon Rolfes,CL,0,0,0,0,43
2517526_65,2517526,65,162,1091,2015-03-17,Dimitar Berbatov,CL,0,0,0,0,70
2517521_2963,2517521,2963,281,714,2015-03-18,Martín Demichelis,CL,1,0,0,0,90
2517521_3163,2517521,3163,281,281,2015-03-18,Frank Lampard,CL,0,0,0,0,3
2517521_3333,2517521,3333,281,1237,2015-03-18,James Milner,CL,0,0,0,0,87
2517523_2150,2517523,2150,16,16,2015-03-18,Oliver Kirch,CL,0,0,0,0,45
2517523_26,2517523,26,16,16,2015-03-18,Roman Weidenfeller,CL,0,0,0,0,90
2517523_2865,2517523,2865,506,167,2015-03-18,Stephan Lichtsteiner,CL,0,0,0,0,90
2518627_2874,2518627,2874,265,265,2015-03-18,Mladen Petric,GR1,0,0,0,0,68
2518627_3201,2518627,3201,265,265,2015-03-18,Stathis Tavlaridis,GR1,0,0,0,0,90
2538963_3291,2538963,3291,29,984,2015-03-19,Gareth Barry,EL,0,0,0,0,90
2538966_1667,2538966,1667,82,162,2015-03-19,Diego Benaglio,EL,0,0,0,0,90
2538968_1331,2538968,1331,121,533,2015-03-19,Kevin Kuranyi,EL,0,0,0,0,90
2460857_1726,2460857,1726,41,610,2015-03-20,Heiko Westermann,L1,0,0,0,0,90
2460857_1784,2460857,1784,41,39,2015-03-20,René Adler,L1,0,0,0,0,90
2470276_933,2470276,933,2293,2293,2015-03-20,Ugur Inceman,TR1,0,0,0,1,88
2459832_3170,2459832,3170,1304,1304,2015-03-21,Simon Cziommer,NL1,0,0,0,0,80
2460852_3256,2460852,3256,15,15,2015-03-21,Roberto Hilbert,L1,1,0,0,0,90
2460852_691,2460852,691,15,15,2015-03-21,Simon Rolfes,L1,0,0,0,1,90
2460854_1586,2460854,1586,42,42,2015-03-21,Christian Schulz,L1,0,0,0,0,72
2460854_2150,2460854,2150,16,16,2015-03-21,Oliver Kirch,L1,0,0,0,0,58
2460854_26,2460854,26,16,16,2015-03-21,Roman Weidenfeller,L1,0,0,0,0,90
2460854_410,2460854,410,16,16,2015-03-21,Sebastian Kehl,L1,0,0,0,0,90
2460855_1662,2460855,1662,60,33,2015-03-21,Sascha Riether,L1,1,0,0,0,90
2460855_1986,2460855,1986,167,167,2015-03-21,Markus Feulner,L1,0,0,0,0,90
2460856_1565,2460856,1565,24,24,2015-03-21,Alexander Meier,L1,0,0,0,0,90
2460856_2767,2460856,2767,24,24,2015-03-21,Alexander Madlung,L1,1,0,0,0,90
2460858_1126,2460858,1126,3,3,2015-03-21,Matthias Lehmann,L1,1,0,1,0,90
2460858_1277,2460858,1277,86,86,2015-03-21,Clemens Fritz,L1,1,0,0,0,90
2460859_2201,2460859,2201,127,127,2015-03-21,Lukas Kruse,L1,0,0,0,0,90
2460859_2453,2460859,2453,127,127,2015-03-21,Mahir Saglik,L1,0,0,0,0,13
2470278_1792,2470278,1792,141,105,2015-03-21,Hamit Altintop,TR1,0,0,0,0,90
2470280_2587,2470280,2587,524,524,2015-03-21,Elyasa Süme,TR1,0,0,0,0,90
2482396_1423,2482396,1423,855,855,2015-03-21,Lars Jacobsen,FR1,0,0,0,0,90
2486762_3163,2486762,3163,281,281,2015-03-21,Frank Lampard,GB1,0,0,0,0,65
2486762_3333,2486762,3333,281,1237,2015-03-21,James Milner,GB1,0,0,0,0,9
2486763_132,2486763,132,11,11,2015-03-21,Tomas Rosicky,GB1,0,0,0,0,19
2486766_3276,2486766,3276,873,873,2015-03-21,Shola Ameobi,GB1,0,0,0,0,4
2486766_3306,2486766,3306,512,1132,2015-03-21,Jonathan Walters,GB1,0,0,0,0,12
2486767_2998,2486767,2998,1003,1003,2015-03-21,Robert Huth,GB1,0,0,0,0,76
2486767_3273,2486767,3273,1003,1003,2015-03-21,Matthew Upson,GB1,0,0,0,0,45
2486768_3179,2486768,3179,379,371,2015-03-21,Carlton Cole,GB1,0,0,0,0,45
2486768_3405,2486768,3405,289,289,2015-03-21,Wes Brown,GB1,0,0,0,0,12
2460851_2219,2460851,2219,27,27,2015-03-22,Philipp Lahm,L1,0,0,0,0,20
2460851_2514,2460851,2514,27,985,2015-03-22,Bastian Schweinsteiger,L1,0,0,0,0,90
2460851_568,2460851,568,18,18,2015-03-22,Martin Stranzl,L1,0,0,0,0,90
2460853_1667,2460853,1667,82,162,2015-03-22,Diego Benaglio,L1,0,0,0,0,90
2470283_597,2470283,597,820,2696,2015-03-22,Aleksandr Hleb,TR1,0,0,0,0,90
2478861_2865,2478861,2865,506,167,2015-03-22,Stephan Lichtsteiner,IT1,0,0,0,0,72
2478862_10,2478862,10,398,398,2015-03-22,Miroslav Klose,IT1,0,0,0,0,79
2486760_3160,2486760,3160,631,631,2015-03-22,John Terry,GB1,0,0,0,0,90
2486761_3109,2486761,3109,31,31,2015-03-22,Steven Gerrard,GB1,0,1,0,0,1
2486761_3332,2486761,3332,985,985,2015-03-22,Wayne Rooney,GB1,0,0,0,0,90
2486764_3292,2486764,3292,1039,1132,2015-03-22,Joey Barton,GB1,0,0,0,0,90
2518654_2874,2518654,2874,265,265,2015-03-22,Mladen Petric,GR1,0,0,0,0,90
2518654_3201,2518654,3201,265,265,2015-03-22,Stathis Tavlaridis,GR1,1,0,0,0,90
2482413_65,2482413,65,162,1091,2015-04-03,Dimitar Berbatov,FR1,0,0,0,0,83
2459841_3170,2459841,3170,1304,1304,2015-04-04,Simon Cziommer,NL1,0,0,0,0,45
2460860_2219,2460860,2219,27,27,2015-04-04,Philipp Lahm,L1,0,0,0,0,69
2460860_2514,2460860,2514,27,985,2015-04-04,Bastian Schweinsteiger,L1,1,0,0,0,58
2460860_26,2460860,26,16,16,2015-04-04,Roman Weidenfeller,L1,0,0,0,0,90
2460861_1726,2460861,1726,41,610,2015-04-04,Heiko Westermann,L1,1,0,0,0,90
2460861_1784,2460861,1784,41,39,2015-04-04,René Adler,L1,0,0,0,0,90
2460861_691,2460861,691,15,15,2015-04-04,Simon Rolfes,L1,0,0,0,0,90
2460862_1667,2460862,1667,82,162,2015-04-04,Diego Benaglio,L1,0,0,0,0,90
2460867_1565,2460867,1565,24,24,2015-04-04,Alexander Meier,L1,0,0,0,0,90
2460867_1586,2460867,1586,42,42,2015-04-04,Christian Schulz,L1,0,0,0,0,90
2460867_2050,2460867,2050,24,24,2015-04-04,Nelson Valdez,L1,0,0,0,0,6
2460867_2767,2460867,2767,24,24,2015-04-04,Alexander Madlung,L1,0,0,1,0,90
2460867_3114,2460867,3114,42,42,2015-04-04,Jan Schlaudraff,L1,0,0,0,0,22
2460868_1126,2460868,1126,3,3,2015-04-04,Matthias Lehmann,L1,0,0,0,0,90
2460868_1662,2460868,1662,60,33,2015-04-04,Sascha Riether,L1,1,0,0,0,90
2470286_597,2470286,597,820,2696,2015-04-04,Aleksandr Hleb,TR1,0,0,0,2,90
2475466_2923,2475466,2923,3368,3368,2015-04-04,Andreas Ivanschitz,ES1,0,0,0,2,90
2478870_2865,2478870,2865,506,167,2015-04-04,Stephan Lichtsteiner,IT1,0,0,0,0,90
2478871_10,2478871,10,398,398,2015-04-04,Miroslav Klose,IT1,0,0,1,0,81
2482409_1423,2482409,1423,855,855,2015-04-04,Lars Jacobsen,FR1,0,0,0,0,31
2486769_3202,2486769,3202,31,371,2015-04-04,Kolo Touré,GB1,0,0,0,0,90
2486771_3160,2486771,3160,631,631,2015-04-04,John Terry,GB1,0,0,0,0,90
2486771_3306,2486771,3306,512,1132,2015-04-04,Jonathan Walters,GB1,0,0,0,1,90
2486773_3291,2486773,3291,29,984,2015-04-04,Gareth Barry,GB1,0,0,0,1,90
2486774_2998,2486774,2998,1003,1003,2015-04-04,Robert Huth,GB1,0,0,0,0,90
2486774_3179,2486774,3179,379,371,2015-04-04,Carlton Cole,GB1,0,0,0,0,10
2486775_3332,2486775,3332,985,985,2015-04-04,Wayne Rooney,GB1,0,0,1,0,90
2486778_3292,2486778,3292,1039,1132,2015-04-04,Joey Barton,GB1,1,0,1,0,90
2518658_2874,2518658,2874,265,265,2015-04-04,Mladen Petric,GR1,0,0,0,0,90
2518658_3201,2518658,3201,265,265,2015-04-04,Stathis Tavlaridis,GR1,1,0,0,0,90
2550036_1331,2550036,1331,121,533,2015-04-04,Kevin Kuranyi,RU1,0,0,1,0,72
2460863_1986,2460863,1986,167,167,2015-04-05,Markus Feulner,L1,0,0,0,0,79
2460865_2201,2460865,2201,127,127,2015-04-05,Lukas Kruse,L1,0,0,0,0,90
2460865_2334,2460865,2334,44,44,2015-04-05,Marcel Ndjeng,L1,0,0,0,0,1
2470285_2587,2470285,2587,524,524,2015-04-05,Elyasa Süme,TR1,0,0,0,0,90
2470290_933,2470290,933,2293,2293,2015-04-05,Ugur Inceman,TR1,0,0,0,0,90
2470291_1792,2470291,1792,141,105,2015-04-05,Hamit Altintop,TR1,0,0,0,0,90
2550042_2138,2550042,2138,3729,40426,2015-04-05,Mladen Kascelan,RU1,0,0,0,0,90
2486772_2963,2486772,2963,281,714,2015-04-06,Martín Demichelis,GB1,1,0,0,0,90
2486772_3163,2486772,3163,281,281,2015-04-06,Frank Lampard,GB1,0,0,0,0,24
2486772_3333,2486772,3333,281,1237,2015-04-06,James Milner,GB1,0,0,0,0,2
2532481_1443,2532481,1443,190,190,2015-04-06,Christian Poulsen,DK1,0,0,0,0,90
2482350_65,2482350,65,162,1091,2015-04-07,Dimitar Berbatov,FR1,0,0,0,0,29
2486790_3292,2486790,3292,1039,1132,2015-04-07,Joey Barton,GB1,0,0,0,0,90
2544475_410,2544475,410,16,16,2015-04-07,Sebastian Kehl,DFB,1,0,1,0,58
2544476_1667,2544476,1667,82,162,2015-04-07,Diego Benaglio,DFB,0,0,0,0,90
2532970_10,2532970,10,398,398,2015-04-08,Miroslav Klose,CIT,0,0,0,0,90
2544474_2219,2544474,2219,27,27,2015-04-08,Philipp Lahm,DFB,0,0,0,0,68
2544474_3256,2544474,3256,15,15,2015-04-08,Roberto Hilbert,DFB,0,0,0,0,120
2544474_691,2544474,691,15,15,2015-04-08,Simon Rolfes,DFB,0,0,0,0,99
2545446_3202,2545446,3202,31,371,2015-04-08,Kolo Touré,FAC,0,0,0,0,62
2551059_1331,2551059,1331,121,533,2015-04-08,Kevin Kuranyi,RU1,0,0,0,0,90
2551060_2138,2551060,2138,3729,40426,2015-04-09,Mladen Kascelan,RU1,1,0,0,0,90
2460873_1586,2460873,1586,42,42,2015-04-10,Christian Schulz,L1,1,0,1,0,90
2459851_3170,2459851,3170,1304,1304,2015-04-11,Simon Cziommer,NL1,0,0,0,0,71
2460869_2050,2460869,2050,24,24,2015-04-11,Nelson Valdez,L1,0,0,0,0,71
2460869_2219,2460869,2219,27,27,2015-04-11,Philipp Lahm,L1,0,0,0,0,78
2460869_2767,2460869,2767,24,24,2015-04-11,Alexander Madlung,L1,1,0,0,0,90
2460870_1662,2460870,1662,60,33,2015-04-11,Sascha Riether,L1,0,0,0,0,90
2460871_26,2460871,26,16,16,2015-04-11,Roman Weidenfeller,L1,0,0,0,0,90
2460871_410,2460871,410,16,16,2015-04-11,Sebastian Kehl,L1,0,0,0,0,90
2460872_3256,2460872,3256,15,15,2015-04-11,Roberto Hilbert,L1,0,0,0,1,90
2460872_691,2460872,691,15,15,2015-04-11,Simon Rolfes,L1,0,0,0,0,45
2460875_1667,2460875,1667,82,162,2015-04-11,Diego Benaglio,L1,0,0,0,0,90
2460875_1726,2460875,1726,41,610,2015-04-11,Heiko Westermann,L1,0,0,0,0,90
2460875_1784,2460875,1784,41,39,2015-04-11,René Adler,L1,0,0,0,0,90
2460877_2201,2460877,2201,127,127,2015-04-11,Lukas Kruse,L1,0,0,0,0,90
2478883_2865,2478883,2865,506,167,2015-04-11,Stephan Lichtsteiner,IT1,0,0,0,0,90
2486785_3291,2486785,3291,29,984,2015-04-11,Gareth Barry,GB1,0,0,0,0,90
2486787_2998,2486787,2998,1003,1003,2015-04-11,Robert Huth,GB1,1,0,1,0,90
2486788_3179,2486788,3179,379,371,2015-04-11,Carlton Cole,GB1,1,0,0,0,31
2486788_3306,2486788,3306,512,1132,2015-04-11,Jonathan Walters,GB1,0,0,0,0,90
2460874_1277,2460874,1277,86,86,2015-04-12,Clemens Fritz,L1,0,0,0,1,80
2460876_1126,2460876,1126,3,3,2015-04-12,Matthias Lehmann,L1,1,0,1,0,90
2478880_10,2478880,10,398,398,2015-04-12,Miroslav Klose,IT1,1,0,1,1,60
2482416_1423,2482416,1423,855,855,2015-04-12,Lars Jacobsen,FR1,0,0,0,0,90
2486781_2963,2486781,2963,281,714,2015-04-12,Martín Demichelis,GB1,0,0,0,0,90
2486781_3163,2486781,3163,281,281,2015-04-12,Frank Lampard,GB1,0,0,0,0,16
2486781_3332,2486781,3332,985,985,2015-04-12,Wayne Rooney,GB1,0,0,0,1,90
2486781_3333,2486781,3333,281,1237,2015-04-12,James Milner,GB1,1,0,0,0,63
2486782_3160,2486782,3160,631,631,2015-04-12,John Terry,GB1,0,0,0,0,90
2486782_3292,2486782,3292,1039,1132,2015-04-12,Joey Barton,GB1,0,0,0,0,90
2551368_2138,2551368,2138,3729,40426,2015-04-12,Mladen Kascelan,RU1,0,0,0,0,90
2551369_1331,2551369,1331,121,533,2015-04-12,Kevin Kuranyi,RU1,0,0,1,0,89
2475485_2923,2475485,2923,3368,3368,2015-04-13,Andreas Ivanschitz,ES1,0,0,0,0,74
2532489_1443,2532489,1443,190,190,2015-04-13,Christian Poulsen,DK1,0,0,1,0,90
2547352_2865,2547352,2865,506,167,2015-04-14,Stephan Lichtsteiner,CL,0,0,0,0,90
2547352_65,2547352,65,162,1091,2015-04-14,Dimitar Berbatov,CL,0,0,0,0,19
2547351_2219,2547351,2219,27,27,2015-04-15,Philipp Lahm,CL,1,0,0,0,90
2544482_1443,2544482,1443,190,190,2015-04-16,Christian Poulsen,DKP,0,0,0,0,6
2547356_1667,2547356,1667,82,162,2015-04-16,Diego Benaglio,EL,0,0,0,0,90
2460885_2050,2460885,2050,24,24,2015-04-17,Nelson Valdez,L1,0,0,0,0,81
2460885_2767,2460885,2767,24,24,2015-04-17,Alexander Madlung,L1,0,0,0,0,90
2470297_2587,2470297,2587,524,524,2015-04-17,Elyasa Süme,TR1,0,0,0,0,90
2470297_933,2470297,933,2293,2293,2015-04-17,Ugur Inceman,TR1,0,0,0,0,78
2460878_2201,2460878,2201,127,127,2015-04-18,Lukas Kruse,L1,0,0,0,0,90
2460878_26,2460878,26,16,16,2015-04-18,Roman Weidenfeller,L1,0,0,0,0,90
2460879_1586,2460879,1586,42,42,2015-04-18,Christian Schulz,L1,0,0,0,0,45
2460879_3256,2460879,3256,15,15,2015-04-18,Roberto Hilbert,L1,0,0,0,0,74
2460879_691,2460879,691,15,15,2015-04-18,Simon Rolfes,L1,0,0,0,0,8
2460881_1791,2460881,1791,167,167,2015-04-18,Halil Altintop,L1,0,0,0,0,30
2460881_1986,2460881,1986,167,167,2015-04-18,Markus Feulner,L1,1,0,0,0,90
2460882_532,2460882,532,27,86,2015-04-18,Claudio Pizarro,L1,0,0,0,0,1
2460883_1126,2460883,1126,3,3,2015-04-18,Matthias Lehmann,L1,0,0,0,0,90
2460886_1139,2460886,1139,39,39,2015-04-18,Nikolce Noveski,L1,0,0,0,1,90
2460886_1662,2460886,1662,60,33,2015-04-18,Sascha Riether,L1,0,0,0,0,90
2470294_597,2470294,597,820,2696,2015-04-18,Aleksandr Hleb,TR1,0,0,0,0,78
2478892_10,2478892,10,398,398,2015-04-18,Miroslav Klose,IT1,0,0,0,0,90
2482427_1423,2482427,1423,855,855,2015-04-18,Lars Jacobsen,FR1,0,0,0,0,30
2482432_65,2482432,65,162,1091,2015-04-18,Dimitar Berbatov,FR1,0,0,0,0,67
2486791_3160,2486791,3160,631,631,2015-04-18,John Terry,GB1,0,0,0,0,90
2486791_3332,2486791,3332,985,985,2015-04-18,Wayne Rooney,GB1,0,0,0,0,90
2486793_3291,2486793,3291,29,984,2015-04-18,Gareth Barry,GB1,0,0,0,0,90
2486795_2998,2486795,2998,1003,1003,2015-04-18,Robert Huth,GB1,0,0,0,0,90
2486798_3306,2486798,3306,512,1132,2015-04-18,Jonathan Walters,GB1,0,0,0,0,90
2459862_3170,2459862,3170,1304,1304,2015-04-19,Simon Cziommer,NL1,0,0,0,0,17
2460880_1667,2460880,1667,82,162,2015-04-19,Diego Benaglio,L1,1,0,0,0,90
2460884_1277,2460884,1277,86,86,2015-04-19,Clemens Fritz,L1,0,0,0,0,90
2460884_1726,2460884,1726,41,610,2015-04-19,Heiko Westermann,L1,1,0,0,0,90
2460884_1784,2460884,1784,41,39,2015-04-19,René Adler,L1,0,0,0,0,90
2470296_1792,2470296,1792,141,105,2015-04-19,Hamit Altintop,TR1,0,0,0,0,32
2486796_2963,2486796,2963,281,714,2015-04-19,Martín Demichelis,GB1,0,0,0,0,90
2486796_3163,2486796,3163,281,281,2015-04-19,Frank Lampard,GB1,0,0,0,0,88
2486796_3179,2486796,3179,379,371,2015-04-19,Carlton Cole,GB1,0,0,0,0,66
2518668_2874,2518668,2874,265,265,2015-04-19,Mladen Petric,GR1,1,0,0,0,25
2518668_3201,2518668,3201,265,265,2015-04-19,Stathis Tavlaridis,GR1,0,0,0,0,90
2532491_1443,2532491,1443,190,190,2015-04-19,Christian Poulsen,DK1,0,0,0,0,14
2551385_3109,2551385,3109,31,31,2015-04-19,Steven Gerrard,FAC,0,0,0,0,90
2551385_3146,2551385,3146,405,512,2015-04-19,Shay Given,FAC,0,0,0,0,90
2557036_1331,2557036,1331,121,533,2015-04-19,Kevin Kuranyi,RU1,0,0,0,0,37
2557038_2138,2557038,2138,3729,40426,2015-04-20,Mladen Kascelan,RU1,1,0,0,0,90
2547382_2219,2547382,2219,27,27,2015-04-21,Philipp Lahm,CL,0,0,0,0,90
2549774_2865,2549774,2865,506,167,2015-04-22,Stephan Lichtsteiner,CL,0,0,0,0,90
2549774_65,2549774,65,162,1091,2015-04-22,Dimitar Berbatov,CL,0,0,0,0,45
2547388_1667,2547388,1667,82,162,2015-04-23,Diego Benaglio,EL,0,0,0,0,90
2460890_1139,2460890,1139,39,39,2015-04-24,Nikolce Noveski,L1,0,0,0,0,1
2460887_2219,2460887,2219,27,27,2015-04-25,Philipp Lahm,L1,0,0,0,0,90
2460887_2334,2460887,2334,44,44,2015-04-25,Marcel Ndjeng,L1,0,0,0,0,23
2460887_2514,2460887,2514,27,985,2015-04-25,Bastian Schweinsteiger,L1,0,0,1,0,90
2460887_532,2460887,532,27,86,2015-04-25,Claudio Pizarro,L1,0,0,0,0,15
2460888_2050,2460888,2050,24,24,2015-04-25,Nelson Valdez,L1,0,0,0,0,90
2460888_2767,2460888,2767,24,24,2015-04-25,Alexander Madlung,L1,1,0,0,0,90
2460891_1586,2460891,1586,42,42,2015-04-25,Christian Schulz,L1,0,0,0,0,90
2460891_3114,2460891,3114,42,42,2015-04-25,Jan Schlaudraff,L1,0,0,0,0,11
2460892_1662,2460892,1662,60,33,2015-04-25,Sascha Riether,L1,0,0,0,0,83
2460893_1726,2460893,1726,41,610,2015-04-25,Heiko Westermann,L1,0,0,0,0,90
2460893_1784,2460893,1784,41,39,2015-04-25,René Adler,L1,0,0,0,0,90
2460893_1791,2460893,1791,167,167,2015-04-25,Halil Altintop,L1,0,0,0,0,67
2460893_1986,2460893,1986,167,167,2015-04-25,Markus Feulner,L1,0,0,0,0,59
2460894_1126,2460894,1126,3,3,2015-04-25,Matthias Lehmann,L1,0,0,0,0,82
2460894_3256,2460894,3256,15,15,2015-04-25,Roberto Hilbert,L1,0,0,0,0,90
2460894_691,2460894,691,15,15,2015-04-25,Simon Rolfes,L1,1,0,0,0,60
2486800_2998,2486800,2998,1003,1003,2015-04-25,Robert Huth,GB1,0,0,0,0,90
2486800_3296,2486800,3296,1003,1003,2015-04-25,Paul Konchesky,GB1,0,0,0,0,90
2486803_2963,2486803,2963,281,714,2015-04-25,Martín Demichelis,GB1,0,0,0,0,90
2486803_3163,2486803,3163,281,281,2015-04-25,Frank Lampard,GB1,0,0,0,0,57
2486803_3333,2486803,3333,281,1237,2015-04-25,James Milner,GB1,0,0,0,0,33
2486805_3179,2486805,3179,379,371,2015-04-25,Carlton Cole,GB1,0,0,0,0,35
2486805_3292,2486805,3292,1039,1132,2015-04-25,Joey Barton,GB1,0,0,0,0,90
2486807_3306,2486807,3306,512,1132,2015-04-25,Jonathan Walters,GB1,0,0,0,0,80
2486808_3109,2486808,3109,31,31,2015-04-25,Steven Gerrard,GB1,0,0,0,0,90
2518676_2874,2518676,2874,265,265,2015-04-25,Mladen Petric,GR1,0,0,0,1,77
2460889_1667,2460889,1667,82,162,2015-04-26,Diego Benaglio,L1,0,0,0,0,90
2460895_1277,2460895,1277,86,86,2015-04-26,Clemens Fritz,L1,0,0,0,0,90
2460895_2201,2460895,2201,127,127,2015-04-26,Lukas Kruse,L1,0,0,0,0,90
2470302_2587,2470302,2587,524,524,2015-04-26,Elyasa Süme,TR1,0,0,0,0,9
2470303_597,2470303,597,820,2696,2015-04-26,Aleksandr Hleb,TR1,0,0,0,0,32
2478900_10,2478900,10,398,398,2015-04-26,Miroslav Klose,IT1,0,0,1,0,59
2478902_2865,2478902,2865,506,167,2015-04-26,Stephan Lichtsteiner,IT1,0,0,0,0,90
2482441_65,2482441,65,162,1091,2015-04-26,Dimitar Berbatov,FR1,0,0,0,0,14
2486799_3160,2486799,3160,631,631,2015-04-26,John Terry,GB1,0,0,0,0,90
2486802_3291,2486802,3291,29,984,2015-04-26,Gareth Barry,GB1,0,0,0,0,90
2486802_3332,2486802,3332,985,985,2015-04-26,Wayne Rooney,GB1,0,0,0,0,88
2559093_1331,2559093,1331,121,533,2015-04-26,Kevin Kuranyi,RU1,0,0,0,0,8
2559094_2138,2559094,2138,3729,40426,2015-04-26,Mladen Kascelan,RU1,0,0,0,0,90
2551355_2219,2551355,2219,27,27,2015-04-28,Philipp Lahm,DFB,0,0,0,0,120
2551355_2514,2551355,2514,27,985,2015-04-28,Bastian Schweinsteiger,DFB,0,0,0,0,44
2551355_410,2551355,410,16,16,2015-04-28,Sebastian Kehl,DFB,0,0,0,0,29
2478910_2865,2478910,2865,506,167,2015-04-29,Stephan Lichtsteiner,IT1,0,0,0,0,90
2478915_10,2478915,10,398,398,2015-04-29,Miroslav Klose,IT1,1,0,1,0,78
2486731_2998,2486731,2998,1003,1003,2015-04-29,Robert Huth,GB1,0,0,0,0,23
2486731_3160,2486731,3160,631,631,2015-04-29,John Terry,GB1,0,0,1,0,90
2486731_3296,2486731,3296,1003,1003,2015-04-29,Paul Konchesky,GB1,1,0,0,0,90
2551356_1667,2551356,1667,82,162,2015-04-29,Diego Benaglio,DFB,0,0,0,0,90
2460897_2219,2460897,2219,27,27,2015-05-02,Philipp Lahm,L1,0,0,0,0,64
2460897_2514,2460897,2514,27,985,2015-05-02,Bastian Schweinsteiger,L1,1,0,0,0,90
2460897_3256,2460897,3256,15,15,2015-05-02,Roberto Hilbert,L1,0,0,0,0,90
2460897_532,2460897,532,27,86,2015-05-02,Claudio Pizarro,L1,0,0,0,0,72
2460897_691,2460897,691,15,15,2015-05-02,Simon Rolfes,L1,0,0,0,0,90
2460898_1586,2460898,1586,42,42,2015-05-02,Christian Schulz,L1,0,0,0,0,80
2460898_1667,2460898,1667,82,162,2015-05-02,Diego Benaglio,L1,0,0,0,0,90
2460900_1126,2460900,1126,3,3,2015-05-02,Matthias Lehmann,L1,0,0,0,0,90
2460900_1791,2460900,1791,167,167,2015-05-02,Halil Altintop,L1,0,0,0,0,58
2460900_1986,2460900,1986,167,167,2015-05-02,Markus Feulner,L1,0,0,0,0,68
2460901_410,2460901,410,16,16,2015-05-02,Sebastian Kehl,L1,1,0,0,0,90
2460903_1277,2460903,1277,86,86,2015-05-02,Clemens Fritz,L1,0,0,0,0,90
2460903_2050,2460903,2050,24,24,2015-05-02,Nelson Valdez,L1,0,0,0,0,90
2460904_1662,2460904,1662,60,33,2015-05-02,Sascha Riether,L1,0,0,0,0,90
2460904_2201,2460904,2201,127,127,2015-05-02,Lukas Kruse,L1,0,0,0,0,90
2460904_2453,2460904,2453,127,127,2015-05-02,Mahir Saglik,L1,0,0,0,1,13
2478922_2865,2478922,2865,506,167,2015-05-02,Stephan Lichtsteiner,IT1,0,0,0,1,90
2486809_3146,2486809,3146,405,512,2015-05-02,Shay Given,GB1,1,0,0,0,90
2486809_3291,2486809,3291,29,984,2015-05-02,Gareth Barry,GB1,0,0,0,0,90
2486812_2998,2486812,2998,1003,1003,2015-05-02,Robert Huth,GB1,0,0,0,0,90
2486813_3109,2486813,3109,31,31,2015-05-02,Steven Gerrard,GB1,1,0,1,0,89
2486813_3292,2486813,3292,1039,1132,2015-05-02,Joey Barton,GB1,0,0,0,1,90
2486814_3332,2486814,3332,985,985,2015-05-02,Wayne Rooney,GB1,0,0,0,0,90
2486816_3306,2486816,3306,512,1132,2015-05-02,Jonathan Walters,GB1,0,0,0,0,80
2486818_3179,2486818,3179,379,371,2015-05-02,Carlton Cole,GB1,0,0,0,0,8
2460899_1726,2460899,1726,41,610,2015-05-03,Heiko Westermann,L1,0,0,0,1,90
2460899_1784,2460899,1784,41,39,2015-05-03,René Adler,L1,0,0,0,0,90
2460902_2334,2460902,2334,44,44,2015-05-03,Marcel Ndjeng,L1,0,0,0,0,76
2470313_597,2470313,597,820,2696,2015-05-03,Aleksandr Hleb,TR1,0,0,1,0,45
2486810_3160,2486810,3160,631,631,2015-05-03,John Terry,GB1,1,0,0,0,90
2486817_2963,2486817,2963,281,714,2015-05-03,Martín Demichelis,GB1,0,0,0,0,90
2486817_3163,2486817,3163,281,281,2015-05-03,Frank Lampard,GB1,0,0,0,0,73
2486817_3333,2486817,3333,281,1237,2015-05-03,James Milner,GB1,1,0,0,0,90
2559100_1331,2559100,1331,121,533,2015-05-03,Kevin Kuranyi,RU1,0,0,0,0,84
2470315_1896,2470315,1896,19771,19771,2015-05-04,Ahmet Cebe,TR1,1,0,0,0,90
2559096_2138,2559096,2138,3729,40426,2015-05-04,Mladen Kascelan,RU1,1,0,0,0,90
2560715_2865,2560715,2865,506,167,2015-05-05,Stephan Lichtsteiner,CL,0,0,0,0,90
2560716_2219,2560716,2219,27,27,2015-05-06,Philipp Lahm,CL,0,0,0,0,90
2560716_2514,2560716,2514,27,985,2015-05-06,Bastian Schweinsteiger,CL,0,0,0,0,90
2460911_1726,2460911,1726,41,610,2015-05-08,Heiko Westermann,L1,0,0,0,0,90
2460911_1784,2460911,1784,41,39,2015-05-08,René Adler,L1,0,0,0,0,90
2470324_933,2470324,933,2293,2293,2015-05-08,Ugur Inceman,TR1,0,0,0,0,6
2482456_1423,2482456,1423,855,855,2015-05-08,Lars Jacobsen,FR1,0,0,0,0,90
2460905_1791,2460905,1791,167,167,2015-05-09,Halil Altintop,L1,0,0,0,0,45
2460905_1986,2460905,1986,167,167,2015-05-09,Markus Feulner,L1,0,0,0,0,90
2460905_2219,2460905,2219,27,27,2015-05-09,Philipp Lahm,L1,0,0,0,0,14
2460905_2514,2460905,2514,27,985,2015-05-09,Bastian Schweinsteiger,L1,0,0,0,0,90
2460905_532,2460905,532,27,86,2015-05-09,Claudio Pizarro,L1,0,0,0,0,16
2460906_410,2460906,410,16,16,2015-05-09,Sebastian Kehl,L1,1,0,0,0,90
2460907_3256,2460907,3256,15,15,2015-05-09,Roberto Hilbert,L1,1,0,0,0,26
2460907_691,2460907,691,15,15,2015-05-09,Simon Rolfes,L1,0,0,0,0,65
2460908_1277,2460908,1277,86,86,2015-05-09,Clemens Fritz,L1,0,0,0,0,90
2460908_1586,2460908,1586,42,42,2015-05-09,Christian Schulz,L1,0,0,0,0,90
2460910_1139,2460910,1139,39,39,2015-05-09,Nikolce Noveski,L1,1,0,0,0,90
2470325_1896,2470325,1896,19771,19771,2015-05-09,Ahmet Cebe,TR1,0,0,0,0,1
2470325_597,2470325,597,820,2696,2015-05-09,Aleksandr Hleb,TR1,0,0,0,0,90
2486820_3146,2486820,3146,405,512,2015-05-09,Shay Given,GB1,0,0,0,0,90
2486820_3179,2486820,3179,379,371,2015-05-09,Carlton Cole,GB1,0,0,0,0,12
2486822_3332,2486822,3332,985,985,2015-05-09,Wayne Rooney,GB1,0,0,0,0,45
2486823_3291,2486823,3291,29,984,2015-05-09,Gareth Barry,GB1,0,0,0,0,62
2486823_3405,2486823,3405,289,289,2015-05-09,Wes Brown,GB1,1,0,0,0,90
2486825_2998,2486825,2998,1003,1003,2015-05-09,Robert Huth,GB1,0,0,0,0,90
2486828_3306,2486828,3306,512,1132,2015-05-09,Jonathan Walters,GB1,0,0,0,0,84
2460912_1126,2460912,1126,3,3,2015-05-10,Matthias Lehmann,L1,0,0,0,0,90
2460913_1667,2460913,1667,82,162,2015-05-10,Diego Benaglio,L1,0,0,0,0,90
2460913_2201,2460913,2201,127,127,2015-05-10,Lukas Kruse,L1,0,0,0,0,90
2460913_2453,2460913,2453,127,127,2015-05-10,Mahir Saglik,L1,0,0,0,0,12
2475532_2923,2475532,2923,3368,3368,2015-05-10,Andreas Ivanschitz,ES1,0,0,0,0,1
2478932_10,2478932,10,398,398,2015-05-10,Miroslav Klose,IT1,0,0,0,0,62
2482460_65,2482460,65,162,1091,2015-05-10,Dimitar Berbatov,FR1,0,0,0,0,4
2486821_3109,2486821,3109,31,31,2015-05-10,Steven Gerrard,GB1,0,0,1,0,79
2486821_3160,2486821,3160,631,631,2015-05-10,John Terry,GB1,0,0,1,0,90
2486826_2963,2486826,2963,281,714,2015-05-10,Martín Demichelis,GB1,0,0,0,0,90
2486826_3163,2486826,3163,281,281,2015-05-10,Frank Lampard,GB1,0,0,0,0,63
2486826_3292,2486826,3292,1039,1132,2015-05-10,Joey Barton,GB1,1,0,0,0,90
2486826_3333,2486826,3333,281,1237,2015-05-10,James Milner,GB1,0,0,1,0,82
2518696_3201,2518696,3201,265,265,2015-05-10,Stathis Tavlaridis,GR1,0,0,0,0,9
2559103_1331,2559103,1331,121,533,2015-05-10,Kevin Kuranyi,RU1,0,0,0,0,90
2470331_597,2470331,597,820,2696,2015-05-12,Aleksandr Hleb,TR1,0,0,0,0,90
2470331_933,2470331,933,2293,2293,2015-05-12,Ugur Inceman,TR1,0,0,0,0,90
2560717_2219,2560717,2219,27,27,2015-05-12,Philipp Lahm,CL,0,0,0,0,68
2560717_2514,2560717,2514,27,985,2015-05-12,Bastian Schweinsteiger,CL,0,0,0,2,87
2560718_2865,2560718,2865,506,167,2015-05-13,Stephan Lichtsteiner,CL,1,0,0,0,90
2470332_1896,2470332,1896,19771,19771,2015-05-14,Ahmet Cebe,TR1,0,0,0,0,1
2561320_1443,2561320,1443,190,190,2015-05-14,Christian Poulsen,DKP,1,0,0,1,50
2460914_2201,2460914,2201,127,127,2015-05-16,Lukas Kruse,L1,0,0,0,0,90
2460915_3256,2460915,3256,15,15,2015-05-16,Roberto Hilbert,L1,0,0,0,0,82
2460915_691,2460915,691,15,15,2015-05-16,Simon Rolfes,L1,1,0,0,0,77
2460916_1667,2460916,1667,82,162,2015-05-16,Diego Benaglio,L1,1,0,0,0,90
2460916_410,2460916,410,16,16,2015-05-16,Sebastian Kehl,L1,0,0,0,0,90
2460917_1139,2460917,1139,39,39,2015-05-16,Nikolce Noveski,L1,1,0,0,0,87
2460918_1586,2460918,1586,42,42,2015-05-16,Christian Schulz,L1,0,0,0,0,90
2460918_1791,2460918,1791,167,167,2015-05-16,Halil Altintop,L1,0,0,0,0,66
2460918_1986,2460918,1986,167,167,2015-05-16,Markus Feulner,L1,0,0,0,0,55
2460919_2050,2460919,2050,24,24,2015-05-16,Nelson Valdez,L1,0,0,0,0,1
2460919_2767,2460919,2767,24,24,2015-05-16,Alexander Madlung,L1,0,0,0,0,90
2460921_2219,2460921,2219,27,27,2015-05-16,Philipp Lahm,L1,0,0,0,0,18
2460921_2514,2460921,2514,27,985,2015-05-16,Bastian Schweinsteiger,L1,0,0,1,0,72
2460922_1726,2460922,1726,41,610,2015-05-16,Heiko Westermann,L1,1,0,0,0,90
2460922_1784,2460922,1784,41,39,2015-05-16,René Adler,L1,1,0,0,0,90
2470346_1792,2470346,1792,141,105,2015-05-16,Hamit Altintop,TR1,0,0,0,0,70
2470346_597,2470346,597,820,2696,2015-05-16,Aleksandr Hleb,TR1,0,0,0,0,76
2478942_2865,2478942,2865,506,167,2015-05-16,Stephan Lichtsteiner,IT1,1,0,0,0,56
2478943_10,2478943,10,398,398,2015-05-16,Miroslav Klose,IT1,0,0,0,0,70
2482474_1423,2482474,1423,855,855,2015-05-16,Lars Jacobsen,FR1,0,0,0,1,90
2486829_3306,2486829,3306,512,1132,2015-05-16,Jonathan Walters,GB1,0,0,0,0,59
2486830_3109,2486830,3109,31,31,2015-05-16,Steven Gerrard,GB1,0,0,0,0,90
2486832_3292,2486832,3292,1039,1132,2015-05-16,Joey Barton,GB1,1,0,0,0,90
2486833_3146,2486833,3146,405,512,2015-05-16,Shay Given,GB1,0,0,0,0,90
2486834_2998,2486834,2998,1003,1003,2015-05-16,Robert Huth,GB1,1,0,0,0,90
2486838_3179,2486838,3179,379,371,2015-05-16,Carlton Cole,GB1,0,0,0,0,70
2486838_3291,2486838,3291,29,984,2015-05-16,Gareth Barry,GB1,1,0,0,0,90
2559112_2138,2559112,2138,3729,40426,2015-05-16,Mladen Kascelan,RU1,1,0,0,0,90
2459889_3170,2459889,3170,1304,1304,2015-05-17,Simon Cziommer,NL1,0,0,0,0,27
2486835_2963,2486835,2963,281,714,2015-05-17,Martín Demichelis,GB1,0,0,0,0,90
2486835_3163,2486835,3163,281,281,2015-05-17,Frank Lampard,GB1,0,0,0,0,59
2486835_3333,2486835,3333,281,1237,2015-05-17,James Milner,GB1,1,0,1,0,90
2532514_1443,2532514,1443,190,190,2015-05-17,Christian Poulsen,DK1,1,0,0,0,78
2470339_1896,2470339,1896,19771,19771,2015-05-18,Ahmet Cebe,TR1,0,0,0,0,1
2486837_3160,2486837,3160,631,631,2015-05-18,John Terry,GB1,0,0,0,0,90
2559118_1331,2559118,1331,121,533,2015-05-18,Kevin Kuranyi,RU1,1,0,0,0,24
2486789_132,2486789,132,11,11,2015-05-20,Tomas Rosicky,GB1,0,0,0,0,9
2532521_1443,2532521,1443,190,190,2015-05-20,Christian Poulsen,DK1,0,0,0,0,90
2551386_10,2551386,10,398,398,2015-05-20,Miroslav Klose,CIT,0,0,0,0,82
2551386_2865,2551386,2865,506,167,2015-05-20,Stephan Lichtsteiner,CIT,0,0,0,0,115
2470349_597,2470349,597,820,2696,2015-05-22,Aleksandr Hleb,TR1,0,0,0,0,25
2460923_1139,2460923,1139,39,39,2015-05-23,Nikolce Noveski,L1,0,0,0,0,90
2460923_2219,2460923,2219,27,27,2015-05-23,Philipp Lahm,L1,0,0,0,0,90
2460923_2514,2460923,2514,27,985,2015-05-23,Bastian Schweinsteiger,L1,0,0,1,0,90
2460923_532,2460923,532,27,86,2015-05-23,Claudio Pizarro,L1,0,0,0,0,17
2460924_26,2460924,26,16,16,2015-05-23,Roman Weidenfeller,L1,0,0,0,0,90
2460924_410,2460924,410,16,16,2015-05-23,Sebastian Kehl,L1,0,0,0,0,86
2460925_1791,2460925,1791,167,167,2015-05-23,Halil Altintop,L1,0,0,0,0,53
2460925_1986,2460925,1986,167,167,2015-05-23,Markus Feulner,L1,0,0,0,0,90
2460927_1586,2460927,1586,42,42,2015-05-23,Christian Schulz,L1,1,0,0,0,90
2460928_2050,2460928,2050,24,24,2015-05-23,Nelson Valdez,L1,1,0,0,0,21
2460928_2767,2460928,2767,24,24,2015-05-23,Alexander Madlung,L1,0,0,1,0,90
2460928_691,2460928,691,15,15,2015-05-23,Simon Rolfes,L1,0,0,0,0,3
2460929_1726,2460929,1726,41,610,2015-05-23,Heiko Westermann,L1,0,0,0,0,82
2460929_1784,2460929,1784,41,39,2015-05-23,René Adler,L1,0,0,0,0,90
2460930_1126,2460930,1126,3,3,2015-05-23,Matthias Lehmann,L1,0,0,0,0,90
2460931_2201,2460931,2201,127,127,2015-05-23,Lukas Kruse,L1,0,0,0,0,90
2482477_1423,2482477,1423,855,855,2015-05-23,Lars Jacobsen,FR1,1,0,0,0,90
2470350_1792,2470350,1792,141,105,2015-05-24,Hamit Altintop,TR1,0,0,0,0,90
2486841_3160,2486841,3160,631,631,2015-05-24,John Terry,GB1,0,0,0,0,90
2486843_3291,2486843,3291,29,984,2015-05-24,Gareth Barry,GB1,0,0,0,0,90
2486843_3356,2486843,3356,29,989,2015-05-24,Sylvain Distin,GB1,0,0,0,0,6
2486844_3332,2486844,3332,985,985,2015-05-24,Wayne Rooney,GB1,0,0,0,0,90
2486845_2998,2486845,2998,1003,1003,2015-05-24,Robert Huth,GB1,0,0,0,0,90
2486845_3292,2486845,3292,1039,1132,2015-05-24,Joey Barton,GB1,0,0,0,1,90
2486846_2963,2486846,2963,281,714,2015-05-24,Martín Demichelis,GB1,1,0,0,0,90
2486846_3163,2486846,3163,281,281,2015-05-24,Frank Lampard,GB1,0,0,1,0,77
2486846_3333,2486846,3333,281,1237,2015-05-24,James Milner,GB1,0,0,0,1,79
2486847_3179,2486847,3179,379,371,2015-05-24,Carlton Cole,GB1,0,0,0,0,90
2486848_3109,2486848,3109,31,31,2015-05-24,Steven Gerrard,GB1,0,0,1,0,90
2486848_3202,2486848,3202,31,371,2015-05-24,Kolo Touré,GB1,0,0,0,0,45
2486848_3306,2486848,3306,512,1132,2015-05-24,Jonathan Walters,GB1,0,0,1,0,67
2568466_2138,2568466,2138,3729,40426,2015-05-24,Mladen Kascelan,RU1,1,0,0,0,90
2470348_1896,2470348,1896,19771,19771,2015-05-25,Ahmet Cebe,TR1,0,0,0,0,90
2478954_10,2478954,10,398,398,2015-05-25,Miroslav Klose,IT1,1,0,0,1,90
2532526_1443,2532526,1443,190,190,2015-05-25,Christian Poulsen,DK1,1,0,0,0,90
2470361_1896,2470361,1896,19771,19771,2015-05-29,Ahmet Cebe,TR1,0,0,0,0,78
2470359_1792,2470359,1792,141,105,2015-05-30,Hamit Altintop,TR1,0,0,0,0,90
2478962_2865,2478962,2865,506,167,2015-05-30,Stephan Lichtsteiner,IT1,0,0,0,0,31
2559128_1331,2559128,1331,121,533,2015-05-30,Kevin Kuranyi,RU1,1,0,0,1,90
2559131_2138,2559131,2138,3729,40426,2015-05-30,Mladen Kascelan,RU1,1,0,0,0,90
2561228_3146,2561228,3146,405,512,2015-05-30,Shay Given,FAC,0,0,0,0,90
2561745_1667,2561745,1667,82,162,2015-05-30,Diego Benaglio,DFB,0,0,0,0,90
2561745_410,2561745,410,16,16,2015-05-30,Sebastian Kehl,DFB,0,0,0,0,68
2478963_10,2478963,10,398,398,2015-05-31,Miroslav Klose,IT1,0,0,1,0,13
2532534_1443,2532534,1443,190,190,2015-05-31,Christian Poulsen,DK1,0,0,0,0,90
2567502_2865,2567502,2865,506,167,2015-06-06,Stephan Lichtsteiner,CL,0,0,0,0,90
2532542_1443,2532542,1443,190,190,2015-06-07,Christian Poulsen,DK1,0,0,0,0,90
2602556_3201,2602556,3201,265,265,2015-07-28,Stathis Tavlaridis,CLQ,0,0,0,0,90
2576512_2219,2576512,2219,27,27,2015-08-01,Philipp Lahm,DFL,0,0,0,0,90
2605728_3160,2605728,3160,631,631,2015-08-02,John Terry,GBCS,0,0,0,0,82
2602557_2874,2602557,2874,265,265,2015-08-05,Mladen Petric,CLQ,0,0,0,0,30
2602557_3201,2602557,3201,265,265,2015-08-05,Stathis Tavlaridis,CLQ,1,0,0,0,90
2602884_26,2602884,26,16,16,2015-08-06,Roman Weidenfeller,ELQ,0,0,0,0,90
2576681_1791,2576681,1791,167,167,2015-08-07,Halil Altintop,DFB,0,0,0,0,120
2576681_1986,2576681,1986,167,167,2015-08-07,Markus Feulner,DFB,1,0,0,0,73
2576662_1126,2576662,1126,3,3,2015-08-08,Matthias Lehmann,DFB,0,0,0,0,69
2576670_3256,2576670,3256,15,15,2015-08-08,Roberto Hilbert,DFB,1,0,0,0,90
2576686_1331,2576686,1331,533,533,2015-08-08,Kevin Kuranyi,DFB,0,0,0,0,29
2577858_3160,2577858,3160,631,631,2015-08-08,John Terry,GB1,1,0,0,0,90
2577860_2514,2577860,2514,985,985,2015-08-08,Bastian Schweinsteiger,GB1,1,0,0,0,30
2577860_3332,2577860,3332,985,985,2015-08-08,Wayne Rooney,GB1,0,0,0,1,90
2577861_2998,2577861,2998,1003,1003,2015-08-08,Robert Huth,GB1,0,0,0,0,90
2577865_3291,2577865,3291,29,984,2015-08-08,Gareth Barry,GB1,0,0,0,0,90
2586769_1423,2586769,1423,855,855,2015-08-08,Lars Jacobsen,FR1,0,0,0,0,90
2590636_10,2590636,10,398,398,2015-08-08,Miroslav Klose,SCI,0,0,0,0,62
2590636_2865,2590636,2865,506,167,2015-08-08,Stephan Lichtsteiner,SCI,0,0,0,0,90
2576658_1784,2576658,1784,41,39,2015-08-09,René Adler,DFB,0,0,0,0,120
2576682_2219,2576682,2219,27,27,2015-08-09,Philipp Lahm,DFB,0,0,0,0,55
2576684_1586,2576684,1586,42,42,2015-08-09,Christian Schulz,DFB,0,0,0,0,90
2577864_3306,2577864,3306,512,1132,2015-08-09,Jonathan Walters,GB1,0,0,0,0,90
2577864_3333,2577864,3333,31,1237,2015-08-09,James Milner,GB1,1,0,0,0,90
2577866_2963,2577866,2963,281,714,2015-08-10,Martín Demichelis,GB1,0,0,0,0,10
2577885_2514,2577885,2514,985,985,2015-08-14,Bastian Schweinsteiger,GB1,0,0,0,0,30
2577885_3332,2577885,3332,985,985,2015-08-14,Wayne Rooney,GB1,0,0,0,0,90
2581147_1784,2581147,1784,41,39,2015-08-14,René Adler,L1,0,0,0,0,90
2581147_2219,2581147,2219,27,27,2015-08-14,Philipp Lahm,L1,0,0,0,0,72
2577884_3291,2577884,3291,29,984,2015-08-15,Gareth Barry,GB1,0,0,0,0,90
2577890_3306,2577890,3306,512,1132,2015-08-15,Jonathan Walters,GB1,0,0,0,0,59
2577891_2998,2577891,2998,1003,1003,2015-08-15,Robert Huth,GB1,0,0,0,0,90
2581149_1277,2581149,1277,86,86,2015-08-15,Clemens Fritz,L1,0,0,0,0,70
2581149_1662,2581149,1662,33,33,2015-08-15,Sascha Riether,L1,0,0,0,0,90
2581150_1331,2581150,1331,533,533,2015-08-15,Kevin Kuranyi,L1,0,0,0,0,58
2581150_3256,2581150,3256,15,15,2015-08-15,Roberto Hilbert,L1,0,0,0,0,90
2581153_1586,2581153,1586,42,42,2015-08-15,Christian Schulz,L1,0,0,0,0,90
2581155_1791,2581155,1791,167,167,2015-08-15,Halil Altintop,L1,0,0,0,0,57
2581155_1986,2581155,1986,167,167,2015-08-15,Markus Feulner,L1,0,0,0,0,71
2586780_1423,2586780,1423,855,855,2015-08-15,Lars Jacobsen,FR1,0,0,0,0,90
2611212_2904,2611212,2904,276,276,2015-08-15,Rafa Márquez,CIT,0,0,0,0,90
2577887_2963,2577887,2963,281,714,2015-08-16,Martín Demichelis,GB1,0,0,0,0,11
2577887_3160,2577887,3160,631,631,2015-08-16,John Terry,GB1,0,0,0,0,45
2581152_1126,2581152,1126,3,3,2015-08-16,Matthias Lehmann,L1,0,0,0,0,90
2589247_2587,2589247,2587,524,524,2015-08-16,Elyasa Süme,TR1,0,1,0,0,37
2589251_1896,2589251,1896,19771,19771,2015-08-16,Ahmet Cebe,TR1,0,0,0,0,90
2589251_933,2589251,933,2293,2293,2015-08-16,Ugur Inceman,TR1,0,0,0,0,45
2589252_2148,2589252,2148,2944,2944,2015-08-16,Erdal Kilicaslan,TR1,0,0,0,0,68
2577886_3333,2577886,3333,31,1237,2015-08-17,James Milner,GB1,0,0,0,0,90
2609560_597,2609560,597,713,2696,2015-08-18,Aleksandr Hleb,CLQ,0,0,0,0,86
2609561_10,2609561,10,398,398,2015-08-18,Miroslav Klose,CLQ,0,0,0,0,45
2609561_3256,2609561,3256,15,15,2015-08-18,Roberto Hilbert,CLQ,0,0,0,0,90
2609562_2514,2609562,2514,985,985,2015-08-18,Bastian Schweinsteiger,CLQ,0,0,0,0,45
2609562_3332,2609562,3332,985,985,2015-08-18,Wayne Rooney,CLQ,0,0,0,0,84
2613522_26,2613522,26,16,16,2015-08-20,Roman Weidenfeller,ELQ,0,0,0,0,90
2613760_2874,2613760,2874,265,265,2015-08-20,Mladen Petric,ELQ,0,0,0,0,90
2613760_3201,2613760,3201,265,265,2015-08-20,Stathis Tavlaridis,ELQ,0,0,0,0,90
2581180_1277,2581180,1277,86,86,2015-08-21,Clemens Fritz,L1,1,0,0,0,90
2577899_2514,2577899,2514,985,985,2015-08-22,Bastian Schweinsteiger,GB1,0,0,0,0,59
2577899_3332,2577899,3332,985,985,2015-08-22,Wayne Rooney,GB1,0,0,0,0,90
2577902_2998,2577902,2998,1003,1003,2015-08-22,Robert Huth,GB1,0,0,0,0,90
2581174_2926,2581174,2926,105,105,2015-08-22,György Garics,L1,0,0,0,0,90
2581176_1784,2581176,1784,41,39,2015-08-22,René Adler,L1,0,0,0,0,90
2581177_1791,2581177,1791,167,167,2015-08-22,Halil Altintop,L1,0,0,0,1,68
2581177_1986,2581177,1986,167,167,2015-08-22,Markus Feulner,L1,1,0,0,0,14
2581178_1126,2581178,1126,3,3,2015-08-22,Matthias Lehmann,L1,1,0,0,0,90
2581179_1586,2581179,1586,42,42,2015-08-22,Christian Schulz,L1,0,0,0,0,90
2581179_3256,2581179,3256,15,15,2015-08-22,Roberto Hilbert,L1,0,0,0,0,90
2581181_1331,2581181,1331,533,533,2015-08-22,Kevin Kuranyi,L1,0,0,0,0,69
2581181_2219,2581181,2219,27,27,2015-08-22,Philipp Lahm,L1,0,0,0,0,67
2590401_1896,2590401,1896,19771,19771,2015-08-22,Ahmet Cebe,TR1,0,0,0,0,90
2603977_2904,2603977,2904,276,276,2015-08-22,Rafa Márquez,IT1,0,0,0,0,90
2577894_3160,2577894,3160,631,631,2015-08-23,John Terry,GB1,0,1,0,0,55
2577896_3291,2577896,3291,29,984,2015-08-23,Gareth Barry,GB1,0,0,0,0,90
2603979_2865,2603979,2865,506,167,2015-08-23,Stephan Lichtsteiner,IT1,0,0,0,0,81
2577893_3333,2577893,3333,31,1237,2015-08-24,James Milner,GB1,0,0,0,0,90
2590407_2148,2590407,2148,2944,2944,2015-08-24,Erdal Kilicaslan,TR1,0,0,0,0,21
2611502_2874,2611502,2874,265,265,2015-08-24,Mladen Petric,GR1,0,0,0,0,15
2611502_3201,2611502,3201,265,265,2015-08-24,Stathis Tavlaridis,GR1,1,0,0,0,90
2613772_597,2613772,597,713,2696,2015-08-26,Aleksandr Hleb,CLQ,0,0,0,0,75
2613773_3256,2613773,3256,15,15,2015-08-26,Roberto Hilbert,CLQ,1,0,0,0,90
2613774_2514,2613774,2514,985,985,2015-08-26,Bastian Schweinsteiger,CLQ,0,0,0,1,45
2613774_3332,2613774,3332,985,985,2015-08-26,Wayne Rooney,CLQ,0,0,3,0,90
2613523_26,2613523,26,16,16,2015-08-27,Roman Weidenfeller,ELQ,0,0,0,0,90
2613762_2874,2613762,2874,265,265,2015-08-27,Mladen Petric,ELQ,0,0,0,0,23
2613762_3201,2613762,3201,265,265,2015-08-27,Stathis Tavlaridis,ELQ,1,0,0,0,90
2581185_1662,2581185,1662,33,33,2015-08-28,Sascha Riether,L1,1,0,0,0,90
2586799_1423,2586799,1423,855,855,2015-08-28,Lars Jacobsen,FR1,0,0,0,0,90
2577939_2998,2577939,2998,1003,1003,2015-08-29,Robert Huth,GB1,1,0,0,0,90
2577947_3333,2577947,3333,31,1237,2015-08-29,James Milner,GB1,0,0,0,0,90
2577949_3291,2577949,3291,29,984,2015-08-29,Gareth Barry,GB1,1,0,0,0,90
2581183_2219,2581183,2219,27,27,2015-08-29,Philipp Lahm,L1,0,0,0,0,90
2581183_3256,2581183,3256,15,15,2015-08-29,Roberto Hilbert,L1,0,0,0,0,90
2581188_1126,2581188,1126,3,3,2015-08-29,Matthias Lehmann,L1,0,0,0,0,58
2581188_1784,2581188,1784,41,39,2015-08-29,René Adler,L1,0,0,0,0,40
2581189_1586,2581189,1586,42,42,2015-08-29,Christian Schulz,L1,0,0,0,0,90
2581190_1331,2581190,1331,533,533,2015-08-29,Kevin Kuranyi,L1,0,0,0,0,90
2581190_2926,2581190,2926,105,105,2015-08-29,György Garics,L1,1,0,0,0,90
2581191_1791,2581191,1791,167,167,2015-08-29,Halil Altintop,L1,0,0,0,0,57
2577944_2514,2577944,2514,985,985,2015-08-30,Bastian Schweinsteiger,GB1,0,0,0,0,90
2577944_3332,2577944,3332,985,985,2015-08-30,Wayne Rooney,GB1,0,0,0,0,90
2581187_1277,2581187,1277,86,86,2015-08-30,Clemens Fritz,L1,0,0,0,0,90
2590408_2148,2590408,2148,2944,2944,2015-08-30,Erdal Kilicaslan,TR1,0,0,0,0,21
2590410_1896,2590410,1896,19771,19771,2015-08-30,Ahmet Cebe,TR1,1,0,0,1,82
2603988_2904,2603988,2904,276,276,2015-08-30,Rafa Márquez,IT1,0,0,0,0,90
2603991_2865,2603991,2865,506,167,2015-08-30,Stephan Lichtsteiner,IT1,0,0,0,0,73
2611508_2874,2611508,2874,265,265,2015-08-30,Mladen Petric,GR1,0,0,1,0,72
2611508_3201,2611508,3201,265,265,2015-08-30,Stathis Tavlaridis,GR1,0,0,1,0,90
2581195_568,2581195,568,18,18,2015-09-11,Martin Stranzl,L1,0,0,0,0,65
2577950_3160,2577950,3160,631,631,2015-09-12,John Terry,GB1,0,0,0,0,90
2577950_3291,2577950,3291,29,984,2015-09-12,Gareth Barry,GB1,0,0,0,0,90
2577952_2963,2577952,2963,281,714,2015-09-12,Martín Demichelis,GB1,0,0,0,0,1
2577958_2514,2577958,2514,985,985,2015-09-12,Bastian Schweinsteiger,GB1,0,0,0,0,90
2577958_3333,2577958,3333,31,1237,2015-09-12,James Milner,GB1,1,0,0,0,90
2581192_1791,2581192,1791,167,167,2015-09-12,Halil Altintop,L1,0,0,0,0,20
2581192_1986,2581192,1986,167,167,2015-09-12,Markus Feulner,L1,0,0,0,0,90
2581192_2219,2581192,2219,27,27,2015-09-12,Philipp Lahm,L1,0,0,0,0,90
2581194_2926,2581194,2926,105,105,2015-09-12,György Garics,L1,0,0,0,0,90
2581194_3256,2581194,3256,15,15,2015-09-12,Roberto Hilbert,L1,0,0,0,0,90
2581196_1126,2581196,1126,3,3,2015-09-12,Matthias Lehmann,L1,0,0,0,0,90
2581196_1565,2581196,1565,24,24,2015-09-12,Alexander Meier,L1,0,0,3,0,88
2581200_1667,2581200,1667,82,162,2015-09-12,Diego Benaglio,L1,0,0,0,0,90
2586810_1423,2586810,1423,855,855,2015-09-12,Lars Jacobsen,FR1,0,0,0,0,90
2590593_1896,2590593,1896,19771,19771,2015-09-12,Ahmet Cebe,TR1,0,0,0,0,90
2590593_2587,2590593,2587,524,524,2015-09-12,Elyasa Süme,TR1,0,0,0,0,90
2594498_1726,2594498,1726,150,610,2015-09-12,Heiko Westermann,ES1,0,0,0,0,90
2620464_65,2620464,65,1091,1091,2015-09-12,Dimitar Berbatov,GR1,0,0,0,0,32
2577955_2998,2577955,2998,1003,1003,2015-09-13,Robert Huth,GB1,0,0,0,0,90
2581199_1277,2581199,1277,86,86,2015-09-13,Clemens Fritz,L1,1,0,0,0,90
2581199_1331,2581199,1331,533,533,2015-09-13,Kevin Kuranyi,L1,0,0,0,0,45
2581199_532,2581199,532,86,86,2015-09-13,Claudio Pizarro,L1,0,0,0,1,8
2590592_2148,2590592,2148,2944,2944,2015-09-13,Erdal Kilicaslan,TR1,1,0,0,0,78
2590592_933,2590592,933,2293,2293,2015-09-13,Ugur Inceman,TR1,1,0,0,0,45
2603997_2904,2603997,2904,276,276,2015-09-13,Rafa Márquez,IT1,1,0,0,0,90
2620469_2874,2620469,2874,265,265,2015-09-13,Mladen Petric,GR1,0,0,0,0,45
2620469_3201,2620469,3201,265,265,2015-09-13,Stathis Tavlaridis,GR1,1,0,0,0,90
2618537_1667,2618537,1667,82,162,2015-09-15,Diego Benaglio,CL,0,0,0,0,90
2618538_2514,2618538,2514,985,985,2015-09-15,Bastian Schweinsteiger,CL,0,0,0,0,90
2618541_2865,2618541,2865,506,167,2015-09-15,Stephan Lichtsteiner,CL,0,0,0,0,90
2618543_3256,2618543,3256,15,15,2015-09-16,Roberto Hilbert,CL,0,0,0,0,90
2618543_597,2618543,597,713,2696,2015-09-16,Aleksandr Hleb,CL,0,0,0,0,30
2618546_2219,2618546,2219,27,27,2015-09-16,Philipp Lahm,CL,0,0,0,0,90
2618723_3202,2618723,3202,31,371,2015-09-17,Kolo Touré,EL,1,0,0,0,27
2618725_65,2618725,65,1091,1091,2015-09-17,Dimitar Berbatov,EL,0,0,0,0,31
2618726_26,2618726,26,16,16,2015-09-17,Roman Weidenfeller,EL,0,0,0,0,90
2618744_1791,2618744,1791,167,167,2015-09-17,Halil Altintop,EL,0,0,1,0,59
2618744_1986,2618744,1986,167,167,2015-09-17,Markus Feulner,EL,0,0,0,0,90
2618744_2623,2618744,2623,167,167,2015-09-17,Piotr Trochowski,EL,0,0,0,0,18
2581640_1331,2581640,1331,533,533,2015-09-18,Kevin Kuranyi,L1,0,0,0,0,15
2590604_1896,2590604,1896,19771,19771,2015-09-18,Ahmet Cebe,TR1,0,0,0,0,90
2590607_2148,2590607,2148,2944,2944,2015-09-18,Erdal Kilicaslan,TR1,0,0,0,0,83
2577964_2998,2577964,2998,1003,1003,2015-09-19,Robert Huth,GB1,0,0,0,0,90
2577964_3306,2577964,3306,512,1132,2015-09-19,Jonathan Walters,GB1,0,0,1,0,90
2577965_2963,2577965,2963,281,714,2015-09-19,Martín Demichelis,GB1,0,0,0,0,45
2577968_3356,2577968,3356,989,989,2015-09-19,Sylvain Distin,GB1,0,0,0,0,90
2577973_3291,2577973,3291,29,984,2015-09-19,Gareth Barry,GB1,1,0,0,0,90
2581634_1667,2581634,1667,82,162,2015-09-19,Diego Benaglio,L1,0,0,0,0,90
2581635_1565,2581635,1565,24,24,2015-09-19,Alexander Meier,L1,0,0,0,0,90
2581638_1277,2581638,1277,86,86,2015-09-19,Clemens Fritz,L1,0,0,0,0,73
2581638_532,2581638,532,86,86,2015-09-19,Claudio Pizarro,L1,1,0,0,0,45
2581639_1126,2581639,1126,3,3,2015-09-19,Matthias Lehmann,L1,0,0,0,0,90
2581641_2926,2581641,2926,105,105,2015-09-19,György Garics,L1,0,0,0,0,90
2586843_1423,2586843,1423,855,855,2015-09-19,Lars Jacobsen,FR1,0,0,0,1,90
2590602_933,2590602,933,2293,2293,2015-09-19,Ugur Inceman,TR1,1,0,0,0,33
2594509_1726,2594509,1726,150,610,2015-09-19,Heiko Westermann,ES1,0,0,0,0,90
2577963_3333,2577963,3333,31,1237,2015-09-20,James Milner,GB1,1,0,0,0,90
2577966_2514,2577966,2514,985,985,2015-09-20,Bastian Schweinsteiger,GB1,0,0,0,0,30
2577966_3332,2577966,3332,985,985,2015-09-20,Wayne Rooney,GB1,0,0,0,0,90
2581637_1586,2581637,1586,42,42,2015-09-20,Christian Schulz,L1,1,0,0,0,90
2581637_1791,2581637,1791,167,167,2015-09-20,Halil Altintop,L1,0,0,0,0,83
2581637_1986,2581637,1986,167,167,2015-09-20,Markus Feulner,L1,0,0,0,0,45
2590605_2587,2590605,2587,524,524,2015-09-20,Elyasa Süme,TR1,0,0,0,0,90
2604004_2904,2604004,2904,276,276,2015-09-20,Rafa Márquez,IT1,0,0,0,0,70
2604008_2865,2604008,2865,506,167,2015-09-20,Stephan Lichtsteiner,IT1,0,0,0,0,90
2581642_1667,2581642,1667,82,162,2015-09-22,Diego Benaglio,L1,0,0,0,0,90
2581642_2219,2581642,2219,27,27,2015-09-22,Philipp Lahm,L1,0,0,0,0,90
2581647_1126,2581647,1126,3,3,2015-09-22,Matthias Lehmann,L1,0,0,0,0,90
2581650_1277,2581650,1277,86,86,2015-09-22,Clemens Fritz,L1,0,0,0,0,90
2581650_2926,2581650,2926,105,105,2015-09-22,György Garics,L1,0,0,0,0,90
2581650_532,2581650,532,86,86,2015-09-22,Claudio Pizarro,L1,0,0,0,0,8
2586877_1423,2586877,1423,855,855,2015-09-22,Lars Jacobsen,FR1,0,0,0,0,90
2581643_1565,2581643,1565,24,24,2015-09-23,Alexander Meier,L1,0,0,0,0,90
2581643_1662,2581643,1662,33,33,2015-09-23,Sascha Riether,L1,0,0,0,0,90
2581645_1986,2581645,1986,167,167,2015-09-23,Markus Feulner,L1,0,0,0,0,45
2581646_1586,2581646,1586,42,42,2015-09-23,Christian Schulz,L1,1,0,0,0,90
2581648_1331,2581648,1331,533,533,2015-09-23,Kevin Kuranyi,L1,0,0,0,0,1
2604018_2865,2604018,2865,506,167,2015-09-23,Stephan Lichtsteiner,IT1,0,0,0,0,45
2626448_3201,2626448,3201,265,265,2015-09-23,Stathis Tavlaridis,GR1,0,0,0,0,90
2626452_65,2626452,65,1091,1091,2015-09-23,Dimitar Berbatov,GR1,0,0,0,0,31
2594519_1726,2594519,1726,150,610,2015-09-24,Heiko Westermann,ES1,1,0,0,0,90
2581658_1126,2581658,1126,3,3,2015-09-25,Matthias Lehmann,L1,1,0,0,0,90
2577961_3333,2577961,3333,31,1237,2015-09-26,James Milner,GB1,0,0,1,1,90
2577969_2963,2577969,2963,281,714,2015-09-26,Martín Demichelis,GB1,1,0,0,0,90
2577970_3306,2577970,3306,512,1132,2015-09-26,Jonathan Walters,GB1,0,0,1,0,90
2577970_3356,2577970,3356,989,989,2015-09-26,Sylvain Distin,GB1,0,0,0,0,90
2577971_2998,2577971,2998,1003,1003,2015-09-26,Robert Huth,GB1,0,0,0,0,90
2577977_2514,2577977,2514,985,985,2015-09-26,Bastian Schweinsteiger,GB1,0,0,0,0,22
2577977_3332,2577977,3332,985,985,2015-09-26,Wayne Rooney,GB1,0,0,1,0,90
2581652_1586,2581652,1586,42,42,2015-09-26,Christian Schulz,L1,0,0,0,0,90
2581652_1667,2581652,1667,82,162,2015-09-26,Diego Benaglio,L1,0,0,0,0,90
2581655_1791,2581655,1791,167,167,2015-09-26,Halil Altintop,L1,0,0,0,0,71
2581655_2623,2581655,2623,167,167,2015-09-26,Piotr Trochowski,L1,0,0,0,0,12
2581656_1277,2581656,1277,86,86,2015-09-26,Clemens Fritz,L1,0,0,0,0,90
2581656_532,2581656,532,86,86,2015-09-26,Claudio Pizarro,L1,0,0,0,0,90
2581659_2219,2581659,2219,27,27,2015-09-26,Philipp Lahm,L1,0,0,0,0,90
2590610_2587,2590610,2587,524,524,2015-09-26,Elyasa Süme,TR1,0,0,0,0,90
2590611_1896,2590611,1896,19771,19771,2015-09-26,Ahmet Cebe,TR1,1,0,0,0,90
2590615_2148,2590615,2148,2944,2944,2015-09-26,Erdal Kilicaslan,TR1,0,0,1,0,83
2581651_2926,2581651,2926,105,105,2015-09-27,György Garics,L1,0,0,0,0,90
2581657_1565,2581657,1565,24,24,2015-09-27,Alexander Meier,L1,0,0,1,0,90
2586903_1423,2586903,1423,855,855,2015-09-27,Lars Jacobsen,FR1,1,0,0,0,90
2594530_1726,2594530,1726,150,610,2015-09-27,Heiko Westermann,ES1,0,0,0,0,90
2626456_3201,2626456,3201,265,265,2015-09-27,Stathis Tavlaridis,GR1,0,0,0,0,90
2626459_65,2626459,65,1091,1091,2015-09-27,Dimitar Berbatov,GR1,0,0,1,0,31
2577986_3291,2577986,3291,29,984,2015-09-28,Gareth Barry,GB1,0,0,0,0,90
2618556_3256,2618556,3256,15,15,2015-09-29,Roberto Hilbert,CL,0,0,0,0,14
2618557_597,2618557,597,713,2696,2015-09-29,Aleksandr Hleb,CL,0,0,0,0,18
2618558_2219,2618558,2219,27,27,2015-09-29,Philipp Lahm,CL,0,0,0,0,90
2618567_1667,2618567,1667,82,162,2015-09-30,Diego Benaglio,CL,0,0,0,0,90
2618567_2514,2618567,2514,985,985,2015-09-30,Bastian Schweinsteiger,CL,1,0,0,0,72
2618567_3332,2618567,3332,985,985,2015-09-30,Wayne Rooney,CL,0,0,0,0,90
2618570_2963,2618570,2963,281,714,2015-09-30,Martín Demichelis,CL,0,0,1,0,90
2618752_3202,2618752,3202,31,371,2015-10-01,Kolo Touré,EL,0,0,0,0,76
2618754_26,2618754,26,16,16,2015-10-01,Roman Weidenfeller,EL,0,0,0,0,90
2618754_65,2618754,65,1091,1091,2015-10-01,Dimitar Berbatov,EL,0,0,0,0,89
2618766_1662,2618766,1662,33,33,2015-10-01,Sascha Riether,EL,0,0,0,1,90
2618767_1791,2618767,1791,167,167,2015-10-01,Halil Altintop,EL,0,0,0,1,90
2618767_1986,2618767,1986,167,167,2015-10-01,Markus Feulner,EL,0,0,0,0,45
2618767_2623,2618767,2623,167,167,2015-10-01,Piotr Trochowski,EL,0,0,0,0,15
2581674_2926,2581674,2926,105,105,2015-10-02,György Garics,L1,0,0,0,0,90
2590622_933,2590622,933,2293,2293,2015-10-02,Ugur Inceman,TR1,0,0,0,0,22
2577975_3160,2577975,3160,631,631,2015-10-03,John Terry,GB1,0,0,0,0,90
2577979_2998,2577979,2998,1003,1003,2015-10-03,Robert Huth,GB1,1,0,0,0,90
2577980_3306,2577980,3306,512,1132,2015-10-03,Jonathan Walters,GB1,0,0,0,0,90
2577981_3356,2577981,3356,989,989,2015-10-03,Sylvain Distin,GB1,0,0,0,0,90
2581669_1667,2581669,1667,82,162,2015-10-03,Diego Benaglio,L1,0,0,0,0,90
2581670_1277,2581670,1277,86,86,2015-10-03,Clemens Fritz,L1,0,0,0,0,90
2581670_1586,2581670,1586,42,42,2015-10-03,Christian Schulz,L1,1,0,0,0,90
2581670_532,2581670,532,86,86,2015-10-03,Claudio Pizarro,L1,0,0,0,0,31
2581672_1331,2581672,1331,533,533,2015-10-03,Kevin Kuranyi,L1,0,0,0,0,21
2581673_1565,2581673,1565,24,24,2015-10-03,Alexander Meier,L1,0,0,0,0,90
2586910_1423,2586910,1423,855,855,2015-10-03,Lars Jacobsen,FR1,0,0,0,0,90
2590618_2148,2590618,2148,2944,2944,2015-10-03,Erdal Kilicaslan,TR1,0,0,1,0,45
2590618_2587,2590618,2587,524,524,2015-10-03,Elyasa Süme,TR1,0,0,0,0,90
2626463_3201,2626463,3201,265,265,2015-10-03,Stathis Tavlaridis,GR1,0,0,0,0,64
2577974_2514,2577974,2514,985,985,2015-10-04,Bastian Schweinsteiger,GB1,0,0,0,0,90
2577974_3332,2577974,3332,985,985,2015-10-04,Wayne Rooney,GB1,1,0,0,0,90
2577989_3291,2577989,3291,29,984,2015-10-04,Gareth Barry,GB1,0,0,0,0,90
2577989_3333,2577989,3333,31,1237,2015-10-04,James Milner,GB1,0,0,0,1,90
2581666_2219,2581666,2219,27,27,2015-10-04,Philipp Lahm,L1,0,0,0,0,90
2581667_1126,2581667,1126,3,3,2015-10-04,Matthias Lehmann,L1,0,0,0,0,90
2581668_1791,2581668,1791,167,167,2015-10-04,Halil Altintop,L1,0,0,0,0,90
2581668_1986,2581668,1986,167,167,2015-10-04,Markus Feulner,L1,0,0,0,0,9
2590617_1896,2590617,1896,19771,19771,2015-10-04,Ahmet Cebe,TR1,1,0,0,0,90
2594540_1726,2594540,1726,150,610,2015-10-04,Heiko Westermann,ES1,0,0,1,0,90
2626467_65,2626467,65,1091,1091,2015-10-04,Dimitar Berbatov,GR1,0,0,0,0,45
2577982_3356,2577982,3356,989,989,2015-10-17,Sylvain Distin,GB1,0,0,0,0,90
2577983_2998,2577983,2998,1003,1003,2015-10-17,Robert Huth,GB1,0,0,0,0,90
2577984_2514,2577984,2514,985,985,2015-10-17,Bastian Schweinsteiger,GB1,1,0,0,0,74
2577984_3291,2577984,3291,29,984,2015-10-17,Gareth Barry,GB1,0,0,0,0,90
2577984_3332,2577984,3332,985,985,2015-10-17,Wayne Rooney,GB1,0,0,1,0,90
2577991_3160,2577991,3160,631,631,2015-10-17,John Terry,GB1,0,0,0,0,90
2577993_3333,2577993,3333,31,1237,2015-10-17,James Milner,GB1,1,0,0,0,90
2581675_1662,2581675,1662,33,33,2015-10-17,Sascha Riether,L1,0,0,0,0,90
2581676_1667,2581676,1667,82,162,2015-10-17,Diego Benaglio,L1,0,0,0,0,90
2581677_1784,2581677,1784,41,39,2015-10-17,René Adler,L1,0,0,0,0,90
2581679_1791,2581679,1791,167,167,2015-10-17,Halil Altintop,L1,0,0,0,0,45
2581679_2623,2581679,2623,167,167,2015-10-17,Piotr Trochowski,L1,0,0,0,0,29
2581679_2926,2581679,2926,105,105,2015-10-17,György Garics,L1,1,0,0,0,90
2581680_1277,2581680,1277,86,86,2015-10-17,Clemens Fritz,L1,0,0,0,0,78
2581680_2219,2581680,2219,27,27,2015-10-17,Philipp Lahm,L1,0,0,0,0,90
2581680_532,2581680,532,86,86,2015-10-17,Claudio Pizarro,L1,0,0,0,0,12
2581681_1565,2581681,1565,24,24,2015-10-17,Alexander Meier,L1,0,0,1,0,90
2586937_1423,2586937,1423,855,855,2015-10-17,Lars Jacobsen,FR1,0,0,0,0,90
2593961_2587,2593961,2587,524,524,2015-10-17,Elyasa Süme,TR1,0,0,0,0,90
2593961_933,2593961,933,2293,2293,2015-10-17,Ugur Inceman,TR1,0,0,0,0,22
2594550_1726,2594550,1726,150,610,2015-10-17,Heiko Westermann,ES1,0,0,0,0,90
2581682_1126,2581682,1126,3,3,2015-10-18,Matthias Lehmann,L1,0,0,0,0,90
2581682_1586,2581682,1586,42,42,2015-10-18,Christian Schulz,L1,0,0,0,1,90
2593957_1896,2593957,1896,19771,19771,2015-10-18,Ahmet Cebe,TR1,0,0,0,0,90
2604048_2904,2604048,2904,276,276,2015-10-18,Rafa Márquez,IT1,1,0,0,0,90
2604052_10,2604052,10,398,398,2015-10-18,Miroslav Klose,IT1,0,0,0,0,65
2630708_65,2630708,65,1091,1091,2015-10-18,Dimitar Berbatov,GR1,0,0,1,0,90
2593956_2148,2593956,2148,2944,2944,2015-10-19,Erdal Kilicaslan,TR1,0,0,0,0,90
2630711_2874,2630711,2874,265,265,2015-10-19,Mladen Petric,GR1,0,0,1,0,90
2630711_3201,2630711,3201,265,265,2015-10-19,Stathis Tavlaridis,GR1,1,0,0,0,90
2618580_2219,2618580,2219,27,27,2015-10-20,Philipp Lahm,CL,0,0,0,0,90
2618583_3160,2618583,3160,631,631,2015-10-20,John Terry,CL,0,0,0,0,90
2618588_2514,2618588,2514,985,985,2015-10-21,Bastian Schweinsteiger,CL,0,0,0,0,45
2618588_3332,2618588,3332,985,985,2015-10-21,Wayne Rooney,CL,0,0,0,0,90
2618589_1667,2618589,1667,82,162,2015-10-21,Diego Benaglio,CL,1,0,0,0,90
2618769_26,2618769,26,16,16,2015-10-22,Roman Weidenfeller,EL,0,0,0,0,90
2618770_65,2618770,65,1091,1091,2015-10-22,Dimitar Berbatov,EL,0,0,0,0,33
2618785_3333,2618785,3333,31,1237,2015-10-22,James Milner,EL,0,0,0,0,90
2618797_1986,2618797,1986,167,167,2015-10-22,Markus Feulner,EL,0,0,0,0,20
2618797_2623,2618797,2623,167,167,2015-10-22,Piotr Trochowski,EL,0,0,1,0,70
2581695_1784,2581695,1784,41,39,2015-10-23,René Adler,L1,0,0,0,0,90
2593970_1896,2593970,1896,19771,19771,2015-10-23,Ahmet Cebe,TR1,1,0,0,1,90
2577999_3306,2577999,3306,512,1132,2015-10-24,Jonathan Walters,GB1,0,0,0,0,30
2578002_3291,2578002,3291,29,984,2015-10-24,Gareth Barry,GB1,2,0,0,0,90
2578005_2998,2578005,2998,1003,1003,2015-10-24,Robert Huth,GB1,0,0,0,0,90
2578006_3160,2578006,3160,631,631,2015-10-24,John Terry,GB1,0,0,0,0,90
2581690_1126,2581690,1126,3,3,2015-10-24,Matthias Lehmann,L1,1,0,0,0,90
2581690_2219,2581690,2219,27,27,2015-10-24,Philipp Lahm,L1,0,0,0,0,90
2581694_1565,2581694,1565,24,24,2015-10-24,Alexander Meier,L1,0,0,0,1,90
2581694_1586,2581694,1586,42,42,2015-10-24,Christian Schulz,L1,0,0,0,0,90
2581696_1277,2581696,1277,86,86,2015-10-24,Clemens Fritz,L1,1,0,0,0,88
2581696_532,2581696,532,86,86,2015-10-24,Claudio Pizarro,L1,0,0,0,0,8
2581698_1667,2581698,1667,82,162,2015-10-24,Diego Benaglio,L1,0,0,0,0,90
2581698_2926,2581698,2926,105,105,2015-10-24,György Garics,L1,0,0,0,0,75
2586970_1423,2586970,1423,855,855,2015-10-24,Lars Jacobsen,FR1,0,0,0,0,90
2593967_2148,2593967,2148,2944,2944,2015-10-24,Erdal Kilicaslan,TR1,0,0,0,0,64
2593968_2587,2593968,2587,524,524,2015-10-24,Elyasa Süme,TR1,0,0,0,0,90
2594559_1726,2594559,1726,150,610,2015-10-24,Heiko Westermann,ES1,0,0,0,0,58
2577996_3356,2577996,3356,989,989,2015-10-25,Sylvain Distin,GB1,0,0,0,0,90
2577998_2514,2577998,2514,985,985,2015-10-25,Bastian Schweinsteiger,GB1,0,0,0,0,74
2577998_2963,2577998,2963,281,714,2015-10-25,Martín Demichelis,GB1,0,0,0,0,13
2577998_3332,2577998,3332,985,985,2015-10-25,Wayne Rooney,GB1,0,0,0,0,90
2578000_3333,2578000,3333,31,1237,2015-10-25,James Milner,GB1,1,0,0,1,90
2581691_1986,2581691,1986,167,167,2015-10-25,Markus Feulner,L1,1,0,0,0,90
2581691_2623,2581691,2623,167,167,2015-10-25,Piotr Trochowski,L1,0,0,0,0,45
2581693_1662,2581693,1662,33,33,2015-10-25,Sascha Riether,L1,0,0,0,0,90
2593963_933,2593963,933,2293,2293,2015-10-25,Ugur Inceman,TR1,0,0,0,0,26
2604059_10,2604059,10,398,398,2015-10-25,Miroslav Klose,IT1,1,0,0,2,79
2604062_2904,2604062,2904,276,276,2015-10-25,Rafa Márquez,IT1,0,0,0,0,90
2631230_2874,2631230,2874,265,265,2015-10-25,Mladen Petric,GR1,0,0,0,0,7
2631230_3201,2631230,3201,265,265,2015-10-25,Stathis Tavlaridis,GR1,1,0,0,0,90
2631230_65,2631230,65,1091,1091,2015-10-25,Dimitar Berbatov,GR1,0,0,1,0,30
2615033_1565,2615033,1565,24,24,2015-10-27,Alexander Meier,DFB,0,0,0,0,90
2615043_1586,2615043,1586,42,42,2015-10-27,Christian Schulz,DFB,0,0,0,0,90
2615047_1667,2615047,1667,82,162,2015-10-27,Diego Benaglio,DFB,0,0,0,0,90
2615047_2219,2615047,2219,27,27,2015-10-27,Philipp Lahm,DFB,0,0,0,0,90
2593978_2587,2593978,2587,524,524,2015-10-28,Elyasa Süme,TR1,0,0,0,0,90
2604064_10,2604064,10,398,398,2015-10-28,Miroslav Klose,IT1,0,0,0,0,10
2604067_2904,2604067,2904,276,276,2015-10-28,Rafa Márquez,IT1,0,0,0,0,90
2615037_1662,2615037,1662,33,33,2015-10-28,Sascha Riether,DFB,0,0,0,0,55
2615044_1791,2615044,1791,167,167,2015-10-28,Halil Altintop,DFB,0,0,0,0,45
2615044_1986,2615044,1986,167,167,2015-10-28,Markus Feulner,DFB,0,0,0,0,45
2615046_1126,2615046,1126,3,3,2015-10-28,Matthias Lehmann,DFB,0,0,0,0,90
2615046_1277,2615046,1277,86,86,2015-10-28,Clemens Fritz,DFB,0,0,0,0,90
2615046_532,2615046,532,86,86,2015-10-28,Claudio Pizarro,DFB,0,0,0,0,4
2627300_2874,2627300,2874,265,265,2015-10-28,Mladen Petric,GRP,0,0,0,0,90
2627300_3201,2627300,3201,265,265,2015-10-28,Stathis Tavlaridis,GRP,0,0,1,0,90
2593980_2148,2593980,2148,2944,2944,2015-10-29,Erdal Kilicaslan,TR1,0,0,0,0,68
2581705_1565,2581705,1565,24,24,2015-10-30,Alexander Meier,L1,0,0,0,0,90
2581705_2219,2581705,2219,27,27,2015-10-30,Philipp Lahm,L1,1,0,0,0,76
2578003_3160,2578003,3160,631,631,2015-10-31,John Terry,GB1,0,0,0,0,90
2578003_3333,2578003,3333,31,1237,2015-10-31,James Milner,GB1,0,0,0,0,64
2578010_2514,2578010,2514,985,985,2015-10-31,Bastian Schweinsteiger,GB1,0,0,0,0,69
2578010_3332,2578010,3332,985,985,2015-10-31,Wayne Rooney,GB1,0,0,0,0,90
2578012_2998,2578012,2998,1003,1003,2015-10-31,Robert Huth,GB1,1,0,0,0,90
2578014_2963,2578014,2963,281,714,2015-10-31,Martín Demichelis,GB1,0,0,0,0,1
2578015_3306,2578015,3306,512,1132,2015-10-31,Jonathan Walters,GB1,0,0,0,0,90
2581700_1667,2581700,1667,82,162,2015-10-31,Diego Benaglio,L1,0,0,0,0,90
2581703_1986,2581703,1986,167,167,2015-10-31,Markus Feulner,L1,0,0,0,0,90
2581704_1277,2581704,1277,86,86,2015-10-31,Clemens Fritz,L1,1,0,0,0,82
2581704_532,2581704,532,86,86,2015-10-31,Claudio Pizarro,L1,0,0,0,0,7
2581706_1126,2581706,1126,3,3,2015-10-31,Matthias Lehmann,L1,0,0,0,0,90
2581706_1331,2581706,1331,533,533,2015-10-31,Kevin Kuranyi,L1,0,0,0,0,16
2586982_1423,2586982,1423,855,855,2015-10-31,Lars Jacobsen,FR1,0,0,0,1,90
2578009_3291,2578009,3291,29,984,2015-11-01,Gareth Barry,GB1,0,0,0,0,90
2578009_3405,2578009,3405,289,289,2015-11-01,Wes Brown,GB1,0,0,0,0,90
2578017_3356,2578017,3356,989,989,2015-11-01,Sylvain Distin,GB1,0,0,0,0,90
2581701_1586,2581701,1586,42,42,2015-11-01,Christian Schulz,L1,0,0,0,0,90
2581701_1784,2581701,1784,41,39,2015-11-01,René Adler,L1,0,0,0,0,90
2581702_2926,2581702,2926,105,105,2015-11-01,György Garics,L1,1,0,0,0,90
2604075_2904,2604075,2904,276,276,2015-11-01,Rafa Márquez,IT1,0,0,0,0,59
2604081_10,2604081,10,398,398,2015-11-01,Miroslav Klose,IT1,0,0,0,0,90
2631237_3201,2631237,3201,265,265,2015-11-01,Stathis Tavlaridis,GR1,0,0,0,0,90
2618596_2514,2618596,2514,985,985,2015-11-03,Bastian Schweinsteiger,CL,0,0,0,0,89
2618596_3332,2618596,3332,985,985,2015-11-03,Wayne Rooney,CL,0,0,1,0,90
2618597_1667,2618597,1667,82,162,2015-11-03,Diego Benaglio,CL,0,0,0,0,90
2618600_2963,2618600,2963,281,714,2015-11-03,Martín Demichelis,CL,0,0,0,0,1
2618601_2865,2618601,2865,506,167,2015-11-03,Stephan Lichtsteiner,CL,0,0,1,0,90
2618602_597,2618602,597,713,2696,2015-11-04,Aleksandr Hleb,CL,0,0,0,0,29
2618604_2219,2618604,2219,27,27,2015-11-04,Philipp Lahm,CL,0,0,0,0,90
2618607_3160,2618607,3160,631,631,2015-11-04,John Terry,CL,0,0,0,0,90
2618771_26,2618771,26,16,16,2015-11-05,Roman Weidenfeller,EL,0,0,0,0,90
2618787_3333,2618787,3333,31,1237,2015-11-05,James Milner,EL,0,0,0,0,61
2618799_1986,2618799,1986,167,167,2015-11-05,Markus Feulner,EL,0,0,0,0,25
2581719_1586,2581719,1586,42,42,2015-11-06,Christian Schulz,L1,0,0,0,0,90
2593999_2148,2593999,2148,2944,2944,2015-11-06,Erdal Kilicaslan,TR1,0,0,0,0,70
2578022_2998,2578022,2998,1003,1003,2015-11-07,Robert Huth,GB1,0,0,0,0,90
2578023_3291,2578023,3291,29,984,2015-11-07,Gareth Barry,GB1,0,0,0,0,90
2578024_3356,2578024,3356,989,989,2015-11-07,Sylvain Distin,GB1,0,0,0,0,90
2578033_2514,2578033,2514,985,985,2015-11-07,Bastian Schweinsteiger,GB1,0,0,0,0,90
2578033_3332,2578033,3332,985,985,2015-11-07,Wayne Rooney,GB1,0,0,0,0,82
2578036_3160,2578036,3160,631,631,2015-11-07,John Terry,GB1,0,0,0,0,90
2578036_3306,2578036,3306,512,1132,2015-11-07,Jonathan Walters,GB1,0,0,0,1,90
2581716_1126,2581716,1126,3,3,2015-11-07,Matthias Lehmann,L1,0,0,0,0,90
2581720_1331,2581720,1331,533,533,2015-11-07,Kevin Kuranyi,L1,0,0,0,0,79
2581720_1565,2581720,1565,24,24,2015-11-07,Alexander Meier,L1,0,0,0,0,90
2581721_1667,2581721,1667,82,162,2015-11-07,Diego Benaglio,L1,0,0,0,0,90
2581722_1784,2581722,1784,41,39,2015-11-07,René Adler,L1,0,0,0,0,90
2581722_2926,2581722,2926,105,105,2015-11-07,György Garics,L1,1,0,0,0,90
2586998_1423,2586998,1423,855,855,2015-11-07,Lars Jacobsen,FR1,1,0,0,0,90
2593991_1896,2593991,1896,19771,19771,2015-11-07,Ahmet Cebe,TR1,1,0,0,0,90
2594578_1726,2594578,1726,150,610,2015-11-07,Heiko Westermann,ES1,0,0,0,0,90
2631241_2874,2631241,2874,265,265,2015-11-07,Mladen Petric,GR1,0,0,0,0,23
2581718_532,2581718,532,86,86,2015-11-08,Claudio Pizarro,L1,0,0,1,0,45
2593993_2587,2593993,2587,524,524,2015-11-08,Elyasa Süme,TR1,0,0,0,0,90
2593994_933,2593994,933,2293,2293,2015-11-08,Ugur Inceman,TR1,0,0,0,0,73
2604084_2865,2604084,2865,506,167,2015-11-08,Stephan Lichtsteiner,IT1,0,0,0,0,86
2604090_10,2604090,10,398,398,2015-11-08,Miroslav Klose,IT1,0,0,0,0,28
2581726_1784,2581726,1784,41,39,2015-11-20,René Adler,L1,0,0,0,0,90
2578025_3160,2578025,3160,631,631,2015-11-21,John Terry,GB1,0,0,0,0,90
2578028_3356,2578028,3356,989,989,2015-11-21,Sylvain Distin,GB1,0,0,0,0,90
2578029_3306,2578029,3306,512,1132,2015-11-21,Jonathan Walters,GB1,0,0,0,0,87
2578035_2998,2578035,2998,1003,1003,2015-11-21,Robert Huth,GB1,1,0,0,0,90
2578037_2963,2578037,2963,281,714,2015-11-21,Martín Demichelis,GB1,0,0,0,0,90
2578037_3202,2578037,3202,31,371,2015-11-21,Kolo Touré,GB1,0,0,0,0,1
2578037_3333,2578037,3333,31,1237,2015-11-21,James Milner,GB1,0,0,0,0,90
2578038_2514,2578038,2514,985,985,2015-11-21,Bastian Schweinsteiger,GB1,0,0,0,1,90
2578042_3291,2578042,3291,29,984,2015-11-21,Gareth Barry,GB1,0,0,0,0,90
2581723_1662,2581723,1662,33,33,2015-11-21,Sascha Riether,L1,0,0,0,0,90
2581723_2219,2581723,2219,27,27,2015-11-21,Philipp Lahm,L1,0,0,0,0,90
2581724_1586,2581724,1586,42,42,2015-11-21,Christian Schulz,L1,0,0,0,0,90
2581725_1277,2581725,1277,86,86,2015-11-21,Clemens Fritz,L1,1,0,0,0,90
2581725_1667,2581725,1667,82,162,2015-11-21,Diego Benaglio,L1,0,0,0,0,90
2581725_532,2581725,532,86,86,2015-11-21,Claudio Pizarro,L1,0,0,0,0,45
2581727_1791,2581727,1791,167,167,2015-11-21,Halil Altintop,L1,0,0,0,0,5
2581728_1565,2581728,1565,24,24,2015-11-21,Alexander Meier,L1,0,0,0,0,90
2581729_1126,2581729,1126,3,3,2015-11-21,Matthias Lehmann,L1,0,0,0,0,90
2587007_1423,2587007,1423,855,855,2015-11-21,Lars Jacobsen,FR1,0,0,0,0,90
2594004_1896,2594004,1896,19771,19771,2015-11-21,Ahmet Cebe,TR1,0,0,0,0,90
2604101_2865,2604101,2865,506,167,2015-11-21,Stephan Lichtsteiner,IT1,1,0,0,0,90
2581730_1331,2581730,1331,533,533,2015-11-22,Kevin Kuranyi,L1,0,0,0,0,7
2581731_2926,2581731,2926,105,105,2015-11-22,György Garics,L1,0,0,0,0,90
2594008_2148,2594008,2148,2944,2944,2015-11-22,Erdal Kilicaslan,TR1,0,0,0,0,82
2594588_1726,2594588,1726,150,610,2015-11-22,Heiko Westermann,ES1,0,0,0,0,90
2631250_65,2631250,65,1091,1091,2015-11-22,Dimitar Berbatov,GR1,0,0,0,0,90
2594006_2587,2594006,2587,524,524,2015-11-23,Elyasa Süme,TR1,0,0,0,0,90
2618618_597,2618618,597,713,2696,2015-11-24,Aleksandr Hleb,CL,1,0,0,0,73
2618621_2219,2618621,2219,27,27,2015-11-24,Philipp Lahm,CL,0,0,0,0,90
2618623_3160,2618623,3160,631,631,2015-11-24,John Terry,CL,0,0,0,0,71
2618612_1667,2618612,1667,82,162,2015-11-25,Diego Benaglio,CL,0,0,0,0,90
2618613_2514,2618613,2514,985,985,2015-11-25,Bastian Schweinsteiger,CL,0,0,0,0,58
2618613_3332,2618613,3332,985,985,2015-11-25,Wayne Rooney,CL,0,0,0,0,90
2618616_2865,2618616,2865,506,167,2015-11-25,Stephan Lichtsteiner,CL,0,0,0,0,90
2618616_2963,2618616,2963,281,714,2015-11-25,Martín Demichelis,CL,0,0,0,0,90
2618773_26,2618773,26,16,16,2015-11-26,Roman Weidenfeller,EL,0,0,0,0,90
2618774_65,2618774,65,1091,1091,2015-11-26,Dimitar Berbatov,EL,0,0,0,0,71
2618790_3202,2618790,3202,31,371,2015-11-26,Kolo Touré,EL,0,0,0,0,90
2618790_3333,2618790,3333,31,1237,2015-11-26,James Milner,EL,0,0,1,0,90
2618796_1791,2618796,1791,167,167,2015-11-26,Halil Altintop,EL,0,0,0,0,56
2618796_2623,2618796,2623,167,167,2015-11-26,Piotr Trochowski,EL,0,0,1,0,56
2618805_1662,2618805,1662,33,33,2015-11-26,Sascha Riether,EL,0,0,0,1,7
2618971_10,2618971,10,398,398,2015-11-26,Miroslav Klose,EL,0,0,0,0,66
2581746_1126,2581746,1126,3,3,2015-11-27,Matthias Lehmann,L1,0,0,0,0,90
2581746_2926,2581746,2926,105,105,2015-11-27,György Garics,L1,1,0,0,0,90
2594010_2148,2594010,2148,2944,2944,2015-11-27,Erdal Kilicaslan,TR1,0,0,0,0,13
2594011_933,2594011,933,2293,2293,2015-11-27,Ugur Inceman,TR1,0,0,0,0,90
2594597_1726,2594597,1726,150,610,2015-11-27,Heiko Westermann,ES1,2,0,0,0,79
2578031_2514,2578031,2514,985,985,2015-11-28,Bastian Schweinsteiger,GB1,0,0,1,0,90
2578031_2998,2578031,2998,1003,1003,2015-11-28,Robert Huth,GB1,0,0,0,0,90
2578031_3332,2578031,3332,985,985,2015-11-28,Wayne Rooney,GB1,0,0,0,0,68
2578032_3291,2578032,3291,29,984,2015-11-28,Gareth Barry,GB1,0,0,0,0,90
2578032_3356,2578032,3356,989,989,2015-11-28,Sylvain Distin,GB1,0,0,0,0,90
2578041_2963,2578041,2963,281,714,2015-11-28,Martín Demichelis,GB1,1,0,0,0,90
2578046_3306,2578046,3306,512,1132,2015-11-28,Jonathan Walters,GB1,0,0,0,0,90
2581738_2219,2581738,2219,27,27,2015-11-28,Philipp Lahm,L1,0,0,0,0,90
2581742_1784,2581742,1784,41,39,2015-11-28,René Adler,L1,0,0,0,0,90
2581742_532,2581742,532,86,86,2015-11-28,Claudio Pizarro,L1,0,0,0,0,77
2581743_1586,2581743,1586,42,42,2015-11-28,Christian Schulz,L1,1,0,0,0,90
2581745_1565,2581745,1565,24,24,2015-11-28,Alexander Meier,L1,2,0,0,0,40
2594599_215,2594599,215,1084,1084,2015-11-28,Roque Santa Cruz,ES1,0,0,0,0,5
2631257_3201,2631257,3201,265,265,2015-11-28,Stathis Tavlaridis,GR1,1,0,0,0,90
2578055_3202,2578055,3202,31,371,2015-11-29,Kolo Touré,GB1,0,0,0,0,1
2578055_3333,2578055,3333,31,1237,2015-11-29,James Milner,GB1,1,0,1,0,90
2579970_3179,2579970,3179,371,371,2015-11-29,Carlton Cole,SC1,0,0,0,1,29
2581740_1662,2581740,1662,33,33,2015-11-29,Sascha Riether,L1,0,0,0,0,90
2581741_1667,2581741,1667,82,162,2015-11-29,Diego Benaglio,L1,0,0,0,0,90
2581741_2623,2581741,2623,167,167,2015-11-29,Piotr Trochowski,L1,0,0,0,0,1
2587018_1423,2587018,1423,855,855,2015-11-29,Lars Jacobsen,FR1,0,0,0,0,90
2594012_2587,2594012,2587,524,524,2015-11-29,Elyasa Süme,TR1,0,0,0,1,90
2594013_1896,2594013,1896,19771,19771,2015-11-29,Ahmet Cebe,TR1,1,0,0,1,90
2604105_10,2604105,10,398,398,2015-11-29,Miroslav Klose,IT1,0,0,0,0,34
2604110_2865,2604110,2865,506,167,2015-11-29,Stephan Lichtsteiner,IT1,0,0,0,0,22
2600611_1423,2600611,1423,855,855,2015-12-02,Lars Jacobsen,FR1,0,0,0,0,90
2633819_215,2633819,215,1084,1084,2015-12-03,Roque Santa Cruz,CDR,0,0,1,0,90
2581753_1586,2581753,1586,42,42,2015-12-04,Christian Schulz,L1,0,0,0,0,90
2581753_1662,2581753,1662,33,33,2015-12-04,Sascha Riether,L1,1,0,0,0,90
2604121_10,2604121,10,398,398,2015-12-04,Miroslav Klose,IT1,1,0,0,0,90
2604121_2865,2604121,2865,506,167,2015-12-04,Stephan Lichtsteiner,IT1,0,0,0,0,90
2578047_2514,2578047,2514,985,985,2015-12-05,Bastian Schweinsteiger,GB1,0,0,0,0,73
2578054_2998,2578054,2998,1003,1003,2015-12-05,Robert Huth,GB1,0,0,0,0,90
2578067_2963,2578067,2963,281,714,2015-12-05,Martín Demichelis,GB1,0,0,0,0,90
2578067_3306,2578067,3306,512,1132,2015-12-05,Jonathan Walters,GB1,0,0,0,0,5
2581754_2219,2581754,2219,27,27,2015-12-05,Philipp Lahm,L1,0,0,0,0,90
2581755_1667,2581755,1667,82,162,2015-12-05,Diego Benaglio,L1,0,0,0,0,90
2581759_1126,2581759,1126,3,3,2015-12-05,Matthias Lehmann,L1,0,0,0,0,90
2581760_3256,2581760,3256,15,15,2015-12-05,Roberto Hilbert,L1,1,0,0,0,22
2581761_1331,2581761,1331,533,533,2015-12-05,Kevin Kuranyi,L1,0,0,0,0,29
2594025_933,2594025,933,2293,2293,2015-12-05,Ugur Inceman,TR1,0,0,0,0,15
2594026_2148,2594026,2148,2944,2944,2015-12-05,Erdal Kilicaslan,TR1,0,0,0,0,20
2594607_1726,2594607,1726,150,610,2015-12-05,Heiko Westermann,ES1,0,0,0,0,75
2578056_3333,2578056,3333,31,1237,2015-12-06,James Milner,GB1,0,0,0,0,90
2581757_1277,2581757,1277,86,86,2015-12-06,Clemens Fritz,L1,1,0,0,1,90
2581757_532,2581757,532,86,86,2015-12-06,Claudio Pizarro,L1,0,0,0,0,23
2594019_2587,2594019,2587,524,524,2015-12-06,Elyasa Süme,TR1,1,0,0,0,90
2594610_215,2594610,215,1084,1084,2015-12-06,Roque Santa Cruz,ES1,0,0,0,0,25
2631269_2874,2631269,2874,265,265,2015-12-06,Mladen Petric,GR1,0,0,0,0,64
2578048_3291,2578048,3291,29,984,2015-12-07,Gareth Barry,GB1,0,0,0,1,90
2594022_1896,2594022,1896,19771,19771,2015-12-07,Ahmet Cebe,TR1,1,0,0,0,90
2618628_1667,2618628,1667,82,162,2015-12-08,Diego Benaglio,CL,0,0,0,0,90
2618628_2514,2618628,2514,985,985,2015-12-08,Bastian Schweinsteiger,CL,0,0,0,0,69
2618633_2865,2618633,2865,506,167,2015-12-08,Stephan Lichtsteiner,CL,0,0,0,0,77
2618634_3256,2618634,3256,15,15,2015-12-09,Roberto Hilbert,CL,0,0,0,0,90
2618635_597,2618635,597,713,2696,2015-12-09,Aleksandr Hleb,CL,0,0,0,0,90
2618636_2219,2618636,2219,27,27,2015-12-09,Philipp Lahm,CL,0,0,0,0,90
2618639_3160,2618639,3160,631,631,2015-12-09,John Terry,CL,0,0,0,0,90
2618776_26,2618776,26,16,16,2015-12-10,Roman Weidenfeller,EL,0,0,0,0,90
2618776_65,2618776,65,1091,1091,2015-12-10,Dimitar Berbatov,EL,0,0,0,0,71
2618792_3202,2618792,3202,31,371,2015-12-10,Kolo Touré,EL,0,0,0,0,90
2618792_3333,2618792,3333,31,1237,2015-12-10,James Milner,EL,0,0,0,0,60
2618793_2623,2618793,2623,167,167,2015-12-10,Piotr Trochowski,EL,0,0,0,1,90
2578066_3306,2578066,3306,512,1132,2015-12-12,Jonathan Walters,GB1,0,0,0,0,24
2578069_3291,2578069,3291,29,984,2015-12-12,Gareth Barry,GB1,0,0,0,0,90
2581762_2219,2581762,2219,27,27,2015-12-12,Philipp Lahm,L1,0,0,1,0,90
2581764_3256,2581764,3256,15,15,2015-12-12,Roberto Hilbert,L1,0,0,0,1,45
2581765_1667,2581765,1667,82,162,2015-12-12,Diego Benaglio,L1,0,0,0,0,90
2581765_1784,2581765,1784,41,39,2015-12-12,René Adler,L1,0,0,0,0,90
2581767_1126,2581767,1126,3,3,2015-12-12,Matthias Lehmann,L1,0,0,0,0,90
2581767_1277,2581767,1277,86,86,2015-12-12,Clemens Fritz,L1,1,0,0,1,90
2581767_532,2581767,532,86,86,2015-12-12,Claudio Pizarro,L1,0,0,0,0,26
2581768_1586,2581768,1586,42,42,2015-12-12,Christian Schulz,L1,0,0,0,0,90
2581770_2926,2581770,2926,105,105,2015-12-12,György Garics,L1,0,0,0,0,90
2594034_2587,2594034,2587,524,524,2015-12-12,Elyasa Süme,TR1,0,0,0,0,90
2594616_1726,2594616,1726,150,610,2015-12-12,Heiko Westermann,ES1,0,0,0,0,90
2600628_1423,2600628,1423,855,855,2015-12-12,Lars Jacobsen,FR1,0,0,0,0,90
2645524_1368,2645524,1368,1519,1519,2015-12-12,Guy Demel,SC1,0,0,0,0,57
2578060_3333,2578060,3333,31,1237,2015-12-13,James Milner,GB1,0,0,0,0,90
2581763_1565,2581763,1565,24,24,2015-12-13,Alexander Meier,L1,0,0,1,0,90
2581766_1662,2581766,1662,33,33,2015-12-13,Sascha Riether,L1,0,0,0,0,90
2581766_1986,2581766,1986,167,167,2015-12-13,Markus Feulner,L1,0,0,0,0,90
2594035_1896,2594035,1896,19771,19771,2015-12-13,Ahmet Cebe,TR1,0,0,0,0,90
2604129_2904,2604129,2904,276,276,2015-12-13,Rafa Márquez,IT1,1,0,0,0,90
2631277_2874,2631277,2874,265,265,2015-12-13,Mladen Petric,GR1,0,0,0,1,87
2631277_3201,2631277,3201,265,265,2015-12-13,Stathis Tavlaridis,GR1,0,0,0,0,3
2645527_3179,2645527,3179,371,371,2015-12-13,Carlton Cole,SC1,0,0,0,0,9
2578065_2998,2578065,2998,1003,1003,2015-12-14,Robert Huth,GB1,1,0,0,0,90
2578065_3160,2578065,3160,631,631,2015-12-14,John Terry,GB1,0,0,0,0,53
2604128_10,2604128,10,398,398,2015-12-14,Miroslav Klose,IT1,0,0,0,0,67
2631278_65,2631278,65,1091,1091,2015-12-14,Dimitar Berbatov,GR1,0,0,0,0,22
2636827_2219,2636827,2219,27,27,2015-12-15,Philipp Lahm,DFB,0,0,0,0,87
2636827_2926,2636827,2926,105,105,2015-12-15,György Garics,DFB,0,0,0,0,90
2636830_1277,2636830,1277,86,86,2015-12-15,Clemens Fritz,DFB,0,0,0,0,54
2636830_532,2636830,532,86,86,2015-12-15,Claudio Pizarro,DFB,0,0,1,1,90
2633850_215,2633850,215,1084,1084,2015-12-16,Roque Santa Cruz,CDR,0,0,0,0,90
2636826_2623,2636826,2623,167,167,2015-12-16,Piotr Trochowski,DFB,0,0,0,0,20
2642625_2865,2642625,2865,506,167,2015-12-16,Stephan Lichtsteiner,CIT,0,0,0,0,90
2630737_3201,2630737,3201,265,265,2015-12-17,Stathis Tavlaridis,GRP,0,0,0,0,90
2581777_1662,2581777,1662,33,33,2015-12-18,Sascha Riether,L1,0,0,0,0,90
2578068_3291,2578068,3291,29,984,2015-12-19,Gareth Barry,GB1,0,0,0,0,90
2578070_3160,2578070,3160,631,631,2015-12-19,John Terry,GB1,0,0,0,0,90
2578072_3306,2578072,3306,512,1132,2015-12-19,Jonathan Walters,GB1,0,0,0,0,25
2578078_3332,2578078,3332,985,985,2015-12-19,Wayne Rooney,GB1,0,0,0,0,90
2581779_1784,2581779,1784,41,39,2015-12-19,René Adler,L1,0,0,0,0,90
2581779_1986,2581779,1986,167,167,2015-12-19,Markus Feulner,L1,0,0,0,0,90
2581780_1667,2581780,1667,82,162,2015-12-19,Diego Benaglio,L1,0,0,0,0,90
2581781_1277,2581781,1277,86,86,2015-12-19,Clemens Fritz,L1,1,0,0,0,88
2581781_1565,2581781,1565,24,24,2015-12-19,Alexander Meier,L1,0,0,1,0,90
2581781_532,2581781,532,86,86,2015-12-19,Claudio Pizarro,L1,0,0,1,0,90
2581782_1126,2581782,1126,3,3,2015-12-19,Matthias Lehmann,L1,1,0,0,0,90
2581783_1586,2581783,1586,42,42,2015-12-19,Christian Schulz,L1,0,0,0,0,90
2594036_2587,2594036,2587,524,524,2015-12-19,Elyasa Süme,TR1,0,0,0,0,90
2594037_933,2594037,933,2293,2293,2015-12-19,Ugur Inceman,TR1,1,0,0,0,90
2594626_1726,2594626,1726,150,610,2015-12-19,Heiko Westermann,ES1,1,0,0,0,90
2645528_3179,2645528,3179,371,371,2015-12-19,Carlton Cole,SC1,0,0,0,0,14
2645530_1368,2645530,1368,1519,1519,2015-12-19,Guy Demel,SC1,0,0,0,0,79
2581778_2926,2581778,2926,105,105,2015-12-20,György Garics,L1,0,0,0,0,90
2594039_1896,2594039,1896,19771,19771,2015-12-20,Ahmet Cebe,TR1,0,0,0,0,90
2594630_215,2594630,215,1084,1084,2015-12-20,Roque Santa Cruz,ES1,0,0,0,0,11
2604136_2865,2604136,2865,506,167,2015-12-20,Stephan Lichtsteiner,IT1,0,0,0,0,8
2631281_2874,2631281,2874,265,265,2015-12-20,Mladen Petric,GR1,0,0,0,0,2
2631282_65,2631282,65,1091,1091,2015-12-20,Dimitar Berbatov,GR1,0,0,0,0,20
2594044_2148,2594044,2148,2944,2944,2015-12-21,Erdal Kilicaslan,TR1,0,0,0,0,12
2578075_2963,2578075,2963,281,714,2015-12-26,Martín Demichelis,GB1,0,0,0,0,19
2578077_2998,2578077,2998,1003,1003,2015-12-26,Robert Huth,GB1,1,0,0,0,90
2578080_3160,2578080,3160,631,631,2015-12-26,John Terry,GB1,0,0,0,1,90
2578086_3332,2578086,3332,985,985,2015-12-26,Wayne Rooney,GB1,0,0,0,0,45
2578090_3291,2578090,3291,29,984,2015-12-26,Gareth Barry,GB1,1,0,0,0,90
2594051_2587,2594051,2587,524,524,2015-12-26,Elyasa Süme,TR1,2,0,0,0,84
2594048_2148,2594048,2148,2944,2944,2015-12-27,Erdal Kilicaslan,TR1,0,0,0,0,76
2594049_933,2594049,933,2293,2293,2015-12-27,Ugur Inceman,TR1,1,0,0,0,61
2578227_3291,2578227,3291,29,984,2015-12-28,Gareth Barry,GB1,0,0,0,0,90
2578227_3306,2578227,3306,512,1132,2015-12-28,Jonathan Walters,GB1,0,0,0,0,12
2578236_2514,2578236,2514,985,985,2015-12-28,Bastian Schweinsteiger,GB1,1,0,0,0,90
2578236_3160,2578236,3160,631,631,2015-12-28,John Terry,GB1,0,0,0,0,90
2578236_3332,2578236,3332,985,985,2015-12-28,Wayne Rooney,GB1,1,0,0,0,90
2578230_2998,2578230,2998,1003,1003,2015-12-29,Robert Huth,GB1,0,0,0,0,90
2578224_3202,2578224,3202,31,371,2015-12-30,Kolo Touré,GB1,0,0,0,0,1
2578224_3405,2578224,3405,289,289,2015-12-30,Wes Brown,GB1,0,0,0,0,90
2594635_1726,2594635,1726,150,610,2015-12-30,Heiko Westermann,ES1,0,0,0,0,36
2645544_1368,2645544,1368,1519,1519,2015-12-30,Guy Demel,SC1,0,0,0,0,79
2578222_2998,2578222,2998,1003,1003,2016-01-02,Robert Huth,GB1,0,0,0,0,90
2578222_3356,2578222,3356,989,989,2016-01-02,Sylvain Distin,GB1,0,0,0,0,30
2578228_3306,2578228,3306,512,1132,2016-01-02,Jonathan Walters,GB1,0,0,1,0,22
2578233_2514,2578233,2514,985,985,2016-01-02,Bastian Schweinsteiger,GB1,0,0,0,0,90
2578233_3332,2578233,3332,985,985,2016-01-02,Wayne Rooney,GB1,0,0,1,0,90
2578239_2963,2578239,2963,281,714,2016-01-02,Martín Demichelis,GB1,0,0,0,0,4
2578247_3405,2578247,3405,289,289,2016-01-02,Wes Brown,GB1,1,0,0,0,90
2645546_1368,2645546,1368,1519,1519,2016-01-02,Guy Demel,SC1,2,0,0,0,82
2578223_3160,2578223,3160,631,631,2016-01-03,John Terry,GB1,0,0,0,0,90
2578229_3291,2578229,3291,29,984,2016-01-03,Gareth Barry,GB1,0,0,0,0,90
2650357_2874,2650357,2874,265,265,2016-01-04,Mladen Petric,GR1,0,0,2,0,76
2650357_3201,2650357,3201,265,265,2016-01-04,Stathis Tavlaridis,GR1,0,0,0,0,90
2604147_2865,2604147,2865,506,167,2016-01-06,Stephan Lichtsteiner,IT1,0,0,0,0,90
2604148_10,2604148,10,398,398,2016-01-06,Miroslav Klose,IT1,0,0,0,0,28
2648072_65,2648072,65,1091,1091,2016-01-06,Dimitar Berbatov,GRP,0,0,0,0,30
2648070_2874,2648070,2874,265,265,2016-01-07,Mladen Petric,GRP,0,0,1,1,79
2645263_1368,2645263,1368,1519,1519,2016-01-09,Guy Demel,SFA,0,0,0,0,90
2646157_3356,2646157,3356,989,989,2016-01-09,Sylvain Distin,FAC,0,0,0,0,90
2646162_2514,2646162,2514,985,985,2016-01-09,Bastian Schweinsteiger,FAC,0,0,0,0,90
2646162_3332,2646162,3332,985,985,2016-01-09,Wayne Rooney,FAC,0,0,1,0,90
2646167_3306,2646167,3306,512,1132,2016-01-09,Jonathan Walters,FAC,1,0,1,0,90
2646171_2963,2646171,2963,281,714,2016-01-09,Martín Demichelis,FAC,0,0,0,0,90
2594658_215,2594658,215,1084,1084,2016-01-10,Roque Santa Cruz,ES1,0,0,1,0,90
2604162_2865,2604162,2865,506,167,2016-01-10,Stephan Lichtsteiner,IT1,0,0,0,0,65
2609665_1423,2609665,1423,855,855,2016-01-10,Lars Jacobsen,FR1,0,0,0,0,90
2645277_3179,2645277,3179,371,371,2016-01-10,Carlton Cole,SFA,0,0,1,0,69
2650363_65,2650363,65,1091,1091,2016-01-10,Dimitar Berbatov,GR1,0,0,0,0,17
2650359_2874,2650359,2874,265,265,2016-01-11,Mladen Petric,GR1,0,0,0,0,58
2578092_3332,2578092,3332,985,985,2016-01-12,Wayne Rooney,GB1,0,0,2,1,90
2578084_3160,2578084,3160,631,631,2016-01-13,John Terry,GB1,0,0,0,0,90
2578085_3405,2578085,3405,289,289,2016-01-13,Wes Brown,GB1,0,0,0,0,90
2578094_2963,2578094,2963,281,714,2016-01-13,Martín Demichelis,GB1,0,0,0,0,90
2578094_3291,2578094,3291,29,984,2016-01-13,Gareth Barry,GB1,0,0,0,0,90
2578099_3306,2578099,3306,512,1132,2016-01-13,Jonathan Walters,GB1,0,0,1,0,90
2578102_2998,2578102,2998,1003,1003,2016-01-13,Robert Huth,GB1,0,0,1,0,90
2578104_3202,2578104,3202,31,371,2016-01-13,Kolo Touré,GB1,0,0,0,0,90
2578104_3333,2578104,3333,31,1237,2016-01-13,James Milner,GB1,0,0,0,1,66
2648078_2874,2648078,2874,265,265,2016-01-14,Mladen Petric,GRP,0,0,0,0,24
2648078_3201,2648078,3201,265,265,2016-01-14,Stathis Tavlaridis,GRP,0,0,0,0,90
2648080_65,2648080,65,1091,1091,2016-01-14,Dimitar Berbatov,GRP,0,0,1,0,30
2578095_2998,2578095,2998,1003,1003,2016-01-16,Robert Huth,GB1,1,0,0,0,90
2578106_3160,2578106,3160,631,631,2016-01-16,John Terry,GB1,1,0,1,0,90
2578106_3291,2578106,3291,29,984,2016-01-16,Gareth Barry,GB1,0,0,0,0,90
2578109_3405,2578109,3405,289,289,2016-01-16,Wes Brown,GB1,0,0,0,0,90
2578117_2963,2578117,2963,281,714,2016-01-16,Martín Demichelis,GB1,0,0,0,0,90
2594056_2587,2594056,2587,524,524,2016-01-16,Elyasa Süme,TR1,0,0,0,0,90
2594060_1896,2594060,1896,19771,19771,2016-01-16,Ahmet Cebe,TR1,0,0,0,0,90
2594662_215,2594662,215,1084,1084,2016-01-16,Roque Santa Cruz,ES1,0,0,0,0,22
2578097_3202,2578097,3202,31,371,2016-01-17,Kolo Touré,GB1,0,0,0,0,81
2578097_3332,2578097,3332,985,985,2016-01-17,Wayne Rooney,GB1,0,0,1,0,90
2578097_3333,2578097,3333,31,1237,2016-01-17,James Milner,GB1,0,0,0,0,90
2578103_3306,2578103,3306,512,1132,2016-01-17,Jonathan Walters,GB1,0,0,0,0,90
2594057_597,2594057,597,820,2696,2016-01-17,Aleksandr Hleb,TR1,0,0,0,0,70
2604169_2865,2604169,2865,506,167,2016-01-17,Stephan Lichtsteiner,IT1,0,0,0,0,80
2604170_10,2604170,10,398,398,2016-01-17,Miroslav Klose,IT1,0,0,0,2,45
2653522_65,2653522,65,1091,1091,2016-01-17,Dimitar Berbatov,GR1,0,0,1,0,90
2653523_2874,2653523,2874,265,265,2016-01-17,Mladen Petric,GR1,0,0,0,0,14
2579974_3179,2579974,3179,371,371,2016-01-19,Carlton Cole,SC1,0,0,0,0,25
2647469_10,2647469,10,398,398,2016-01-20,Miroslav Klose,CIT,0,0,0,0,82
2647469_2865,2647469,2865,506,167,2016-01-20,Stephan Lichtsteiner,CIT,0,0,1,0,80
2581788_1784,2581788,1784,41,39,2016-01-22,René Adler,L1,1,0,0,0,90
2581788_2219,2581788,2219,27,27,2016-01-22,Philipp Lahm,L1,1,0,0,0,90
2578107_2998,2578107,2998,1003,1003,2016-01-23,Robert Huth,GB1,0,0,0,0,90
2578107_3306,2578107,3306,512,1132,2016-01-23,Jonathan Walters,GB1,0,0,0,0,90
2578110_3202,2578110,3202,31,371,2016-01-23,Kolo Touré,GB1,0,0,0,0,90
2578110_3333,2578110,3333,31,1237,2016-01-23,James Milner,GB1,0,0,1,1,90
2578115_2963,2578115,2963,281,714,2016-01-23,Martín Demichelis,GB1,1,0,0,0,90
2578118_3332,2578118,3332,985,985,2016-01-23,Wayne Rooney,GB1,0,0,0,0,90
2578128_3405,2578128,3405,289,289,2016-01-23,Wes Brown,GB1,0,0,0,0,90
2581790_1126,2581790,1126,3,3,2016-01-23,Matthias Lehmann,L1,0,0,0,0,90
2581791_1586,2581791,1586,42,42,2016-01-23,Christian Schulz,L1,1,0,0,0,90
2581791_2926,2581791,2926,105,105,2016-01-23,György Garics,L1,1,0,0,0,90
2581792_1986,2581792,1986,167,167,2016-01-23,Markus Feulner,L1,0,0,0,0,1
2589056_933,2589056,933,192,2293,2016-01-23,Ugur Inceman,NL1,1,0,0,0,90
2594674_215,2594674,215,1084,1084,2016-01-23,Roque Santa Cruz,ES1,0,0,0,0,10
2598033_1896,2598033,1896,19771,19771,2016-01-23,Ahmet Cebe,TR1,0,0,0,0,90
2598039_2148,2598039,2148,2944,2944,2016-01-23,Erdal Kilicaslan,TR1,0,0,0,0,8
2646176_1368,2646176,1368,1519,1519,2016-01-23,Guy Demel,SC1,0,0,0,0,34
2578108_3291,2578108,3291,29,984,2016-01-24,Gareth Barry,GB1,0,0,0,1,90
2578111_3160,2578111,3160,631,631,2016-01-24,John Terry,GB1,0,0,0,0,90
2581786_1277,2581786,1277,86,86,2016-01-24,Clemens Fritz,L1,0,0,1,2,90
2581786_532,2581786,532,86,86,2016-01-24,Claudio Pizarro,L1,1,0,1,0,85
2581789_1565,2581789,1565,24,24,2016-01-24,Alexander Meier,L1,0,0,3,0,90
2581789_1667,2581789,1667,82,162,2016-01-24,Diego Benaglio,L1,0,0,0,0,90
2598031_597,2598031,597,820,2696,2016-01-24,Aleksandr Hleb,TR1,0,0,0,0,85
2598038_2587,2598038,2587,524,524,2016-01-24,Elyasa Süme,TR1,0,0,0,0,90
2604177_10,2604177,10,398,398,2016-01-24,Miroslav Klose,IT1,0,0,0,0,30
2604181_2865,2604181,2865,506,167,2016-01-24,Stephan Lichtsteiner,IT1,0,0,0,0,66
2653527_65,2653527,65,1091,1091,2016-01-24,Dimitar Berbatov,GR1,1,1,0,0,38
2653532_2874,2653532,2874,265,265,2016-01-24,Mladen Petric,GR1,0,0,0,0,27
2653532_3201,2653532,3201,265,265,2016-01-24,Stathis Tavlaridis,GR1,0,0,0,0,10
2656727_2874,2656727,2874,265,265,2016-01-27,Mladen Petric,GRP,0,0,0,0,90
2589069_933,2589069,933,192,2293,2016-01-28,Ugur Inceman,NL1,0,0,0,0,90
2657390_3332,2657390,3332,985,985,2016-01-29,Wayne Rooney,FAC,0,0,1,0,90
2581809_3256,2581809,3256,15,15,2016-01-30,Roberto Hilbert,L1,0,0,0,0,78
2581811_1784,2581811,1784,41,39,2016-01-30,René Adler,L1,1,0,0,0,90
2581812_1565,2581812,1565,24,24,2016-01-30,Alexander Meier,L1,0,0,0,0,90
2581812_1986,2581812,1986,167,167,2016-01-30,Markus Feulner,L1,0,0,0,0,45
2581812_2623,2581812,2623,167,167,2016-01-30,Piotr Trochowski,L1,0,0,0,0,8
2581813_1277,2581813,1277,86,86,2016-01-30,Clemens Fritz,L1,1,0,0,0,90
2581813_532,2581813,532,86,86,2016-01-30,Claudio Pizarro,L1,0,0,2,0,90
2581815_2926,2581815,2926,105,105,2016-01-30,György Garics,L1,0,0,0,0,90
2594684_215,2594684,215,1084,1084,2016-01-30,Roque Santa Cruz,ES1,0,0,1,0,12
2609699_1423,2609699,1423,855,855,2016-01-30,Lars Jacobsen,FR1,0,0,0,0,90
2657389_132,2657389,132,11,11,2016-01-30,Tomas Rosicky,FAC,0,0,0,0,19
2657400_3356,2657400,3356,989,989,2016-01-30,Sylvain Distin,FAC,0,0,0,0,90
2581807_2219,2581807,2219,27,27,2016-01-31,Philipp Lahm,L1,0,0,0,1,90
2581810_1126,2581810,1126,3,3,2016-01-31,Matthias Lehmann,L1,1,0,0,0,90
2581810_1667,2581810,1667,82,162,2016-01-31,Diego Benaglio,L1,0,0,0,0,90
2589076_933,2589076,933,192,2293,2016-01-31,Ugur Inceman,NL1,0,0,0,0,90
2604189_2865,2604189,2865,506,167,2016-01-31,Stephan Lichtsteiner,IT1,0,0,0,1,81
2604190_10,2604190,10,398,398,2016-01-31,Miroslav Klose,IT1,0,0,0,0,15
2657403_3160,2657403,3160,631,631,2016-01-31,John Terry,FAC,1,0,0,0,90
2657975_2874,2657975,2874,265,265,2016-01-31,Mladen Petric,GR1,0,0,0,0,90
2657975_3201,2657975,3201,265,265,2016-01-31,Stathis Tavlaridis,GR1,1,0,0,0,90
2578119_2963,2578119,2963,281,714,2016-02-02,Martín Demichelis,GB1,0,0,0,0,90
2578122_3356,2578122,3356,989,989,2016-02-02,Sylvain Distin,GB1,0,0,0,0,1
2578123_2998,2578123,2998,1003,1003,2016-02-02,Robert Huth,GB1,0,0,0,0,90
2578123_3333,2578123,3333,31,1237,2016-02-02,James Milner,GB1,0,0,0,0,90
2578126_3306,2578126,3306,512,1132,2016-02-02,Jonathan Walters,GB1,0,0,0,0,90
2578126_3332,2578126,3332,985,985,2016-02-02,Wayne Rooney,GB1,0,0,1,1,90
2578125_3291,2578125,3291,29,984,2016-02-03,Gareth Barry,GB1,0,0,0,0,90
2578131_3160,2578131,3160,631,631,2016-02-03,John Terry,GB1,0,0,0,0,90
2604200_10,2604200,10,398,398,2016-02-03,Miroslav Klose,IT1,0,0,0,0,71
2609701_1423,2609701,1423,855,855,2016-02-03,Lars Jacobsen,FR1,0,0,0,0,50
2647589_933,2647589,933,192,2293,2016-02-03,Ugur Inceman,NLP,0,0,0,0,120
2581824_1277,2581824,1277,86,86,2016-02-05,Clemens Fritz,L1,0,0,0,0,90
2581824_532,2581824,532,86,86,2016-02-05,Claudio Pizarro,L1,0,0,1,0,90
2581824_568,2581824,568,18,18,2016-02-05,Martin Stranzl,L1,0,0,0,0,6
2594695_215,2594695,215,1084,1084,2016-02-05,Roque Santa Cruz,ES1,0,0,0,0,13
2598050_2148,2598050,2148,2944,2944,2016-02-05,Erdal Kilicaslan,TR1,0,0,0,1,63
2578129_3291,2578129,3291,29,984,2016-02-06,Gareth Barry,GB1,0,0,0,0,90
2578134_3202,2578134,3202,31,371,2016-02-06,Kolo Touré,GB1,0,0,0,0,78
2578134_3333,2578134,3333,31,1237,2016-02-06,James Milner,GB1,0,0,0,1,90
2578141_2963,2578141,2963,281,714,2016-02-06,Martín Demichelis,GB1,0,0,0,0,90
2578141_2998,2578141,2998,1003,1003,2016-02-06,Robert Huth,GB1,0,0,2,0,90
2581822_1667,2581822,1667,82,162,2016-02-06,Diego Benaglio,L1,0,0,0,0,90
2581823_2219,2581823,2219,27,27,2016-02-06,Philipp Lahm,L1,0,0,0,0,90
2581823_3256,2581823,3256,15,15,2016-02-06,Roberto Hilbert,L1,0,0,0,0,38
2581826_1565,2581826,1565,24,24,2016-02-06,Alexander Meier,L1,0,0,1,0,90
2581827_1586,2581827,1586,42,42,2016-02-06,Christian Schulz,L1,0,0,0,0,90
2581830_1986,2581830,1986,167,167,2016-02-06,Markus Feulner,L1,1,0,0,0,9
2589081_933,2589081,933,192,2293,2016-02-06,Ugur Inceman,NL1,1,0,0,0,90
2609714_1423,2609714,1423,855,855,2016-02-06,Lars Jacobsen,FR1,0,0,0,0,90
2655577_1368,2655577,1368,1519,1519,2016-02-06,Guy Demel,SFA,0,0,0,0,77
2657979_2874,2657979,2874,265,265,2016-02-06,Mladen Petric,GR1,0,0,0,0,90
2657979_3201,2657979,3201,265,265,2016-02-06,Stathis Tavlaridis,GR1,0,0,0,0,90
2578130_3160,2578130,3160,631,631,2016-02-07,John Terry,GB1,0,0,0,0,90
2578130_3332,2578130,3332,985,985,2016-02-07,Wayne Rooney,GB1,0,0,0,1,90
2581825_1784,2581825,1784,41,39,2016-02-07,René Adler,L1,0,0,0,0,90
2581829_1331,2581829,1331,533,533,2016-02-07,Kevin Kuranyi,L1,0,0,0,0,18
2598052_1896,2598052,1896,19771,19771,2016-02-07,Ahmet Cebe,TR1,0,0,0,0,90
2598055_2587,2598055,2587,524,524,2016-02-07,Elyasa Süme,TR1,0,0,0,0,90
2657983_65,2657983,65,1091,1091,2016-02-07,Dimitar Berbatov,GR1,0,0,0,0,90
2598051_597,2598051,597,820,2696,2016-02-08,Aleksandr Hleb,TR1,0,0,0,0,74
2646706_1277,2646706,1277,86,86,2016-02-09,Clemens Fritz,DFB,0,0,0,0,90
2646706_3256,2646706,3256,15,15,2016-02-09,Roberto Hilbert,DFB,0,0,0,0,45
2646706_532,2646706,532,86,86,2016-02-09,Claudio Pizarro,DFB,0,0,1,1,86
2660161_3333,2660161,3333,31,1237,2016-02-09,James Milner,FAC,0,0,0,0,18
2646705_2219,2646705,2219,27,27,2016-02-10,Philipp Lahm,DFB,0,0,0,0,75
2604218_10,2604218,10,398,398,2016-02-11,Miroslav Klose,IT1,0,0,0,1,10
2656728_65,2656728,65,1091,1091,2016-02-11,Dimitar Berbatov,GRP,1,0,0,0,90
2581850_1662,2581850,1662,33,33,2016-02-12,Sascha Riether,L1,0,0,0,0,24
2578135_3160,2578135,3160,631,631,2016-02-13,John Terry,GB1,0,0,0,0,38
2578140_3332,2578140,3332,985,985,2016-02-13,Wayne Rooney,GB1,1,0,0,0,90
2578146_3291,2578146,3291,29,984,2016-02-13,Gareth Barry,GB1,1,0,0,0,90
2578152_3306,2578152,3306,512,1132,2016-02-13,Jonathan Walters,GB1,0,0,0,1,90
2581848_1277,2581848,1277,86,86,2016-02-13,Clemens Fritz,L1,0,0,0,0,90
2581848_532,2581848,532,86,86,2016-02-13,Claudio Pizarro,L1,0,0,0,0,90
2581849_1126,2581849,1126,3,3,2016-02-13,Matthias Lehmann,L1,0,0,0,0,77
2581849_1565,2581849,1565,24,24,2016-02-13,Alexander Meier,L1,0,0,1,0,90
2589092_933,2589092,933,192,2293,2016-02-13,Ugur Inceman,NL1,0,0,0,0,90
2594705_215,2594705,215,1084,1084,2016-02-13,Roque Santa Cruz,ES1,0,0,0,0,15
2594709_1726,2594709,1726,150,610,2016-02-13,Heiko Westermann,ES1,0,0,0,0,90
2604220_2865,2604220,2865,506,167,2016-02-13,Stephan Lichtsteiner,IT1,0,0,0,0,90
2606499_597,2606499,597,820,2696,2016-02-13,Aleksandr Hleb,TR1,0,0,0,0,56
2609721_1423,2609721,1423,855,855,2016-02-13,Lars Jacobsen,FR1,0,0,0,0,90
2646278_1368,2646278,1368,1519,1519,2016-02-13,Guy Demel,SC1,0,0,0,0,90
2578143_3202,2578143,3202,31,371,2016-02-14,Kolo Touré,GB1,0,0,1,0,90
2578143_3333,2578143,3333,31,1237,2016-02-14,James Milner,GB1,0,0,1,0,90
2578144_2998,2578144,2998,1003,1003,2016-02-14,Robert Huth,GB1,0,0,0,0,90
2581845_1784,2581845,1784,41,39,2016-02-14,René Adler,L1,0,0,0,1,90
2581847_2219,2581847,2219,27,27,2016-02-14,Philipp Lahm,L1,0,0,0,0,83
2581847_2623,2581847,2623,167,167,2016-02-14,Piotr Trochowski,L1,0,0,0,0,55
2606498_1896,2606498,1896,19771,19771,2016-02-14,Ahmet Cebe,TR1,0,0,0,0,90
2606498_2587,2606498,2587,524,524,2016-02-14,Elyasa Süme,TR1,1,0,0,0,90
2657991_65,2657991,65,1091,1091,2016-02-14,Dimitar Berbatov,GR1,0,0,0,0,79
2645535_1368,2645535,1368,1519,1519,2016-02-16,Guy Demel,SC1,1,0,0,0,81
2646008_1791,2646008,1791,167,167,2016-02-18,Halil Altintop,EL,0,0,0,0,87
2646008_1986,2646008,1986,167,167,2016-02-18,Markus Feulner,EL,1,0,0,0,90
2646008_3202,2646008,3202,31,371,2016-02-18,Kolo Touré,EL,0,0,0,0,90
2646008_3333,2646008,3333,31,1237,2016-02-18,James Milner,EL,0,0,0,0,81
2646010_10,2646010,10,398,398,2016-02-18,Miroslav Klose,EL,0,0,0,0,21
2646015_3256,2646015,3256,15,15,2016-02-18,Roberto Hilbert,EL,0,0,0,0,6
2581856_1565,2581856,1565,24,24,2016-02-19,Alexander Meier,L1,0,0,0,0,90
2581856_1784,2581856,1784,41,39,2016-02-19,René Adler,L1,0,0,0,0,90
2604228_2865,2604228,2865,506,167,2016-02-19,Stephan Lichtsteiner,IT1,0,0,0,0,90
2581852_2926,2581852,2926,105,105,2016-02-20,György Garics,L1,0,0,0,0,90
2581855_1126,2581855,1126,3,3,2016-02-20,Matthias Lehmann,L1,0,0,0,0,90
2581860_532,2581860,532,86,86,2016-02-20,Claudio Pizarro,L1,1,0,0,0,90
2609733_1423,2609733,1423,855,855,2016-02-20,Lars Jacobsen,FR1,0,0,0,0,90
2646284_1368,2646284,1368,1519,1519,2016-02-20,Guy Demel,SC1,0,0,1,0,54
2660164_3291,2660164,3291,29,984,2016-02-20,Gareth Barry,FAC,0,0,0,1,90
2660164_3356,2660164,3356,989,989,2016-02-20,Sylvain Distin,FAC,0,0,0,0,90
2581854_3256,2581854,3256,15,15,2016-02-21,Roberto Hilbert,L1,0,0,0,0,33
2581857_1986,2581857,1986,167,167,2016-02-21,Markus Feulner,L1,0,0,0,0,45
2589106_933,2589106,933,192,2293,2016-02-21,Ugur Inceman,NL1,0,0,0,0,90
2594716_215,2594716,215,1084,1084,2016-02-21,Roque Santa Cruz,ES1,0,0,0,0,9
2604229_10,2604229,10,398,398,2016-02-21,Miroslav Klose,IT1,0,0,0,0,24
2606509_1896,2606509,1896,19771,19771,2016-02-21,Ahmet Cebe,TR1,1,0,0,0,90
2606510_2587,2606510,2587,524,524,2016-02-21,Elyasa Süme,TR1,0,0,0,0,90
2660165_2963,2660165,2963,281,714,2016-02-21,Martín Demichelis,FAC,1,0,0,0,90
2606508_597,2606508,597,820,2696,2016-02-22,Aleksandr Hleb,TR1,0,0,0,0,67
2645810_2219,2645810,2219,27,27,2016-02-23,Philipp Lahm,CL,0,0,0,0,90
2645810_2865,2645810,2865,506,167,2016-02-23,Stephan Lichtsteiner,CL,0,0,0,0,90
2646024_1791,2646024,1791,167,167,2016-02-25,Halil Altintop,EL,0,0,0,0,90
2646024_3333,2646024,3333,31,1237,2016-02-25,James Milner,EL,0,0,1,0,90
2646025_10,2646025,10,398,398,2016-02-25,Miroslav Klose,EL,0,0,1,0,20
2581874_1126,2581874,1126,3,3,2016-02-26,Matthias Lehmann,L1,0,0,0,0,90
2578151_3306,2578151,3306,512,1132,2016-02-27,Jonathan Walters,GB1,0,0,0,0,71
2578154_2998,2578154,2998,1003,1003,2016-02-27,Robert Huth,GB1,0,0,0,0,90
2581868_2219,2581868,2219,27,27,2016-02-27,Philipp Lahm,L1,0,0,0,0,90
2581869_1784,2581869,1784,41,39,2016-02-27,René Adler,L1,0,0,0,0,90
2581870_1586,2581870,1586,42,42,2016-02-27,Christian Schulz,L1,0,0,2,0,90
2581872_532,2581872,532,86,86,2016-02-27,Claudio Pizarro,L1,0,0,1,0,90
2594726_215,2594726,215,1084,1084,2016-02-27,Roque Santa Cruz,ES1,0,0,0,0,1
2609741_1423,2609741,1423,855,855,2016-02-27,Lars Jacobsen,FR1,0,0,0,0,90
2581871_1791,2581871,1791,167,167,2016-02-28,Halil Altintop,L1,0,0,0,0,90
2581873_1565,2581873,1565,24,24,2016-02-28,Alexander Meier,L1,0,0,0,0,90
2581873_1662,2581873,1662,33,33,2016-02-28,Sascha Riether,L1,0,0,0,0,90
2581875_3256,2581875,3256,15,15,2016-02-28,Roberto Hilbert,L1,0,0,0,0,90
2589112_933,2589112,933,192,2293,2016-02-28,Ugur Inceman,NL1,0,0,0,0,78
2604239_2865,2604239,2865,506,167,2016-02-28,Stephan Lichtsteiner,IT1,1,0,0,0,90
2606515_2587,2606515,2587,524,524,2016-02-28,Elyasa Süme,TR1,0,0,0,0,90
2606516_597,2606516,597,820,2696,2016-02-28,Aleksandr Hleb,TR1,0,0,0,0,90
2604242_10,2604242,10,398,398,2016-02-29,Miroslav Klose,IT1,0,0,0,0,76
2578157_2998,2578157,2998,1003,1003,2016-03-01,Robert Huth,GB1,0,0,0,0,90
2578166_3291,2578166,3291,29,984,2016-03-01,Gareth Barry,GB1,0,0,0,0,90
2581892_1586,2581892,1586,42,42,2016-03-01,Christian Schulz,L1,1,0,0,0,90
2581895_1126,2581895,1126,3,3,2016-03-01,Matthias Lehmann,L1,0,0,0,0,90
2663505_3321,2663505,3321,3725,3725,2016-03-01,Luke Wilkshire,RUP,1,0,0,0,120
2578170_3306,2578170,3306,512,1132,2016-03-02,Jonathan Walters,GB1,0,0,0,0,70
2578178_3202,2578178,3202,31,371,2016-03-02,Kolo Touré,GB1,0,0,0,0,90
2578178_3333,2578178,3333,31,1237,2016-03-02,James Milner,GB1,0,0,1,1,88
2581889_1662,2581889,1662,33,33,2016-03-02,Sascha Riether,L1,0,0,0,0,1
2581889_1784,2581889,1784,41,39,2016-03-02,René Adler,L1,0,0,0,0,90
2581890_1277,2581890,1277,86,86,2016-03-02,Clemens Fritz,L1,0,0,0,0,87
2581890_3256,2581890,3256,15,15,2016-03-02,Roberto Hilbert,L1,0,0,0,0,76
2581890_532,2581890,532,86,86,2016-03-02,Claudio Pizarro,L1,0,0,3,0,84
2581894_1791,2581894,1791,167,167,2016-03-02,Halil Altintop,L1,0,0,0,0,84
2581896_26,2581896,26,16,16,2016-03-02,Roman Weidenfeller,L1,0,0,0,0,90
2594737_215,2594737,215,1084,1084,2016-03-02,Roque Santa Cruz,ES1,0,0,0,0,32
2657265_2865,2657265,2865,506,167,2016-03-02,Stephan Lichtsteiner,CIT,0,0,0,0,56
2578169_3291,2578169,3291,29,984,2016-03-05,Gareth Barry,GB1,0,0,0,0,1
2578172_2998,2578172,2998,1003,1003,2016-03-05,Robert Huth,GB1,0,0,0,0,90
2578179_3356,2578179,3356,989,989,2016-03-05,Sylvain Distin,GB1,0,0,0,0,1
2581903_2219,2581903,2219,27,27,2016-03-05,Philipp Lahm,L1,0,0,0,0,90
2581908_1277,2581908,1277,86,86,2016-03-05,Clemens Fritz,L1,1,0,0,0,72
2581908_1586,2581908,1586,42,42,2016-03-05,Christian Schulz,L1,0,0,0,0,90
2581908_532,2581908,532,86,86,2016-03-05,Claudio Pizarro,L1,0,0,1,1,90
2581910_1126,2581910,1126,3,3,2016-03-05,Matthias Lehmann,L1,0,0,0,0,90
2594747_215,2594747,215,1084,1084,2016-03-05,Roque Santa Cruz,ES1,0,0,0,0,54
2606523_2587,2606523,2587,524,524,2016-03-05,Elyasa Süme,TR1,0,0,0,0,90
2606525_597,2606525,597,820,2696,2016-03-05,Aleksandr Hleb,TR1,0,0,0,0,80
2578173_3202,2578173,3202,31,371,2016-03-06,Kolo Touré,GB1,0,0,0,0,2
2578173_3333,2578173,3333,31,1237,2016-03-06,James Milner,GB1,2,0,0,0,62
2581905_1784,2581905,1784,41,39,2016-03-06,René Adler,L1,0,0,0,0,90
2589123_933,2589123,933,192,2293,2016-03-06,Ugur Inceman,NL1,0,0,0,0,90
2604248_2865,2604248,2865,506,167,2016-03-06,Stephan Lichtsteiner,IT1,0,0,0,0,90
2604249_10,2604249,10,398,398,2016-03-06,Miroslav Klose,IT1,0,0,0,0,73
2606522_1896,2606522,1896,19771,19771,2016-03-06,Ahmet Cebe,TR1,1,0,0,0,90
2609755_1423,2609755,1423,855,855,2016-03-06,Lars Jacobsen,FR1,0,0,0,0,45
2654334_3321,2654334,3321,3725,3725,2016-03-06,Luke Wilkshire,RU1,1,0,0,0,90
2668339_2514,2668339,2514,985,985,2016-03-10,Bastian Schweinsteiger,EL,0,0,0,0,11
2668341_26,2668341,26,16,16,2016-03-10,Roman Weidenfeller,EL,0,0,0,0,90
2589125_933,2589125,933,192,2293,2016-03-11,Ugur Inceman,NL1,1,0,0,0,90
2604262_2865,2604262,2865,506,167,2016-03-11,Stephan Lichtsteiner,IT1,0,0,0,0,1
2578180_3306,2578180,3306,512,1132,2016-03-12,Jonathan Walters,GB1,0,0,0,0,1
2581918_2219,2581918,2219,27,27,2016-03-12,Philipp Lahm,L1,0,0,0,0,90
2581922_1126,2581922,1126,3,3,2016-03-12,Matthias Lehmann,L1,0,0,0,0,90
2581922_1586,2581922,1586,42,42,2016-03-12,Christian Schulz,L1,0,0,0,0,90
2581926_1791,2581926,1791,167,167,2016-03-12,Halil Altintop,L1,0,0,0,0,3
2581926_1986,2581926,1986,167,167,2016-03-12,Markus Feulner,L1,0,0,1,0,90
2606538_2587,2606538,2587,524,524,2016-03-12,Elyasa Süme,TR1,0,0,0,0,90
2609761_1423,2609761,1423,855,855,2016-03-12,Lars Jacobsen,FR1,0,0,0,1,90
2666788_3160,2666788,3160,631,631,2016-03-12,John Terry,FAC,0,0,0,0,5
2666788_3291,2666788,3291,29,984,2016-03-12,Gareth Barry,FAC,2,0,0,0,87
2581920_1784,2581920,1784,41,39,2016-03-13,René Adler,L1,0,0,0,0,90
2604254_10,2604254,10,398,398,2016-03-13,Miroslav Klose,IT1,0,0,2,0,90
2658023_2874,2658023,2874,265,265,2016-03-13,Mladen Petric,GR1,0,0,0,0,1
2658023_3201,2658023,3201,265,265,2016-03-13,Stathis Tavlaridis,GR1,0,0,0,0,90
2666790_2514,2666790,2514,985,985,2016-03-13,Bastian Schweinsteiger,FAC,0,0,0,0,14
2578192_2998,2578192,2998,1003,1003,2016-03-14,Robert Huth,GB1,0,0,0,0,90
2654337_3321,2654337,3321,3725,3725,2016-03-14,Luke Wilkshire,RU1,0,0,0,0,85
2645821_2963,2645821,2963,281,714,2016-03-15,Martín Demichelis,CL,0,0,0,0,67
2645818_2219,2645818,2219,27,27,2016-03-16,Philipp Lahm,CL,0,0,0,0,120
2645818_2865,2645818,2865,506,167,2016-03-16,Stephan Lichtsteiner,CL,1,0,0,1,120
2668347_2514,2668347,2514,985,985,2016-03-17,Bastian Schweinsteiger,EL,1,0,0,0,20
2668347_3333,2668347,3333,31,1237,2016-03-17,James Milner,EL,0,0,0,0,90
2668348_10,2668348,10,398,398,2016-03-17,Miroslav Klose,EL,0,0,0,0,58
2668349_26,2668349,26,16,16,2016-03-17,Roman Weidenfeller,EL,0,0,0,0,90
2581933_1662,2581933,1662,33,33,2016-03-18,Sascha Riether,L1,0,0,0,0,90
2578183_2998,2578183,2998,1003,1003,2016-03-19,Robert Huth,GB1,0,0,0,0,90
2578190_3160,2578190,3160,631,631,2016-03-19,John Terry,GB1,0,0,0,0,90
2578201_3306,2578201,3306,512,1132,2016-03-19,Jonathan Walters,GB1,1,0,1,1,90
2581935_1784,2581935,1784,41,39,2016-03-19,René Adler,L1,1,0,0,0,90
2581938_1277,2581938,1277,86,86,2016-03-19,Clemens Fritz,L1,1,0,0,0,90
2581938_532,2581938,532,86,86,2016-03-19,Claudio Pizarro,L1,0,0,1,0,81
2581939_1586,2581939,1586,42,42,2016-03-19,Christian Schulz,L1,0,0,0,0,45
2581940_1126,2581940,1126,3,3,2016-03-19,Matthias Lehmann,L1,0,0,0,0,85
2581940_2219,2581940,2219,27,27,2016-03-19,Philipp Lahm,L1,1,0,0,0,12
2589138_933,2589138,933,192,2293,2016-03-19,Ugur Inceman,NL1,0,0,0,0,90
2594768_1726,2594768,1726,150,610,2016-03-19,Heiko Westermann,ES1,0,0,0,0,90
2606544_597,2606544,597,820,2696,2016-03-19,Aleksandr Hleb,TR1,0,0,0,0,78
2609779_1423,2609779,1423,855,855,2016-03-19,Lars Jacobsen,FR1,1,0,0,0,90
2654351_3321,2654351,3321,3725,3725,2016-03-19,Luke Wilkshire,RU1,0,0,0,0,90
2578202_2514,2578202,2514,985,985,2016-03-20,Bastian Schweinsteiger,GB1,0,0,0,0,20
2578202_2963,2578202,2963,281,714,2016-03-20,Martín Demichelis,GB1,0,0,0,0,53
2581937_1986,2581937,1986,167,167,2016-03-20,Markus Feulner,L1,0,0,0,0,45
2604265_2865,2604265,2865,506,167,2016-03-20,Stephan Lichtsteiner,IT1,1,0,0,0,51
2606545_2587,2606545,2587,524,524,2016-03-20,Elyasa Süme,TR1,0,0,0,0,90
2581944_1667,2581944,1667,82,162,2016-04-01,Diego Benaglio,L1,0,0,0,0,90
2578199_3333,2578199,3333,31,1237,2016-04-02,James Milner,GB1,0,0,0,0,90
2581942_2219,2581942,2219,27,27,2016-04-02,Philipp Lahm,L1,0,0,0,0,90
2581943_1277,2581943,1277,86,86,2016-04-02,Clemens Fritz,L1,0,0,0,0,90
2581946_1586,2581946,1586,42,42,2016-04-02,Christian Schulz,L1,0,0,0,0,90
2581946_1784,2581946,1784,41,39,2016-04-02,René Adler,L1,0,0,0,0,90
2581948_1791,2581948,1791,167,167,2016-04-02,Halil Altintop,L1,0,0,0,0,6
2581948_1986,2581948,1986,167,167,2016-04-02,Markus Feulner,L1,1,0,0,0,90
2594778_1726,2594778,1726,150,610,2016-04-02,Heiko Westermann,ES1,0,0,0,0,90
2604274_2865,2604274,2865,506,167,2016-04-02,Stephan Lichtsteiner,IT1,1,0,0,0,90
2609781_1423,2609781,1423,855,855,2016-04-02,Lars Jacobsen,FR1,0,0,0,0,90
2611239_597,2611239,597,820,2696,2016-04-02,Aleksandr Hleb,TR1,0,0,0,0,39
2611245_2587,2611245,2587,524,524,2016-04-02,Elyasa Süme,TR1,1,0,0,0,90
2646317_1368,2646317,1368,1519,1519,2016-04-02,Guy Demel,SC1,0,0,0,0,87
2674381_3321,2674381,3321,3725,3725,2016-04-02,Luke Wilkshire,RU1,0,0,0,0,71
2578198_2998,2578198,2998,1003,1003,2016-04-03,Robert Huth,GB1,0,0,0,0,90
2581947_1126,2581947,1126,3,3,2016-04-03,Matthias Lehmann,L1,0,0,0,0,90
2589149_933,2589149,933,192,2293,2016-04-03,Ugur Inceman,NL1,0,0,0,0,90
2604280_10,2604280,10,398,398,2016-04-03,Miroslav Klose,IT1,0,0,0,1,34
2611247_2148,2611247,2148,2944,2944,2016-04-03,Erdal Kilicaslan,TR1,0,0,0,0,6
2658046_2874,2658046,2874,265,265,2016-04-03,Mladen Petric,GR1,0,0,0,1,29
2646182_1368,2646182,1368,1519,1519,2016-04-05,Guy Demel,SC1,0,0,0,0,67
2675294_2219,2675294,2219,27,27,2016-04-05,Philipp Lahm,CL,0,0,0,0,90
2675293_1667,2675293,1667,82,162,2016-04-06,Diego Benaglio,CL,1,0,0,0,90
2675304_26,2675304,26,16,16,2016-04-07,Roman Weidenfeller,EL,1,0,0,0,90
2675304_3333,2675304,3333,31,1237,2016-04-07,James Milner,EL,0,0,0,1,90
2589152_933,2589152,933,192,2293,2016-04-08,Ugur Inceman,NL1,0,0,0,0,90
2594789_215,2594789,215,1084,1084,2016-04-08,Roque Santa Cruz,ES1,0,0,0,0,90
2611250_2587,2611250,2587,524,524,2016-04-08,Elyasa Süme,TR1,0,0,0,0,90
2578215_3291,2578215,3291,29,984,2016-04-09,Gareth Barry,GB1,0,0,0,0,90
2581953_1784,2581953,1784,41,39,2016-04-09,René Adler,L1,0,0,0,0,90
2581955_1277,2581955,1277,86,86,2016-04-09,Clemens Fritz,L1,1,0,0,0,90
2581955_1791,2581955,1791,167,167,2016-04-09,Halil Altintop,L1,0,0,0,0,90
2604291_2865,2604291,2865,506,167,2016-04-09,Stephan Lichtsteiner,IT1,0,0,0,0,81
2609792_1423,2609792,1423,855,855,2016-04-09,Lars Jacobsen,FR1,0,0,0,0,90
2611256_2148,2611256,2148,2944,2944,2016-04-09,Erdal Kilicaslan,TR1,0,0,0,0,6
2646318_1368,2646318,1368,1519,1519,2016-04-09,Guy Demel,SC1,0,0,0,0,90
2578211_2998,2578211,2998,1003,1003,2016-04-10,Robert Huth,GB1,0,0,0,0,90
2578217_3202,2578217,3202,31,371,2016-04-10,Kolo Touré,GB1,0,0,0,0,90
2578217_3333,2578217,3333,31,1237,2016-04-10,James Milner,GB1,0,0,0,2,90
2581951_1662,2581951,1662,33,33,2016-04-10,Sascha Riether,L1,1,0,0,0,90
2581957_1126,2581957,1126,3,3,2016-04-10,Matthias Lehmann,L1,0,0,0,0,68
2604292_10,2604292,10,398,398,2016-04-10,Miroslav Klose,IT1,0,0,2,1,78
2658051_2874,2658051,2874,265,265,2016-04-10,Mladen Petric,GR1,0,0,0,0,61
2674392_3321,2674392,3321,3725,3725,2016-04-10,Luke Wilkshire,RU1,1,0,0,0,86
2675297_1667,2675297,1667,82,162,2016-04-12,Diego Benaglio,CL,0,0,0,0,90
2578263_3291,2578263,3291,29,984,2016-04-13,Gareth Barry,GB1,1,0,0,0,90
2675298_2219,2675298,2219,27,27,2016-04-13,Philipp Lahm,CL,0,0,0,0,90
2676312_3332,2676312,3332,985,985,2016-04-13,Wayne Rooney,FAC,0,0,0,0,1
2675308_26,2675308,26,16,16,2016-04-14,Roman Weidenfeller,EL,0,0,0,0,90
2675308_3333,2675308,3333,31,1237,2016-04-14,James Milner,EL,0,0,0,2,90
2581965_568,2581965,568,18,18,2016-04-15,Martin Stranzl,L1,0,0,0,0,90
2578232_3332,2578232,3332,985,985,2016-04-16,Wayne Rooney,GB1,0,0,0,0,67
2581960_1662,2581960,1662,33,33,2016-04-16,Sascha Riether,L1,0,0,0,0,90
2581960_2219,2581960,2219,27,27,2016-04-16,Philipp Lahm,L1,0,0,0,0,90
2581963_1791,2581963,1791,167,167,2016-04-16,Halil Altintop,L1,0,0,0,0,85
2581964_1277,2581964,1277,86,86,2016-04-16,Clemens Fritz,L1,0,0,0,0,90
2581964_1667,2581964,1667,82,162,2016-04-16,Diego Benaglio,L1,1,0,0,0,90
2581964_532,2581964,532,86,86,2016-04-16,Claudio Pizarro,L1,0,0,1,0,84
2589165_933,2589165,933,192,2293,2016-04-16,Ugur Inceman,NL1,0,0,0,0,90
2611265_2148,2611265,2148,2944,2944,2016-04-16,Erdal Kilicaslan,TR1,0,0,0,1,20
2674601_1368,2674601,1368,1519,1519,2016-04-16,Guy Demel,SFA,0,0,0,0,46
2578235_2998,2578235,2998,1003,1003,2016-04-17,Robert Huth,GB1,0,0,0,0,90
2578249_3202,2578249,3202,31,371,2016-04-17,Kolo Touré,GB1,0,0,0,0,67
2581961_1784,2581961,1784,41,39,2016-04-17,René Adler,L1,0,1,0,0,52
2581967_1126,2581967,1126,3,3,2016-04-17,Matthias Lehmann,L1,0,0,0,1,90
2594800_215,2594800,215,1084,1084,2016-04-17,Roque Santa Cruz,ES1,0,0,0,0,12
2604295_10,2604295,10,398,398,2016-04-17,Miroslav Klose,IT1,0,0,0,1,71
2609809_1423,2609809,1423,855,855,2016-04-17,Lars Jacobsen,FR1,0,0,0,0,90
2611263_2587,2611263,2587,524,524,2016-04-17,Elyasa Süme,TR1,1,0,0,0,90
2578258_3146,2578258,3146,512,512,2016-04-18,Shay Given,GB1,0,0,0,0,90
2611257_597,2611257,597,820,2696,2016-04-18,Aleksandr Hleb,TR1,0,0,0,0,19
2589170_933,2589170,933,192,2293,2016-04-19,Ugur Inceman,NL1,0,0,0,0,85
2664151_1277,2664151,1277,86,86,2016-04-19,Clemens Fritz,DFB,1,0,0,0,83
2664151_2219,2664151,2219,27,27,2016-04-19,Philipp Lahm,DFB,0,0,0,0,90
2664151_532,2664151,532,86,86,2016-04-19,Claudio Pizarro,DFB,0,0,0,0,73
2578142_3291,2578142,3291,29,984,2016-04-20,Gareth Barry,GB1,0,0,0,0,45
2578142_3333,2578142,3333,31,1237,2016-04-20,James Milner,GB1,1,0,0,2,81
2578176_3332,2578176,3332,985,985,2016-04-20,Wayne Rooney,GB1,0,0,0,0,78
2594810_215,2594810,215,1084,1084,2016-04-20,Roque Santa Cruz,ES1,0,0,0,0,5
2604311_2865,2604311,2865,506,167,2016-04-20,Stephan Lichtsteiner,IT1,0,0,0,0,90
2581972_1277,2581972,1277,86,86,2016-04-22,Clemens Fritz,L1,1,0,0,0,90
2581972_532,2581972,532,86,86,2016-04-22,Claudio Pizarro,L1,0,0,0,0,90
2578231_2963,2578231,2963,281,714,2016-04-23,Martín Demichelis,GB1,0,0,0,0,18
2578231_3146,2578231,3146,512,512,2016-04-23,Shay Given,GB1,0,0,0,0,45
2578273_3202,2578273,3202,31,371,2016-04-23,Kolo Touré,GB1,0,0,0,0,90
2578273_3333,2578273,3333,31,1237,2016-04-23,James Milner,GB1,1,0,0,0,90
2581971_1667,2581971,1667,82,162,2016-04-23,Diego Benaglio,L1,0,0,0,0,90
2581971_1791,2581971,1791,167,167,2016-04-23,Halil Altintop,L1,0,0,1,1,88
2581971_1986,2581971,1986,167,167,2016-04-23,Markus Feulner,L1,0,0,0,0,31
2581975_1126,2581975,1126,3,3,2016-04-23,Matthias Lehmann,L1,1,0,0,1,90
2581975_2926,2581975,2926,105,105,2016-04-23,György Garics,L1,1,0,0,0,10
2594820_215,2594820,215,1084,1084,2016-04-23,Roque Santa Cruz,ES1,0,0,0,0,13
2611267_2148,2611267,2148,2944,2944,2016-04-23,Erdal Kilicaslan,TR1,0,0,1,0,3
2681587_3332,2681587,3332,985,985,2016-04-23,Wayne Rooney,FAC,1,0,0,0,90
2578280_2998,2578280,2998,1003,1003,2016-04-24,Robert Huth,GB1,1,0,0,0,90
2594816_1726,2594816,1726,150,610,2016-04-24,Heiko Westermann,ES1,1,0,0,0,90
2604317_2865,2604317,2865,506,167,2016-04-24,Stephan Lichtsteiner,IT1,0,0,0,0,88
2609811_1423,2609811,1423,855,855,2016-04-24,Lars Jacobsen,FR1,0,0,0,0,90
2684831_1368,2684831,1368,1519,1519,2016-04-24,Guy Demel,SC1,0,0,0,0,90
2611269_597,2611269,597,820,2696,2016-04-25,Aleksandr Hleb,TR1,0,0,0,0,8
2682240_2219,2682240,2219,27,27,2016-04-27,Philipp Lahm,CL,0,0,0,0,90
2682271_3202,2682271,3202,31,371,2016-04-28,Kolo Touré,EL,0,0,0,0,90
2682271_3333,2682271,3333,31,1237,2016-04-28,James Milner,EL,0,0,0,0,90
2581981_1126,2581981,1126,3,3,2016-04-29,Matthias Lehmann,L1,2,0,0,0,57
2581981_1791,2581981,1791,167,167,2016-04-29,Halil Altintop,L1,1,0,0,0,83
2581981_1986,2581981,1986,167,167,2016-04-29,Markus Feulner,L1,0,0,0,0,90
2578281_3306,2578281,3306,512,1132,2016-04-30,Jonathan Walters,GB1,0,0,0,0,34
2581979_1667,2581979,1667,82,162,2016-04-30,Diego Benaglio,L1,0,0,0,0,90
2581983_1662,2581983,1662,33,33,2016-04-30,Sascha Riether,L1,0,0,0,0,45
2594825_1726,2594825,1726,150,610,2016-04-30,Heiko Westermann,ES1,2,0,0,0,36
2609821_1423,2609821,1423,855,855,2016-04-30,Lars Jacobsen,FR1,0,0,0,0,45
2611275_597,2611275,597,820,2696,2016-04-30,Aleksandr Hleb,TR1,0,0,0,0,2
2578283_2998,2578283,2998,1003,1003,2016-05-01,Robert Huth,GB1,0,0,0,0,90
2578283_3332,2578283,3332,985,985,2016-05-01,Wayne Rooney,GB1,1,0,0,0,90
2578285_2963,2578285,2963,281,714,2016-05-01,Martín Demichelis,GB1,0,0,0,0,30
2589187_933,2589187,933,192,2293,2016-05-01,Ugur Inceman,NL1,0,0,0,1,90
2604326_2865,2604326,2865,506,167,2016-05-01,Stephan Lichtsteiner,IT1,1,0,0,0,16
2604330_10,2604330,10,398,398,2016-05-01,Miroslav Klose,IT1,1,0,1,0,72
2611276_2587,2611276,2587,524,524,2016-05-01,Elyasa Süme,TR1,1,0,0,0,90
2578262_3160,2578262,3160,631,631,2016-05-02,John Terry,GB1,0,0,0,0,90
2581982_1277,2581982,1277,86,86,2016-05-02,Clemens Fritz,L1,0,0,0,0,90
2581982_532,2581982,532,86,86,2016-05-02,Claudio Pizarro,L1,0,0,1,1,83
2682242_2219,2682242,2219,27,27,2016-05-03,Philipp Lahm,CL,0,0,0,0,90
2682273_3202,2682273,3202,31,371,2016-05-05,Kolo Touré,EL,0,0,0,0,90
2682273_3333,2682273,3333,31,1237,2016-05-05,James Milner,EL,0,0,0,0,90
2578268_3332,2578268,3332,985,985,2016-05-07,Wayne Rooney,GB1,0,0,0,1,90
2578269_3306,2578269,3306,512,1132,2016-05-07,Jonathan Walters,GB1,0,0,0,0,25
2578288_3160,2578288,3160,631,631,2016-05-07,John Terry,GB1,2,0,0,0,90
2581987_1791,2581987,1791,167,167,2016-05-07,Halil Altintop,L1,0,0,0,0,90
2581988_568,2581988,568,18,18,2016-05-07,Martin Stranzl,L1,0,0,0,0,3
2581992_1277,2581992,1277,86,86,2016-05-07,Clemens Fritz,L1,0,0,0,0,90
2581992_532,2581992,532,86,86,2016-05-07,Claudio Pizarro,L1,0,0,0,0,90
2581993_1331,2581993,1331,533,533,2016-05-07,Kevin Kuranyi,L1,0,0,0,0,45
2581993_1586,2581993,1586,42,42,2016-05-07,Christian Schulz,L1,0,0,0,0,8
2581994_2926,2581994,2926,105,105,2016-05-07,György Garics,L1,0,0,0,0,90
2581995_2219,2581995,2219,27,27,2016-05-07,Philipp Lahm,L1,0,0,0,0,90
2611285_2148,2611285,2148,2944,2944,2016-05-07,Erdal Kilicaslan,TR1,0,0,0,1,12
2611291_2587,2611291,2587,524,524,2016-05-07,Elyasa Süme,TR1,0,0,1,0,90
2683482_3321,2683482,3321,3725,3725,2016-05-07,Luke Wilkshire,RU1,2,0,0,0,81
2589193_933,2589193,933,192,2293,2016-05-08,Ugur Inceman,NL1,1,0,1,0,76
2604338_10,2604338,10,398,398,2016-05-08,Miroslav Klose,IT1,0,0,1,0,90
2611292_1896,2611292,1896,19771,19771,2016-05-08,Ahmet Cebe,TR1,0,0,0,0,90
2578237_3332,2578237,3332,985,985,2016-05-10,Wayne Rooney,GB1,0,0,0,0,90
2578181_3202,2578181,3202,31,371,2016-05-11,Kolo Touré,GB1,1,0,0,0,88
2578181_3333,2578181,3333,31,1237,2016-05-11,James Milner,GB1,1,0,0,0,75
2578200_3291,2578200,3291,29,984,2016-05-11,Gareth Barry,GB1,0,0,0,0,90
2581996_2219,2581996,2219,27,27,2016-05-14,Philipp Lahm,L1,0,0,0,0,90
2581997_1126,2581997,1126,3,3,2016-05-14,Matthias Lehmann,L1,0,0,0,0,90
2581998_3256,2581998,3256,15,15,2016-05-14,Roberto Hilbert,L1,0,0,0,0,23
2582000_1791,2582000,1791,167,167,2016-05-14,Halil Altintop,L1,0,0,0,0,90
2582001_1277,2582001,1277,86,86,2016-05-14,Clemens Fritz,L1,0,0,0,0,90
2582001_532,2582001,532,86,86,2016-05-14,Claudio Pizarro,L1,0,0,0,0,90
2582002_1331,2582002,1331,533,533,2016-05-14,Kevin Kuranyi,L1,0,0,0,0,30
2582004_2926,2582004,2926,105,105,2016-05-14,György Garics,L1,1,0,0,0,90
2604352_2865,2604352,2865,506,167,2016-05-14,Stephan Lichtsteiner,IT1,0,0,0,0,90
2609843_1423,2609843,1423,855,855,2016-05-14,Lars Jacobsen,FR1,0,0,0,0,90
2611303_2587,2611303,2587,524,524,2016-05-14,Elyasa Süme,TR1,0,0,0,0,90
2578252_3146,2578252,3146,512,512,2016-05-15,Shay Given,GB1,1,0,0,0,90
2578252_3306,2578252,3306,512,1132,2016-05-15,Jonathan Walters,GB1,0,0,0,0,90
2578267_3291,2578267,3291,29,984,2016-05-15,Gareth Barry,GB1,0,0,0,0,90
2594844_1726,2594844,1726,150,610,2016-05-15,Heiko Westermann,ES1,0,0,0,0,90
2604347_10,2604347,10,398,398,2016-05-15,Miroslav Klose,IT1,0,0,1,0,90
2611306_1896,2611306,1896,19771,19771,2016-05-15,Ahmet Cebe,TR1,1,0,0,0,81
2611311_2148,2611311,2148,2944,2944,2016-05-15,Erdal Kilicaslan,TR1,0,0,0,0,36
2578259_3332,2578259,3332,985,985,2016-05-17,Wayne Rooney,GB1,0,0,1,1,90
2689335_3202,2689335,3202,31,371,2016-05-18,Kolo Touré,EL,0,0,0,0,82
2689335_3333,2689335,3333,31,1237,2016-05-18,James Milner,EL,0,0,0,0,90
2611315_2148,2611315,2148,2944,2944,2016-05-19,Erdal Kilicaslan,TR1,0,0,0,0,16
2611318_2587,2611318,2587,524,524,2016-05-19,Elyasa Süme,TR1,0,0,0,1,90
2670079_2865,2670079,2865,506,167,2016-05-21,Stephan Lichtsteiner,CIT,0,0,0,0,75
2684201_2219,2684201,2219,27,27,2016-05-21,Philipp Lahm,DFB,0,0,0,0,120
2685107_3332,2685107,3332,985,985,2016-05-21,Wayne Rooney,FAC,1,0,0,0,120
2711531_2148,2711531,2148,2944,2944,2016-07-14,Erdal Kilicaslan,ELQ,0,0,0,0,4
2711562_2148,2711562,2148,2944,2944,2016-07-21,Erdal Kilicaslan,ELQ,0,0,1,0,52
2724812_597,2724812,597,713,2696,2016-07-26,Aleksandr Hleb,CLQ,0,0,0,1,30
2724242_2148,2724242,2148,2944,2944,2016-07-28,Erdal Kilicaslan,ELQ,0,0,0,0,71
2724833_597,2724833,597,713,2696,2016-08-02,Aleksandr Hleb,CLQ,0,0,0,0,45
2718493_1726,2718493,1726,610,610,2016-08-03,Heiko Westermann,CLQ,0,0,0,0,90
2724017_3202,2724017,3202,371,371,2016-08-03,Kolo Touré,CLQ,0,0,0,0,29
2724243_2148,2724243,2148,2944,2944,2016-08-04,Erdal Kilicaslan,ELQ,0,0,0,1,90
2707830_3292,2707830,3292,124,1132,2016-08-06,Joey Barton,SC1,0,0,0,0,90
2700633_1726,2700633,1726,610,610,2016-08-07,Heiko Westermann,NL1,1,0,0,0,3
2707835_3202,2707835,3202,371,371,2016-08-07,Kolo Touré,SC1,0,0,0,0,90
2740103_2998,2740103,2998,1003,1003,2016-08-07,Robert Huth,GBCS,0,0,0,0,89
2740103_3332,2740103,3332,985,985,2016-08-07,Wayne Rooney,GBCS,0,0,0,1,88
2697991_3291,2697991,3291,29,984,2016-08-13,Gareth Barry,GB1,0,0,0,0,85
2697992_2857,2697992,2857,3008,29,2016-08-13,Eldin Jakupovic,GB1,0,0,0,0,90
2697994_3146,2697994,3146,512,512,2016-08-13,Shay Given,GB1,1,0,0,0,90
2697994_3306,2697994,3306,512,1132,2016-08-13,Jonathan Walters,GB1,0,0,0,0,21
2707836_3292,2707836,3292,124,1132,2016-08-13,Joey Barton,SC1,0,0,0,0,90
2697987_3332,2697987,3332,985,985,2016-08-14,Wayne Rooney,GB1,0,0,1,0,89
2702100_2219,2702100,2219,27,27,2016-08-14,Philipp Lahm,DFL,0,0,0,0,90
2697989_3160,2697989,3160,631,631,2016-08-15,John Terry,GB1,0,0,0,0,90
2740113_3202,2740113,3202,371,371,2016-08-17,Kolo Touré,CLQ,1,0,0,0,90
2740217_597,2740217,597,713,2696,2016-08-18,Aleksandr Hleb,ELQ,0,0,0,0,39
2740218_2148,2740218,2148,2944,2944,2016-08-18,Erdal Kilicaslan,ELQ,1,0,0,0,77
2697998_3332,2697998,3332,985,985,2016-08-19,Wayne Rooney,GB1,0,0,0,1,89
2699123_1791,2699123,1791,167,167,2016-08-19,Halil Altintop,DFB,0,0,0,0,1
2699123_1986,2699123,1986,167,167,2016-08-19,Markus Feulner,DFB,0,0,0,0,1
2699234_2219,2699234,2219,27,27,2016-08-19,Philipp Lahm,DFB,0,0,0,0,90
2697996_2998,2697996,2998,1003,1003,2016-08-20,Robert Huth,GB1,0,0,0,0,90
2697997_3333,2697997,3333,31,1237,2016-08-20,James Milner,GB1,0,0,0,0,77
2697999_3146,2697999,3146,512,512,2016-08-20,Shay Given,GB1,0,0,0,0,90
2697999_3306,2697999,3306,512,1132,2016-08-20,Jonathan Walters,GB1,0,0,0,0,18
2698001_2857,2698001,2857,3008,29,2016-08-20,Eldin Jakupovic,GB1,0,0,0,0,90
2698003_3160,2698003,3160,631,631,2016-08-20,John Terry,GB1,0,0,0,0,90
2698004_3291,2698004,3291,29,984,2016-08-20,Gareth Barry,GB1,0,0,1,0,90
2699121_1126,2699121,1126,3,3,2016-08-20,Matthias Lehmann,DFB,0,0,0,0,63
2699231_1662,2699231,1662,33,33,2016-08-20,Sascha Riether,DFB,0,0,0,0,13
2707845_3292,2707845,3292,124,1132,2016-08-20,Joey Barton,SC1,0,0,0,0,90
2707847_3202,2707847,3202,371,371,2016-08-20,Kolo Touré,SC1,0,0,0,0,90
2699124_1565,2699124,1565,24,24,2016-08-21,Alexander Meier,DFB,0,0,0,0,120
2699127_1277,2699127,1277,86,86,2016-08-21,Clemens Fritz,DFB,1,0,0,0,75
2720731_2587,2720731,2587,524,524,2016-08-21,Elyasa Süme,TR1,0,0,0,0,90
2720733_2148,2720733,2148,2944,2944,2016-08-21,Erdal Kilicaslan,TR1,0,0,0,0,79
2699126_1784,2699126,1784,41,39,2016-08-22,René Adler,DFB,0,0,0,0,90
2699227_26,2699227,26,16,16,2016-08-22,Roman Weidenfeller,DFB,0,0,0,0,90
2740483_3202,2740483,3202,371,371,2016-08-23,Kolo Touré,CLQ,0,0,0,0,90
2752313_2148,2752313,2148,2944,2944,2016-08-25,Erdal Kilicaslan,ELQ,0,0,0,0,15
2704204_1277,2704204,1277,86,86,2016-08-26,Clemens Fritz,L1,0,0,0,0,90
2704204_2219,2704204,2219,27,27,2016-08-26,Philipp Lahm,L1,0,0,1,0,74
2728493_3292,2728493,3292,124,1132,2016-08-26,Joey Barton,SC1,1,0,0,0,69
2698006_3160,2698006,3160,631,631,2016-08-27,John Terry,GB1,0,0,0,0,90
2698008_3146,2698008,3146,512,512,2016-08-27,Shay Given,GB1,0,0,0,0,90
2698008_3291,2698008,3291,29,984,2016-08-27,Gareth Barry,GB1,1,0,0,0,90
2698008_3306,2698008,3306,512,1132,2016-08-27,Jonathan Walters,GB1,0,0,0,0,25
2698009_2857,2698009,2857,3008,29,2016-08-27,Eldin Jakupovic,GB1,0,0,0,0,90
2698009_3332,2698009,3332,985,985,2016-08-27,Wayne Rooney,GB1,1,0,0,1,90
2698010_2998,2698010,2998,1003,1003,2016-08-27,Robert Huth,GB1,1,0,0,1,90
2698013_3333,2698013,3333,31,1237,2016-08-27,James Milner,GB1,0,0,1,0,90
2704208_1126,2704208,1126,3,3,2016-08-27,Matthias Lehmann,L1,0,0,0,0,90
2704209_1784,2704209,1784,41,39,2016-08-27,René Adler,L1,0,0,0,1,90
2704210_1791,2704210,1791,167,167,2016-08-27,Halil Altintop,L1,0,0,0,0,6
2704212_1565,2704212,1565,24,24,2016-08-27,Alexander Meier,L1,0,0,1,0,90
2720742_2587,2720742,2587,524,524,2016-08-27,Elyasa Süme,TR1,0,0,0,0,90
2725485_2865,2725485,2865,506,167,2016-08-27,Stephan Lichtsteiner,IT1,0,0,0,0,16
2728490_3202,2728490,3202,371,371,2016-08-27,Kolo Touré,SC1,0,0,0,0,90
2700660_1726,2700660,1726,610,610,2016-08-28,Heiko Westermann,NL1,0,0,0,0,45
2720745_2148,2720745,2148,2944,2944,2016-08-28,Erdal Kilicaslan,TR1,0,0,0,0,33
2704223_2219,2704223,2219,27,27,2016-09-09,Philipp Lahm,L1,0,0,0,0,90
2698087_3146,2698087,3146,512,512,2016-09-10,Shay Given,GB1,0,0,0,0,90
2698087_3306,2698087,3306,512,1132,2016-09-10,Jonathan Walters,GB1,0,0,0,0,90
2698089_2998,2698089,2998,1003,1003,2016-09-10,Robert Huth,GB1,1,0,0,0,90
2698089_3333,2698089,3333,31,1237,2016-09-10,James Milner,GB1,0,0,0,1,90
2698093_2857,2698093,2857,3008,29,2016-09-10,Eldin Jakupovic,GB1,0,0,0,0,90
2698094_3332,2698094,3332,985,985,2016-09-10,Wayne Rooney,GB1,1,0,0,0,90
2704222_1784,2704222,1784,41,39,2016-09-10,René Adler,L1,0,0,0,0,90
2704225_1126,2704225,1126,3,3,2016-09-10,Matthias Lehmann,L1,1,0,0,0,87
2704228_1565,2704228,1565,24,24,2016-09-10,Alexander Meier,L1,0,0,0,0,89
2722611_1792,2722611,1792,141,105,2016-09-10,Hamit Altintop,TR1,0,0,0,0,1
2722612_2587,2722612,2587,524,524,2016-09-10,Elyasa Süme,TR1,0,0,0,0,90
2725496_2865,2725496,2865,506,167,2016-09-10,Stephan Lichtsteiner,IT1,0,0,0,1,90
2728486_3202,2728486,3202,371,371,2016-09-10,Kolo Touré,SC1,1,0,0,0,90
2728486_3292,2728486,3292,124,1132,2016-09-10,Joey Barton,SC1,0,0,0,0,90
2698092_3160,2698092,3160,631,631,2016-09-11,John Terry,GB1,1,0,0,0,90
2704227_1277,2704227,1277,86,86,2016-09-11,Clemens Fritz,L1,1,0,0,0,90
2722615_2148,2722615,2148,2944,2944,2016-09-11,Erdal Kilicaslan,TR1,0,0,0,0,6
2698090_3291,2698090,3291,29,984,2016-09-12,Gareth Barry,GB1,0,0,0,0,90
2754181_3202,2754181,3202,371,371,2016-09-13,Kolo Touré,CL,0,0,0,0,90
2754189_2998,2754189,2998,1003,1003,2016-09-14,Robert Huth,CL,0,0,0,0,90
2698097_3333,2698097,3333,31,1237,2016-09-16,James Milner,GB1,0,0,0,0,90
2704235_1126,2704235,1126,3,3,2016-09-16,Matthias Lehmann,L1,0,0,0,0,90
2698096_2857,2698096,2857,3008,29,2016-09-17,Eldin Jakupovic,GB1,0,0,0,0,90
2698102_2998,2698102,2998,1003,1003,2016-09-17,Robert Huth,GB1,0,0,0,0,90
2698105_3291,2698105,3291,29,984,2016-09-17,Gareth Barry,GB1,1,0,1,0,90
2704233_1277,2704233,1277,86,86,2016-09-17,Clemens Fritz,L1,1,0,0,0,45
2704236_1784,2704236,1784,41,39,2016-09-17,René Adler,L1,1,0,0,0,90
2704239_1565,2704239,1565,24,24,2016-09-17,Alexander Meier,L1,1,0,1,0,78
2698098_3146,2698098,3146,512,512,2016-09-18,Shay Given,GB1,0,0,0,0,90
2698098_3306,2698098,3306,512,1132,2016-09-18,Jonathan Walters,GB1,0,0,0,0,90
2698104_3332,2698104,3332,985,985,2016-09-18,Wayne Rooney,GB1,1,0,0,0,90
2704237_1791,2704237,1791,167,167,2016-09-18,Halil Altintop,L1,0,0,0,0,9
2722622_2587,2722622,2587,524,524,2016-09-18,Elyasa Süme,TR1,0,0,0,0,90
2726506_2865,2726506,2865,506,167,2016-09-18,Stephan Lichtsteiner,IT1,1,0,1,0,90
2704244_1565,2704244,1565,24,24,2016-09-20,Alexander Meier,L1,0,0,0,0,90
2704247_1784,2704247,1784,41,39,2016-09-20,René Adler,L1,0,0,0,0,90
2704240_2219,2704240,2219,27,27,2016-09-21,Philipp Lahm,L1,0,0,0,0,90
2704241_1791,2704241,1791,167,167,2016-09-21,Halil Altintop,L1,0,0,0,0,7
2704242_1126,2704242,1126,3,3,2016-09-21,Matthias Lehmann,L1,0,0,0,0,90
2704242_1662,2704242,1662,33,33,2016-09-21,Sascha Riether,L1,0,0,0,0,90
2704245_1277,2704245,1277,86,86,2016-09-21,Clemens Fritz,L1,0,0,0,0,90
2756542_1726,2756542,1726,610,610,2016-09-21,Heiko Westermann,NLP,1,0,0,0,90
2698109_3291,2698109,3291,29,984,2016-09-24,Gareth Barry,GB1,0,0,0,0,55
2698110_2998,2698110,2998,1003,1003,2016-09-24,Robert Huth,GB1,1,0,0,0,90
2698110_3332,2698110,3332,985,985,2016-09-24,Wayne Rooney,GB1,0,0,0,0,7
2698112_3333,2698112,3333,31,1237,2016-09-24,James Milner,GB1,1,0,2,0,90
2704255_1784,2704255,1784,41,39,2016-09-24,René Adler,L1,0,0,0,0,90
2704255_2219,2704255,2219,27,27,2016-09-24,Philipp Lahm,L1,0,0,0,0,90
2704256_1791,2704256,1791,167,167,2016-09-24,Halil Altintop,L1,0,0,0,0,2
2704257_1277,2704257,1277,86,86,2016-09-24,Clemens Fritz,L1,0,0,0,0,76
2704259_1565,2704259,1565,24,24,2016-09-24,Alexander Meier,L1,0,0,1,0,90
2704254_1126,2704254,1126,3,3,2016-09-25,Matthias Lehmann,L1,0,0,0,0,90
2704258_1662,2704258,1662,33,33,2016-09-25,Sascha Riether,L1,0,0,0,0,90
2722631_2587,2722631,2587,524,524,2016-09-25,Elyasa Süme,TR1,1,0,0,0,90
2754903_2998,2754903,2998,1003,1003,2016-09-27,Robert Huth,CL,1,0,0,0,90
2754911_3202,2754911,3202,371,371,2016-09-28,Kolo Touré,CL,0,0,0,0,90
2754912_2219,2754912,2219,27,27,2016-09-28,Philipp Lahm,CL,1,0,0,0,90
2754308_3332,2754308,3332,985,985,2016-09-29,Wayne Rooney,EL,0,0,0,1,23
2698121_3291,2698121,3291,29,984,2016-09-30,Gareth Barry,GB1,1,0,0,0,90
2704268_1791,2704268,1791,167,167,2016-09-30,Halil Altintop,L1,0,0,0,0,5
2698117_3333,2698117,3333,31,1237,2016-10-01,James Milner,GB1,0,0,1,0,90
2704260_1126,2704260,1126,3,3,2016-10-01,Matthias Lehmann,L1,0,0,0,0,90
2704263_1784,2704263,1784,41,39,2016-10-01,René Adler,L1,0,0,0,0,90
2704266_1277,2704266,1277,86,86,2016-10-01,Clemens Fritz,L1,0,0,0,0,90
2704267_1565,2704267,1565,24,24,2016-10-01,Alexander Meier,L1,0,0,0,0,90
2722639_2587,2722639,2587,524,524,2016-10-01,Elyasa Süme,TR1,0,0,0,0,90
2698122_2998,2698122,2998,1003,1003,2016-10-02,Robert Huth,GB1,0,0,0,0,90
2698124_3306,2698124,3306,512,1132,2016-10-02,Jonathan Walters,GB1,0,0,0,0,13
2698124_3332,2698124,3332,985,985,2016-10-02,Wayne Rooney,GB1,0,0,0,0,23
2722643_2148,2722643,2148,2944,2944,2016-10-02,Erdal Kilicaslan,TR1,0,0,0,0,13
2698128_2998,2698128,2998,1003,1003,2016-10-15,Robert Huth,GB1,1,0,0,0,90
2698129_3306,2698129,3306,512,1132,2016-10-15,Jonathan Walters,GB1,0,0,0,0,14
2698134_3291,2698134,3291,29,984,2016-10-15,Gareth Barry,GB1,0,0,0,0,90
2701670_1327,2701670,1327,1159,1159,2016-10-15,Alou Diarra,FR1,0,0,1,0,90
2704270_1784,2704270,1784,41,39,2016-10-15,René Adler,L1,0,0,0,0,90
2704273_1126,2704273,1126,3,3,2016-10-15,Matthias Lehmann,L1,1,0,0,0,90
2704274_1791,2704274,1791,167,167,2016-10-15,Halil Altintop,L1,1,0,0,0,90
2704275_1277,2704275,1277,86,86,2016-10-15,Clemens Fritz,L1,0,0,0,0,68
2704277_1565,2704277,1565,24,24,2016-10-15,Alexander Meier,L1,0,0,0,0,77
2704277_2219,2704277,2219,27,27,2016-10-15,Philipp Lahm,L1,1,0,0,0,90
2722648_1792,2722648,1792,141,105,2016-10-15,Hamit Altintop,TR1,0,0,0,0,5
2722649_2587,2722649,2587,524,524,2016-10-15,Elyasa Süme,TR1,0,0,0,0,90
2726547_2865,2726547,2865,506,167,2016-10-15,Stephan Lichtsteiner,IT1,0,0,0,0,90
2728520_3202,2728520,3202,371,371,2016-10-15,Kolo Touré,SC1,0,0,0,0,6
2698135_3332,2698135,3332,985,985,2016-10-17,Wayne Rooney,GB1,0,0,0,0,13
2698135_3333,2698135,3333,31,1237,2016-10-17,James Milner,GB1,0,0,0,0,86
2754926_2998,2754926,2998,1003,1003,2016-10-18,Robert Huth,CL,0,0,0,0,90
2754918_3202,2754918,3202,371,371,2016-10-19,Kolo Touré,CL,0,0,0,0,90
2754921_2219,2754921,2219,27,27,2016-10-19,Philipp Lahm,CL,1,0,0,0,90
2758683_3332,2758683,3332,985,985,2016-10-20,Wayne Rooney,EL,0,0,0,1,90
2704282_1565,2704282,1565,24,24,2016-10-21,Alexander Meier,L1,0,0,0,0,14
2704282_1784,2704282,1784,41,39,2016-10-21,René Adler,L1,0,0,0,0,90
2722661_2587,2722661,2587,524,524,2016-10-21,Elyasa Süme,TR1,0,0,0,0,90
2698145_3333,2698145,3333,31,1237,2016-10-22,James Milner,GB1,0,0,0,0,90
2698152_3291,2698152,3291,29,984,2016-10-22,Gareth Barry,GB1,1,0,0,0,90
2698168_2998,2698168,2998,1003,1003,2016-10-22,Robert Huth,GB1,0,0,0,0,90
2702717_1327,2702717,1327,1159,1159,2016-10-22,Alou Diarra,FR1,1,0,0,0,90
2704281_1126,2704281,1126,3,3,2016-10-22,Matthias Lehmann,L1,0,0,0,0,90
2704283_26,2704283,26,16,16,2016-10-22,Roman Weidenfeller,L1,0,0,0,0,90
2704285_1791,2704285,1791,167,167,2016-10-22,Halil Altintop,L1,0,0,1,0,90
2718789_2963,2718789,2963,714,714,2016-10-22,Martín Demichelis,ES1,0,0,0,0,90
2704286_1277,2704286,1277,86,86,2016-10-23,Clemens Fritz,L1,1,0,0,0,70
2754874_1784,2754874,1784,41,39,2016-10-25,René Adler,DFB,1,0,0,0,90
2754875_3256,2754875,3256,15,15,2016-10-25,Roberto Hilbert,DFB,0,0,0,0,120
2728532_2583,2728532,2583,2760,2760,2016-10-26,Thorsten Stuckmann,SC1,0,0,0,0,2
2754879_1126,2754879,1126,3,3,2016-10-26,Matthias Lehmann,DFB,0,0,0,1,63
2754880_1791,2754880,1791,167,167,2016-10-26,Halil Altintop,DFB,0,0,0,0,13
2754880_2219,2754880,2219,27,27,2016-10-26,Philipp Lahm,DFB,0,0,1,0,90
2754882_26,2754882,26,16,16,2016-10-26,Roman Weidenfeller,DFB,0,0,0,0,120
2754884_1667,2754884,1667,82,162,2016-10-26,Diego Benaglio,DFB,0,0,0,0,90
2766085_3321,2766085,3321,121,3725,2016-10-26,Luke Wilkshire,RUP,0,0,0,0,45
2698155_2998,2698155,2998,1003,1003,2016-10-29,Robert Huth,GB1,0,0,0,0,90
2698158_3332,2698158,3332,985,985,2016-10-29,Wayne Rooney,GB1,0,0,0,0,17
2702731_1327,2702731,1327,1159,1159,2016-10-29,Alou Diarra,FR1,1,0,1,0,90
2702733_3266,2702733,3266,1158,1158,2016-10-29,Jérémie Aliadière,FR1,0,0,0,0,10
2704307_1667,2704307,1667,82,162,2016-10-29,Diego Benaglio,L1,0,0,0,0,90
2704309_1791,2704309,1791,167,167,2016-10-29,Halil Altintop,L1,0,0,0,0,65
2704309_2219,2704309,2219,27,27,2016-10-29,Philipp Lahm,L1,0,0,0,0,90
2704310_1277,2704310,1277,86,86,2016-10-29,Clemens Fritz,L1,0,0,0,0,90
2722666_2148,2722666,2148,2944,2944,2016-10-29,Erdal Kilicaslan,TR1,0,0,0,0,34
2722666_2587,2722666,2587,524,524,2016-10-29,Elyasa Süme,TR1,1,0,0,0,90
2726578_2865,2726578,2865,506,167,2016-10-29,Stephan Lichtsteiner,IT1,0,0,0,0,90
2728537_2583,2728537,2583,2760,2760,2016-10-29,Thorsten Stuckmann,SC1,0,0,0,0,90
2698176_3291,2698176,3291,29,984,2016-10-30,Gareth Barry,GB1,0,0,0,0,90
2704308_1126,2704308,1126,3,3,2016-10-30,Matthias Lehmann,L1,0,0,0,0,90
2704308_1784,2704308,1784,41,39,2016-10-30,René Adler,L1,0,0,0,0,90
2718800_2963,2718800,2963,714,714,2016-10-30,Martín Demichelis,ES1,0,0,0,0,8
2698167_3306,2698167,3306,512,1132,2016-10-31,Jonathan Walters,GB1,0,0,0,0,11
2755696_2219,2755696,2219,27,27,2016-11-01,Philipp Lahm,CL,0,0,0,0,90
2755707_2998,2755707,2998,1003,1003,2016-11-02,Robert Huth,CL,1,0,0,0,90
2758725_3332,2758725,3332,985,985,2016-11-03,Wayne Rooney,EL,0,0,1,0,90
2728554_2583,2728554,2583,2760,2760,2016-11-04,Thorsten Stuckmann,SC1,0,0,0,0,90
2698153_3160,2698153,3160,631,631,2016-11-05,John Terry,GB1,0,0,0,0,6
2698153_3291,2698153,3291,29,984,2016-11-05,Gareth Barry,GB1,1,0,0,0,66
2698170_3306,2698170,3306,512,1132,2016-11-05,Jonathan Walters,GB1,0,0,0,1,90
2702748_3266,2702748,3266,1158,1158,2016-11-05,Jérémie Aliadière,FR1,0,0,0,0,10
2704317_1784,2704317,1784,41,39,2016-11-05,René Adler,L1,0,0,0,0,90
2704318_1791,2704318,1791,167,167,2016-11-05,Halil Altintop,L1,0,0,1,0,15
2704319_1126,2704319,1126,3,3,2016-11-05,Matthias Lehmann,L1,0,0,0,0,70
2704319_1565,2704319,1565,24,24,2016-11-05,Alexander Meier,L1,0,0,0,0,73
2704320_1667,2704320,1667,82,162,2016-11-05,Diego Benaglio,L1,0,0,0,0,90
2722678_2587,2722678,2587,524,524,2016-11-05,Elyasa Süme,TR1,0,0,0,0,90
2698154_3333,2698154,3333,31,1237,2016-11-06,James Milner,GB1,0,0,0,0,90
2698169_3332,2698169,3332,985,985,2016-11-06,Wayne Rooney,GB1,0,0,0,2,89
2698175_2998,2698175,2998,1003,1003,2016-11-06,Robert Huth,GB1,0,0,0,0,87
2704315_1277,2704315,1277,86,86,2016-11-06,Clemens Fritz,L1,0,0,0,0,64
2704315_532,2704315,532,86,86,2016-11-06,Claudio Pizarro,L1,0,0,0,0,20
2726583_2865,2726583,2865,506,167,2016-11-06,Stephan Lichtsteiner,IT1,1,0,0,0,84
2702760_3266,2702760,3266,1158,1158,2016-11-18,Jérémie Aliadière,FR1,0,0,0,0,23
2698144_3306,2698144,3306,512,1132,2016-11-19,Jonathan Walters,GB1,0,0,0,0,17
2698157_3332,2698157,3332,985,985,2016-11-19,Wayne Rooney,GB1,1,0,0,0,27
2698182_3333,2698182,3333,31,1237,2016-11-19,James Milner,GB1,0,0,0,0,90
2698235_2998,2698235,2998,1003,1003,2016-11-19,Robert Huth,GB1,0,0,0,0,90
2702758_1327,2702758,1327,1159,1159,2016-11-19,Alou Diarra,FR1,0,0,0,0,90
2704331_2219,2704331,2219,27,27,2016-11-19,Philipp Lahm,L1,0,0,0,0,68
2704333_1126,2704333,1126,3,3,2016-11-19,Matthias Lehmann,L1,1,0,0,0,45
2704335_1667,2704335,1667,82,162,2016-11-19,Diego Benaglio,L1,0,0,0,0,90
2704336_1791,2704336,1791,167,167,2016-11-19,Halil Altintop,L1,0,0,0,0,83
2722683_2587,2722683,2587,524,524,2016-11-19,Elyasa Süme,TR1,0,0,0,0,90
2722689_2148,2722689,2148,2944,2944,2016-11-19,Erdal Kilicaslan,TR1,0,0,0,0,26
2726598_2865,2726598,2865,506,167,2016-11-19,Stephan Lichtsteiner,IT1,0,0,0,0,25
2728544_2583,2728544,2583,2760,2760,2016-11-19,Thorsten Stuckmann,SC1,0,0,0,0,90
2704337_1277,2704337,1277,86,86,2016-11-20,Clemens Fritz,L1,0,0,0,0,90
2704337_1565,2704337,1565,24,24,2016-11-20,Alexander Meier,L1,0,0,1,0,45
2704337_532,2704337,532,86,86,2016-11-20,Claudio Pizarro,L1,0,0,0,0,83
2755712_2998,2755712,2998,1003,1003,2016-11-22,Robert Huth,CL,0,0,0,0,90
2755715_26,2755715,26,16,16,2016-11-22,Roman Weidenfeller,CL,0,0,0,0,90
2755716_2219,2755716,2219,27,27,2016-11-23,Philipp Lahm,CL,0,0,0,0,90
2765894_1726,2765894,1726,610,610,2016-11-24,Heiko Westermann,EL,0,0,0,0,90
2765898_1662,2765898,1662,33,33,2016-11-24,Sascha Riether,EL,0,0,0,0,90
2765903_2148,2765903,2148,2944,2944,2016-11-24,Erdal Kilicaslan,EL,0,0,0,0,21
2765909_3332,2765909,3332,985,985,2016-11-24,Wayne Rooney,EL,0,0,1,1,82
2722700_1792,2722700,1792,141,105,2016-11-25,Hamit Altintop,TR1,0,0,0,0,1
2698163_2998,2698163,2998,1003,1003,2016-11-26,Robert Huth,GB1,0,0,0,0,90
2698177_3333,2698177,3333,31,1237,2016-11-26,James Milner,GB1,0,0,1,0,90
2702772_1327,2702772,1327,1159,1159,2016-11-26,Alou Diarra,FR1,1,0,0,0,90
2704351_2219,2704351,2219,27,27,2016-11-26,Philipp Lahm,L1,0,0,0,0,82
2704355_1791,2704355,1791,167,167,2016-11-26,Halil Altintop,L1,0,0,0,0,90
2704356_1277,2704356,1277,86,86,2016-11-26,Clemens Fritz,L1,0,0,0,1,90
2704356_532,2704356,532,86,86,2016-11-26,Claudio Pizarro,L1,0,0,0,0,21
2704357_1667,2704357,1667,82,162,2016-11-26,Diego Benaglio,L1,0,0,0,0,90
2704358_1565,2704358,1565,24,24,2016-11-26,Alexander Meier,L1,0,0,0,0,71
2704358_26,2704358,26,16,16,2016-11-26,Roman Weidenfeller,L1,0,0,0,0,90
2722695_2587,2722695,2587,524,524,2016-11-26,Elyasa Süme,TR1,0,0,0,0,90
2728559_2583,2728559,2583,2760,2760,2016-11-26,Thorsten Stuckmann,SC1,0,0,0,0,90
2698150_3332,2698150,3332,985,985,2016-11-27,Wayne Rooney,GB1,0,0,0,0,25
2698183_3306,2698183,3306,512,1132,2016-11-27,Jonathan Walters,GB1,0,0,0,0,90
2698192_3291,2698192,3291,29,984,2016-11-27,Gareth Barry,GB1,0,0,0,0,90
2726607_2865,2726607,2865,506,167,2016-11-27,Stephan Lichtsteiner,IT1,0,0,0,0,53
2722692_2148,2722692,2148,2944,2944,2016-11-28,Erdal Kilicaslan,TR1,0,0,0,0,1
2702781_1327,2702781,1327,1159,1159,2016-11-30,Alou Diarra,FR1,0,0,0,0,20
2704362_2219,2704362,2219,27,27,2016-12-02,Philipp Lahm,L1,0,0,0,0,90
2698137_2998,2698137,2998,1003,1003,2016-12-03,Robert Huth,GB1,0,0,0,0,90
2698151_3306,2698151,3306,512,1132,2016-12-03,Jonathan Walters,GB1,0,0,1,0,90
2704360_26,2704360,26,16,16,2016-12-03,Roman Weidenfeller,L1,0,0,0,0,90
2704363_1667,2704363,1667,82,162,2016-12-03,Diego Benaglio,L1,0,0,0,0,90
2704365_532,2704365,532,86,86,2016-12-03,Claudio Pizarro,L1,0,0,0,1,90
2726615_2865,2726615,2865,506,167,2016-12-03,Stephan Lichtsteiner,IT1,1,0,0,0,90
2728561_3202,2728561,3202,371,371,2016-12-03,Kolo Touré,SC1,0,0,0,0,90
2698172_3291,2698172,3291,29,984,2016-12-04,Gareth Barry,GB1,1,0,0,0,90
2698187_3333,2698187,3333,31,1237,2016-12-04,James Milner,GB1,0,0,0,0,90
2702794_1327,2702794,1327,1159,1159,2016-12-04,Alou Diarra,FR1,0,0,0,0,70
2704364_1565,2704364,1565,24,24,2016-12-04,Alexander Meier,L1,0,0,0,1,90
2704364_1791,2704364,1791,167,167,2016-12-04,Halil Altintop,L1,0,0,0,0,90
2722707_2587,2722707,2587,524,524,2016-12-04,Elyasa Süme,TR1,0,0,0,0,90
2755739_26,2755739,26,16,16,2016-12-07,Roman Weidenfeller,CL,0,0,0,0,90
2765917_2148,2765917,2148,2944,2944,2016-12-08,Erdal Kilicaslan,EL,0,0,1,0,3
2765920_3332,2765920,3332,985,985,2016-12-08,Wayne Rooney,EL,0,0,0,0,70
2765933_1662,2765933,1662,33,33,2016-12-08,Sascha Riether,EL,0,0,0,0,83
2704432_1565,2704432,1565,24,24,2016-12-09,Alexander Meier,L1,0,0,0,0,90
2698194_3291,2698194,3291,29,984,2016-12-10,Gareth Barry,GB1,0,0,0,1,90
2698221_2998,2698221,2998,1003,1003,2016-12-10,Robert Huth,GB1,0,0,0,0,90
2704425_1667,2704425,1667,82,162,2016-12-10,Diego Benaglio,L1,0,0,0,0,90
2704425_2219,2704425,2219,27,27,2016-12-10,Philipp Lahm,L1,0,0,0,1,90
2704428_1277,2704428,1277,86,86,2016-12-10,Clemens Fritz,L1,1,0,0,0,90
2704428_532,2704428,532,86,86,2016-12-10,Claudio Pizarro,L1,0,0,0,0,90
2704429_26,2704429,26,16,16,2016-12-10,Roman Weidenfeller,L1,0,0,0,0,90
2704430_1791,2704430,1791,167,167,2016-12-10,Halil Altintop,L1,0,0,0,0,69
2698190_3333,2698190,3333,31,1237,2016-12-11,James Milner,GB1,0,0,0,0,90
2722718_2587,2722718,2587,524,524,2016-12-11,Elyasa Süme,TR1,1,0,1,0,90
2726632_2865,2726632,2865,506,167,2016-12-11,Stephan Lichtsteiner,IT1,1,0,0,0,90
2698196_2998,2698196,2998,1003,1003,2016-12-13,Robert Huth,GB1,0,0,0,0,82
2698207_3332,2698207,3332,985,985,2016-12-14,Wayne Rooney,GB1,0,0,0,0,80
2698209_3306,2698209,3306,512,1132,2016-12-14,Jonathan Walters,GB1,0,0,0,0,90
2698231_3333,2698231,3333,31,1237,2016-12-14,James Milner,GB1,0,0,0,0,90
2704441_26,2704441,26,16,16,2016-12-16,Roman Weidenfeller,L1,0,0,0,0,90
2698236_2998,2698236,2998,1003,1003,2016-12-17,Robert Huth,GB1,1,0,0,0,90
2698236_3306,2698236,3306,512,1132,2016-12-17,Jonathan Walters,GB1,0,0,0,0,90
2698291_3332,2698291,3332,985,985,2016-12-17,Wayne Rooney,GB1,0,0,0,1,84
2704437_1565,2704437,1565,24,24,2016-12-17,Alexander Meier,L1,0,0,0,0,45
2704437_1667,2704437,1667,82,162,2016-12-17,Diego Benaglio,L1,0,0,0,0,90
2704438_1791,2704438,1791,167,167,2016-12-17,Halil Altintop,L1,0,0,0,0,18
2704439_1277,2704439,1277,86,86,2016-12-17,Clemens Fritz,L1,0,0,0,1,45
2704439_532,2704439,532,86,86,2016-12-17,Claudio Pizarro,L1,0,0,0,0,75
2726636_2865,2726636,2865,506,167,2016-12-17,Stephan Lichtsteiner,IT1,0,0,0,0,68
2722724_2587,2722724,2587,524,524,2016-12-18,Elyasa Süme,TR1,1,0,0,0,90
2698219_3291,2698219,3291,29,984,2016-12-19,Gareth Barry,GB1,0,0,0,0,45
2698219_3333,2698219,3333,31,1237,2016-12-19,James Milner,GB1,0,0,0,0,90
2704453_1791,2704453,1791,167,167,2016-12-20,Halil Altintop,L1,0,0,0,0,1
2704453_1986,2704453,1986,167,167,2016-12-20,Markus Feulner,L1,0,0,0,0,17
2704453_26,2704453,26,16,16,2016-12-20,Roman Weidenfeller,L1,0,0,0,0,90
2704454_1667,2704454,1667,82,162,2016-12-20,Diego Benaglio,L1,0,0,0,0,90
2702821_1327,2702821,1327,1159,1159,2016-12-21,Alou Diarra,FR1,0,0,0,0,90
2704452_2219,2704452,2219,27,27,2016-12-21,Philipp Lahm,L1,0,0,0,0,90
2704459_532,2704459,532,86,86,2016-12-21,Claudio Pizarro,L1,0,0,0,0,89
2708453_2865,2708453,2865,506,167,2016-12-23,Stephan Lichtsteiner,SCI,1,0,0,0,120
2722729_2148,2722729,2148,2944,2944,2016-12-25,Erdal Kilicaslan,TR1,0,0,0,0,1
2722736_1792,2722736,1792,141,105,2016-12-25,Hamit Altintop,TR1,0,0,0,0,45
2698223_3291,2698223,3291,29,984,2016-12-26,Gareth Barry,GB1,0,0,0,0,68
2698215_3306,2698215,3306,512,1132,2016-12-27,Jonathan Walters,GB1,0,0,1,0,90
2698215_3333,2698215,3333,31,1237,2016-12-27,James Milner,GB1,0,0,0,1,90
2698241_3291,2698241,3291,29,984,2016-12-30,Gareth Barry,GB1,0,0,0,0,66
2698232_3333,2698232,3333,31,1237,2016-12-31,James Milner,GB1,0,0,0,0,90
2698239_2998,2698239,2998,1003,1003,2016-12-31,Robert Huth,GB1,1,0,0,0,90
2698216_2998,2698216,2998,1003,1003,2017-01-02,Robert Huth,GB1,0,0,0,0,90
2698262_3333,2698262,3333,31,1237,2017-01-02,James Milner,GB1,1,0,0,0,45
2698270_3291,2698270,3291,29,984,2017-01-02,Gareth Barry,GB1,0,0,0,0,5
2698267_3306,2698267,3306,512,1132,2017-01-03,Jonathan Walters,GB1,0,0,0,0,90
2808909_2998,2808909,2998,1003,1003,2017-01-07,Robert Huth,FAC,0,0,0,0,90
2808909_3291,2808909,3291,29,984,2017-01-07,Gareth Barry,FAC,0,0,0,0,90
2808910_2857,2808910,2857,3008,29,2017-01-07,Eldin Jakupovic,FAC,0,0,0,0,90
2808912_3292,2808912,3292,1132,1132,2017-01-07,Joey Barton,FAC,1,0,0,0,90
2808934_2514,2808934,2514,985,985,2017-01-07,Bastian Schweinsteiger,FAC,0,0,0,0,12
2808934_3332,2808934,3332,985,985,2017-01-07,Wayne Rooney,FAC,0,0,1,1,90
2809080_3160,2809080,3160,631,631,2017-01-08,John Terry,FAC,0,1,0,0,67
2813965_2865,2813965,2865,506,167,2017-01-08,Stephan Lichtsteiner,IT1,1,0,0,1,90
2800305_2865,2800305,2865,506,167,2017-01-11,Stephan Lichtsteiner,CIT,0,0,0,1,90
2698248_2857,2698248,2857,3008,29,2017-01-14,Eldin Jakupovic,GB1,0,0,0,0,90
2698259_2998,2698259,2998,1003,1003,2017-01-14,Robert Huth,GB1,0,0,0,0,60
2698282_3292,2698282,3292,1132,1132,2017-01-14,Joey Barton,GB1,0,0,1,0,17
2716694_1327,2716694,1327,1159,1159,2017-01-14,Alou Diarra,FR1,1,0,0,0,90
2698245_3332,2698245,3332,985,985,2017-01-15,Wayne Rooney,GB1,0,0,0,0,45
2698245_3333,2698245,3333,31,1237,2017-01-15,James Milner,GB1,0,0,1,0,90
2698302_3291,2698302,3291,29,984,2017-01-15,Gareth Barry,GB1,0,0,0,0,74
2722739_2587,2722739,2587,524,524,2017-01-15,Elyasa Süme,TR1,0,0,0,0,90
2814287_3292,2814287,3292,1132,1132,2017-01-17,Joey Barton,FAC,1,0,0,0,90
2704468_2219,2704468,2219,27,27,2017-01-20,Philipp Lahm,L1,0,0,0,0,90
2698252_3291,2698252,3291,29,984,2017-01-21,Gareth Barry,GB1,0,0,0,0,59
2698256_3333,2698256,3333,31,1237,2017-01-21,James Milner,GB1,0,0,0,1,90
2698296_3332,2698296,3332,985,985,2017-01-21,Wayne Rooney,GB1,0,0,1,0,23
2704464_1667,2704464,1667,82,162,2017-01-21,Diego Benaglio,L1,1,0,0,0,90
2704465_1791,2704465,1791,167,167,2017-01-21,Halil Altintop,L1,0,0,0,0,16
2704466_1277,2704466,1277,86,86,2017-01-21,Clemens Fritz,L1,0,0,0,1,80
2704466_26,2704466,26,16,16,2017-01-21,Roman Weidenfeller,L1,0,0,0,0,90
2704466_532,2704466,532,86,86,2017-01-21,Claudio Pizarro,L1,0,0,0,0,42
2718896_2963,2718896,2963,1084,714,2017-01-21,Martín Demichelis,ES1,0,0,0,0,17
2698243_3292,2698243,3292,1132,1132,2017-01-22,Joey Barton,GB1,0,0,0,0,17
2698280_2857,2698280,2857,3008,29,2017-01-22,Eldin Jakupovic,GB1,0,0,0,0,90
2698281_2998,2698281,2998,1003,1003,2017-01-22,Robert Huth,GB1,0,0,0,0,90
2726677_2865,2726677,2865,506,167,2017-01-22,Stephan Lichtsteiner,IT1,0,0,0,0,74
2704480_1565,2704480,1565,24,24,2017-01-27,Alexander Meier,L1,0,0,1,0,90
2718906_2963,2718906,2963,1084,714,2017-01-27,Martín Demichelis,ES1,0,0,0,0,90
2814296_2998,2814296,2998,1003,1003,2017-01-27,Robert Huth,FAC,0,0,0,0,90
2704482_1667,2704482,1667,82,162,2017-01-28,Diego Benaglio,L1,0,0,0,0,90
2704482_1791,2704482,1791,167,167,2017-01-28,Halil Altintop,L1,0,0,1,0,90
2704484_2219,2704484,2219,27,27,2017-01-28,Philipp Lahm,L1,0,0,0,0,90
2704484_532,2704484,532,86,86,2017-01-28,Claudio Pizarro,L1,0,0,0,0,19
2717374_3266,2717374,3266,1158,1158,2017-01-28,Jérémie Aliadière,FR1,0,0,0,0,3
2814297_3160,2814297,3160,631,631,2017-01-28,John Terry,FAC,0,0,0,0,90
2816201_3292,2816201,3292,1132,1132,2017-01-28,Joey Barton,FAC,0,0,0,0,70
2722759_2587,2722759,2587,524,524,2017-01-29,Elyasa Süme,TR1,0,0,0,0,90
2726688_2865,2726688,2865,506,167,2017-01-29,Stephan Lichtsteiner,IT1,0,0,0,0,90
2814298_2514,2814298,2514,985,985,2017-01-29,Bastian Schweinsteiger,FAC,0,0,1,1,90
2814298_3332,2814298,3332,985,985,2017-01-29,Wayne Rooney,FAC,0,0,0,0,90
2814301_2857,2814301,2857,3008,29,2017-01-29,Eldin Jakupovic,FAC,0,0,0,0,90
2698286_3333,2698286,3333,31,1237,2017-01-31,James Milner,GB1,1,0,0,0,90
2698408_2998,2698408,2998,1003,1003,2017-01-31,Robert Huth,GB1,0,0,0,0,90
2698408_3292,2698408,3292,1132,1132,2017-01-31,Joey Barton,GB1,0,0,0,0,90
2698276_2857,2698276,2857,3008,29,2017-02-01,Eldin Jakupovic,GB1,0,0,0,0,90
2698276_3332,2698276,3332,985,985,2017-02-01,Wayne Rooney,GB1,1,0,0,0,45
2704502_1784,2704502,1784,41,39,2017-02-03,René Adler,L1,0,0,0,0,90
2698279_3292,2698279,3292,1132,1132,2017-02-04,Joey Barton,GB1,0,0,0,0,90
2698298_2857,2698298,2857,3008,29,2017-02-04,Eldin Jakupovic,GB1,0,0,0,0,90
2698298_3333,2698298,3333,31,1237,2017-02-04,James Milner,GB1,1,0,0,0,83
2698431_3291,2698431,3291,29,984,2017-02-04,Gareth Barry,GB1,0,0,0,0,80
2704497_2219,2704497,2219,27,27,2017-02-04,Philipp Lahm,L1,0,0,0,0,13
2704501_1667,2704501,1667,82,162,2017-02-04,Diego Benaglio,L1,0,0,0,0,90
2718910_2963,2718910,2963,1084,714,2017-02-04,Martín Demichelis,ES1,1,0,0,0,90
2735503_3266,2735503,3266,1158,1158,2017-02-04,Jérémie Aliadière,FR1,0,0,1,0,61
2698299_2998,2698299,2998,1003,1003,2017-02-05,Robert Huth,GB1,0,0,0,0,90
2704503_1277,2704503,1277,86,86,2017-02-05,Clemens Fritz,L1,0,0,0,0,1
2704503_1791,2704503,1791,167,167,2017-02-05,Halil Altintop,L1,0,0,0,0,53
2704505_1565,2704505,1565,24,24,2017-02-05,Alexander Meier,L1,0,0,0,1,90
2704505_1792,2704505,1792,105,105,2017-02-05,Hamit Altintop,L1,0,0,0,0,11
2726696_2865,2726696,2865,506,167,2017-02-05,Stephan Lichtsteiner,IT1,0,0,0,0,80
2735508_1327,2735508,1327,1159,1159,2017-02-05,Alou Diarra,FR1,1,0,0,0,90
2770143_1784,2770143,1784,41,39,2017-02-07,René Adler,DFB,0,0,0,0,90
2770147_2219,2770147,2219,27,27,2017-02-07,Philipp Lahm,DFB,0,0,0,0,90
2735511_3266,2735511,3266,1158,1158,2017-02-08,Jérémie Aliadière,FR1,0,0,0,0,81
2735515_1327,2735515,1327,1159,1159,2017-02-08,Alou Diarra,FR1,0,0,0,0,90
2770146_1565,2770146,1565,24,24,2017-02-08,Alexander Meier,DFB,0,0,0,0,90
2704508_1791,2704508,1791,167,167,2017-02-10,Halil Altintop,L1,0,0,0,0,45
2698283_3291,2698283,3291,29,984,2017-02-11,Gareth Barry,GB1,0,0,0,0,3
2698285_3333,2698285,3333,31,1237,2017-02-11,James Milner,GB1,1,0,0,0,90
2698409_2857,2698409,2857,3008,29,2017-02-11,Eldin Jakupovic,GB1,0,0,0,0,90
2704506_1565,2704506,1565,24,24,2017-02-11,Alexander Meier,L1,0,0,0,0,66
2704510_2219,2704510,2219,27,27,2017-02-11,Philipp Lahm,L1,0,0,0,0,80
2704511_532,2704511,532,86,86,2017-02-11,Claudio Pizarro,L1,0,0,0,0,45
2704512_1792,2704512,1792,105,105,2017-02-11,Hamit Altintop,L1,0,0,0,0,90
2704514_1784,2704514,1784,41,39,2017-02-11,René Adler,L1,0,0,0,0,90
2722768_2148,2722768,2148,2944,2944,2017-02-11,Erdal Kilicaslan,TR1,0,0,0,0,8
2735521_1327,2735521,1327,1159,1159,2017-02-11,Alou Diarra,FR1,0,0,0,0,61
2817331_3202,2817331,3202,371,371,2017-02-11,Kolo Touré,SFA,0,0,0,0,1
2698274_2998,2698274,2998,1003,1003,2017-02-12,Robert Huth,GB1,1,0,0,0,90
2698423_3292,2698423,3292,1132,1132,2017-02-12,Joey Barton,GB1,1,0,0,0,90
2704509_1667,2704509,1667,82,162,2017-02-12,Diego Benaglio,L1,0,0,0,0,90
2718920_2963,2718920,2963,1084,714,2017-02-12,Martín Demichelis,ES1,1,0,0,0,90
2726708_2865,2726708,2865,506,167,2017-02-12,Stephan Lichtsteiner,IT1,1,0,0,0,90
2722766_2587,2722766,2587,524,524,2017-02-13,Elyasa Süme,TR1,0,0,0,0,90
2805640_2219,2805640,2219,27,27,2017-02-15,Philipp Lahm,CL,1,0,0,1,90
2805654_1726,2805654,1726,610,610,2017-02-16,Heiko Westermann,EL,0,0,0,0,4
2704524_1667,2704524,1667,82,162,2017-02-18,Diego Benaglio,L1,0,0,0,0,90
2704526_1277,2704526,1277,86,86,2017-02-18,Clemens Fritz,L1,1,0,0,0,90
2704527_2219,2704527,2219,27,27,2017-02-18,Philipp Lahm,L1,0,0,0,0,90
2704529_1784,2704529,1784,41,39,2017-02-18,René Adler,L1,0,0,0,0,90
2704531_1792,2704531,1792,105,105,2017-02-18,Hamit Altintop,L1,1,0,0,0,90
2704532_1565,2704532,1565,24,24,2017-02-18,Alexander Meier,L1,0,0,0,0,83
2722774_2587,2722774,2587,524,524,2017-02-18,Elyasa Süme,TR1,1,0,0,0,90
2735538_1327,2735538,1327,1159,1159,2017-02-18,Alou Diarra,FR1,1,0,0,0,90
2819144_3292,2819144,3292,1132,1132,2017-02-18,Joey Barton,FAC,1,0,0,0,90
2819149_3160,2819149,3160,631,631,2017-02-18,John Terry,FAC,0,0,0,0,90
2718931_2963,2718931,2963,1084,714,2017-02-20,Martín Demichelis,ES1,0,0,0,0,90
2805641_2865,2805641,2865,506,167,2017-02-22,Stephan Lichtsteiner,CL,1,0,0,0,73
2805644_2998,2805644,2998,1003,1003,2017-02-22,Robert Huth,CL,0,0,0,0,90
2805673_2514,2805673,2514,985,985,2017-02-22,Bastian Schweinsteiger,EL,0,0,0,0,28
2704546_1667,2704546,1667,82,162,2017-02-24,Diego Benaglio,L1,0,0,0,0,90
2704546_532,2704546,532,86,86,2017-02-24,Claudio Pizarro,L1,0,0,0,0,8
2698333_2857,2698333,2857,3008,29,2017-02-25,Eldin Jakupovic,GB1,0,0,0,0,90
2698333_3292,2698333,3292,1132,1132,2017-02-25,Joey Barton,GB1,0,0,0,0,90
2704542_1784,2704542,1784,41,39,2017-02-25,René Adler,L1,0,0,0,0,90
2704542_2219,2704542,2219,27,27,2017-02-25,Philipp Lahm,L1,0,0,0,0,67
2704548_1791,2704548,1791,167,167,2017-02-25,Halil Altintop,L1,0,0,0,0,90
2704548_1792,2704548,1792,105,105,2017-02-25,Hamit Altintop,L1,0,0,0,0,90
2722783_2148,2722783,2148,2944,2944,2017-02-26,Erdal Kilicaslan,TR1,0,0,0,0,14
2722785_2587,2722785,2587,524,524,2017-02-26,Elyasa Süme,TR1,1,0,0,0,90
2698304_2998,2698304,2998,1003,1003,2017-02-27,Robert Huth,GB1,0,0,0,0,90
2698304_3333,2698304,3333,31,1237,2017-02-27,James Milner,GB1,0,0,0,0,90
2718952_2963,2718952,2963,1084,714,2017-02-28,Martín Demichelis,ES1,0,0,0,0,90
2820739_2865,2820739,2865,506,167,2017-02-28,Stephan Lichtsteiner,CIT,1,0,0,0,45
2823314_1565,2823314,1565,24,24,2017-02-28,Alexander Meier,DFB,0,0,0,0,90
2823317_1784,2823317,1784,41,39,2017-03-01,René Adler,DFB,0,0,0,1,90
2704556_1791,2704556,1791,167,167,2017-03-03,Halil Altintop,L1,0,0,0,0,14
2698318_3333,2698318,3333,31,1237,2017-03-04,James Milner,GB1,0,0,0,0,90
2698332_3292,2698332,3292,1132,1132,2017-03-04,Joey Barton,GB1,0,0,0,0,80
2698424_2857,2698424,2857,3008,29,2017-03-04,Eldin Jakupovic,GB1,0,0,0,0,90
2698424_2998,2698424,2998,1003,1003,2017-03-04,Robert Huth,GB1,0,0,0,1,90
2698434_3332,2698434,3332,985,985,2017-03-04,Wayne Rooney,GB1,0,0,0,0,70
2704554_2219,2704554,2219,27,27,2017-03-04,Philipp Lahm,L1,0,0,0,0,90
2704557_1277,2704557,1277,86,86,2017-03-04,Clemens Fritz,L1,0,0,0,0,39
2704557_1792,2704557,1792,105,105,2017-03-04,Hamit Altintop,L1,1,0,0,0,90
2704557_532,2704557,532,86,86,2017-03-04,Claudio Pizarro,L1,0,0,0,1,78
2722791_2587,2722791,2587,524,524,2017-03-04,Elyasa Süme,TR1,0,0,0,0,90
2698334_3291,2698334,3291,29,984,2017-03-05,Gareth Barry,GB1,0,0,0,0,64
2704555_1784,2704555,1784,41,39,2017-03-05,René Adler,L1,0,0,0,0,90
2704559_1565,2704559,1565,24,24,2017-03-05,Alexander Meier,L1,0,0,0,0,10
2718962_2963,2718962,2963,1084,714,2017-03-05,Martín Demichelis,ES1,0,0,0,0,90
2722796_2148,2722796,2148,2944,2944,2017-03-05,Erdal Kilicaslan,TR1,0,0,0,0,1
2735551_3266,2735551,3266,1158,1158,2017-03-05,Jérémie Aliadière,FR1,0,0,0,0,66
2813598_597,2813598,597,2696,2696,2017-03-05,Aleksandr Hleb,RU1,0,0,0,0,68
2698307_3306,2698307,3306,512,1132,2017-03-08,Jonathan Walters,GB1,1,0,0,0,90
2704570_532,2704570,532,86,86,2017-03-10,Claudio Pizarro,L1,1,0,1,0,14
2726748_2865,2726748,2865,506,167,2017-03-10,Stephan Lichtsteiner,IT1,0,0,0,0,45
2698327_3291,2698327,3291,29,984,2017-03-11,Gareth Barry,GB1,1,0,0,0,84
2698329_2857,2698329,2857,3008,29,2017-03-11,Eldin Jakupovic,GB1,0,0,0,0,90
2704569_2219,2704569,2219,27,27,2017-03-11,Philipp Lahm,L1,0,0,0,0,90
2704574_1126,2704574,1126,3,3,2017-03-11,Matthias Lehmann,L1,1,0,0,0,90
2704575_1792,2704575,1792,105,105,2017-03-11,Hamit Altintop,L1,0,0,0,0,90
2718973_2963,2718973,2963,1084,714,2017-03-11,Martín Demichelis,ES1,1,0,0,0,90
2722802_2587,2722802,2587,524,524,2017-03-11,Elyasa Süme,TR1,1,0,0,0,90
2722806_2148,2722806,2148,2944,2944,2017-03-11,Erdal Kilicaslan,TR1,0,0,0,0,25
2735561_1327,2735561,1327,1159,1159,2017-03-11,Alou Diarra,FR1,0,0,0,0,75
2813603_597,2813603,597,2696,2696,2017-03-11,Aleksandr Hleb,RU1,0,0,0,0,90
2698426_3292,2698426,3292,1132,1132,2017-03-12,Joey Barton,GB1,1,0,0,0,90
2698426_3333,2698426,3333,31,1237,2017-03-12,James Milner,GB1,0,0,0,0,90
2704571_1791,2704571,1791,167,167,2017-03-12,Halil Altintop,L1,0,0,0,0,77
2704573_1784,2704573,1784,41,39,2017-03-12,René Adler,L1,0,0,0,0,90
2735563_3266,2735563,3266,1158,1158,2017-03-12,Jérémie Aliadière,FR1,0,0,0,0,32
2805652_2998,2805652,2998,1003,1003,2017-03-14,Robert Huth,CL,0,0,0,0,90
2805650_3256,2805650,3256,15,15,2017-03-15,Roberto Hilbert,CL,0,0,0,0,90
2698310_3292,2698310,3292,1132,1132,2017-03-18,Joey Barton,GB1,1,0,0,0,90
2698325_3306,2698325,3306,512,1132,2017-03-18,Jonathan Walters,GB1,0,0,1,0,90
2698331_2998,2698331,2998,1003,1003,2017-03-18,Robert Huth,GB1,0,0,1,0,90
2698421_2857,2698421,2857,3008,29,2017-03-18,Eldin Jakupovic,GB1,0,0,0,0,90
2698421_3291,2698421,3291,29,984,2017-03-18,Gareth Barry,GB1,1,0,0,0,60
2704581_1792,2704581,1792,105,105,2017-03-18,Hamit Altintop,L1,0,0,0,0,90
2704582_1126,2704582,1126,3,3,2017-03-18,Matthias Lehmann,L1,1,0,0,2,90
2704584_532,2704584,532,86,86,2017-03-18,Claudio Pizarro,L1,0,0,0,0,73
2704585_3256,2704585,3256,15,15,2017-03-18,Roberto Hilbert,L1,0,0,0,0,90
2704586_1565,2704586,1565,24,24,2017-03-18,Alexander Meier,L1,0,0,0,0,6
2704586_1784,2704586,1784,41,39,2017-03-18,René Adler,L1,0,0,0,0,90
2722814_2587,2722814,2587,524,524,2017-03-18,Elyasa Süme,TR1,0,0,0,0,90
2735571_3266,2735571,3266,1158,1158,2017-03-18,Jérémie Aliadière,FR1,0,0,0,0,23
2698311_3333,2698311,3333,31,1237,2017-03-19,James Milner,GB1,0,0,1,0,90
2704579_2219,2704579,2219,27,27,2017-03-19,Philipp Lahm,L1,0,0,0,0,90
2726757_2865,2726757,2865,506,167,2017-03-19,Stephan Lichtsteiner,IT1,0,0,0,0,5
2813614_597,2813614,597,2696,2696,2017-03-19,Aleksandr Hleb,RU1,0,0,0,0,45
2735589_1327,2735589,1327,1159,1159,2017-03-31,Alou Diarra,FR1,0,0,0,0,64
2698300_3292,2698300,3292,1132,1132,2017-04-01,Joey Barton,GB1,0,0,0,0,90
2698306_2857,2698306,2857,3008,29,2017-04-01,Eldin Jakupovic,GB1,0,0,0,0,90
2698321_3291,2698321,3291,29,984,2017-04-01,Gareth Barry,GB1,0,0,0,0,23
2698321_3333,2698321,3333,31,1237,2017-04-01,James Milner,GB1,0,0,0,0,90
2698324_3332,2698324,3332,985,985,2017-04-01,Wayne Rooney,GB1,1,0,0,0,16
2698336_2998,2698336,2998,1003,1003,2017-04-01,Robert Huth,GB1,0,0,0,0,90
2698336_3306,2698336,3306,512,1132,2017-04-01,Jonathan Walters,GB1,0,0,0,0,54
2704587_1791,2704587,1791,167,167,2017-04-01,Halil Altintop,L1,0,0,0,0,45
2704587_2219,2704587,2219,27,27,2017-04-01,Philipp Lahm,L1,0,0,0,0,90
2704591_1784,2704591,1784,41,39,2017-04-01,René Adler,L1,0,0,0,0,90
2704594_532,2704594,532,86,86,2017-04-01,Claudio Pizarro,L1,0,0,0,0,1
2704595_1792,2704595,1792,105,105,2017-04-01,Hamit Altintop,L1,0,0,0,0,90
2704588_3256,2704588,3256,15,15,2017-04-02,Roberto Hilbert,L1,0,0,0,0,90
2722820_2148,2722820,2148,2944,2944,2017-04-02,Erdal Kilicaslan,TR1,0,0,0,0,23
2722820_2587,2722820,2587,524,524,2017-04-02,Elyasa Süme,TR1,0,0,0,0,90
2726768_2865,2726768,2865,506,167,2017-04-02,Stephan Lichtsteiner,IT1,0,0,0,0,90
2728635_3202,2728635,3202,371,371,2017-04-02,Kolo Touré,SC1,0,0,0,0,3
2842032_597,2842032,597,2696,2696,2017-04-02,Aleksandr Hleb,RU1,0,0,0,0,65
2698303_2998,2698303,2998,1003,1003,2017-04-04,Robert Huth,GB1,0,0,0,0,90
2698317_3291,2698317,3291,29,984,2017-04-04,Gareth Barry,GB1,1,0,0,0,90
2698349_3292,2698349,3292,1132,1132,2017-04-04,Joey Barton,GB1,1,0,0,0,90
2704605_1784,2704605,1784,41,39,2017-04-04,René Adler,L1,0,0,0,0,90
2704609_1126,2704609,1126,3,3,2017-04-04,Matthias Lehmann,L1,0,0,0,0,90
2704611_532,2704611,532,86,86,2017-04-04,Claudio Pizarro,L1,0,0,0,0,60
2698320_3333,2698320,3333,31,1237,2017-04-05,James Milner,GB1,0,0,0,0,90
2698433_2857,2698433,2857,3008,29,2017-04-05,Eldin Jakupovic,GB1,0,0,0,0,90
2704610_1791,2704610,1791,167,167,2017-04-05,Halil Altintop,L1,0,0,1,0,12
2704612_1792,2704612,1792,105,105,2017-04-05,Hamit Altintop,L1,0,0,0,0,90
2704612_3256,2704612,3256,15,15,2017-04-05,Roberto Hilbert,L1,0,0,0,0,90
2704629_532,2704629,532,86,86,2017-04-07,Claudio Pizarro,L1,0,0,0,0,13
2698354_2857,2698354,2857,3008,29,2017-04-08,Eldin Jakupovic,GB1,0,0,0,0,90
2698355_3306,2698355,3306,512,1132,2017-04-08,Jonathan Walters,GB1,0,0,1,0,68
2698355_3333,2698355,3333,31,1237,2017-04-08,James Milner,GB1,0,0,0,0,90
2698374_3292,2698374,3292,1132,1132,2017-04-08,Joey Barton,GB1,0,0,0,0,90
2704623_2219,2704623,2219,27,27,2017-04-08,Philipp Lahm,L1,0,0,0,1,90
2704626_1126,2704626,1126,3,3,2017-04-08,Matthias Lehmann,L1,0,0,0,0,90
2704631_3256,2704631,3256,15,15,2017-04-08,Roberto Hilbert,L1,0,0,0,0,90
2722831_2587,2722831,2587,524,524,2017-04-08,Elyasa Süme,TR1,0,0,0,0,90
2726773_2865,2726773,2865,506,167,2017-04-08,Stephan Lichtsteiner,IT1,0,0,0,1,84
2735591_1327,2735591,1327,1159,1159,2017-04-08,Alou Diarra,FR1,0,0,0,0,1
2735595_3266,2735595,3266,1158,1158,2017-04-08,Jérémie Aliadière,FR1,0,0,0,1,45
2698425_2998,2698425,2998,1003,1003,2017-04-09,Robert Huth,GB1,1,0,0,0,90
2698425_3291,2698425,3291,29,984,2017-04-09,Gareth Barry,GB1,0,0,0,0,17
2704625_1791,2704625,1791,167,167,2017-04-09,Halil Altintop,L1,0,0,0,0,21
2704628_1792,2704628,1792,105,105,2017-04-09,Hamit Altintop,L1,0,0,0,0,90
2722832_2148,2722832,2148,2944,2944,2017-04-09,Erdal Kilicaslan,TR1,0,0,0,0,13
2840935_2998,2840935,2998,1003,1003,2017-04-12,Robert Huth,CL,1,0,0,0,90
2840937_2219,2840937,2219,27,27,2017-04-12,Philipp Lahm,CL,0,0,0,0,90
2698085_2998,2698085,2998,1003,1003,2017-04-15,Robert Huth,GB1,0,0,1,0,90
2698343_3291,2698343,3291,29,984,2017-04-15,Gareth Barry,GB1,0,0,0,0,14
2698343_3292,2698343,3292,1132,1132,2017-04-15,Joey Barton,GB1,0,0,0,0,90
2698399_2857,2698399,2857,3008,29,2017-04-15,Eldin Jakupovic,GB1,0,0,0,0,90
2698399_3306,2698399,3306,512,1132,2017-04-15,Jonathan Walters,GB1,0,0,0,1,32
2704642_2219,2704642,2219,27,27,2017-04-15,Philipp Lahm,L1,0,0,0,0,18
2704642_3256,2704642,3256,15,15,2017-04-15,Roberto Hilbert,L1,0,0,0,0,90
2704645_1126,2704645,1126,3,3,2017-04-15,Matthias Lehmann,L1,1,0,0,0,90
2704645_1791,2704645,1791,167,167,2017-04-15,Halil Altintop,L1,0,0,0,0,90
2726788_2865,2726788,2865,506,167,2017-04-15,Stephan Lichtsteiner,IT1,0,0,0,0,90
2842419_597,2842419,597,2696,2696,2017-04-15,Aleksandr Hleb,RU1,0,0,0,0,25
2698359_3333,2698359,3333,31,1237,2017-04-16,James Milner,GB1,0,0,0,0,90
2704647_1792,2704647,1792,105,105,2017-04-16,Hamit Altintop,L1,1,0,0,0,90
2840941_2219,2840941,2219,27,27,2017-04-18,Philipp Lahm,CL,0,0,0,0,120
2840959_1662,2840959,1662,33,33,2017-04-20,Sascha Riether,EL,0,0,0,0,112
2704654_1126,2704654,1126,3,3,2017-04-21,Matthias Lehmann,L1,0,0,0,0,90
2722836_2587,2722836,2587,524,524,2017-04-21,Elyasa Süme,TR1,0,0,0,0,9
2735611_1327,2735611,1327,1159,1159,2017-04-21,Alou Diarra,FR1,0,0,0,0,75
2698401_3291,2698401,3291,29,984,2017-04-22,Gareth Barry,GB1,1,0,0,0,45
2698405_2857,2698405,2857,3008,29,2017-04-22,Eldin Jakupovic,GB1,0,0,0,0,90
2704655_1792,2704655,1792,105,105,2017-04-22,Hamit Altintop,L1,0,0,0,0,90
2704656_532,2704656,532,86,86,2017-04-22,Claudio Pizarro,L1,0,0,0,0,23
2704657_1791,2704657,1791,167,167,2017-04-22,Halil Altintop,L1,0,0,0,1,90
2722842_2148,2722842,2148,2944,2944,2017-04-22,Erdal Kilicaslan,TR1,0,0,0,0,45
2698394_3333,2698394,3333,31,1237,2017-04-23,James Milner,GB1,0,0,0,0,82
2698404_3292,2698404,3292,1132,1132,2017-04-23,Joey Barton,GB1,0,0,0,0,90
2698404_3332,2698404,3332,985,985,2017-04-23,Wayne Rooney,GB1,1,0,1,0,90
2704652_1662,2704652,1662,33,33,2017-04-23,Sascha Riether,L1,0,0,0,0,8
2704658_3256,2704658,3256,15,15,2017-04-23,Roberto Hilbert,L1,1,0,0,0,90
2726797_2865,2726797,2865,506,167,2017-04-23,Stephan Lichtsteiner,IT1,0,0,0,0,90
2698393_3160,2698393,3160,631,631,2017-04-25,John Terry,GB1,0,0,0,0,4
2719046_2963,2719046,2963,1084,714,2017-04-25,Martín Demichelis,ES1,0,0,0,0,16
2698415_2998,2698415,2998,1003,1003,2017-04-26,Robert Huth,GB1,1,0,0,0,90
2840056_2219,2840056,2219,27,27,2017-04-26,Philipp Lahm,DFB,0,0,0,0,90
2847877_597,2847877,597,2696,2696,2017-04-26,Aleksandr Hleb,RU1,0,0,0,0,36
2704669_1662,2704669,1662,33,33,2017-04-28,Sascha Riether,L1,0,0,0,0,6
2704669_3256,2704669,3256,15,15,2017-04-28,Roberto Hilbert,L1,1,0,0,0,45
2722847_2587,2722847,2587,524,524,2017-04-28,Elyasa Süme,TR1,0,0,0,0,45
2726805_2865,2726805,2865,506,167,2017-04-28,Stephan Lichtsteiner,IT1,0,0,0,0,11
2698378_2857,2698378,2857,3008,29,2017-04-29,Eldin Jakupovic,GB1,0,0,0,0,90
2698397_2998,2698397,2998,1003,1003,2017-04-29,Robert Huth,GB1,0,0,0,0,90
2704668_1126,2704668,1126,3,3,2017-04-29,Matthias Lehmann,L1,0,0,0,0,90
2704671_2219,2704671,2219,27,27,2017-04-29,Philipp Lahm,L1,0,0,0,0,71
2704674_1792,2704674,1792,105,105,2017-04-29,Hamit Altintop,L1,0,0,0,0,90
2735630_1327,2735630,1327,1159,1159,2017-04-29,Alou Diarra,FR1,1,0,0,0,31
2698429_3332,2698429,3332,985,985,2017-04-30,Wayne Rooney,GB1,0,0,1,0,80
2704672_1791,2704672,1791,167,167,2017-04-30,Halil Altintop,L1,0,0,2,0,80
2698370_3333,2698370,3333,31,1237,2017-05-01,James Milner,GB1,0,0,0,0,90
2847887_597,2847887,597,2696,2696,2017-05-01,Aleksandr Hleb,RU1,0,0,0,0,18
2704681_1126,2704681,1126,3,3,2017-05-05,Matthias Lehmann,L1,0,0,0,0,90
2704681_532,2704681,532,86,86,2017-05-05,Claudio Pizarro,L1,0,0,0,0,9
2698356_3291,2698356,3291,29,984,2017-05-06,Gareth Barry,GB1,0,0,0,0,65
2698367_3306,2698367,3306,512,1132,2017-05-06,Jonathan Walters,GB1,0,0,0,0,13
2698372_2857,2698372,2857,3008,29,2017-05-06,Eldin Jakupovic,GB1,0,0,0,0,90
2698376_2998,2698376,2998,1003,1003,2017-05-06,Robert Huth,GB1,0,0,0,0,90
2704677_1792,2704677,1792,105,105,2017-05-06,Hamit Altintop,L1,0,0,0,0,90
2704677_80,2704677,80,27,27,2017-05-06,Tom Starke,L1,0,0,0,0,90
2704679_1791,2704679,1791,167,167,2017-05-06,Halil Altintop,L1,0,0,0,1,60
2726822_2865,2726822,2865,506,167,2017-05-06,Stephan Lichtsteiner,IT1,0,0,0,0,90
2735633_3266,2735633,3266,1158,1158,2017-05-06,Jérémie Aliadière,FR1,0,0,0,0,11
2698385_3333,2698385,3333,31,1237,2017-05-07,James Milner,GB1,0,0,0,0,90
2698410_3332,2698410,3332,985,985,2017-05-07,Wayne Rooney,GB1,0,0,0,0,90
2700914_1726,2700914,1726,610,610,2017-05-07,Heiko Westermann,NL1,0,0,0,0,90
2698362_3160,2698362,3160,631,631,2017-05-08,John Terry,GB1,0,0,0,0,6
2722860_2587,2722860,2587,524,524,2017-05-08,Elyasa Süme,TR1,1,0,0,0,63
2849361_3332,2849361,3332,985,985,2017-05-11,Wayne Rooney,EL,0,0,0,0,4
2698420_3291,2698420,3291,29,984,2017-05-12,Gareth Barry,GB1,0,0,0,0,10
2704695_1126,2704695,1126,3,3,2017-05-13,Matthias Lehmann,L1,1,0,0,0,90
2704699_1791,2704699,1791,167,167,2017-05-13,Halil Altintop,L1,0,0,0,0,90
2704701_1792,2704701,1792,105,105,2017-05-13,Hamit Altintop,L1,0,0,0,0,90
2704703_2219,2704703,2219,27,27,2017-05-13,Philipp Lahm,L1,0,0,0,0,90
2704703_80,2704703,80,27,27,2017-05-13,Tom Starke,L1,0,0,0,0,90
2698360_2857,2698360,2857,3008,29,2017-05-14,Eldin Jakupovic,GB1,0,0,0,0,90
2698364_3332,2698364,3332,985,985,2017-05-14,Wayne Rooney,GB1,1,0,1,0,90
2698395_3333,2698395,3333,31,1237,2017-05-14,James Milner,GB1,0,0,0,0,90
2700929_1726,2700929,1726,610,610,2017-05-14,Heiko Westermann,NL1,0,0,0,0,19
2719077_2963,2719077,2963,1084,714,2017-05-14,Martín Demichelis,ES1,0,0,0,0,12
2726826_2865,2726826,2865,506,167,2017-05-14,Stephan Lichtsteiner,IT1,0,0,0,0,64
2735645_3266,2735645,3266,1158,1158,2017-05-14,Jérémie Aliadière,FR1,0,0,0,0,63
2698319_3160,2698319,3160,631,631,2017-05-15,John Terry,GB1,0,0,1,0,90
2698328_3332,2698328,3332,985,985,2017-05-17,Wayne Rooney,GB1,0,0,0,0,90
2847146_3202,2847146,3202,371,371,2017-05-18,Kolo Touré,SC1,0,0,0,0,27
2704704_2219,2704704,2219,27,27,2017-05-20,Philipp Lahm,L1,0,0,0,0,87
2704704_80,2704704,80,27,27,2017-05-20,Tom Starke,L1,0,0,0,0,90
2704706_1792,2704706,1792,105,105,2017-05-20,Hamit Altintop,L1,0,0,0,0,90
2704708_1126,2704708,1126,3,3,2017-05-20,Matthias Lehmann,L1,0,0,0,0,90
2704710_1662,2704710,1662,33,33,2017-05-20,Sascha Riether,L1,0,0,0,0,90
2704711_1791,2704711,1791,167,167,2017-05-20,Halil Altintop,L1,0,0,0,0,90
2704712_1565,2704712,1565,24,24,2017-05-20,Alexander Meier,L1,0,0,0,0,19
2735652_3266,2735652,3266,1158,1158,2017-05-20,Jérémie Aliadière,FR1,0,0,0,0,60
2698365_3333,2698365,3333,31,1237,2017-05-21,James Milner,GB1,0,0,0,0,86
2698371_3332,2698371,3332,985,985,2017-05-21,Wayne Rooney,GB1,0,0,0,0,88
2698403_3306,2698403,3306,512,1132,2017-05-21,Jonathan Walters,GB1,0,0,0,0,20
2698414_3160,2698414,3160,631,631,2017-05-21,John Terry,GB1,0,0,0,0,26
2698428_3291,2698428,3291,29,984,2017-05-21,Gareth Barry,GB1,0,0,0,0,45
2847150_3202,2847150,3202,371,371,2017-05-21,Kolo Touré,SC1,0,0,0,0,16
2854014_3332,2854014,3332,985,985,2017-05-24,Wayne Rooney,EL,0,0,0,0,1
2726846_2865,2726846,2865,506,167,2017-05-27,Stephan Lichtsteiner,IT1,0,0,0,0,90
2850642_1565,2850642,1565,24,24,2017-05-27,Alexander Meier,DFB,0,0,0,0,18
2873130_2138,2873130,2138,40426,40426,2017-07-15,Mladen Kascelan,RU1,0,0,0,0,86
2873140_2138,2873140,2138,40426,40426,2017-07-22,Mladen Kascelan,RU1,1,0,0,0,64
2894108_3332,2894108,3332,29,985,2017-07-27,Wayne Rooney,ELQ,0,0,0,0,90
2894109_3291,2894109,3291,29,984,2017-08-03,Gareth Barry,ELQ,0,0,0,0,9
2894109_3332,2894109,3332,29,985,2017-08-03,Wayne Rooney,ELQ,0,0,0,0,86
2864723_1126,2864723,1126,3,3,2017-08-12,Matthias Lehmann,DFB,0,0,0,0,90
2864901_1784,2864901,1784,39,39,2017-08-12,René Adler,DFB,0,0,0,0,90
2872117_3306,2872117,3306,1132,1132,2017-08-12,Jonathan Walters,GB1,0,0,0,0,15
2872119_3332,2872119,3332,29,985,2017-08-12,Wayne Rooney,GB1,0,0,1,0,90
2872123_3333,2872123,3333,31,1237,2017-08-12,James Milner,GB1,0,0,0,0,4
2883634_3391,2883634,3391,10484,10484,2017-08-12,Markus Neumayr,TR1,1,0,1,1,76
2904740_3333,2904740,3333,31,1237,2017-08-15,James Milner,CLQ,0,0,0,0,27
2904773_3332,2904773,3332,29,985,2017-08-17,Wayne Rooney,ELQ,0,0,0,1,90
2883673_3391,2883673,3391,10484,10484,2017-08-18,Markus Neumayr,TR1,0,0,1,0,77
2871502_1784,2871502,1784,39,39,2017-08-19,René Adler,L1,0,0,0,0,90
2872126_3291,2872126,3291,984,984,2017-08-19,Gareth Barry,GB1,0,0,0,0,90
2872126_3306,2872126,3306,1132,1132,2017-08-19,Jonathan Walters,GB1,0,0,0,0,12
2872129_3333,2872129,3333,31,1237,2017-08-19,James Milner,GB1,0,0,0,0,90
2897163_2865,2897163,2865,506,167,2017-08-19,Stephan Lichtsteiner,IT1,1,0,0,1,90
2871499_1126,2871499,1126,3,3,2017-08-20,Matthias Lehmann,L1,0,0,0,0,90
2872130_3332,2872130,3332,29,985,2017-08-21,Wayne Rooney,GB1,1,0,1,0,90
2905729_3333,2905729,3333,31,1237,2017-08-23,James Milner,CLQ,0,0,0,0,20
2906689_2138,2906689,2138,41201,40426,2017-08-23,Mladen Kascelan,RUP,1,0,0,0,90
2905741_3332,2905741,3332,29,985,2017-08-24,Wayne Rooney,ELQ,0,0,0,0,90
2871545_1126,2871545,1126,3,3,2017-08-25,Matthias Lehmann,L1,0,0,0,0,72
2871551_1784,2871551,1784,39,39,2017-08-26,René Adler,L1,0,0,0,0,90
2897172_2865,2897172,2865,506,167,2017-08-26,Stephan Lichtsteiner,IT1,1,0,0,0,74
2872136_3332,2872136,3332,29,985,2017-08-27,Wayne Rooney,GB1,1,0,0,0,90
2872139_3333,2872139,3333,31,1237,2017-08-27,James Milner,GB1,0,0,0,0,10
2872144_3291,2872144,3291,984,984,2017-08-27,Gareth Barry,GB1,0,0,0,0,90
2883688_3391,2883688,3391,10484,10484,2017-08-27,Markus Neumayr,TR1,0,0,0,0,63
2871596_1126,2871596,1126,3,3,2017-09-09,Matthias Lehmann,L1,0,0,0,0,90
2871598_1784,2871598,1784,39,39,2017-09-09,René Adler,L1,0,0,0,0,90
2872146_3291,2872146,3291,984,984,2017-09-09,Gareth Barry,GB1,0,0,0,0,90
2872148_3332,2872148,3332,29,985,2017-09-09,Wayne Rooney,GB1,1,0,0,0,90
2872150_3333,2872150,3333,31,1237,2017-09-09,James Milner,GB1,0,0,0,0,32
2897184_2865,2897184,2865,506,167,2017-09-09,Stephan Lichtsteiner,IT1,0,0,0,0,90
2883856_3391,2883856,3391,10484,10484,2017-09-11,Markus Neumayr,TR1,1,0,1,0,90
2917369_1667,2917369,1667,162,162,2017-09-13,Diego Benaglio,CL,0,0,0,0,90
2919781_3332,2919781,3332,29,985,2017-09-14,Wayne Rooney,EL,0,0,0,0,66
2919798_1126,2919798,1126,3,3,2017-09-14,Matthias Lehmann,EL,0,0,0,0,90
2871655_1784,2871655,1784,39,39,2017-09-16,René Adler,L1,0,0,0,0,90
2872159_3333,2872159,3333,31,1237,2017-09-16,James Milner,GB1,0,0,0,0,90
2872164_3291,2872164,3291,984,984,2017-09-16,Gareth Barry,GB1,0,0,0,0,90
2883861_3391,2883861,3391,10484,10484,2017-09-16,Markus Neumayr,TR1,0,0,0,0,90
2901122_1667,2901122,1667,162,162,2017-09-16,Diego Benaglio,FR1,0,0,0,0,90
2871656_1126,2871656,1126,3,3,2017-09-17,Matthias Lehmann,L1,1,0,0,0,90
2872160_3332,2872160,3332,29,985,2017-09-17,Wayne Rooney,GB1,0,0,0,0,82
2897195_2865,2897195,2865,506,167,2017-09-17,Stephan Lichtsteiner,IT1,0,0,0,0,72
2871691_1126,2871691,1126,3,3,2017-09-20,Matthias Lehmann,L1,1,0,0,0,90
2871698_1784,2871698,1784,39,39,2017-09-20,René Adler,L1,0,0,0,0,90
2897204_2865,2897204,2865,506,167,2017-09-20,Stephan Lichtsteiner,IT1,0,0,0,0,1
2921874_2138,2921874,2138,41201,40426,2017-09-20,Mladen Kascelan,RUP,0,0,0,0,90
2901142_1667,2901142,1667,162,162,2017-09-22,Diego Benaglio,FR1,0,0,0,0,90
2871733_1784,2871733,1784,39,39,2017-09-23,René Adler,L1,0,0,0,0,90
2872168_3332,2872168,3332,29,985,2017-09-23,Wayne Rooney,GB1,0,0,0,0,55
2872169_3333,2872169,3333,31,1237,2017-09-23,James Milner,GB1,0,0,0,0,16
2897213_2865,2897213,2865,506,167,2017-09-23,Stephan Lichtsteiner,IT1,0,0,0,0,90
2871734_1126,2871734,1126,3,3,2017-09-24,Matthias Lehmann,L1,0,0,0,0,90
2883875_3391,2883875,3391,10484,10484,2017-09-24,Markus Neumayr,TR1,0,0,0,0,71
2872165_3291,2872165,3291,984,984,2017-09-25,Gareth Barry,GB1,0,0,0,0,90
2917378_1667,2917378,1667,162,162,2017-09-26,Diego Benaglio,CL,0,0,0,0,90
2919812_1126,2919812,1126,3,3,2017-09-28,Matthias Lehmann,EL,0,0,0,0,90
2919817_3332,2919817,3332,29,985,2017-09-28,Wayne Rooney,EL,0,0,1,0,90
2871781_1784,2871781,1784,39,39,2017-09-30,René Adler,L1,0,0,0,0,90
2872183_3291,2872183,3291,984,984,2017-09-30,Gareth Barry,GB1,0,0,0,0,90
2883885_3391,2883885,3391,10484,10484,2017-09-30,Markus Neumayr,TR1,0,0,0,0,45
2871773_1126,2871773,1126,3,3,2017-10-01,Matthias Lehmann,L1,0,0,0,0,90
2871773_532,2871773,532,3,86,2017-10-01,Claudio Pizarro,L1,0,0,0,0,36
2872178_3332,2872178,3332,29,985,2017-10-01,Wayne Rooney,GB1,0,0,0,0,27
2897218_2865,2897218,2865,506,167,2017-10-01,Stephan Lichtsteiner,IT1,1,0,0,0,66
2871817_1126,2871817,1126,3,3,2017-10-13,Matthias Lehmann,L1,0,0,0,0,90
2871817_532,2871817,532,3,86,2017-10-13,Claudio Pizarro,L1,0,0,0,0,45
2871815_1784,2871815,1784,39,39,2017-10-14,René Adler,L1,0,0,0,0,90
2897234_2865,2897234,2865,506,167,2017-10-14,Stephan Lichtsteiner,IT1,0,0,0,0,73
2872185_3332,2872185,3332,29,985,2017-10-15,Wayne Rooney,GB1,0,0,1,0,90
2883892_3391,2883892,3391,10484,10484,2017-10-15,Markus Neumayr,TR1,0,0,0,0,37
2872188_3291,2872188,3291,984,984,2017-10-16,Gareth Barry,GB1,0,0,0,0,90
2917398_3333,2917398,3333,31,1237,2017-10-17,James Milner,CL,0,0,0,1,90
2871858_1784,2871858,1784,39,39,2017-10-20,René Adler,L1,0,0,0,0,90
2883898_3391,2883898,3391,10484,10484,2017-10-20,Markus Neumayr,TR1,0,0,0,0,12
2872200_3291,2872200,3291,984,984,2017-10-21,Gareth Barry,GB1,0,0,0,0,53
2872196_3332,2872196,3332,29,985,2017-10-22,Wayne Rooney,GB1,0,0,1,0,75
2872203_3333,2872203,3333,31,1237,2017-10-22,James Milner,GB1,0,0,0,0,90
2897247_2865,2897247,2865,506,167,2017-10-22,Stephan Lichtsteiner,IT1,0,0,0,0,90
2914245_1784,2914245,1784,39,39,2017-10-24,René Adler,DFB,0,0,0,0,38
2897255_2865,2897255,2865,506,167,2017-10-25,Stephan Lichtsteiner,IT1,0,0,0,0,90
2933606_2138,2933606,2138,41201,40426,2017-10-25,Mladen Kascelan,RUP,1,0,0,0,90
2883911_3391,2883911,3391,10484,10484,2017-10-27,Markus Neumayr,TR1,0,0,0,0,6
2871904_1126,2871904,1126,3,3,2017-10-28,Matthias Lehmann,L1,0,0,0,0,77
2872211_3333,2872211,3333,31,1237,2017-10-28,James Milner,GB1,0,0,0,1,90
2872214_3291,2872214,3291,984,984,2017-10-28,Gareth Barry,GB1,0,0,0,1,90
2897261_2865,2897261,2865,506,167,2017-10-28,Stephan Lichtsteiner,IT1,0,0,0,0,64
2872210_3332,2872210,3332,29,985,2017-10-29,Wayne Rooney,GB1,0,0,0,0,74
2917414_3333,2917414,3333,31,1237,2017-11-01,James Milner,CL,0,0,0,1,90
2919878_1126,2919878,1126,3,3,2017-11-02,Matthias Lehmann,EL,0,0,0,0,90
2872217_3291,2872217,3291,984,984,2017-11-04,Gareth Barry,GB1,1,0,0,0,90
2872224_3333,2872224,3333,31,1237,2017-11-04,James Milner,GB1,0,0,0,0,13
2942662_1667,2942662,1667,162,162,2017-11-04,Diego Benaglio,FR1,0,0,0,0,45
2871955_1126,2871955,1126,3,3,2017-11-05,Matthias Lehmann,L1,0,0,0,0,79
2872216_3332,2872216,3332,29,985,2017-11-05,Wayne Rooney,GB1,0,0,0,0,68
2871995_1126,2871995,1126,3,3,2017-11-18,Matthias Lehmann,L1,0,0,0,0,90
2871995_532,2871995,532,3,86,2017-11-18,Claudio Pizarro,L1,0,0,0,0,17
2872231_3333,2872231,3333,31,1237,2017-11-18,James Milner,GB1,0,0,0,0,10
2872234_3291,2872234,3291,984,984,2017-11-18,Gareth Barry,GB1,0,0,0,0,90
2897284_2865,2897284,2865,506,167,2017-11-19,Stephan Lichtsteiner,IT1,0,0,0,0,90
2883928_3391,2883928,3391,10484,10484,2017-11-20,Markus Neumayr,TR1,0,0,0,0,1
2917430_3333,2917430,3333,31,1237,2017-11-21,James Milner,CL,0,0,0,0,27
2917436_26,2917436,26,16,16,2017-11-21,Roman Weidenfeller,CL,0,0,0,0,1
2919890_1126,2919890,1126,3,3,2017-11-23,Matthias Lehmann,EL,0,0,0,0,17
2919897_3332,2919897,3332,29,985,2017-11-23,Wayne Rooney,EL,0,0,0,0,90
2872025_26,2872025,26,16,16,2017-11-25,Roman Weidenfeller,L1,0,0,0,0,90
2872238_3333,2872238,3333,31,1237,2017-11-25,James Milner,GB1,0,0,0,0,90
2872243_3291,2872243,3291,984,984,2017-11-25,Gareth Barry,GB1,1,0,0,0,79
2872027_1126,2872027,1126,3,3,2017-11-26,Matthias Lehmann,L1,0,0,0,0,84
2872027_532,2872027,532,3,86,2017-11-26,Claudio Pizarro,L1,0,0,0,0,90
2883938_3391,2883938,3391,10484,10484,2017-11-26,Markus Neumayr,TR1,0,0,0,1,71
2897560_2865,2897560,2865,506,167,2017-11-26,Stephan Lichtsteiner,IT1,0,0,0,0,57
2872250_3291,2872250,3291,984,984,2017-11-28,Gareth Barry,GB1,0,0,0,0,67
2872252_3332,2872252,3332,29,985,2017-11-29,Wayne Rooney,GB1,0,0,3,0,85
2872254_3333,2872254,3333,31,1237,2017-11-29,James Milner,GB1,0,0,0,0,23
2871985_1126,2871985,1126,3,3,2017-12-02,Matthias Lehmann,L1,0,0,0,0,90
2872257_3333,2872257,3333,31,1237,2017-12-02,James Milner,GB1,0,0,0,0,90
2872259_3332,2872259,3332,29,985,2017-12-02,Wayne Rooney,GB1,0,0,0,1,80
2872264_3291,2872264,3291,984,984,2017-12-02,Gareth Barry,GB1,0,0,0,0,30
2883945_3391,2883945,3391,10484,10484,2017-12-03,Markus Neumayr,TR1,0,0,0,0,18
2917446_3333,2917446,3333,31,1237,2017-12-06,James Milner,CL,0,0,0,3,45
2917450_1667,2917450,1667,162,162,2017-12-06,Diego Benaglio,CL,0,0,0,0,90
2919927_1126,2919927,1126,3,3,2017-12-07,Matthias Lehmann,EL,1,0,0,0,90
2871939_80,2871939,80,27,27,2017-12-09,Tom Starke,L1,0,0,0,0,90
2883952_3391,2883952,3391,10484,10484,2017-12-09,Markus Neumayr,TR1,0,0,0,0,73
2871937_1126,2871937,1126,3,3,2017-12-10,Matthias Lehmann,L1,0,0,0,0,90
2872268_3332,2872268,3332,29,985,2017-12-10,Wayne Rooney,GB1,0,0,1,0,83
2872268_3333,2872268,3333,31,1237,2017-12-10,James Milner,GB1,0,0,0,0,90
2871908_1126,2871908,1126,3,3,2017-12-13,Matthias Lehmann,L1,0,0,0,0,84
2871908_80,2871908,80,27,27,2017-12-13,Tom Starke,L1,0,0,0,0,90
2872282_3332,2872282,3332,29,985,2017-12-13,Wayne Rooney,GB1,0,0,1,0,77
2871874_1126,2871874,1126,3,3,2017-12-16,Matthias Lehmann,L1,0,0,0,0,58
2883961_3391,2883961,3391,10484,10484,2017-12-16,Markus Neumayr,TR1,0,0,0,0,9
2872294_3291,2872294,3291,984,984,2017-12-17,Gareth Barry,GB1,0,0,1,0,45
2872289_3332,2872289,3332,29,985,2017-12-18,Wayne Rooney,GB1,0,0,1,1,89
2957392_1126,2957392,1126,3,3,2017-12-19,Matthias Lehmann,DFB,1,0,0,0,90
2977436_2865,2977436,2865,506,167,2017-12-20,Stephan Lichtsteiner,CIT,1,0,0,0,70
2872295_3333,2872295,3333,31,1237,2017-12-22,James Milner,GB1,0,0,0,0,78
2872301_3291,2872301,3291,984,984,2017-12-23,Gareth Barry,GB1,0,0,0,0,90
2883974_3391,2883974,3391,10484,10484,2017-12-24,Markus Neumayr,TR1,0,0,0,0,11
2872309_3333,2872309,3333,31,1237,2017-12-26,James Milner,GB1,0,0,0,0,15
2872310_3306,2872310,3306,1132,1132,2017-12-26,Jonathan Walters,GB1,0,0,0,0,9
2872314_3291,2872314,3291,984,984,2017-12-26,Gareth Barry,GB1,1,0,0,0,90
2872315_3332,2872315,3332,29,985,2017-12-30,Wayne Rooney,GB1,0,0,0,0,45
2872319_3333,2872319,3333,31,1237,2017-12-30,James Milner,GB1,1,0,0,1,90
2897481_2865,2897481,2865,506,167,2017-12-30,Stephan Lichtsteiner,IT1,0,0,0,1,74
2872324_3291,2872324,3291,984,984,2017-12-31,Gareth Barry,GB1,0,0,0,0,90
2872327_3333,2872327,3333,31,1237,2018-01-01,James Milner,GB1,0,0,0,0,4
2872328_3332,2872328,3332,29,985,2018-01-01,Wayne Rooney,GB1,1,0,0,0,62
2872334_3291,2872334,3291,984,984,2018-01-02,Gareth Barry,GB1,0,0,0,0,7
2985407_2865,2985407,2865,506,167,2018-01-03,Stephan Lichtsteiner,CIT,0,0,0,0,45
2984198_3332,2984198,3332,29,985,2018-01-05,Wayne Rooney,FAC,1,0,0,0,52
2984198_3333,2984198,3333,31,1237,2018-01-05,James Milner,FAC,0,0,1,0,77
2897293_2865,2897293,2865,506,167,2018-01-06,Stephan Lichtsteiner,IT1,0,0,0,0,11
2984210_3291,2984210,3291,984,984,2018-01-06,Gareth Barry,FAC,0,0,0,0,90
2984214_2857,2984214,2857,1003,29,2018-01-06,Eldin Jakupovic,FAC,0,0,0,0,90
2984217_3306,2984217,3306,1132,1132,2018-01-06,Jonathan Walters,FAC,0,0,0,0,15
2872342_3332,2872342,3332,29,985,2018-01-13,Wayne Rooney,GB1,1,0,0,0,90
2872344_3291,2872344,3291,984,984,2018-01-13,Gareth Barry,GB1,0,0,0,0,90
2872339_3333,2872339,3333,31,1237,2018-01-14,James Milner,GB1,1,0,0,0,11
2988373_2857,2988373,2857,1003,29,2018-01-16,Eldin Jakupovic,FAC,0,0,0,0,90
2883982_3391,2883982,3391,10484,10484,2018-01-19,Markus Neumayr,TR1,0,0,0,1,14
2871506_1126,2871506,1126,3,3,2018-01-20,Matthias Lehmann,L1,0,0,0,0,26
2871506_532,2871506,532,3,86,2018-01-20,Claudio Pizarro,L1,0,0,0,0,2
2872348_3291,2872348,3291,984,984,2018-01-20,Gareth Barry,GB1,0,0,0,0,90
2872348_3332,2872348,3332,29,985,2018-01-20,Wayne Rooney,GB1,0,0,0,0,29
2897302_2865,2897302,2865,506,167,2018-01-22,Stephan Lichtsteiner,IT1,0,0,0,0,83
2883994_3391,2883994,3391,10484,10484,2018-01-26,Markus Neumayr,TR1,0,0,0,0,9
2871569_1126,2871569,1126,3,3,2018-01-27,Matthias Lehmann,L1,1,0,0,0,66
2897314_2865,2897314,2865,506,167,2018-01-27,Stephan Lichtsteiner,IT1,0,0,0,0,18
2988364_3291,2988364,3291,984,984,2018-01-27,Gareth Barry,FAC,1,0,0,0,71
2988364_3333,2988364,3333,31,1237,2018-01-27,James Milner,FAC,0,0,0,0,25
2872355_3333,2872355,3333,31,1237,2018-01-30,James Milner,GB1,0,0,0,0,90
2872359_3332,2872359,3332,29,985,2018-01-31,Wayne Rooney,GB1,0,0,0,0,82
2872360_3291,2872360,3291,984,984,2018-01-31,Gareth Barry,GB1,0,0,0,0,57
2871646_532,2871646,532,3,86,2018-02-02,Claudio Pizarro,L1,0,0,0,0,3
2872374_3291,2872374,3291,984,984,2018-02-03,Gareth Barry,GB1,1,0,0,0,90
2872371_3333,2872371,3333,31,1237,2018-02-04,James Milner,GB1,1,0,0,0,78
2988234_1784,2988234,1784,39,39,2018-02-07,René Adler,DFB,0,0,0,0,90
2897334_2865,2897334,2865,506,167,2018-02-09,Stephan Lichtsteiner,IT1,1,0,0,0,61
2871678_1126,2871678,1126,3,3,2018-02-10,Matthias Lehmann,L1,0,0,0,0,71
2872376_3332,2872376,3332,29,985,2018-02-10,Wayne Rooney,GB1,0,0,0,0,90
2872380_3333,2872380,3333,31,1237,2018-02-11,James Milner,GB1,0,0,0,0,30
2872375_3291,2872375,3291,984,984,2018-02-12,Gareth Barry,GB1,0,0,0,0,80
2981995_3333,2981995,3333,31,1237,2018-02-14,James Milner,CL,0,0,0,1,90
2871718_532,2871718,532,3,86,2018-02-17,Claudio Pizarro,L1,0,0,0,0,5
3000028_3291,3000028,3291,984,984,2018-02-17,Gareth Barry,FAC,0,0,0,0,72
2897343_2865,2897343,2865,506,167,2018-02-18,Stephan Lichtsteiner,IT1,0,0,0,0,1
2872391_3333,2872391,3333,31,1237,2018-02-24,James Milner,GB1,0,0,0,0,90
2872393_3332,2872393,3332,29,985,2018-02-24,Wayne Rooney,GB1,0,0,0,0,82
2872394_3291,2872394,3291,984,984,2018-02-24,Gareth Barry,GB1,0,0,0,0,69
2884028_3391,2884028,3391,10484,10484,2018-02-24,Markus Neumayr,TR1,0,0,0,1,64
2871756_1126,2871756,1126,3,3,2018-02-25,Matthias Lehmann,L1,0,0,0,0,2
2987295_2865,2987295,2865,506,167,2018-02-28,Stephan Lichtsteiner,CIT,0,0,0,0,90
2872396_3332,2872396,3332,29,985,2018-03-03,Wayne Rooney,GB1,0,0,0,0,31
2872399_3333,2872399,3333,31,1237,2018-03-03,James Milner,GB1,0,0,0,0,11
2884038_3391,2884038,3391,10484,10484,2018-03-03,Markus Neumayr,TR1,0,0,0,0,82
2897364_2865,2897364,2865,506,167,2018-03-03,Stephan Lichtsteiner,IT1,1,0,0,0,57
2872107_532,2872107,532,3,86,2018-03-04,Claudio Pizarro,L1,0,0,1,0,60
2982003_3333,2982003,3333,31,1237,2018-03-06,James Milner,CL,0,0,0,0,90
2982001_2865,2982001,2865,506,167,2018-03-07,Stephan Lichtsteiner,CL,0,0,0,0,29
2872408_3332,2872408,3332,29,985,2018-03-10,Wayne Rooney,GB1,0,0,0,0,90
2872410_3333,2872410,3333,31,1237,2018-03-10,James Milner,GB1,0,0,0,0,90
2884045_3391,2884045,3391,10484,10484,2018-03-10,Markus Neumayr,TR1,1,0,0,0,65
2871795_532,2871795,532,3,86,2018-03-12,Claudio Pizarro,L1,0,0,0,1,90
3011538_2865,3011538,2865,506,167,2018-03-14,Stephan Lichtsteiner,IT1,0,0,0,0,50
2884051_3391,2884051,3391,10484,10484,2018-03-16,Markus Neumayr,TR1,0,0,0,0,5
2872419_3333,2872419,3333,31,1237,2018-03-17,James Milner,GB1,0,0,0,0,63
2872421_3332,2872421,3332,29,985,2018-03-17,Wayne Rooney,GB1,0,0,0,0,87
2871829_532,2871829,532,3,86,2018-03-18,Claudio Pizarro,L1,0,0,0,0,10
2872017_532,2872017,532,3,86,2018-03-31,Claudio Pizarro,L1,0,0,0,0,34
2872428_3333,2872428,3333,31,1237,2018-03-31,James Milner,GB1,0,0,0,1,90
2872429_3332,2872429,3332,29,985,2018-03-31,Wayne Rooney,GB1,0,0,0,0,57
2897391_2865,2897391,2865,506,167,2018-03-31,Stephan Lichtsteiner,IT1,0,0,0,0,45
2872022_1784,2872022,1784,39,39,2018-04-01,René Adler,L1,0,0,0,0,90
3018932_3333,3018932,3333,31,1237,2018-04-04,James Milner,CL,0,0,0,1,90
2872045_1784,2872045,1784,39,39,2018-04-07,René Adler,L1,0,0,0,0,90
2872045_532,2872045,532,3,86,2018-04-07,Claudio Pizarro,L1,0,0,0,0,21
2872439_3332,2872439,3332,29,985,2018-04-07,Wayne Rooney,GB1,0,0,0,0,57
2872439_3333,2872439,3333,31,1237,2018-04-07,James Milner,GB1,0,0,0,0,68
2897405_2865,2897405,2865,506,167,2018-04-07,Stephan Lichtsteiner,IT1,0,0,0,0,90
3018936_3333,3018936,3333,31,1237,2018-04-10,James Milner,CL,0,0,0,0,90
3018935_2865,3018935,2865,506,167,2018-04-11,Stephan Lichtsteiner,CL,1,0,0,1,73
2872063_532,2872063,532,3,86,2018-04-14,Claudio Pizarro,L1,0,0,0,0,66
2872448_3333,2872448,3333,31,1237,2018-04-14,James Milner,GB1,0,0,0,0,13
2872452_3332,2872452,3332,29,985,2018-04-14,Wayne Rooney,GB1,0,0,0,0,87
2872067_1784,2872067,1784,39,39,2018-04-16,René Adler,L1,0,0,0,0,90
2897491_2865,2897491,2865,506,167,2018-04-18,Stephan Lichtsteiner,IT1,1,0,0,0,90
2872464_3333,2872464,3333,31,1237,2018-04-21,James Milner,GB1,0,0,0,0,90
2872075_1784,2872075,1784,39,39,2018-04-22,René Adler,L1,0,0,0,0,90
2897502_2865,2897502,2865,506,167,2018-04-22,Stephan Lichtsteiner,IT1,0,0,0,0,79
2872459_3332,2872459,3332,29,985,2018-04-23,Wayne Rooney,GB1,0,0,0,0,90
3030593_3333,3030593,3333,31,1237,2018-04-24,James Milner,CL,0,0,0,1,90
2872082_532,2872082,532,3,86,2018-04-28,Claudio Pizarro,L1,0,0,0,0,11
2872467_3332,2872467,3332,29,985,2018-04-28,Wayne Rooney,GB1,0,0,0,0,63
2872468_3333,2872468,3333,31,1237,2018-04-28,James Milner,GB1,0,0,0,0,25
2872086_1784,2872086,1784,39,39,2018-04-29,René Adler,L1,0,0,0,0,90
3030595_3333,3030595,3333,31,1237,2018-05-02,James Milner,CL,0,0,0,0,90
2872090_532,2872090,532,3,86,2018-05-05,Claudio Pizarro,L1,0,0,0,0,11
2872093_1565,2872093,1565,24,24,2018-05-05,Alexander Meier,L1,0,0,1,0,3
2897518_2865,2897518,2865,506,167,2018-05-05,Stephan Lichtsteiner,IT1,0,0,0,0,18
2872478_3333,2872478,3333,31,1237,2018-05-06,James Milner,GB1,0,0,0,0,89
2872418_2857,2872418,2857,1003,29,2018-05-09,Eldin Jakupovic,GB1,0,0,0,0,90
2872098_26,2872098,26,16,16,2018-05-12,Roman Weidenfeller,L1,0,0,0,0,1
2872105_532,2872105,532,3,86,2018-05-12,Claudio Pizarro,L1,0,0,0,0,72
2872493_2857,2872493,2857,1003,29,2018-05-13,Eldin Jakupovic,GB1,0,0,0,0,90
2897541_2865,2897541,2865,506,167,2018-05-19,Stephan Lichtsteiner,IT1,0,0,0,0,90
3038747_3333,3038747,3333,31,1237,2018-05-26,James Milner,CL,0,0,0,0,83
3047699_1667,3047699,1667,162,162,2018-08-04,Diego Benaglio,FRCH,0,0,0,0,90
3087317_3306,3087317,3306,1132,1132,2018-08-09,Jonathan Walters,ELQ,0,0,0,0,90
3047437_1667,3047437,1667,162,162,2018-08-11,Diego Benaglio,FR1,0,0,0,0,90
3050167_2865,3050167,2865,11,167,2018-08-12,Stephan Lichtsteiner,GB1,0,0,0,0,55
3050171_3333,3050171,3333,31,1237,2018-08-12,James Milner,GB1,0,0,0,1,90
3047445_1667,3047445,1667,162,162,2018-08-18,Diego Benaglio,FR1,0,0,0,0,90
3048429_532,3048429,532,86,86,2018-08-18,Claudio Pizarro,DFB,0,0,0,0,15
3050181_3333,3050181,3333,31,1237,2018-08-20,James Milner,GB1,0,0,1,0,67
3050191_3333,3050191,3333,31,1237,2018-08-25,James Milner,GB1,0,0,0,0,90
3058410_532,3058410,532,86,86,2018-08-25,Claudio Pizarro,L1,0,0,0,0,23
3058414_2421,3058414,2421,38,38,2018-08-25,Michael Rensing,L1,0,0,0,0,90
3047452_1667,3047452,1667,162,162,2018-08-26,Diego Benaglio,FR1,1,0,0,0,90
3050203_3333,3050203,3333,31,1237,2018-09-01,James Milner,GB1,1,0,0,1,90
3058429_532,3058429,532,86,86,2018-09-01,Claudio Pizarro,L1,0,0,0,0,31
3047465_1667,3047465,1667,162,162,2018-09-02,Diego Benaglio,FR1,0,0,0,0,90
3058427_2421,3058427,2421,38,38,2018-09-02,Michael Rensing,L1,0,0,0,0,90
3047480_1667,3047480,1667,162,162,2018-09-15,Diego Benaglio,FR1,0,0,0,0,90
3050214_3333,3050214,3333,31,1237,2018-09-15,James Milner,GB1,0,0,0,0,90
3058441_2421,3058441,2421,38,38,2018-09-15,Michael Rensing,L1,0,0,0,0,90
3097956_1667,3097956,1667,162,162,2018-09-18,Diego Benaglio,CL,0,0,0,0,90
3097960_3333,3097960,3333,31,1237,2018-09-18,James Milner,CL,0,0,1,0,90
3098668_2865,3098668,2865,11,167,2018-09-20,Stephan Lichtsteiner,EL,0,0,0,1,90
3047515_1667,3047515,1667,162,162,2018-09-21,Diego Benaglio,FR1,0,0,0,0,90
3058445_2421,3058445,2421,38,38,2018-09-21,Michael Rensing,L1,0,0,0,0,90
3050224_3333,3050224,3333,31,1237,2018-09-22,James Milner,GB1,0,0,0,0,45
3058448_532,3058448,532,86,86,2018-09-22,Claudio Pizarro,L1,0,0,0,1,69
3047526_1667,3047526,1667,162,162,2018-09-25,Diego Benaglio,FR1,0,0,0,0,90
3058459_2421,3058459,2421,38,38,2018-09-26,Michael Rensing,L1,0,0,0,0,90
3047539_1667,3047539,1667,162,162,2018-09-28,Diego Benaglio,FR1,0,0,0,0,90
3050230_3333,3050230,3333,31,1237,2018-09-29,James Milner,GB1,1,0,0,0,86
3058463_532,3058463,532,86,86,2018-09-29,Claudio Pizarro,L1,0,0,0,0,23
3058468_2421,3058468,2421,38,38,2018-09-29,Michael Rensing,L1,0,0,0,0,90
3097980_1667,3097980,1667,162,162,2018-10-03,Diego Benaglio,CL,0,0,0,0,45
3097984_3333,3097984,3333,31,1237,2018-10-03,James Milner,CL,1,0,0,0,76
3098698_2865,3098698,2865,11,167,2018-10-04,Stephan Lichtsteiner,EL,0,0,0,0,90
3058473_532,3058473,532,86,86,2018-10-05,Claudio Pizarro,L1,0,0,0,1,15
3058477_2421,3058477,2421,38,38,2018-10-06,Michael Rensing,L1,0,0,0,0,90
3050242_3333,3050242,3333,31,1237,2018-10-07,James Milner,GB1,0,0,0,0,29
3058481_2421,3058481,2421,38,38,2018-10-19,Michael Rensing,L1,0,0,0,0,90
3050252_3333,3050252,3333,31,1237,2018-10-20,James Milner,GB1,0,0,0,0,77
3058478_532,3058478,532,86,86,2018-10-20,Claudio Pizarro,L1,0,0,0,0,35
3050247_2865,3050247,2865,11,167,2018-10-22,Stephan Lichtsteiner,GB1,0,0,0,0,61
3098716_2865,3098716,2865,11,167,2018-10-25,Stephan Lichtsteiner,EL,0,0,0,0,90
3047567_1667,3047567,1667,162,162,2018-10-27,Diego Benaglio,FR1,0,0,0,0,90
3050262_3333,3050262,3333,31,1237,2018-10-27,James Milner,GB1,0,0,0,0,19
3058494_2421,3058494,2421,38,38,2018-10-27,Michael Rensing,L1,0,0,0,0,90
3050259_2865,3050259,2865,11,167,2018-10-28,Stephan Lichtsteiner,GB1,1,0,0,0,45
3058490_532,3058490,532,86,86,2018-10-28,Claudio Pizarro,L1,0,0,1,0,45
3096444_2421,3096444,2421,38,38,2018-10-30,Michael Rensing,DFB,0,0,0,1,90
3096441_532,3096441,532,86,86,2018-10-31,Claudio Pizarro,DFB,0,0,1,0,66
3047578_1667,3047578,1667,162,162,2018-11-03,Diego Benaglio,FR1,0,0,0,0,90
3050267_3333,3050267,3333,31,1237,2018-11-03,James Milner,GB1,0,0,1,0,90
3058500_2421,3058500,2421,38,38,2018-11-04,Michael Rensing,L1,0,0,0,0,90
3058503_532,3058503,532,86,86,2018-11-04,Claudio Pizarro,L1,0,0,1,0,34
3098012_1667,3098012,1667,162,162,2018-11-06,Diego Benaglio,CL,0,0,0,0,90
3098015_3333,3098015,3333,31,1237,2018-11-06,James Milner,CL,0,0,0,0,90
3098746_2865,3098746,2865,11,167,2018-11-08,Stephan Lichtsteiner,EL,1,0,0,0,73
3058509_532,3058509,532,86,86,2018-11-10,Claudio Pizarro,L1,0,0,0,0,15
3058512_2421,3058512,2421,38,38,2018-11-10,Michael Rensing,L1,0,0,0,0,90
3047586_1667,3047586,1667,162,162,2018-11-11,Diego Benaglio,FR1,0,0,0,0,90
3050283_3333,3050283,3333,31,1237,2018-11-11,James Milner,GB1,0,0,0,0,9
3047592_1667,3047592,1667,162,162,2018-11-24,Diego Benaglio,FR1,0,0,0,0,90
3050294_3333,3050294,3333,31,1237,2018-11-24,James Milner,GB1,0,0,0,0,16
3058514_2421,3058514,2421,38,38,2018-11-24,Michael Rensing,L1,0,0,0,0,90
3058520_532,3058520,532,86,86,2018-11-25,Claudio Pizarro,L1,0,0,0,0,13
3098027_1667,3098027,1667,162,162,2018-11-28,Diego Benaglio,CL,0,0,0,0,90
3098031_3333,3098031,3333,31,1237,2018-11-28,James Milner,CL,0,0,1,0,77
3098764_2865,3098764,2865,11,167,2018-11-29,Stephan Lichtsteiner,EL,0,0,0,0,90
3058530_2421,3058530,2421,38,38,2018-11-30,Michael Rensing,L1,0,0,0,0,90
3047606_1667,3047606,1667,162,162,2018-12-01,Diego Benaglio,FR1,0,0,0,0,90
3058528_532,3058528,532,86,86,2018-12-01,Claudio Pizarro,L1,0,0,0,0,14
3047611_1667,3047611,1667,162,162,2018-12-04,Diego Benaglio,FR1,1,0,0,0,90
3050309_3333,3050309,3333,31,1237,2018-12-05,James Milner,GB1,0,0,1,0,90
3056407_2865,3056407,2865,11,167,2018-12-05,Stephan Lichtsteiner,GB1,0,0,0,0,54
3058537_2421,3058537,2421,38,38,2018-12-07,Michael Rensing,L1,0,0,0,0,90
3058537_532,3058537,532,86,86,2018-12-07,Claudio Pizarro,L1,0,0,0,0,60
3050317_2865,3050317,2865,11,167,2018-12-08,Stephan Lichtsteiner,GB1,1,0,0,0,45
3050318_3333,3050318,3333,31,1237,2018-12-08,James Milner,GB1,0,0,0,0,90
3098044_1667,3098044,1667,162,162,2018-12-11,Diego Benaglio,CL,0,0,0,0,90
3098048_3333,3098048,3333,31,1237,2018-12-11,James Milner,CL,0,0,0,1,85
3058548_2421,3058548,2421,38,38,2018-12-15,Michael Rensing,L1,0,0,0,0,90
3047693_1667,3047693,1667,162,162,2018-12-16,Diego Benaglio,FR1,0,0,0,0,90
3050333_2865,3050333,2865,11,167,2018-12-16,Stephan Lichtsteiner,GB1,0,0,0,0,74
3058558_2421,3058558,2421,38,38,2018-12-18,Michael Rensing,L1,0,0,0,0,90
3058554_532,3058554,532,86,86,2018-12-19,Claudio Pizarro,L1,0,0,0,0,4
3050346_3333,3050346,3333,31,1237,2018-12-21,James Milner,GB1,0,0,0,0,90
3047703_1667,3047703,1667,162,162,2018-12-22,Diego Benaglio,FR1,0,0,0,0,90
3050337_2865,3050337,2865,11,167,2018-12-22,Stephan Lichtsteiner,GB1,0,0,0,0,53
3058562_532,3058562,532,86,86,2018-12-22,Claudio Pizarro,L1,0,0,0,0,4
3058566_2421,3058566,2421,38,38,2018-12-22,Michael Rensing,L1,0,0,0,0,90
3050417_2865,3050417,2865,11,167,2018-12-26,Stephan Lichtsteiner,GB1,0,0,0,0,90
3050352_2865,3050352,2865,11,167,2018-12-29,Stephan Lichtsteiner,GB1,0,0,0,0,90
3050363_3333,3050363,3333,31,1237,2019-01-03,James Milner,GB1,0,0,0,0,57
3136614_2865,3136614,2865,11,167,2019-01-05,Stephan Lichtsteiner,FAC,0,0,0,0,90
3136619_3333,3136619,3333,31,1237,2019-01-07,James Milner,FAC,1,0,0,0,90
3050367_3333,3050367,3333,31,1237,2019-01-12,James Milner,GB1,0,0,0,0,18
3047716_1667,3047716,1667,162,162,2019-01-13,Diego Benaglio,FR1,0,0,0,0,90
3047654_1667,3047654,1667,162,162,2019-01-16,Diego Benaglio,FR1,0,0,0,0,90
3047725_1667,3047725,1667,162,162,2019-01-19,Diego Benaglio,FR1,0,0,0,0,90
3050381_3333,3050381,3333,31,1237,2019-01-19,James Milner,GB1,2,0,0,1,89
3058574_2421,3058574,2421,38,38,2019-01-19,Michael Rensing,L1,0,0,0,0,90
3058581_532,3058581,532,86,86,2019-01-26,Claudio Pizarro,L1,0,0,0,0,4
3058584_2421,3058584,2421,38,38,2019-01-27,Michael Rensing,L1,0,0,0,0,90
3050387_2865,3050387,2865,11,167,2019-01-29,Stephan Lichtsteiner,GB1,0,0,0,0,60
3058586_2421,3058586,2421,38,38,2019-02-02,Michael Rensing,L1,1,0,0,0,90
3050404_2865,3050404,2865,11,167,2019-02-03,Stephan Lichtsteiner,GB1,0,0,0,0,90
3050406_3333,3050406,3333,31,1237,2019-02-04,James Milner,GB1,0,0,0,1,90
3122484_532,3122484,532,86,86,2019-02-05,Claudio Pizarro,DFB,0,0,2,0,29
3050411_3333,3050411,3333,31,1237,2019-02-09,James Milner,GB1,0,0,0,1,90
3058598_532,3058598,532,86,86,2019-02-10,Claudio Pizarro,L1,0,0,0,0,13
3058602_2421,3058602,2421,38,38,2019-02-10,Michael Rensing,L1,0,0,0,0,90
3058608_532,3058608,532,86,86,2019-02-16,Claudio Pizarro,L1,0,0,1,0,29
3135804_3333,3135804,3333,31,1237,2019-02-19,James Milner,CL,0,0,0,0,14
3135875_2865,3135875,2865,11,167,2019-02-21,Stephan Lichtsteiner,EL,0,0,0,0,90
3058616_532,3058616,532,86,86,2019-02-22,Claudio Pizarro,L1,0,0,0,0,29
3050427_2865,3050427,2865,11,167,2019-02-24,Stephan Lichtsteiner,GB1,0,0,0,0,56
3050434_3333,3050434,3333,31,1237,2019-02-24,James Milner,GB1,1,0,0,0,90
3050445_3333,3050445,3333,31,1237,2019-02-27,James Milner,GB1,0,0,0,0,70
3058630_2421,3058630,2421,38,38,2019-03-02,Michael Rensing,L1,0,0,0,0,90
3050450_3333,3050450,3333,31,1237,2019-03-03,James Milner,GB1,0,0,0,0,27
3058637_532,3058637,532,86,86,2019-03-03,Claudio Pizarro,L1,0,0,0,0,22
3058643_532,3058643,532,86,86,2019-03-08,Claudio Pizarro,L1,0,0,0,0,67
3058647_2421,3058647,2421,38,38,2019-03-11,Michael Rensing,L1,0,0,0,0,90
3135813_3333,3135813,3333,31,1237,2019-03-13,James Milner,CL,0,0,0,1,87
3058656_2421,3058656,2421,38,38,2019-03-16,Michael Rensing,L1,0,0,0,0,90
3050479_3333,3050479,3333,31,1237,2019-03-17,James Milner,GB1,0,0,1,0,18
3058664_2421,3058664,2421,38,38,2019-03-30,Michael Rensing,L1,0,0,0,0,90
3050492_3333,3050492,3333,31,1237,2019-03-31,James Milner,GB1,0,0,0,0,77
3050501_3333,3050501,3333,31,1237,2019-04-05,James Milner,GB1,0,0,0,0,31
3058671_2421,3058671,2421,38,38,2019-04-06,Michael Rensing,L1,0,0,0,0,90
3058670_532,3058670,532,86,86,2019-04-07,Claudio Pizarro,L1,0,0,0,0,14
3167763_3333,3167763,3333,31,1237,2019-04-09,James Milner,CL,0,0,0,0,90
3058680_532,3058680,532,86,86,2019-04-13,Claudio Pizarro,L1,0,0,0,0,27
3050518_3333,3050518,3333,31,1237,2019-04-14,James Milner,GB1,0,0,0,0,13
3058682_2421,3058682,2421,38,38,2019-04-14,Michael Rensing,L1,0,0,0,0,90
3167764_3333,3167764,3333,31,1237,2019-04-17,James Milner,CL,0,0,0,0,90
3058684_532,3058684,532,86,86,2019-04-20,Claudio Pizarro,L1,0,0,0,0,9
3058691_2421,3058691,2421,38,38,2019-04-20,Michael Rensing,L1,0,0,0,0,90
3047846_1667,3047846,1667,162,162,2019-04-21,Diego Benaglio,FR1,0,0,0,0,77
3050525_3333,3050525,3333,31,1237,2019-04-21,James Milner,GB1,1,0,1,0,15
3174557_532,3174557,532,86,86,2019-04-24,Claudio Pizarro,DFB,0,0,0,0,25
3058700_2421,3058700,2421,38,38,2019-04-27,Michael Rensing,L1,0,0,0,0,90
3177022_3333,3177022,3333,31,1237,2019-05-01,James Milner,CL,0,0,0,0,84
3050558_3333,3050558,3333,31,1237,2019-05-04,James Milner,GB1,1,0,0,0,7
3058707_532,3058707,532,86,86,2019-05-04,Claudio Pizarro,L1,0,0,1,0,30
3050551_2865,3050551,2865,11,167,2019-05-05,Stephan Lichtsteiner,GB1,1,0,0,0,77
3058708_2421,3058708,2421,38,38,2019-05-05,Michael Rensing,L1,0,0,0,0,90
3177025_3333,3177025,3333,31,1237,2019-05-07,James Milner,CL,0,0,0,0,90
3047877_1667,3047877,1667,162,162,2019-05-11,Diego Benaglio,FR1,0,0,0,0,90
3058711_532,3058711,532,86,86,2019-05-11,Claudio Pizarro,L1,1,0,0,0,29
3058712_2421,3058712,2421,38,38,2019-05-11,Michael Rensing,L1,0,0,0,0,90
3050562_2865,3050562,2865,11,167,2019-05-12,Stephan Lichtsteiner,GB1,0,0,0,0,90
3050566_3333,3050566,3333,31,1237,2019-05-12,James Milner,GB1,0,0,0,0,26
3047884_1667,3047884,1667,162,162,2019-05-18,Diego Benaglio,FR1,0,0,0,0,90
3058721_1662,3058721,1662,33,33,2019-05-18,Sascha Riether,L1,0,0,0,0,1
3058724_532,3058724,532,86,86,2019-05-18,Claudio Pizarro,L1,0,0,1,0,16
3058728_2421,3058728,2421,38,38,2019-05-18,Michael Rensing,L1,0,0,0,0,90
3047896_1667,3047896,1667,162,162,2019-05-24,Diego Benaglio,FR1,0,0,0,0,90
3183105_3333,3183105,3333,31,1237,2019-06-01,James Milner,CL,0,0,0,0,28
3194817_3333,3194817,3333,31,1237,2019-08-09,James Milner,GB1,0,0,0,0,4
3195521_532,3195521,532,86,86,2019-08-10,Claudio Pizarro,DFB,0,0,2,0,25
3192360_3333,3192360,3333,31,1237,2019-08-14,James Milner,USC,0,0,0,0,64
3203430_532,3203430,532,86,86,2019-08-17,Claudio Pizarro,L1,0,0,0,0,19
3219431_3333,3219431,3333,31,1237,2019-08-17,James Milner,GB1,0,0,0,1,74
3203443_532,3203443,532,86,86,2019-08-24,Claudio Pizarro,L1,0,0,0,0,2
3203448_2865,3203448,2865,167,167,2019-08-24,Stephan Lichtsteiner,L1,0,0,0,0,90
3219086_3333,3219086,3333,31,1237,2019-08-24,James Milner,GB1,0,0,0,0,21
3203456_2865,3203456,2865,167,167,2019-09-01,Stephan Lichtsteiner,L1,2,0,0,1,34
3203456_532,3203456,532,86,86,2019-09-01,Claudio Pizarro,L1,0,0,0,0,8
3203468_532,3203468,532,86,86,2019-09-14,Claudio Pizarro,L1,0,0,0,0,6
3219082_3333,3219082,3333,31,1237,2019-09-14,James Milner,GB1,0,0,0,0,15
3252155_3333,3252155,3333,31,1237,2019-09-17,James Milner,CL,1,0,0,0,66
3203474_532,3203474,532,86,86,2019-09-21,Claudio Pizarro,L1,0,0,0,0,27
3203476_2865,3203476,2865,167,167,2019-09-21,Stephan Lichtsteiner,L1,0,0,0,0,90
3219071_3333,3219071,3333,31,1237,2019-09-22,James Milner,GB1,1,0,0,0,19
3203478_532,3203478,532,86,86,2019-09-28,Claudio Pizarro,L1,0,0,0,0,2
3203483_2865,3203483,2865,167,167,2019-09-28,Stephan Lichtsteiner,L1,1,0,0,0,90
3219070_3333,3219070,3333,31,1237,2019-09-28,James Milner,GB1,0,0,0,0,3
3252171_3333,3252171,3333,31,1237,2019-10-02,James Milner,CL,0,0,0,0,28
3219405_3333,3219405,3333,31,1237,2019-10-05,James Milner,GB1,0,0,1,1,90
3203489_2865,3203489,2865,167,167,2019-10-06,Stephan Lichtsteiner,L1,0,0,0,0,45
3203499_532,3203499,532,86,86,2019-10-19,Claudio Pizarro,L1,0,0,0,0,3
3203502_2865,3203502,2865,167,167,2019-10-19,Stephan Lichtsteiner,L1,0,0,0,0,90
3252195_3333,3252195,3333,31,1237,2019-10-23,James Milner,CL,0,0,0,0,90
3203508_2865,3203508,2865,167,167,2019-10-27,Stephan Lichtsteiner,L1,0,0,0,0,90
3219389_3333,3219389,3333,31,1237,2019-10-27,James Milner,GB1,1,0,0,0,13
3203521_2865,3203521,2865,167,167,2019-11-03,Stephan Lichtsteiner,L1,0,0,0,0,90
3252202_3333,3252202,3333,31,1237,2019-11-05,James Milner,CL,0,0,0,0,90
3219364_3333,3219364,3333,31,1237,2019-11-10,James Milner,GB1,0,0,0,0,29
3203536_532,3203536,532,86,86,2019-11-23,Claudio Pizarro,L1,0,0,0,0,34
3219354_3333,3219354,3333,31,1237,2019-11-23,James Milner,GB1,0,0,0,0,11
3252227_3333,3252227,3333,31,1237,2019-11-27,James Milner,CL,0,0,0,1,78
3203548_2865,3203548,2865,167,167,2019-11-30,Stephan Lichtsteiner,L1,0,0,0,0,62
3203543_532,3203543,532,86,86,2019-12-01,Claudio Pizarro,L1,0,0,0,0,12
3219320_3333,3219320,3333,31,1237,2019-12-04,James Milner,GB1,0,0,0,0,90
3203557_2865,3203557,2865,167,167,2019-12-07,Stephan Lichtsteiner,L1,0,0,0,0,69
3219321_3333,3219321,3333,31,1237,2019-12-07,James Milner,GB1,0,0,0,0,90
3203555_532,3203555,532,86,86,2019-12-08,Claudio Pizarro,L1,0,0,0,0,32
3252234_3333,3252234,3333,31,1237,2019-12-10,James Milner,CL,0,0,0,0,15
3203561_2865,3203561,2865,167,167,2019-12-13,Stephan Lichtsteiner,L1,0,0,0,0,86
3219316_3333,3219316,3333,31,1237,2019-12-14,James Milner,GB1,1,0,0,0,90
3203573_532,3203573,532,86,86,2019-12-17,Claudio Pizarro,L1,0,0,0,0,21
3203575_2865,3203575,2865,167,167,2019-12-17,Stephan Lichtsteiner,L1,1,0,0,0,90
3291619_3333,3291619,3333,31,1237,2019-12-18,James Milner,KLUB,0,0,0,0,74
3203578_2865,3203578,2865,167,167,2019-12-21,Stephan Lichtsteiner,L1,0,0,0,0,90
3203584_532,3203584,532,86,86,2019-12-21,Claudio Pizarro,L1,0,0,0,0,12
3293376_3333,3293376,3333,31,1237,2019-12-21,James Milner,KLUB,1,0,0,0,20
3219290_3333,3219290,3333,31,1237,2019-12-26,James Milner,GB1,0,0,1,0,20
3219294_3333,3219294,3333,31,1237,2019-12-29,James Milner,GB1,0,0,0,0,4
3219270_3333,3219270,3333,31,1237,2020-01-02,James Milner,GB1,0,0,0,0,90
3300794_3333,3300794,3333,31,1237,2020-01-05,James Milner,FAC,0,0,0,0,9
3203592_2865,3203592,2865,167,167,2020-01-18,Stephan Lichtsteiner,L1,0,0,0,0,90
3203601_532,3203601,532,86,86,2020-01-26,Claudio Pizarro,L1,0,0,0,0,8
3203617_2865,3203617,2865,167,167,2020-02-07,Stephan Lichtsteiner,L1,0,0,0,0,16
3203618_532,3203618,532,86,86,2020-02-08,Claudio Pizarro,L1,0,0,0,0,13
3203627_2865,3203627,2865,167,167,2020-02-15,Stephan Lichtsteiner,L1,0,0,0,0,32
3219230_3333,3219230,3333,31,1237,2020-02-15,James Milner,GB1,0,0,0,0,6
3291930_3333,3291930,3333,31,1237,2020-02-18,James Milner,CL,0,0,0,0,10
3203646_2865,3203646,2865,167,167,2020-02-29,Stephan Lichtsteiner,L1,1,0,0,0,45
3322354_3333,3322354,3333,31,1237,2020-03-03,James Milner,FAC,1,0,0,0,20
3203653_532,3203653,532,86,86,2020-03-07,Claudio Pizarro,L1,0,0,0,0,3
3219128_3333,3219128,3333,31,1237,2020-03-07,James Milner,GB1,0,0,0,0,90
3291938_3333,3291938,3333,31,1237,2020-03-11,James Milner,CL,0,0,0,0,38
3203683_2865,3203683,2865,167,167,2020-05-27,Stephan Lichtsteiner,L1,0,0,0,0,8
3203688_2865,3203688,2865,167,167,2020-05-30,Stephan Lichtsteiner,L1,0,0,0,0,74
3203717_532,3203717,532,86,86,2020-06-16,Claudio Pizarro,L1,0,0,0,0,2
3203719_2865,3203719,2865,167,167,2020-06-17,Stephan Lichtsteiner,L1,0,0,0,0,65
3203726_532,3203726,532,86,86,2020-06-20,Claudio Pizarro,L1,0,0,0,0,8
3219142_3333,3219142,3333,31,1237,2020-06-21,James Milner,GB1,1,0,0,0,43
3203735_532,3203735,532,86,86,2020-06-27,Claudio Pizarro,L1,0,0,0,0,2
3219206_3333,3219206,3333,31,1237,2020-07-08,James Milner,GB1,0,0,0,0,10
3219163_3333,3219163,3333,31,1237,2020-07-22,James Milner,GB1,0,0,0,0,24
3219102_3333,3219102,3333,31,1237,2020-07-26,James Milner,GB1,0,0,0,0,90
3430487_3333,3430487,3333,31,1237,2020-08-29,James Milner,GBCS,1,0,0,0,59
3420840_3333,3420840,3333,31,1237,2020-09-20,James Milner,GB1,0,0,0,0,26
3421697_3333,3421697,3333,31,1237,2020-09-28,James Milner,GB1,0,0,0,0,11
3421704_3333,3421704,3333,31,1237,2020-10-04,James Milner,GB1,0,0,0,0,22
3461716_3333,3461716,3333,31,1237,2020-10-21,James Milner,CL,1,0,0,0,90
3421728_3333,3421728,3333,31,1237,2020-10-24,James Milner,GB1,0,0,0,0,7
3461739_3333,3461739,3333,31,1237,2020-10-27,James Milner,CL,1,0,0,0,90
3421737_3333,3421737,3333,31,1237,2020-10-31,James Milner,GB1,0,0,0,0,1
3461756_3333,3461756,3333,31,1237,2020-11-03,James Milner,CL,0,0,0,0,25
3421749_3333,3421749,3333,31,1237,2020-11-08,James Milner,GB1,0,0,0,0,27
3421757_3333,3421757,3333,31,1237,2020-11-22,James Milner,GB1,0,0,0,1,90
3461771_3333,3461771,3333,31,1237,2020-11-25,James Milner,CL,0,0,0,0,90
3421764_3333,3421764,3333,31,1237,2020-11-28,James Milner,GB1,0,0,0,0,74
3421829_3333,3421829,3333,31,1237,2020-12-30,James Milner,GB1,1,0,0,0,73
3421840_3333,3421840,3333,31,1237,2021-01-04,James Milner,GB1,0,0,0,0,13
3491222_3333,3491222,3333,31,1237,2021-01-08,James Milner,FAC,0,0,0,0,90
3421858_3333,3421858,3333,31,1237,2021-01-17,James Milner,GB1,0,0,0,0,1
3508019_3333,3508019,3333,31,1237,2021-01-24,James Milner,FAC,0,0,0,0,90
3429692_3333,3429692,3333,31,1237,2021-01-28,James Milner,GB1,0,0,0,0,90
3429702_3333,3429702,3333,31,1237,2021-01-31,James Milner,GB1,0,0,0,0,57
3429710_3333,3429710,3333,31,1237,2021-02-03,James Milner,GB1,0,0,0,0,90
3429717_3333,3429717,3333,31,1237,2021-02-07,James Milner,GB1,0,0,0,0,22
3429728_3333,3429728,3333,31,1237,2021-02-13,James Milner,GB1,0,0,0,0,17
3429750_3333,3429750,3333,31,1237,2021-02-28,James Milner,GB1,0,0,0,0,14
3429777_3333,3429777,3333,31,1237,2021-03-04,James Milner,GB1,0,0,0,0,10
3429757_3333,3429757,3333,31,1237,2021-03-07,James Milner,GB1,0,0,0,0,76
3496459_3333,3496459,3333,31,1237,2021-03-10,James Milner,CL,0,0,0,0,8
3429772_3333,3429772,3333,31,1237,2021-03-15,James Milner,GB1,0,0,0,0,23
3429783_3333,3429783,3333,31,1237,2021-04-03,James Milner,GB1,0,0,0,0,90
3429797_3333,3429797,3333,31,1237,2021-04-10,James Milner,GB1,1,0,0,0,90
3537806_3333,3537806,3333,31,1237,2021-04-14,James Milner,CL,0,0,0,0,60
3429807_3333,3429807,3333,31,1237,2021-04-19,James Milner,GB1,0,0,0,0,90
3429818_3333,3429818,3333,31,1237,2021-04-24,James Milner,GB1,0,0,0,0,32
3429854_3333,3429854,3333,31,1237,2021-05-19,James Milner,GB1,0,0,0,0,3
3429868_3333,3429868,3333,31,1237,2021-05-23,James Milner,GB1,1,0,0,0,12
3583483_3333,3583483,3333,31,1237,2021-08-14,James Milner,GB1,1,0,0,0,90
3651040_3333,3651040,3333,31,1237,2021-09-15,James Milner,CL,1,0,0,0,6
3591964_3333,3591964,3333,31,1237,2021-09-18,James Milner,GB1,0,0,0,0,90
3651064_3333,3651064,3333,31,1237,2021-09-28,James Milner,CL,0,0,0,1,66
3592006_3333,3592006,3333,31,1237,2021-10-03,James Milner,GB1,1,0,0,0,78
3592020_3333,3592020,3333,31,1237,2021-10-16,James Milner,GB1,0,0,0,1,83
3651079_3333,3651079,3333,31,1237,2021-10-19,James Milner,CL,1,0,0,0,63
3592048_3333,3592048,3333,31,1237,2021-10-24,James Milner,GB1,0,0,0,0,27
3651120_3333,3651120,3333,31,1237,2021-11-24,James Milner,CL,1,0,0,0,8
3592098_3333,3592098,3333,31,1237,2021-11-27,James Milner,GB1,0,0,0,0,23
3592132_3333,3592132,3333,31,1237,2021-12-01,James Milner,GB1,0,0,0,0,15
3592070_3333,3592070,3333,31,1237,2021-12-04,James Milner,GB1,0,0,0,0,1
3592078_3333,3592078,3333,31,1237,2021-12-11,James Milner,GB1,0,0,0,0,7
3592059_3333,3592059,3333,31,1237,2021-12-16,James Milner,GB1,0,0,0,0,1
3592087_3333,3592087,3333,31,1237,2021-12-19,James Milner,GB1,0,0,0,0,90
3592297_3333,3592297,3333,31,1237,2021-12-28,James Milner,GB1,0,0,0,0,26
3592303_3333,3592303,3333,31,1237,2022-01-02,James Milner,GB1,0,0,0,0,69
3592114_3333,3592114,3333,31,1237,2022-01-16,James Milner,GB1,0,0,0,0,12
3592124_3333,3592124,3333,31,1237,2022-01-23,James Milner,GB1,0,0,0,0,1
3729278_3333,3729278,3333,31,1237,2022-02-06,James Milner,FAC,0,0,0,0,21
3592162_3333,3592162,3333,31,1237,2022-02-13,James Milner,GB1,0,0,0,0,1
3714220_3333,3714220,3333,31,1237,2022-02-16,James Milner,CL,0,0,0,0,4
3592191_3333,3592191,3333,31,1237,2022-02-23,James Milner,GB1,0,0,0,0,13
3758674_3333,3758674,3333,31,1237,2022-03-02,James Milner,FAC,0,0,0,0,90
3592144_3333,3592144,3333,31,1237,2022-03-05,James Milner,GB1,0,0,0,0,1
3592176_3333,3592176,3333,31,1237,2022-03-12,James Milner,GB1,0,0,0,0,4
3592222_3333,3592222,3333,31,1237,2022-04-02,James Milner,GB1,0,0,0,0,1
3773447_3333,3773447,3333,31,1237,2022-04-05,James Milner,CL,0,0,0,0,1
3773451_3333,3773451,3333,31,1237,2022-04-13,James Milner,CL,0,0,0,0,57
3592203_3333,3592203,3333,31,1237,2022-04-19,James Milner,GB1,0,0,0,0,4
3592232_3333,3592232,3333,31,1237,2022-04-30,James Milner,GB1,0,0,0,0,78
3796969_3333,3796969,3333,31,1237,2022-05-03,James Milner,CL,0,0,0,0,6
3813442_3333,3813442,3333,31,1237,2022-05-14,James Milner,FAC,0,0,0,0,46
3592229_3333,3592229,3333,31,1237,2022-05-17,James Milner,GB1,0,0,0,0,90
3592241_3333,3592241,3333,31,1237,2022-05-22,James Milner,GB1,0,0,0,0,45
3889181_3333,3889181,3333,31,1237,2022-07-30,James Milner,GBCS,0,0,0,0,16
3837815_3333,3837815,3333,31,1237,2022-08-06,James Milner,GB1,0,0,0,0,31
3837828_3333,3837828,3333,31,1237,2022-08-15,James Milner,GB1,0,0,0,1,63
3837840_3333,3837840,3333,31,1237,2022-08-22,James Milner,GB1,0,0,0,0,73
3837849_3333,3837849,3333,31,1237,2022-08-27,James Milner,GB1,0,0,0,0,21
3837862_3333,3837862,3333,31,1237,2022-08-31,James Milner,GB1,0,0,0,0,19
3837976_3333,3837976,3333,31,1237,2022-09-03,James Milner,GB1,0,0,0,0,31
3911727_3333,3911727,3333,31,1237,2022-09-07,James Milner,CL,1,0,0,0,63
3913722_3333,3913722,3333,31,1237,2022-09-13,James Milner,CL,0,0,0,0,1
3838014_3333,3838014,3333,31,1237,2022-10-01,James Milner,GB1,0,0,0,0,31
3911725_3333,3911725,3333,31,1237,2022-10-04,James Milner,CL,0,0,0,0,9
3911730_3333,3911730,3333,31,1237,2022-10-12,James Milner,CL,0,0,0,0,11
3838033_3333,3838033,3333,31,1237,2022-10-16,James Milner,GB1,0,0,0,0,90
3838058_3333,3838058,3333,31,1237,2022-10-19,James Milner,GB1,0,0,0,0,9
3838193_3333,3838193,3333,31,1237,2022-10-22,James Milner,GB1,0,0,0,0,62
3911720_3333,3911720,3333,31,1237,2022-10-26,James Milner,CL,0,0,0,0,19
3838211_3333,3838211,3333,31,1237,2022-10-29,James Milner,GB1,0,0,0,0,11
3911724_3333,3911724,3333,31,1237,2022-11-01,James Milner,CL,0,0,0,0,48
3838239_3333,3838239,3333,31,1237,2022-11-12,James Milner,GB1,0,0,0,0,22
3999705_3333,3999705,3333,31,1237,2023-01-17,James Milner,FAC,0,0,0,0,66
3838786_3333,3838786,3333,31,1237,2023-01-21,James Milner,GB1,1,0,0,0,72
4013658_3333,4013658,3333,31,1237,2023-01-29,James Milner,FAC,0,0,0,0,31
3838777_3333,3838777,3333,31,1237,2023-02-04,James Milner,GB1,0,0,0,0,5
3838764_3333,3838764,3333,31,1237,2023-02-13,James Milner,GB1,0,0,0,0,10
3838757_3333,3838757,3333,31,1237,2023-02-18,James Milner,GB1,0,0,0,0,31
3956694_3333,3956694,3333,31,1237,2023-02-21,James Milner,CL,0,0,0,0,17
3838742_3333,3838742,3333,31,1237,2023-02-25,James Milner,GB1,0,0,0,0,90
3837994_3333,3837994,3333,31,1237,2023-03-01,James Milner,GB1,0,0,0,0,1
3838735_3333,3838735,3333,31,1237,2023-03-05,James Milner,GB1,0,0,0,0,11
3838721_3333,3838721,3333,31,1237,2023-03-11,James Milner,GB1,0,0,0,0,25
3956686_3333,3956686,3333,31,1237,2023-03-15,James Milner,CL,0,0,0,0,73
3838704_3333,3838704,3333,31,1237,2023-04-01,James Milner,GB1,0,0,0,0,8
3838001_3333,3838001,3333,31,1237,2023-04-04,James Milner,GB1,0,0,0,0,11
3838682_3333,3838682,3333,31,1237,2023-04-17,James Milner,GB1,0,0,0,0,9
3838667_3333,3838667,3333,31,1237,2023-04-22,James Milner,GB1,0,0,0,0,9
3838655_3333,3838655,3333,31,1237,2023-04-26,James Milner,GB1,0,0,0,0,6
3838641_3333,3838641,3333,31,1237,2023-04-30,James Milner,GB1,1,0,0,0,4
3838716_3333,3838716,3333,31,1237,2023-05-03,James Milner,GB1,0,0,0,0,6
3838626_3333,3838626,3333,31,1237,2023-05-06,James Milner,GB1,0,0,0,0,8
3838620_3333,3838620,3333,31,1237,2023-05-15,James Milner,GB1,0,0,0,0,16
3838606_3333,3838606,3333,31,1237,2023-05-20,James Milner,GB1,0,0,0,0,18
3838602_3333,3838602,3333,31,1237,2023-05-28,James Milner,GB1,0,0,0,0,90
4087927_3333,4087927,3333,1237,1237,2023-08-12,James Milner,GB1,0,0,0,0,79
4087943_3333,4087943,3333,1237,1237,2023-08-19,James Milner,GB1,1,0,0,0,57
4087947_3333,4087947,3333,1237,1237,2023-08-26,James Milner,GB1,0,0,0,0,72
4087956_3333,4087956,3333,1237,1237,2023-09-02,James Milner,GB1,1,0,0,0,9
4087967_3333,4087967,3333,1237,1237,2023-09-16,James Milner,GB1,0,0,0,0,13
4172081_3333,4172081,3333,1237,1237,2023-09-21,James Milner,EL,0,0,0,0,55
4095161_3333,4095161,3333,1237,1237,2023-10-21,James Milner,GB1,0,0,0,0,45
4172079_3333,4172079,3333,1237,1237,2023-10-26,James Milner,EL,0,0,0,0,85
4095178_3333,4095178,3333,1237,1237,2023-11-04,James Milner,GB1,0,0,0,0,79
4172074_3333,4172074,3333,1237,1237,2023-11-09,James Milner,EL,0,0,0,0,8
4172084_3333,4172084,3333,1237,1237,2023-11-30,James Milner,EL,0,0,0,0,13
4095210_3333,4095210,3333,1237,1237,2023-12-03,James Milner,GB1,1,0,0,1,33
4095217_3333,4095217,3333,1237,1237,2023-12-06,James Milner,GB1,0,0,0,0,21
4095227_3333,4095227,3333,1237,1237,2023-12-09,James Milner,GB1,0,0,0,0,59
4172080_3333,4172080,3333,1237,1237,2023-12-14,James Milner,EL,0,0,0,0,16
4095237_3333,4095237,3333,1237,1237,2023-12-17,James Milner,GB1,0,0,0,0,60
4095259_3333,4095259,3333,1237,1237,2023-12-28,James Milner,GB1,0,0,0,1,69
4095274_3333,4095274,3333,1237,1237,2024-01-02,James Milner,GB1,0,0,0,0,90
4095279_3333,4095279,3333,1237,1237,2024-01-22,James Milner,GB1,0,0,0,0,72
4095288_3333,4095288,3333,1237,1237,2024-01-30,James Milner,GB1,0,0,0,0,20
4361264_3333,4361264,3333,1237,1237,2024-08-17,James Milner,GB1,1,0,0,0,82
4361273_3333,4361273,3333,1237,1237,2024-08-24,James Milner,GB1,0,0,0,0,73
4361290_3333,4361290,3333,1237,1237,2024-08-31,James Milner,GB1,0,0,0,0,17
4361538_3333,4361538,3333,1237,1237,2025-05-25,James Milner,GB1,0,0,0,0,1
4625777_3333,4625777,3333,1237,1237,2025-08-16,James Milner,GB1,0,0,0,0,2
4709801_3333,4709801,3333,1237,1237,2025-08-27,James Milner,CGB,0,0,0,0,78
4625795_3333,4625795,3333,1237,1237,2025-08-31,James Milner,GB1,0,0,1,0,30
4625805_3333,4625805,3333,1237,1237,2025-09-13,James Milner,GB1,1,0,0,0,66
4625816_3333,4625816,3333,1237,1237,2025-09-20,James Milner,GB1,0,0,0,0,27
4715841_3333,4715841,3333,1237,1237,2025-09-23,James Milner,CGB,0,0,0,0,90
4625843_3333,4625843,3333,1237,1237,2025-10-05,James Milner,GB1,0,0,0,0,13
4625844_3333,4625844,3333,1237,1237,2025-10-18,James Milner,GB1,0,0,0,0,19
4625861_3333,4625861,3333,1237,1237,2025-10-25,James Milner,GB1,0,0,0,1,31
4625929_3333,4625929,3333,1237,1237,2025-12-13,James Milner,GB1,0,0,0,0,3
4625936_3333,4625936,3333,1237,1237,2025-12-20,James Milner,GB1,0,0,0,0,19
4625963_3333,4625963,3333,1237,1237,2025-12-30,James Milner,GB1,1,0,0,0,72
4625966_3333,4625966,3333,1237,1237,2026-01-03,James Milner,GB1,0,0,0,0,10
4626005_3333,4626005,3333,1237,1237,2026-01-07,James Milner,GB1,0,0,0,0,7
4626024_3333,4626024,3333,1237,1237,2026-01-24,James Milner,GB1,0,0,0,0,9
4626029_3333,4626029,3333,1237,1237,2026-01-31,James Milner,GB1,0,0,0,0,1
4626048_3333,4626048,3333,1237,1237,2026-02-11,James Milner,GB1,0,0,0,0,68
4626059_3333,4626059,3333,1237,1237,2026-02-21,James Milner,GB1,0,0,0,0,90
4626070_3333,4626070,3333,1237,1237,2026-03-01,James Milner,GB1,0,0,0,0,86
4626096_3333,4626096,3333,1237,1237,2026-03-14,James Milner,GB1,0,0,0,0,90
4626100_3333,4626100,3333,1237,1237,2026-03-21,James Milner,GB1,0,0,0,0,76
4626168_3333,4626168,3333,1237,1237,2026-05-24,James Milner,GB1,0,0,0,0,59
