game_lineups_id,date,game_id,player_id,club_id,player_name,type,position,number,team_captain
4bcae165ead9b2ead967866ffc01d5eb,2013-08-05,2320446,80,27,Tom Starke,substitutes,Goalkeeper,22,0
501e04f571ee9bd15e1c5140e0fc7963,2013-08-05,2320446,2219,27,Philipp Lahm,substitutes,Right-Back,21,0
d611ea785dedd06929bccd24e948dbe9,2013-08-05,2320446,2514,27,Bastian Schweinsteiger,starting_lineup,Defensive Midfield,31,0
62566a6ed1066036a578fa584ce4d503,2013-08-03,2320447,26,16,Roman Weidenfeller,substitutes,Goalkeeper,1,0
e4ed89ef52777c41b7c2a96a1bef5450,2013-08-03,2320447,410,16,Sebastian Kehl,starting_lineup,Defensive Midfield,5,1
4b5ac966a0cbba098e8bc5f61255b3a4,2013-08-03,2320447,2150,16,Oliver Kirch,substitutes,Defensive Midfield,21,0
9cfff72e6d9fd49cc523c5bfd713225b,2013-08-04,2320448,1726,41,Heiko Westermann,starting_lineup,Centre-Back,4,0
17f655eaa1df75e8f4e0283f643ad9d9,2013-08-04,2320450,1565,24,Alexander Meier,starting_lineup,Attacking Midfield,14,0
9dcb8b2d7bc749e9007bf3b243c76494,2013-08-03,2320451,691,15,Simon Rolfes,starting_lineup,Left Midfield,6,1
9c68b814eb178fcb1b608fd1512f2606,2013-08-03,2320451,3256,15,Roberto Hilbert,substitutes,Right-Back,14,0
bf17826d320a3e47f81192e5fe047155,2013-08-03,2320452,892,39,Heinz Müller,starting_lineup,Goalkeeper,33,0
9605e03c7cab5229f357a4d576459e47,2013-08-03,2320452,1139,39,Nikolce Noveski,starting_lineup,Centre-Back,4,1
e67f23d03be4815c28cf3459e9f9bbdb,2013-08-03,2320452,1363,39,Christian Wetklo,substitutes,Goalkeeper,29,0
001fe883d1a25d098fc616bdb05450a4,2013-08-03,2320453,1428,60,Mike Hanke,starting_lineup,Centre-Forward,9,0
dae36ac68b06104009e242ff6a9afd9d,2013-08-04,2320454,1426,79,Cacau,starting_lineup,Right Winger,18,0
9f264db829282e426b3fb548f2509e76,2013-08-04,2320454,2048,222,Philipp Haastrup,starting_lineup,Centre-Back,4,0
d60241e16803ca3d2a5b0249c8e6f71d,2013-08-04,2320455,1586,42,Christian Schulz,starting_lineup,Centre-Back,19,0
a61e97dcb17e680a4d4de03a7bd1cbba,2013-08-04,2320455,2805,42,Christian Pander,starting_lineup,Left-Back,24,0
23534f3b17fad5eeedfe391127011532,2013-08-04,2320455,3114,42,Jan Schlaudraff,starting_lineup,Second Striker,13,0
12d37d1d73cb23584665525423becf47,2013-08-05,2320456,598,33,Timo Hildebrand,starting_lineup,Goalkeeper,34,0
31bca904da7e3d69117333ac7dbd13eb,2013-08-05,2320456,1321,33,Jermaine Jones,starting_lineup,Defensive Midfield,13,0
3b170e7d54b4913d503c66f205ba4f73,2013-08-04,2320457,1095,44,Peer Kluge,starting_lineup,Defensive Midfield,24,0
b50e19c1803db7837ee4a9f89bf8e778,2013-08-04,2320457,2334,44,Marcel Ndjeng,starting_lineup,Right-Back,8,0
8159b74db6b12295029f63fa74606738,2013-08-04,2320458,1659,23,Dennis Kruppke,starting_lineup,Second Striker,32,1
bda02c2328d08fbdd6c0ea356bb2e3cd,2013-08-04,2320458,1944,23,Deniz Dogan,starting_lineup,Centre-Back,8,0
da60d0bf31f498d6fac5123150ed8bcd,2013-08-04,2320458,2386,23,Marjan Petkovic,starting_lineup,Goalkeeper,1,0
578b19e86bf6899d6f188328008dd58b,2013-08-03,2320459,1667,82,Diego Benaglio,starting_lineup,Goalkeeper,1,1
0d58a37faa95c362ac234369290c6b6f,2013-08-03,2320459,2358,82,Patrick Ochs,substitutes,Right-Back,2,0
587c6a5366cc96c987654604b6d55434,2013-08-04,2320460,1277,86,Clemens Fritz,starting_lineup,Right-Back,8,1
120739dfcb33fdaaa6c2b6649c50931c,2013-08-04,2320461,568,18,Martin Stranzl,starting_lineup,Centre-Back,39,0
6132e2329a2fcd46a635942f9617fb55,2013-08-04,2320461,1144,18,Christofer Heimeroth,substitutes,Goalkeeper,33,0
9ddb0a5c48c767dc5fa7a0cb890a9bbd,2013-08-04,2320462,823,4,Hanno Balitsch,starting_lineup,Defensive Midfield,5,0
8480d0afe324db7ecf3374a4587ef711,2013-08-04,2320462,1094,4,Emanuel Pogatetz,starting_lineup,Centre-Back,2,0
d8c7ff882f8cbc729355ed55b6cc44c0,2013-08-04,2320462,1150,4,Raphael Schäfer,starting_lineup,Goalkeeper,1,0
91bb0506bf7c31181cf7b14fcca4affd,2013-08-04,2320462,1986,4,Markus Feulner,starting_lineup,Central Midfield,7,0
1250072abc66d26488356b3753c69c79,2013-08-02,2320463,1791,167,Halil Altıntop,starting_lineup,Attacking Midfield,7,0
4cddb3e93a8d4ecc28f1956d2a0ed574,2013-08-09,2321025,80,27,Tom Starke,substitutes,Goalkeeper,22,0
725457f5e48f5084994f3e0177219a5c,2013-08-09,2321025,532,27,Claudio Pizarro,substitutes,Centre-Forward,14,0
55e99bc101730f8f95c860da1a6d6324,2013-08-09,2321025,568,18,Martin Stranzl,starting_lineup,Centre-Back,39,0
0e6655852369fd638fc73ba904151cea,2013-08-09,2321025,1144,18,Christofer Heimeroth,substitutes,Goalkeeper,33,0
a85ddd4785c89c7212ddb18ab76be847,2013-08-09,2321025,2219,27,Philipp Lahm,starting_lineup,Right-Back,21,1
7ad18d1c85c6687807d3d0b6503743be,2013-08-09,2321025,2514,27,Bastian Schweinsteiger,starting_lineup,Defensive Midfield,31,0
105738738ee799fb0d5931a1f0c4ddb5,2013-08-11,2321027,598,33,Timo Hildebrand,starting_lineup,Goalkeeper,34,0
ba11c80e3514f543240dacd52e89ef57,2013-08-11,2321027,1321,33,Jermaine Jones,starting_lineup,Defensive Midfield,13,0
048cafed76225443c395e3d3a10a4ac3,2013-08-11,2321027,1726,41,Heiko Westermann,starting_lineup,Centre-Back,4,0
256a305382746a08043a02a00faa16d9,2013-08-11,2321027,1784,41,René Adler,starting_lineup,Goalkeeper,15,0
64e10d82750f50c7541a1729e5032a97,2013-08-10,2321028,691,15,Simon Rolfes,substitutes,Defensive Midfield,6,0
474a13749a8335ce0f0c980d332f3f04,2013-08-10,2321028,1428,60,Mike Hanke,starting_lineup,Centre-Forward,9,0
a9410e240d37f6388bc2083c23fe8b8a,2013-08-10,2321028,3256,15,Roberto Hilbert,substitutes,Right-Back,14,0
f342f151366857206c3efb8ea8fa78a5,2013-08-10,2321029,1586,42,Christian Schulz,substitutes,Centre-Back,19,0
13c51a227181ca3372e86c7b66e82134,2013-08-10,2321029,1667,82,Diego Benaglio,starting_lineup,Goalkeeper,1,1
0d4a7f893e527c4c77355a8b4a370d6f,2013-08-10,2321029,2358,82,Patrick Ochs,substitutes,Right-Back,2,0
16dc84a1be738034740c5f03e692b70b,2013-08-10,2321029,2805,42,Christian Pander,starting_lineup,Left-Back,24,0
616cabbb9455df0828d24992d410dd5f,2013-08-10,2321029,3114,42,Jan Schlaudraff,substitutes,Attacking Midfield,13,0
4cc2fee7c48645fc5374ecada3d412c7,2013-08-10,2321030,823,4,Hanno Balitsch,starting_lineup,Defensive Midfield,5,0
50bc5b6b88cb838fc39c285574bf8360,2013-08-10,2321030,1094,4,Emanuel Pogatetz,starting_lineup,Centre-Back,2,0
f120fbbf3c26a28fe3a746d0e70130b7,2013-08-10,2321030,1150,4,Raphael Schäfer,starting_lineup,Goalkeeper,1,1
9d17a762445fef504e109ddbcde0b076,2013-08-10,2321030,1986,4,Markus Feulner,starting_lineup,Right-Back,7,0
97f73f95d8ae5b4ca25570c1b6420969,2013-08-11,2321031,892,39,Heinz Müller,starting_lineup,Goalkeeper,33,0
01463ce78efc99372ce0969c044da873,2013-08-11,2321031,1139,39,Nikolce Noveski,starting_lineup,Centre-Back,4,1
f057cbc74ba035f2c6906eb43edf925c,2013-08-11,2321031,1363,39,Christian Wetklo,substitutes,Goalkeeper,29,0
b8d92b4816dffb8aa9278868696a1023,2013-08-11,2321031,1426,79,Cacau,substitutes,Second Striker,18,0
fa61f8174fd2efa967f0f50b3279ffac,2013-08-10,2321032,410,16,Sebastian Kehl,substitutes,Defensive Midfield,5,0
e7317caa41c0d360e81c5cee251e2764,2013-08-10,2321032,1791,167,Halil Altıntop,starting_lineup,Attacking Midfield,7,0
3858932cbee772c0265bab4b083e1d4b,2013-08-10,2321033,1277,86,Clemens Fritz,starting_lineup,Right-Back,8,1
d9bd37cd5ef1399ed9b9588a33463f2a,2013-08-10,2321033,1659,23,Dennis Kruppke,starting_lineup,Attacking Midfield,32,1
f728915539db806b94c5ea21275f29d9,2013-08-10,2321033,1944,23,Deniz Dogan,starting_lineup,Centre-Back,8,0
3f92aa3e2e7b12198badcb2c7443195c,2013-08-10,2321033,2386,23,Marjan Petkovic,starting_lineup,Goalkeeper,1,0
62b0f5dfd4822a9531ed54c7f97928de,2013-08-10,2321034,1095,44,Peer Kluge,substitutes,Defensive Midfield,24,0
06f0a16363985980c3bdf693656bbf27,2013-08-10,2321034,1565,24,Alexander Meier,starting_lineup,Attacking Midfield,14,0
b8a4a79025a16d6166e76eed81d100ef,2013-08-10,2321034,2334,44,Marcel Ndjeng,starting_lineup,Right-Back,8,0
da2efff20622dddb85de33f5b807ab01,2013-08-18,2321044,26,16,Roman Weidenfeller,starting_lineup,Goalkeeper,1,1
9c45e4de64c024a2a9b84f809ea5644a,2013-08-18,2321044,410,16,Sebastian Kehl,substitutes,Defensive Midfield,5,0
d66f04eac8b427eee35b15957198d0be,2013-08-18,2321044,1659,23,Dennis Kruppke,starting_lineup,Attacking Midfield,32,1
655d45a5dbf740f432c66b945112b69b,2013-08-18,2321044,2386,23,Marjan Petkovic,substitutes,Goalkeeper,1,0
616276819bbeb7789435549bbea8ec3c,2013-08-17,2321045,568,18,Martin Stranzl,starting_lineup,Centre-Back,39,0
5b6abca14a3d4036ce9956a2551bb44d,2013-08-17,2321045,1144,18,Christofer Heimeroth,substitutes,Goalkeeper,33,0
e76cae6fb5fae189eca8540b440cdc89,2013-08-17,2321045,1586,42,Christian Schulz,substitutes,Centre-Back,19,0
59c13347a6559bd844250d79e410bf40,2013-08-17,2321045,3114,42,Jan Schlaudraff,substitutes,Second Striker,13,0
4c6a541649298948109b4588d5586dad,2013-08-17,2321046,691,15,Simon Rolfes,substitutes,Left Midfield,6,0
d8d9ee91948b083a0e1c60322fe64672,2013-08-17,2321046,1426,79,Cacau,substitutes,Centre-Forward,18,0
eed3f214583d7bb8c35c4d8e720d1c65,2013-08-17,2321046,3256,15,Roberto Hilbert,substitutes,Right-Back,14,0
cdd2836e75f4fcfb99bb1904d3f1d41d,2013-08-17,2321047,598,33,Timo Hildebrand,starting_lineup,Goalkeeper,34,0
9b163cfb4906578f03a60a0041227912,2013-08-17,2321047,1321,33,Jermaine Jones,starting_lineup,Defensive Midfield,13,0
1e0ddcc27fbeaa57252a3f3e9e8754b1,2013-08-17,2321047,1667,82,Diego Benaglio,starting_lineup,Goalkeeper,1,1
cdd8a2cf4fd2faf09a7aca59473a31f7,2013-08-17,2321048,1791,167,Halil Altıntop,starting_lineup,Attacking Midfield,7,0
da7bcc37d41f8a0f2342ddc689f19315,2013-08-18,2321049,823,4,Hanno Balitsch,starting_lineup,Defensive Midfield,5,0
59ae9c1ae19033418b989f0bbf8ab22b,2013-08-18,2321049,1094,4,Emanuel Pogatetz,starting_lineup,Centre-Back,2,0
2702f7430c0433afae9931a20713d1db,2013-08-18,2321049,1095,44,Peer Kluge,substitutes,Defensive Midfield,24,0
9f8462373f61b7459966b5846521136d,2013-08-18,2321049,1150,4,Raphael Schäfer,starting_lineup,Goalkeeper,1,1
aa88d4d569e1ff882ae42a91522ae3dd,2013-08-18,2321049,1986,4,Markus Feulner,starting_lineup,Right-Back,7,0
54bffcec2716576c9f5e6aa7314539a6,2013-08-17,2321050,892,39,Heinz Müller,starting_lineup,Goalkeeper,33,0
f4e167f0fb822e783e9051d5a7ac8592,2013-08-17,2321050,1139,39,Nikolce Noveski,starting_lineup,Centre-Back,4,1
4999325b66ebe78a6ee9603fdfeffccd,2013-08-17,2321050,1363,39,Christian Wetklo,substitutes,Goalkeeper,29,0
e8a32e82e8f5dc40c805732cb45c33d6,2013-08-17,2321050,1428,60,Mike Hanke,starting_lineup,Second Striker,9,0
4c4b5951580bb7a18b94f28c57a0f55f,2013-08-17,2321051,1726,41,Heiko Westermann,starting_lineup,Centre-Back,4,0
85ab2021f3738c77b115771467f352f8,2013-08-17,2321051,1784,41,René Adler,starting_lineup,Goalkeeper,15,0
a0235eadc7cb7a168216fbfce311609e,2013-08-23,2321053,26,16,Roman Weidenfeller,starting_lineup,Goalkeeper,1,0
1647fd5ce9f17eaa94f862a7b0235afb,2013-08-23,2321053,410,16,Sebastian Kehl,starting_lineup,Defensive Midfield,5,1
6495aa14a246af8f851847dd06704d26,2013-08-24,2321054,80,27,Tom Starke,substitutes,Goalkeeper,22,0
5c1f6cf39e73dfb4474ee0cb237c6cec,2013-08-24,2321054,532,27,Claudio Pizarro,substitutes,Centre-Forward,14,0
23b2b98ef75f4fa353afd0cc81cd286a,2013-08-24,2321054,823,4,Hanno Balitsch,starting_lineup,Defensive Midfield,5,0
b8f4f61926f61aa442c558f39416402b,2013-08-24,2321054,1094,4,Emanuel Pogatetz,starting_lineup,Centre-Back,2,0
4cb8761559f595606905d551e5d5479b,2013-08-24,2321054,1150,4,Raphael Schäfer,starting_lineup,Goalkeeper,1,1
b1f6bbb156dade7912b66d0a16771587,2013-08-24,2321054,1986,4,Markus Feulner,starting_lineup,Right Midfield,7,0
cffb870971195628779a885738092efb,2013-08-24,2321054,2219,27,Philipp Lahm,starting_lineup,Right-Back,21,1
f5fe06cd3aed965cd20ace9753a68737,2013-08-24,2321054,2514,27,Bastian Schweinsteiger,starting_lineup,Defensive Midfield,31,0
a250582988d3f2295aed8f10538a38f4,2013-08-24,2321055,568,18,Martin Stranzl,starting_lineup,Centre-Back,39,0
983dd326c53088e747594badef814f99,2013-08-24,2321055,691,15,Simon Rolfes,substitutes,Right Midfield,6,0
bfaa0a4cc9a1456d3c3624c6a1b795bd,2013-08-24,2321055,1144,18,Christofer Heimeroth,substitutes,Goalkeeper,33,0
757c798cb3a78554b5a62f35b8e525da,2013-08-24,2321055,3256,15,Roberto Hilbert,starting_lineup,Right-Back,14,0
4caf12b4fe4474a654bcb886bcff2b95,2013-08-24,2321056,598,33,Timo Hildebrand,starting_lineup,Goalkeeper,34,0
47f73457821611e251b5d1e90473fd7a,2013-08-24,2321056,1321,33,Jermaine Jones,starting_lineup,Defensive Midfield,13,0
60b02cd0206c2436ea593593090a1c17,2013-08-24,2321056,1586,42,Christian Schulz,substitutes,Centre-Back,19,0
89a0f49b58695f6c5aed76ea7a753196,2013-08-24,2321056,3114,42,Jan Schlaudraff,substitutes,Second Striker,13,0
8f34a933291882b2ebf661cf6e65db54,2013-08-24,2321058,892,39,Heinz Müller,starting_lineup,Goalkeeper,33,0
22bf2ae55629242deca063c1a2b77f91,2013-08-24,2321058,1139,39,Nikolce Noveski,starting_lineup,Centre-Back,4,1
1e2351c825baa9c5fa998425bc80739b,2013-08-24,2321058,1363,39,Christian Wetklo,substitutes,Goalkeeper,29,0
c71d8bf37a342e556f2a21c0b09cd8b3,2013-08-24,2321058,1667,82,Diego Benaglio,starting_lineup,Goalkeeper,1,1
c4beef0d13d35c8f8dfc811aa0927e69,2013-08-25,2321059,1426,79,Cacau,substitutes,Centre-Forward,18,0
635382761e13a56d564afa5049b355a0,2013-08-25,2321059,1791,167,Halil Altıntop,starting_lineup,Attacking Midfield,7,0
430ee595c1ff3e4512aca9d20a3f5c43,2013-08-25,2321060,1565,24,Alexander Meier,starting_lineup,Attacking Midfield,14,1
0e3d7b7851def71a051e195ef1134d2a,2013-08-25,2321060,1659,23,Dennis Kruppke,starting_lineup,Second Striker,32,1
43dadad7652f2f2f24a2f919b65f383c,2013-08-25,2321060,1944,23,Deniz Dogan,substitutes,Centre-Back,8,0
14ff97ec68b174803e157319a38972e2,2013-08-25,2321060,2386,23,Marjan Petkovic,substitutes,Goalkeeper,1,0
6c37a6e0079677c3339db44c5120f3f7,2013-08-24,2321061,1095,44,Peer Kluge,substitutes,Defensive Midfield,24,0
b94245f2361bf8309ae4079c768817cd,2013-08-24,2321061,1726,41,Heiko Westermann,starting_lineup,Centre-Back,4,0
d16932108d8b454817264731c59da50b,2013-08-24,2321061,1784,41,René Adler,starting_lineup,Goalkeeper,15,0
18016358fbe4a9d448ceba45fdf3abf8,2013-08-17,2321062,80,27,Tom Starke,substitutes,Goalkeeper,22,0
81028ad142eabd1364865a1f97b5dd83,2013-08-17,2321062,1565,24,Alexander Meier,starting_lineup,Centre-Forward,14,0
1a794869b4ba9b3b0db1b51bf7f1cd8c,2013-08-17,2321062,2219,27,Philipp Lahm,starting_lineup,Right-Back,21,1
5f5f4578af784453a58421c78b414c6e,2013-08-17,2321062,2514,27,Bastian Schweinsteiger,starting_lineup,Defensive Midfield,31,0
86fd27d2f17c285a5c6d211775cc4cbc,2013-08-31,2321063,598,33,Timo Hildebrand,starting_lineup,Goalkeeper,34,1
5343717e87fd05f432c7eb63c5ed9289,2013-08-31,2321063,691,15,Simon Rolfes,substitutes,Defensive Midfield,6,0
5184f76c9c434e77cc8288ae386bda43,2013-08-31,2321063,1321,33,Jermaine Jones,substitutes,Defensive Midfield,13,0
0129ff838359aa121a4a9037596e8d6d,2013-08-31,2321063,3256,15,Roberto Hilbert,substitutes,Right-Back,14,0
5a215530ec395373a5ad6a3fa0f70470,2013-08-31,2321064,568,18,Martin Stranzl,starting_lineup,Centre-Back,39,0
8b47d81f4df7bba3a2bf2b0bda68f0cb,2013-08-31,2321064,1144,18,Christofer Heimeroth,substitutes,Goalkeeper,33,0
7d56727d21797176539a8c83b4c7d189,2013-08-31,2321064,1277,86,Clemens Fritz,starting_lineup,Right-Back,8,1
5f1a6c342903cd569d192a5fab97d1ae,2013-09-01,2321065,1426,79,Cacau,substitutes,Second Striker,18,0
777d3fa3bfdda2a7bb2a172174da49d4,2013-08-31,2321066,892,39,Heinz Müller,starting_lineup,Goalkeeper,33,0
1d1b19bf4128beb95acd945e20c7a0ac,2013-08-31,2321066,1139,39,Nikolce Noveski,starting_lineup,Centre-Back,4,1
77d7124d7a5bb26535c87dc608d04a1f,2013-08-31,2321066,1363,39,Christian Wetklo,substitutes,Goalkeeper,29,0
e9a53833c270202b2e8728636fd8ca04,2013-08-31,2321066,1586,42,Christian Schulz,substitutes,Centre-Back,19,0
fe5a35016a4486d9aaa2f7f38ab3db54,2013-08-31,2321066,3114,42,Jan Schlaudraff,substitutes,Second Striker,13,0
fe6058fcf17d224b1c35fc3796dfaf86,2013-08-31,2321067,411,44,Levan Kobiashvili,substitutes,Left Midfield,3,0
38dc0d5d25dd8a085d978550bb15b55c,2013-08-31,2321067,1095,44,Peer Kluge,substitutes,Central Midfield,24,0
3545de2e7518eccb2a6e45408068cb3f,2013-08-31,2321067,1381,44,Maik Franz,substitutes,Centre-Back,5,0
6863bef5ffc3ec48bb6fa2cb5ea9cbc0,2013-08-31,2321067,1667,82,Diego Benaglio,starting_lineup,Goalkeeper,1,1
ec9008eb6a017552d924f17828625ab3,2013-08-31,2321068,823,4,Hanno Balitsch,starting_lineup,Defensive Midfield,5,0
73fcf1f8d6b43c37a5def2b475191968,2013-08-31,2321068,1094,4,Emanuel Pogatetz,starting_lineup,Centre-Back,2,0
615c7ab7fd40277035c1081743d63056,2013-08-31,2321068,1150,4,Raphael Schäfer,starting_lineup,Goalkeeper,1,1
2cea959b36000baa062980e8fba9f9d1,2013-08-31,2321068,1791,167,Halil Altıntop,starting_lineup,Attacking Midfield,7,0
8a64145876aaf74a6be2f1567c60658c,2013-08-31,2321068,1986,4,Markus Feulner,starting_lineup,Right-Back,7,0
dbb09a75118e247c65cdea43eaeff4af,2013-08-27,2321069,80,27,Tom Starke,substitutes,Goalkeeper,22,0
4dea973bf1e30114d95d7b5b2c799f5b,2013-08-27,2321069,532,27,Claudio Pizarro,starting_lineup,Centre-Forward,14,0
b9c27a37a91eedb9d95292ff9b42ef5f,2013-08-27,2321069,1428,60,Mike Hanke,substitutes,Centre-Forward,9,0
2b6578dd13e616f82171082c5065d0ac,2013-08-27,2321069,2219,27,Philipp Lahm,substitutes,Defensive Midfield,21,0
978d33489cc2b1fd77e290bff58bd3d1,2013-08-27,2321069,2514,27,Bastian Schweinsteiger,starting_lineup,Defensive Midfield,31,1
d5fe98b4a8a670df4a3b114a2db7f1fa,2013-08-31,2321070,1659,23,Dennis Kruppke,substitutes,Second Striker,32,0
5668f2964885248d519c45f7afb9f1fb,2013-08-31,2321070,1726,41,Heiko Westermann,starting_lineup,Centre-Back,4,0
0c97c2884fa65d3205deeb2250ae26a2,2013-08-31,2321070,1784,41,René Adler,starting_lineup,Goalkeeper,15,0
f0186f8c64d0952ca3cbca35d81a16af,2013-08-31,2321070,1944,23,Deniz Dogan,starting_lineup,Centre-Back,8,1
9c64aeb27a727b86436068c696b63908,2013-08-31,2321070,2386,23,Marjan Petkovic,substitutes,Goalkeeper,1,0
5af52e5aa798b2178d6543937d2e5e5f,2013-09-01,2321071,26,16,Roman Weidenfeller,starting_lineup,Goalkeeper,1,1
7d9b43a478b8cc1e6efcb20ef19d3dfd,2013-09-01,2321071,410,16,Sebastian Kehl,substitutes,Defensive Midfield,5,0
2330cde138b49f66e18865a9f9e0b7dd,2013-09-14,2321072,26,16,Roman Weidenfeller,starting_lineup,Goalkeeper,1,1
50ea80a24c86ee75158adf6d15c730c2,2013-09-14,2321072,410,16,Sebastian Kehl,substitutes,Defensive Midfield,5,0
fbdbab3dfacbb8f31c2ef27da14352eb,2013-09-14,2321072,1726,41,Heiko Westermann,starting_lineup,Centre-Back,4,0
f2b4cf782142df91339ad9b4e22708db,2013-09-14,2321072,1784,41,René Adler,starting_lineup,Goalkeeper,15,0
c80c45d9113ad1471cf840d4e5ee056a,2013-09-14,2321072,2150,16,Oliver Kirch,substitutes,Defensive Midfield,21,0
7f84c5e4800a09feb34162dbdbed0ade,2013-09-14,2321073,80,27,Tom Starke,substitutes,Goalkeeper,22,0
d9d9dd8e0a75e490fc4edba4d28ad225,2013-09-14,2321073,532,27,Claudio Pizarro,substitutes,Centre-Forward,14,0
c309e463a8e5fcd104250cb91c1a5173,2013-09-14,2321073,1586,42,Christian Schulz,substitutes,Defensive Midfield,19,0
5745cc2ba5a84f7e9bd16892245e7419,2013-09-14,2321073,2219,27,Philipp Lahm,starting_lineup,Defensive Midfield,21,1
e797c13f8b099fda7fe4ae9da73944ff,2013-09-14,2321073,2514,27,Bastian Schweinsteiger,substitutes,Central Midfield,31,0
84b658b78ee083d8548544fea8b9daf3,2013-09-14,2321073,3114,42,Jan Schlaudraff,substitutes,Left Midfield,13,0
34f45a79e15de37fc5319a8ff715e2c2,2013-09-14,2321074,691,15,Simon Rolfes,starting_lineup,Central Midfield,6,1
305779d7f831b921cd1f2d29e25a9f36,2013-09-14,2321074,1667,82,Diego Benaglio,starting_lineup,Goalkeeper,1,1
78339e007040de7f859f3a04203f0b08,2013-09-14,2321074,3256,15,Roberto Hilbert,starting_lineup,Right-Back,14,0
398d02e405cb046843a463e1347d4b73,2013-09-14,2321075,1277,86,Clemens Fritz,starting_lineup,Right-Back,8,1
eb25837d9ff6490a11b0be0f88bb0155,2013-09-15,2321076,568,18,Martin Stranzl,starting_lineup,Centre-Back,39,0
94b5708f89ba19319e7ba8fb7df69dd4,2013-09-15,2321076,1144,18,Christofer Heimeroth,substitutes,Goalkeeper,33,0
c638a2e412de73cab7f634e3401b3e9e,2013-09-14,2321077,598,33,Timo Hildebrand,starting_lineup,Goalkeeper,34,0
6bc3dca1d00bb04ea74d0faa30fcb21b,2013-09-14,2321077,892,39,Heinz Müller,starting_lineup,Goalkeeper,33,0
780cb154ef34fc2581ccbd99a99b7458,2013-09-14,2321077,1139,39,Nikolce Noveski,starting_lineup,Centre-Back,4,1
94a44f78052c2ce88bb51e5a165f96b5,2013-09-14,2321077,1321,33,Jermaine Jones,substitutes,Defensive Midfield,13,0
b1bccce63fa4e71eda10968710d29d71,2013-09-14,2321077,1363,39,Christian Wetklo,substitutes,Goalkeeper,29,0
4f1a5807104f94bc6a500e1c36517ad1,2013-09-14,2321078,1428,60,Mike Hanke,substitutes,Centre-Forward,9,0
825139e503691d2d23e02279a790269a,2013-09-14,2321078,1791,167,Halil Altıntop,starting_lineup,Attacking Midfield,7,0
d15cc6b9d82aa3542cdcd0e7a0575d05,2013-09-15,2321079,823,4,Hanno Balitsch,starting_lineup,Defensive Midfield,5,0
f60313c0afc997fe8d9af064125404da,2013-09-15,2321079,1094,4,Emanuel Pogatetz,starting_lineup,Centre-Back,2,0
3117d7858a83f929b0e2be81e382d251,2013-09-15,2321079,1150,4,Raphael Schäfer,starting_lineup,Goalkeeper,1,1
bcf756c7c95f0a237bce58a26059c7c9,2013-09-15,2321079,1659,23,Dennis Kruppke,substitutes,Second Striker,32,0
6fa01e2c0372a83168a72aec154126f8,2013-09-15,2321079,1944,23,Deniz Dogan,starting_lineup,Centre-Back,8,1
0470bbd2cf2a757d4ad4907f9cd4851b,2013-09-15,2321079,2386,23,Marjan Petkovic,starting_lineup,Goalkeeper,1,0
7d36f704777645559647b9ac8ae368c2,2013-09-13,2321080,411,44,Levan Kobiashvili,substitutes,Left Midfield,3,0
5cca1ac1e45f07880fdc7e0bab5e3d73,2013-09-13,2321080,1426,79,Cacau,substitutes,Second Striker,18,0
9aa308a08ccfc54e4424278ed4d54623,2013-09-21,2321081,80,27,Tom Starke,substitutes,Goalkeeper,22,0
2e0064a9eeba2d8101edf0cbb2ca0bf6,2013-09-21,2321081,532,27,Claudio Pizarro,substitutes,Centre-Forward,14,0
3ed09b7bfe337641b94cb93b4a23c691,2013-09-21,2321081,598,33,Timo Hildebrand,starting_lineup,Goalkeeper,34,0
1b8635e53894fbcbcb136a7db564f1b8,2013-09-21,2321081,1321,33,Jermaine Jones,starting_lineup,Defensive Midfield,13,0
3b06149ce46e0995e4277ea4e9ad52a2,2013-09-21,2321081,2219,27,Philipp Lahm,starting_lineup,Defensive Midfield,21,1
179a9db0e7df93b02f82f4672c9c6565,2013-09-21,2321081,2514,27,Bastian Schweinsteiger,starting_lineup,Attacking Midfield,31,0
41ca9df0b7469ae6fbbb3ed55e122bec,2013-09-20,2321082,568,18,Martin Stranzl,starting_lineup,Centre-Back,39,1
e93e61885b1a1c0e63951643e4ba1664,2013-09-20,2321082,1144,18,Christofer Heimeroth,substitutes,Goalkeeper,33,0
f820f40d0dc9e46886675c895563c099,2013-09-20,2321082,1659,23,Dennis Kruppke,substitutes,Second Striker,32,0
79623f06886bd06f7a3da967d16fc055,2013-09-20,2321082,1944,23,Deniz Dogan,starting_lineup,Centre-Back,8,1
c9f153f4b043a4a59d0f25364ad31e98,2013-09-20,2321082,2386,23,Marjan Petkovic,starting_lineup,Goalkeeper,1,0
dced80866337661b0fd8c190800cc54e,2013-09-22,2321083,1426,79,Cacau,substitutes,Centre-Forward,18,0
5c4099524f7c5ada3aec52bb3d823c93,2013-09-21,2321084,1586,42,Christian Schulz,substitutes,Centre-Back,19,0
864d9c7933857f517e247d9c1f9c2699,2013-09-21,2321084,1791,167,Halil Altıntop,starting_lineup,Attacking Midfield,7,0
7c5bf3b7e9e6eeebfbea8adc8e2c6096,2013-09-21,2321084,3114,42,Jan Schlaudraff,substitutes,Second Striker,13,0
b6dda90422aee308a39dae29e2468cdd,2013-09-21,2321085,1667,82,Diego Benaglio,starting_lineup,Goalkeeper,1,1
026dc1a7e435302a6c08042b5f282934,2013-09-21,2321085,2358,82,Patrick Ochs,substitutes,Right-Back,2,0
053df62f60d09f549f2c02d11ba524c9,2013-09-21,2321086,26,16,Roman Weidenfeller,starting_lineup,Goalkeeper,1,1
1e4399d806b0c705a9840a5381af9101,2013-09-21,2321086,1094,4,Emanuel Pogatetz,starting_lineup,Centre-Back,2,0
6976e6cb5b9d7434ca863d5f64a2c0dc,2013-09-21,2321086,1150,4,Raphael Schäfer,starting_lineup,Goalkeeper,1,1
62a61365b3aa36e369aa53a2e995f9e5,2013-09-22,2321087,411,44,Levan Kobiashvili,substitutes,Defensive Midfield,3,0
b5606d3352bf35620fdde7d64b43db16,2013-09-22,2321087,1428,60,Mike Hanke,substitutes,Centre-Forward,9,0
bd517e07eb0faf374bda7a75fe5e6251,2013-09-21,2321088,691,15,Simon Rolfes,starting_lineup,Defensive Midfield,6,1
84183388c62e63bb6865749f8feaff7b,2013-09-21,2321088,892,39,Heinz Müller,starting_lineup,Goalkeeper,33,0
5c222c29b826be2ffcda48a8d91884f2,2013-09-21,2321088,1139,39,Nikolce Noveski,starting_lineup,Centre-Back,4,1
dd723047fa2d4f1ef57b74ce407a0751,2013-09-21,2321088,1363,39,Christian Wetklo,substitutes,Goalkeeper,29,0
c162cb60a0263da68dd29795a1fda363,2013-09-21,2321088,3256,15,Roberto Hilbert,starting_lineup,Right-Back,14,0
43e709b60227f33f3baf0db8d044b67d,2013-09-21,2321089,1277,86,Clemens Fritz,starting_lineup,Right-Back,8,1
4c856bcef0017cfdc0563d0284a618d8,2013-09-21,2321089,1726,41,Heiko Westermann,starting_lineup,Right-Back,4,0
cc3a488e6b7a61dd451364fe38cc05ef,2013-09-21,2321089,1784,41,René Adler,starting_lineup,Goalkeeper,15,0
4166c2e16950e51d139bfb27be615946,2013-09-28,2321108,26,16,Roman Weidenfeller,starting_lineup,Goalkeeper,1,1
d927f7f5b71e0112704cd591806db7a4,2013-09-28,2321108,1428,60,Mike Hanke,substitutes,Centre-Forward,9,0
a587589b112d60f15d25bc87a1cb3bd0,2013-09-28,2321108,2150,16,Oliver Kirch,substitutes,Defensive Midfield,21,0
9ba1ef1877b11609cb479883b7e4cb61,2013-09-28,2321109,80,27,Tom Starke,substitutes,Goalkeeper,22,0
53e21c8e49d0942140f5abe0b40d1c8d,2013-09-28,2321109,532,27,Claudio Pizarro,substitutes,Centre-Forward,14,0
4548ec240c6fb8ab3a01f9da5d884584,2013-09-28,2321109,1667,82,Diego Benaglio,starting_lineup,Goalkeeper,1,1
5ff6d5cc5619d69bd6c5d0a509d15ae9,2013-09-28,2321109,2219,27,Philipp Lahm,starting_lineup,Defensive Midfield,21,1
a86eb4d111a5747e8f90d5918e99f586,2013-09-28,2321109,2358,82,Patrick Ochs,substitutes,Right-Back,2,0
3bf4b3f95f112c847b172cd556ab21d0,2013-09-28,2321109,2514,27,Bastian Schweinsteiger,starting_lineup,Central Midfield,31,0
6587670dbd0d245a666d5a761fa7ded5,2013-09-28,2321110,691,15,Simon Rolfes,starting_lineup,Central Midfield,6,1
4aa70a6510d495b895cb6b01478045ca,2013-09-28,2321110,1586,42,Christian Schulz,substitutes,Centre-Back,19,0
891dc5ca9e7a19fd7bbfc83d301fe291,2013-09-28,2321110,3114,42,Jan Schlaudraff,substitutes,Second Striker,13,0
a1d86252d6a5b3c03f3f3d83580a1a9f,2013-09-28,2321110,3256,15,Roberto Hilbert,starting_lineup,Right-Back,14,0
15580dc48b44eeed8500bf35e5ca25a8,2013-09-29,2321111,1094,4,Emanuel Pogatetz,starting_lineup,Centre-Back,2,0
70d41baa169836984794b3c22d3ef4ae,2013-09-29,2321111,1150,4,Raphael Schäfer,starting_lineup,Goalkeeper,1,1
101e3f9dbc04204f1c7005f5deff4b0c,2013-09-29,2321111,1277,86,Clemens Fritz,starting_lineup,Right-Back,8,1
b0e13295497e0dda6d812c3f781e0112,2013-09-29,2321111,1986,4,Markus Feulner,substitutes,Central Midfield,7,0
2d0f33e5a5cea4c4429cf521772ca316,2013-09-28,2321112,598,33,Timo Hildebrand,starting_lineup,Goalkeeper,34,0
4b930b474e7acd167990281789e0b864,2013-09-28,2321112,1321,33,Jermaine Jones,starting_lineup,Defensive Midfield,13,0
2b57ef13ecf1ed17407d164dfa36edb7,2013-09-27,2321113,568,18,Martin Stranzl,starting_lineup,Centre-Back,39,1
d7f72381447dad19161eb40e6df1f670,2013-09-27,2321113,837,18,Thorben Marx,substitutes,Defensive Midfield,14,0
71decf33911593ec037ed35ecfe13426,2013-09-27,2321113,1144,18,Christofer Heimeroth,substitutes,Goalkeeper,33,0
557f9944166295dcfa16435f4f85f39b,2013-09-27,2321113,1791,167,Halil Altıntop,starting_lineup,Attacking Midfield,7,0
aadaa6d6540d637b85e65c82ce94b33e,2013-09-29,2321114,1426,79,Cacau,substitutes,Centre-Forward,18,0
6e7b2d97d9b95f9b20f621233952b192,2013-09-29,2321114,1944,23,Deniz Dogan,starting_lineup,Centre-Back,8,1
0ca96c7bab2cd38bc0649a9df8a92f22,2013-09-29,2321114,2386,23,Marjan Petkovic,starting_lineup,Goalkeeper,1,0
680813d492161d6ac5c09dc901dae6d6,2013-09-28,2321115,1726,41,Heiko Westermann,starting_lineup,Right-Back,4,0
5d46fd44a38c0a99228d49229a1ef836,2013-09-28,2321115,1784,41,René Adler,starting_lineup,Goalkeeper,15,0
196e89543b0dc8f32dea0b79970a6e69,2013-09-28,2321116,411,44,Levan Kobiashvili,substitutes,Left Midfield,3,0
121b7c95362f786e4534f2f892b455bf,2013-09-28,2321116,892,39,Heinz Müller,starting_lineup,Goalkeeper,33,0
197eab5a08ed44ae39352d039dc217b2,2013-09-28,2321116,1139,39,Nikolce Noveski,starting_lineup,Centre-Back,4,1
a850db8bb4ee8e8c34e5ccb74446515f,2013-09-28,2321116,1363,39,Christian Wetklo,substitutes,Goalkeeper,29,0
907ca5ad4a5c09b3952f3bc04a82ac58,2013-10-05,2321117,598,33,Timo Hildebrand,starting_lineup,Goalkeeper,34,0
f26aab7fd427adcb250a383967dfb3c3,2013-10-05,2321117,1321,33,Jermaine Jones,substitutes,Defensive Midfield,13,0
3554ec8130f10e45eb6dcaf65f925fac,2013-10-05,2321117,1791,167,Halil Altıntop,starting_lineup,Second Striker,7,0
172922ed06de31671745a9f0458afc1e,2013-10-05,2321118,26,16,Roman Weidenfeller,starting_lineup,Goalkeeper,1,1
43ec3b8b49ec0d67375195920de29caf,2013-10-05,2321118,568,18,Martin Stranzl,starting_lineup,Centre-Back,39,1
b55574afe6a47d3fb9097da240e0acf1,2013-10-05,2321118,1144,18,Christofer Heimeroth,substitutes,Goalkeeper,33,0
bc3e600dae8187117f5b586218f8dbe8,2013-10-05,2321118,2150,16,Oliver Kirch,substitutes,Defensive Midfield,21,0
5421cb6d45068182051a0020cd2f8182,2013-10-05,2321119,80,27,Tom Starke,substitutes,Goalkeeper,22,0
643b65d5b84147ab1fc7f44f9ce98371,2013-10-05,2321119,532,27,Claudio Pizarro,substitutes,Centre-Forward,14,0
116e910fd5e0fb18dea4cb8c95a58c39,2013-10-05,2321119,691,15,Simon Rolfes,starting_lineup,Left Midfield,6,1
4a2092205e0804f03ff4ff1004e9e7dd,2013-10-05,2321119,2219,27,Philipp Lahm,starting_lineup,Defensive Midfield,21,1
fdcb72aa18057843696b1a0bb2d13c75,2013-10-05,2321119,2514,27,Bastian Schweinsteiger,starting_lineup,Central Midfield,31,0
1633fd7f7124718cdac7356ede59d590,2013-10-05,2321119,3256,15,Roberto Hilbert,substitutes,Right-Back,14,0
86c6b0d3b551bd41167eff71c813c05f,2013-10-05,2321120,1277,86,Clemens Fritz,starting_lineup,Right-Back,8,1
a339b8bfe1b2861bdfd36578b45ca610,2013-10-05,2321120,1426,79,Cacau,substitutes,Centre-Forward,18,0
a08de15982207eb878b002f1c9d41274,2013-10-04,2321121,411,44,Levan Kobiashvili,substitutes,Left-Back,3,0
75d168d6eb5e63349cb34875cbeab1fb,2013-10-04,2321121,1586,42,Christian Schulz,starting_lineup,Centre-Back,19,0
f69d822ddbc02be1a89531f349963105,2013-10-04,2321121,3114,42,Jan Schlaudraff,starting_lineup,Right Winger,13,0
d871ebf5a1520f7b1c138a3a12bbb0c8,2013-10-05,2321122,1659,23,Dennis Kruppke,substitutes,Second Striker,32,0
7a6528ec0a3e2a954e91f4ea8c00abe2,2013-10-05,2321122,1667,82,Diego Benaglio,starting_lineup,Goalkeeper,1,1
8d8ca06e4086eae902219302cc2117b5,2013-10-05,2321122,1944,23,Deniz Dogan,starting_lineup,Centre-Back,8,1
0dc0fe19b56a2bfa0d03a3a369ac2438,2013-10-05,2321122,2358,82,Patrick Ochs,substitutes,Right-Back,2,0
40c02ac26c26afe8f525e2dc624ca959,2013-10-06,2321123,1094,4,Emanuel Pogatetz,starting_lineup,Centre-Back,2,0
3169afe25740ae5cdae5d03a827ad8d5,2013-10-06,2321123,1150,4,Raphael Schäfer,starting_lineup,Goalkeeper,1,1
f3cd6778bee20f0f0455977d8dc19e3f,2013-10-06,2321123,1726,41,Heiko Westermann,starting_lineup,Right-Back,4,0
62203079e8d1abb93865dd30331e9905,2013-10-06,2321123,1784,41,René Adler,starting_lineup,Goalkeeper,15,0
abc0a9ab8b8a7ac4becf41bf11b5b5d6,2013-10-06,2321123,1986,4,Markus Feulner,substitutes,Right Midfield,7,0
2c69b8f222017be42308dec6a9e502c2,2013-10-06,2321124,1428,60,Mike Hanke,substitutes,Centre-Forward,9,0
74b60c720be330f029c7a69a85169ad3,2013-10-05,2321125,892,39,Heinz Müller,starting_lineup,Goalkeeper,33,0
b1c53c399019e5568aa8dc1a681f302c,2013-10-05,2321125,1139,39,Nikolce Noveski,starting_lineup,Centre-Back,4,1
34cbe7ebb3793dceff6811f771d047bc,2013-10-05,2321125,1363,39,Christian Wetklo,substitutes,Goalkeeper,29,0
0f2677229eb5d9a611580463ba7b1b11,2013-10-19,2321126,26,16,Roman Weidenfeller,starting_lineup,Goalkeeper,1,1
04426268d6a075462b722e091e8f807a,2013-10-19,2321126,1586,42,Christian Schulz,starting_lineup,Centre-Back,19,0
0fb1c97c452af235032a7ab2504b4f15,2013-10-19,2321126,2150,16,Oliver Kirch,substitutes,Defensive Midfield,21,0
a1ffa4ca50944bfef8d637ca7284a3b2,2013-10-19,2321126,3114,42,Jan Schlaudraff,substitutes,Right Winger,13,0
9fa8f96244c83b581ccf9ad430c4819e,2013-10-19,2321127,80,27,Tom Starke,substitutes,Goalkeeper,22,0
562c2f64b064fd6b36e94c1cfd191072,2013-10-19,2321127,532,27,Claudio Pizarro,substitutes,Centre-Forward,14,0
f7283607a68161ca05574876558f7292,2013-10-19,2321127,1139,39,Nikolce Noveski,starting_lineup,Centre-Back,4,1
febbeb7fe116a7cdc287ec4a5f845917,2013-10-19,2321127,1363,39,Christian Wetklo,starting_lineup,Goalkeeper,29,0
996cf9adbc02b29eb47f096b495eb0ce,2013-10-19,2321127,2219,27,Philipp Lahm,starting_lineup,Defensive Midfield,21,1
1c40f444de676415ed7e1d5ef851f873,2013-10-19,2321127,2514,27,Bastian Schweinsteiger,starting_lineup,Central Midfield,31,0
67edb51c29ecfccf8e8caf30ad760271,2013-10-19,2321128,1277,86,Clemens Fritz,starting_lineup,Right-Back,8,1
4244b85661021a8854df82ced9c79a0f,2013-10-18,2321129,691,15,Simon Rolfes,starting_lineup,Left Midfield,6,1
d9534eae544794c639eb05b2ea63b2bc,2013-10-18,2321129,3256,15,Roberto Hilbert,starting_lineup,Right-Back,14,0
cf2df2d7ee46d7c72f2be424c284192b,2013-10-20,2321130,1667,82,Diego Benaglio,starting_lineup,Goalkeeper,1,1
782044ac4cf3c1648b589ea50f606da7,2013-10-20,2321130,1791,167,Halil Altıntop,starting_lineup,Second Striker,7,0
77b11dc298d5b01524118f431236fcae,2013-10-20,2321130,2358,82,Patrick Ochs,starting_lineup,Right-Back,2,0
5f9996e31c7b07d4237806fd0991a01d,2013-10-20,2321131,1426,79,Cacau,substitutes,Centre-Forward,18,0
760ffd83f75467efd14184cc0ad507e7,2013-10-20,2321131,1726,41,Heiko Westermann,starting_lineup,Right-Back,4,0
5c021291b7d0f727e31377b181352bdb,2013-10-20,2321131,1784,41,René Adler,starting_lineup,Goalkeeper,15,0
87bb12f31a20ff0aa0caea3612a8c638,2013-10-19,2321132,1659,23,Dennis Kruppke,substitutes,Second Striker,32,0
2d426b7b1a6dd1e5f978dbe61c290a75,2013-10-19,2321132,1944,23,Deniz Dogan,starting_lineup,Centre-Back,8,1
94b5500acd1fe25c39ba06c53fb895a9,2013-10-19,2321133,1094,4,Emanuel Pogatetz,starting_lineup,Centre-Back,2,0
2a7e8e95076c9a67718b573cd2cb279a,2013-10-19,2321133,1150,4,Raphael Schäfer,starting_lineup,Goalkeeper,1,1
c6ab968ad8abf67dfbe5b1adc12530c2,2013-10-19,2321133,1565,24,Alexander Meier,starting_lineup,Second Striker,14,0
17456d9caf72fb44c16f5f6f8ef862df,2013-10-19,2321134,411,44,Levan Kobiashvili,starting_lineup,Central Midfield,3,0
e81cb63bf841e42f996b65a9deeca139,2013-10-19,2321134,568,18,Martin Stranzl,starting_lineup,Centre-Back,39,1
d04898221eddb04e82c24aecc3f5d451,2013-10-19,2321134,837,18,Thorben Marx,substitutes,Defensive Midfield,14,0
e6dd169304da9f74e1716ae5e0e71052,2013-10-19,2321134,1095,44,Peer Kluge,substitutes,Defensive Midfield,24,0
19bc9203a65d9f230c4d55fdb75b1e11,2013-10-19,2321134,1144,18,Christofer Heimeroth,substitutes,Goalkeeper,33,0
cefcf0608c17817bbf1bd7058e3e0abc,2013-10-26,2321135,80,27,Tom Starke,substitutes,Goalkeeper,22,0
c4e4acec2f066099e097c63de752b947,2013-10-26,2321135,411,44,Levan Kobiashvili,substitutes,Left Midfield,3,0
e7b2eb3b6963b9ed45108a1941331bed,2013-10-26,2321135,2219,27,Philipp Lahm,starting_lineup,Defensive Midfield,21,1
418f476e35d7c75a2719945ae7276e30,2013-10-26,2321135,2514,27,Bastian Schweinsteiger,starting_lineup,Central Midfield,31,0
7fd1f844a6fe4139ca0963c7f895b5b4,2013-10-26,2321136,26,16,Roman Weidenfeller,starting_lineup,Goalkeeper,1,1
83af4f3e4d4f9ea089e530310936387a,2013-10-26,2321136,598,33,Timo Hildebrand,starting_lineup,Goalkeeper,34,0
d279556404b8f837e2f638969a4e1bc5,2013-10-26,2321136,1321,33,Jermaine Jones,substitutes,Defensive Midfield,13,0
71b665076b66c001baae27eac6ec7a46,2013-10-26,2321136,2150,16,Oliver Kirch,substitutes,Defensive Midfield,21,0
2229235074b6c2b831bcc6607be3965b,2013-10-27,2321137,837,18,Thorben Marx,substitutes,Defensive Midfield,14,0
416e57d5fcc1efa6236ac3bceec7ae41,2013-10-27,2321137,1144,18,Christofer Heimeroth,substitutes,Goalkeeper,33,0
7da631353165564110587c874ea68ca1,2013-10-27,2321137,1565,24,Alexander Meier,starting_lineup,Attacking Midfield,14,0
9764c89ae808db3f1c2c353f83923281,2013-10-26,2321138,691,15,Simon Rolfes,starting_lineup,Defensive Midfield,6,1
16030a3a39b719994bfd17cc85b97561,2013-10-26,2321138,1791,167,Halil Altıntop,starting_lineup,Centre-Forward,7,0
61a83846635c74d58ee8f6ef5c79572b,2013-10-26,2321138,3256,15,Roberto Hilbert,substitutes,Right-Back,14,0
df3270aebf9392a28be1fbb4706a4c73,2013-10-25,2321139,1094,4,Emanuel Pogatetz,starting_lineup,Centre-Back,2,0
ae6aa13078d6d9a0564141695bec4b1c,2013-10-25,2321139,1150,4,Raphael Schäfer,starting_lineup,Goalkeeper,1,1
a73ffded08aced3d5bc841034695e284,2013-10-25,2321139,1426,79,Cacau,substitutes,Centre-Forward,18,0
0bed7f716490e85fe76a1c4d652cb865,2013-10-25,2321139,1986,4,Markus Feulner,substitutes,Central Midfield,7,0
b1cc2d30360456c8e00bda26237c8016,2013-10-26,2321140,1586,42,Christian Schulz,starting_lineup,Centre-Back,19,0
842d1a6a0685c9b6e2c3aea2c97b9d77,2013-10-26,2321140,3114,42,Jan Schlaudraff,substitutes,Second Striker,13,0
70ade48008da075909f9e0ba8cb6b683,2013-10-26,2321141,1277,86,Clemens Fritz,starting_lineup,Right-Back,8,1
88b84a5b53018052c1fc203c770b869c,2013-10-26,2321141,1667,82,Diego Benaglio,starting_lineup,Goalkeeper,1,1
ccc7e97c68ac4016cc32f062c5326ac8,2013-10-26,2321141,2358,82,Patrick Ochs,starting_lineup,Right-Back,2,0
32ed4535339cafc81d1c4fae512f1e5b,2013-10-27,2321142,1428,60,Mike Hanke,substitutes,Centre-Forward,9,0
e66fbb38c9683aa1bced6ec370dd9b90,2013-10-27,2321142,1726,41,Heiko Westermann,starting_lineup,Right-Back,4,0
5f11219098051167a04b8002ab92cc4f,2013-10-27,2321142,1784,41,René Adler,starting_lineup,Goalkeeper,15,0
46b323b4241364b3ef7b918b7bf520f1,2013-10-26,2321143,892,39,Heinz Müller,starting_lineup,Goalkeeper,33,0
8c73e874966f5da2bdb9e86f676a2c33,2013-10-26,2321143,1139,39,Nikolce Noveski,starting_lineup,Centre-Back,4,1
30e6e136031b4a8ca3162e0422da95aa,2013-10-26,2321143,1363,39,Christian Wetklo,substitutes,Goalkeeper,29,0
66fedfca4d339558e11b89372bb2946b,2013-10-26,2321143,1659,23,Dennis Kruppke,substitutes,Second Striker,32,0
251ba70534ad3afe962c0ad3f629c5af,2013-10-26,2321143,1944,23,Deniz Dogan,starting_lineup,Centre-Back,8,1
0d038e83899b1d9f75ccc50cfe7e3255,2013-11-01,2321144,26,16,Roman Weidenfeller,starting_lineup,Goalkeeper,1,1
24703c636c2c1560af25184293ae2969,2013-11-01,2321144,2150,16,Oliver Kirch,substitutes,Defensive Midfield,21,0
aaa48b062b59a9b7ff9c9e9fe7f080a6,2013-11-03,2321145,1277,86,Clemens Fritz,starting_lineup,Right-Back,8,1
27257347d4b7c4ffa4a6d0ed7e56bd42,2013-11-03,2321145,1586,42,Christian Schulz,starting_lineup,Centre-Back,19,0
ab705c556cf324287def4bf7fc690ef2,2013-11-03,2321145,3114,42,Jan Schlaudraff,substitutes,Second Striker,13,0
03c0fd77c10fb6fbf330fcb7d09b5af9,2013-11-02,2321146,1094,4,Emanuel Pogatetz,starting_lineup,Centre-Back,2,0
2b1804e664b76442392d8c16eff26fa9,2013-11-02,2321146,1150,4,Raphael Schäfer,starting_lineup,Goalkeeper,1,1
b716fbb481858a0b15caa46e3dbac88f,2013-11-02,2321146,1986,4,Markus Feulner,substitutes,Right Midfield,7,0
306087c426c044ee7b2cf734a38bb4a2,2013-11-02,2321147,80,27,Tom Starke,substitutes,Goalkeeper,22,0
d1c4a08dd9c1f51fe7415f8025ed2593,2013-11-02,2321147,2219,27,Philipp Lahm,starting_lineup,Right-Back,21,1
e0316c85ff29751b85a4387c60ea112a,2013-11-02,2321147,2514,27,Bastian Schweinsteiger,starting_lineup,Attacking Midfield,31,0
36cc46ff010310dec2e8e3ec8fe83f64,2013-11-03,2321148,892,39,Heinz Müller,starting_lineup,Goalkeeper,33,0
a55bbec6de26a0c1324f9063061864c7,2013-11-03,2321148,1139,39,Nikolce Noveski,starting_lineup,Centre-Back,4,1
1eb0407adeb6f86cc9b62894404a1944,2013-11-03,2321148,1363,39,Christian Wetklo,substitutes,Goalkeeper,29,0
42e1b5d09f6dc067831b068f32789cc9,2013-11-03,2321148,1791,167,Halil Altıntop,starting_lineup,Attacking Midfield,7,0
8c10f9012813509666f69c6b41f5ad24,2013-11-02,2321149,568,18,Martin Stranzl,starting_lineup,Centre-Back,39,1
048d27ba2f834647c8bb8190df25eea4,2013-11-02,2321149,837,18,Thorben Marx,substitutes,Defensive Midfield,14,0
b56d29e5aa93bcd82e2915728a241e0d,2013-11-02,2321149,1144,18,Christofer Heimeroth,substitutes,Goalkeeper,33,0
b3ad1e3681d2b3f5f1c977be9f5acada,2013-11-02,2321149,1726,41,Heiko Westermann,starting_lineup,Right-Back,4,0
16e62b2e4e7a3f365f218d968a760a10,2013-11-02,2321149,1784,41,René Adler,starting_lineup,Goalkeeper,15,0
fafc6e0f5f5fde6c849893caab025a5e,2013-11-02,2321150,691,15,Simon Rolfes,starting_lineup,Defensive Midfield,6,1
95138c70f2bed71288510fa4c90d178e,2013-11-02,2321150,1659,23,Dennis Kruppke,substitutes,Second Striker,32,0
d27d064678f1af27210e21899009b9f5,2013-11-02,2321150,1944,23,Deniz Dogan,starting_lineup,Centre-Back,8,1
b39570190dfd124f1b0dd3db457e1fbf,2013-11-02,2321150,3256,15,Roberto Hilbert,starting_lineup,Right-Back,14,0
5d0d5c98ec5f698f67013010da2a3ff5,2013-11-02,2321151,1565,24,Alexander Meier,starting_lineup,Centre-Forward,14,1
179b33ddcca81450505c8a1b1497ecb8,2013-11-02,2321151,1667,82,Diego Benaglio,starting_lineup,Goalkeeper,1,1
7ac344779ba453918003b439c53af35f,2013-11-02,2321151,2358,82,Patrick Ochs,starting_lineup,Right-Back,2,0
54feb0d9ca55ddbb3dc2a0af1b46dabe,2013-11-02,2321152,411,44,Levan Kobiashvili,substitutes,Left Midfield,3,0
68d8d0e975ac4c043627288da47ceda3,2013-11-02,2321152,598,33,Timo Hildebrand,starting_lineup,Goalkeeper,34,0
8f0c2199158313711559b7b0d90b912c,2013-11-02,2321152,1321,33,Jermaine Jones,substitutes,Defensive Midfield,13,0
44808ce28613da8b40c801e6702e92b6,2013-11-02,2321152,2334,44,Marcel Ndjeng,substitutes,Right Midfield,8,0
b2e1ec05d066222447dae6b900a41d17,2013-11-09,2321153,80,27,Tom Starke,substitutes,Goalkeeper,22,0
4e00fd4b77063cc5ad4ccce733f83da9,2013-11-09,2321153,1791,167,Halil Altıntop,starting_lineup,Centre-Forward,7,0
9fe4765080bc9429620a27d626770862,2013-11-09,2321153,2219,27,Philipp Lahm,starting_lineup,Defensive Midfield,21,1
b6c3df5427482e841b68599135596cf2,2013-11-09,2321154,598,33,Timo Hildebrand,starting_lineup,Goalkeeper,34,0
9939c1f7d00c680f669e74ceceb68601,2013-11-09,2321154,1277,86,Clemens Fritz,starting_lineup,Right-Back,8,1
42c221629cbc9a45830899e1fe12e704,2013-11-09,2321154,1321,33,Jermaine Jones,starting_lineup,Defensive Midfield,13,0
22e4a53dda5433081b24741d95ce1e9d,2013-11-09,2321155,568,18,Martin Stranzl,starting_lineup,Centre-Back,39,1
01fde905609fc81826d041b211337e11,2013-11-09,2321155,837,18,Thorben Marx,substitutes,Defensive Midfield,14,0
a390639b86050d533ef01247f3eb14cb,2013-11-09,2321155,1094,4,Emanuel Pogatetz,starting_lineup,Centre-Back,2,0
7f149096f80b80d6047b6f1e49b41c8c,2013-11-09,2321155,1144,18,Christofer Heimeroth,substitutes,Goalkeeper,33,0
738a6bb6e974e7576485d7d48661bb81,2013-11-09,2321155,1150,4,Raphael Schäfer,starting_lineup,Goalkeeper,1,1
dad8b2f2fb9b1c60633a2d9026b8a7ae,2013-11-09,2321155,1986,4,Markus Feulner,starting_lineup,Right Midfield,7,0
dcc42fff57179828631ba7333e51a637,2013-11-09,2321156,691,15,Simon Rolfes,starting_lineup,Central Midfield,6,1
330484a87b92e2d72efa1adf3554b855,2013-11-09,2321156,1726,41,Heiko Westermann,starting_lineup,Right-Back,4,0
035aed51177dcbff66535d7dc9d50c23,2013-11-09,2321156,1784,41,René Adler,starting_lineup,Goalkeeper,15,0
aef673fc93e26150ff2c8a6708992945,2013-11-09,2321156,3256,15,Roberto Hilbert,substitutes,Right-Back,14,0
da436da100518aef762b0b24c991dc18,2013-11-08,2321157,1335,42,Steven Cherundolo,substitutes,Right-Back,6,0
e0c76a5b99b8a21d4492d24134a49216,2013-11-08,2321157,1586,42,Christian Schulz,starting_lineup,Centre-Back,19,0
b76c1e19426008ea78f6557bbdde9d60,2013-11-08,2321157,1659,23,Dennis Kruppke,starting_lineup,Second Striker,32,1
4ee7dfe5f3beaabfd0ed2401f25601a7,2013-11-08,2321157,1944,23,Deniz Dogan,starting_lineup,Centre-Back,8,0
5a8dba8276143f5820840d1fc7ff1117,2013-11-08,2321157,3114,42,Jan Schlaudraff,substitutes,Right Winger,13,0
0fb239c88e6bbc3a20097fc758ef71db,2013-11-09,2321158,26,16,Roman Weidenfeller,starting_lineup,Goalkeeper,1,0
82244607b043aeb9d721abf4722e51b7,2013-11-09,2321158,410,16,Sebastian Kehl,substitutes,Defensive Midfield,5,0
8099da137805c0fcf8e4193cc545fb86,2013-11-09,2321158,1667,82,Diego Benaglio,starting_lineup,Goalkeeper,1,1
f0585bf14db3bd0e6fbb468eb70da107,2013-11-09,2321158,2358,82,Patrick Ochs,starting_lineup,Right-Back,2,0
0c4cbb7a258ffe11a87b6abd985bbc4b,2013-11-09,2321159,2334,44,Marcel Ndjeng,substitutes,Right Midfield,8,0
762fa775494ab3d9c2f57874480ecada,2013-11-10,2321160,1428,60,Mike Hanke,substitutes,Centre-Forward,9,0
5ef608e89b5c321639ad2cb5d73f317f,2013-11-10,2321161,1139,39,Nikolce Noveski,starting_lineup,Centre-Back,4,1
fc5de4c5815e7307f3d9c0f300794de5,2013-11-10,2321161,1565,24,Alexander Meier,starting_lineup,Attacking Midfield,14,0
47e4c34c1c5ec636d3465d73ff9f6c73,2013-11-23,2321162,26,16,Roman Weidenfeller,starting_lineup,Goalkeeper,1,1
2f89d97e533c1f5661a0bf9c8fb459c9,2013-11-23,2321162,80,27,Tom Starke,substitutes,Goalkeeper,22,0
c798bc98c03912f72b9113139ddf786e,2013-11-23,2321162,410,16,Sebastian Kehl,substitutes,Defensive Midfield,5,0
c1c2b624aeb6b356a39f350a34416491,2013-11-23,2321162,1073,16,Manuel Friedrich,starting_lineup,Centre-Back,2,0
5c214cb81fde760903f8b5809e5c60e7,2013-11-23,2321162,2219,27,Philipp Lahm,starting_lineup,Defensive Midfield,21,1
3a2cb6617bc3bc5c8b8a143f47adf410,2013-11-22,2321163,568,18,Martin Stranzl,starting_lineup,Centre-Back,39,1
28b5f8af98fa41376587375086ba9e1a,2013-11-22,2321163,1144,18,Christofer Heimeroth,substitutes,Goalkeeper,33,0
ff9a6fec261ba44fdf40f5e948587a68,2013-11-24,2321164,1139,39,Nikolce Noveski,starting_lineup,Centre-Back,4,1
d0d4aa5d22d9f1650b5e36da6ba8e96a,2013-11-24,2321164,1277,86,Clemens Fritz,starting_lineup,Right-Back,8,1
6b038a53ca9f478794aa5790799f8dbf,2013-11-23,2321165,1094,4,Emanuel Pogatetz,starting_lineup,Centre-Back,2,0
ba47cc8b0a74ddc9025d773e49849eb0,2013-11-23,2321165,1150,4,Raphael Schäfer,starting_lineup,Goalkeeper,1,1
2daf82c6d33a45b251ef0672312ed9ed,2013-11-23,2321165,1667,82,Diego Benaglio,starting_lineup,Goalkeeper,1,1
36fc0fc6f719a8c2659cce2d2ad15062,2013-11-23,2321165,1986,4,Markus Feulner,starting_lineup,Right Midfield,7,0
f4719b0bea905e039ab49130d090a44e,2013-11-23,2321165,2358,82,Patrick Ochs,starting_lineup,Right-Back,2,0
035647491a18a9621bffef6edb86a85f,2013-11-23,2321166,1791,167,Halil Altıntop,starting_lineup,Second Striker,7,0
6c5870951fddc7ae24aa69ac055a57ef,2013-11-24,2321167,1335,42,Steven Cherundolo,substitutes,Right-Back,6,0
0caf687d0ada4b70c6466be10e67100e,2013-11-24,2321167,1586,42,Christian Schulz,starting_lineup,Centre-Back,19,0
41eefced48f5792bb9f8fccab84474c3,2013-11-24,2321167,1726,41,Heiko Westermann,starting_lineup,Right-Back,4,0
5def3802329259a70d3403e304f01281,2013-11-24,2321167,1784,41,René Adler,starting_lineup,Goalkeeper,15,0
94e6ec28e7b545a6a487d9f1c06c9156,2013-11-24,2321167,3114,42,Jan Schlaudraff,starting_lineup,Second Striker,13,0
5bb9de7bb48d3b2468a2b1cd088e26e9,2013-11-23,2321168,1428,60,Mike Hanke,starting_lineup,Centre-Forward,9,0
4ca673c0c03402de133e3d054aee070d,2013-11-23,2321168,1944,23,Deniz Dogan,starting_lineup,Centre-Back,8,1
568cf46194de69dda17c9775b248bf17,2013-11-23,2321168,2386,23,Marjan Petkovic,substitutes,Goalkeeper,1,0
21d217ea203e90aa77d33d543c93d9ed,2013-11-23,2321169,598,33,Timo Hildebrand,starting_lineup,Goalkeeper,34,0
e38b0685fd5d35b1231d3ff473bd7224,2013-11-23,2321169,1321,33,Jermaine Jones,starting_lineup,Defensive Midfield,13,0
d18a56ae0a993f709bf2e128c8d3f6e2,2013-11-23,2321170,691,15,Simon Rolfes,starting_lineup,Defensive Midfield,6,1
45c1c7ee1a9fb47af7b741a22d462984,2013-11-23,2321170,2334,44,Marcel Ndjeng,substitutes,Right Midfield,8,0
880ba92b4c176c55a797cf0a421ed11b,2013-11-30,2321171,80,27,Tom Starke,substitutes,Goalkeeper,22,0
92fe7813ae0f70d53375d120b1444806,2013-11-30,2321171,1944,23,Deniz Dogan,starting_lineup,Centre-Back,8,1
57412e473111a7b4169be91a497c1cb6,2013-11-30,2321171,2386,23,Marjan Petkovic,substitutes,Goalkeeper,1,0
f1d9db7c381dfb73a0221ab448748337,2013-11-30,2321172,1321,33,Jermaine Jones,starting_lineup,Defensive Midfield,13,0
983aa9214e52acedee7c40f3232fcb90,2013-12-01,2321173,568,18,Martin Stranzl,starting_lineup,Centre-Back,39,1
dcd18c34ac78370ea3fb4ff44bb083c9,2013-12-01,2321173,1144,18,Christofer Heimeroth,substitutes,Goalkeeper,33,0
1685053d675e6ea9a05d353fe0df924b,2013-12-01,2321173,1428,60,Mike Hanke,starting_lineup,Centre-Forward,9,0
ec086f356193ee17a243db2412b0c090,2013-11-30,2321174,691,15,Simon Rolfes,starting_lineup,Defensive Midfield,6,1
21f7b9cd2819d1f7ea9fdad82eb72f57,2013-11-30,2321174,1094,4,Emanuel Pogatetz,starting_lineup,Centre-Back,2,0
6c448466d8bff1f5d90fd2990466e4f0,2013-11-30,2321174,1150,4,Raphael Schäfer,starting_lineup,Goalkeeper,1,1
9d01bb777cb5945cb510325ed7045604,2013-11-30,2321174,1986,4,Markus Feulner,starting_lineup,Right Midfield,7,0
8292666f14969b230a031ac9f32df33d,2013-12-01,2321175,1335,42,Steven Cherundolo,substitutes,Right-Back,6,0
f79cbf6df76396b119ad7ba799a3cf70,2013-12-01,2321175,1586,42,Christian Schulz,starting_lineup,Centre-Back,19,0
b73b70b734eff0ce14fbf2721ea062c2,2013-12-01,2321175,3114,42,Jan Schlaudraff,substitutes,Second Striker,13,0
7addb6423b27436c87a408edc7d5caf0,2013-11-29,2321176,1667,82,Diego Benaglio,starting_lineup,Goalkeeper,1,1
2b33259d0cd383288e930b52b40c2f89,2013-11-29,2321176,1726,41,Heiko Westermann,starting_lineup,Right-Back,4,0
2d2fcc5e7ff4aebba26273cfff55eaed,2013-11-29,2321176,1784,41,René Adler,starting_lineup,Goalkeeper,15,1
a1d0307fa03508b9b4ba36c4743ace4e,2013-11-29,2321176,2358,82,Patrick Ochs,starting_lineup,Right-Back,2,0
b4cca85aecc054e0aebec1f3850f26ae,2013-11-30,2321177,1277,86,Clemens Fritz,starting_lineup,Defensive Midfield,8,1
4fc5f0276ec0195a28141d5237fa8769,2013-11-30,2321178,26,16,Roman Weidenfeller,starting_lineup,Goalkeeper,1,1
291fa02f891809977c97964cf967fa44,2013-11-30,2321178,410,16,Sebastian Kehl,substitutes,Defensive Midfield,5,0
692644b6e223f6cac920899cbd2fd4b4,2013-11-30,2321178,1073,16,Manuel Friedrich,starting_lineup,Centre-Back,2,0
87c15716b1731973e8b56686568b2e80,2013-11-30,2321178,1139,39,Nikolce Noveski,starting_lineup,Centre-Back,4,1
12abb283a62351665f1b86d61d375320,2013-11-30,2321178,2150,16,Oliver Kirch,substitutes,Defensive Midfield,21,0
fe380e2581155a37edf5338d8975d3a0,2013-11-30,2321179,1791,167,Halil Altıntop,starting_lineup,Centre-Forward,7,0
089e667f567dc0c1cab33ca0e1b061d2,2013-11-30,2321179,2334,44,Marcel Ndjeng,starting_lineup,Right Midfield,8,0
54cb7ef0e51156d74667a7ff8ef7a993,2013-12-07,2321181,26,16,Roman Weidenfeller,starting_lineup,Goalkeeper,1,1
a87d870c2e15cf58c97cda0c66bbad79,2013-12-07,2321181,410,16,Sebastian Kehl,substitutes,Defensive Midfield,5,0
30c7f843020d6105b605d1ea01d0a10d,2013-12-07,2321181,691,15,Simon Rolfes,starting_lineup,Defensive Midfield,6,1
5ed2338303209da0ef0625a109c2450c,2013-12-07,2321181,1073,16,Manuel Friedrich,starting_lineup,Centre-Back,2,0
fd93b97275a651b007431cfc59e0879e,2013-12-07,2321181,2150,16,Oliver Kirch,substitutes,Defensive Midfield,21,0
3ff1151a628756affaf84bca8955c052,2013-12-07,2321182,568,18,Martin Stranzl,starting_lineup,Centre-Back,39,1
5c806613b435582b5528af53f064d087,2013-12-07,2321182,598,33,Timo Hildebrand,substitutes,Goalkeeper,34,0
0645b6c17702d0541e726bc764761295,2013-12-07,2321182,1144,18,Christofer Heimeroth,substitutes,Goalkeeper,33,0
ff14e2cc47765bfd6e5a746a1f207b73,2013-12-07,2321182,1321,33,Jermaine Jones,substitutes,Defensive Midfield,13,0
77f1a2775747bf355c58c6d65db1d5a3,2013-12-07,2321183,1335,42,Steven Cherundolo,substitutes,Right-Back,6,0
69d285384db41ceac2bac19e14286ea4,2013-12-07,2321183,2805,42,Christian Pander,substitutes,Left-Back,24,0
f1635f1341d7669a6a830b90cbcd8081,2013-12-07,2321183,3114,42,Jan Schlaudraff,substitutes,Second Striker,13,0
eceb9a9144c5017aeb9b01c0b89f216b,2013-12-07,2321184,80,27,Tom Starke,substitutes,Goalkeeper,22,0
2dd180626719b3d472f73f3073d32c64,2013-12-07,2321184,532,27,Claudio Pizarro,substitutes,Second Striker,14,0
c2fb1b88a67206c3f3afa63d11d54cc9,2013-12-07,2321184,1277,86,Clemens Fritz,starting_lineup,Defensive Midfield,8,1
8d32fb0179b3840c54db97e88ff775ff,2013-12-06,2321185,1094,4,Emanuel Pogatetz,starting_lineup,Centre-Back,2,0
f7d4f6cb5cd23f2713d1c3e88ccbd045,2013-12-06,2321185,1139,39,Nikolce Noveski,starting_lineup,Centre-Back,4,1
3b82a836d826ab07d62e18417f64d3e5,2013-12-06,2321185,1150,4,Raphael Schäfer,starting_lineup,Goalkeeper,1,1
0f35c2595b9dd93fed488a0eaeb24d0d,2013-12-06,2321185,1986,4,Markus Feulner,substitutes,Right-Back,7,0
5bc5ca8ede04bb68ceaf12295c174cf9,2013-12-08,2321186,1428,60,Mike Hanke,substitutes,Centre-Forward,9,0
1b6f251b55da610683335b9d9585dc53,2013-12-08,2321186,1667,82,Diego Benaglio,starting_lineup,Goalkeeper,1,1
8f8c15a8e6265430e4b1b4d519f2f2df,2013-12-08,2321186,2358,82,Patrick Ochs,starting_lineup,Right-Back,2,0
f02c6e55779e983f3d3697b4c3e6c800,2013-12-07,2321187,1784,41,René Adler,starting_lineup,Goalkeeper,15,0
acd62b5fae1255b6204a42c64dfa952e,2013-12-07,2321187,1791,167,Halil Altıntop,starting_lineup,Attacking Midfield,7,0
a4387a3ea276e5666d9514bc9185b28b,2013-12-08,2321188,411,44,Levan Kobiashvili,substitutes,Left Midfield,3,0
0be9f83c09ab86ec03e17900a54cfb4b,2013-12-08,2321188,1944,23,Deniz Dogan,starting_lineup,Centre-Back,8,1
1c7479a01a73e9c98ab969e173c9c2ad,2013-12-08,2321188,2334,44,Marcel Ndjeng,starting_lineup,Right-Back,8,0
dc83ab02b05131e575008363d88864bf,2013-12-08,2321188,2386,23,Marjan Petkovic,substitutes,Goalkeeper,1,0
415bae6ef0d5c13fc48c0dd337113dbc,2013-12-14,2321190,80,27,Tom Starke,substitutes,Goalkeeper,22,0
b7ae52b16c0d0f793d760380aa6b8122,2013-12-14,2321190,532,27,Claudio Pizarro,substitutes,Centre-Forward,14,0
4b3e5728394222e03d004f96274b750b,2013-12-14,2321190,2219,27,Philipp Lahm,starting_lineup,Defensive Midfield,21,1
cc548427bd1df4d3cc4bc7122488f641,2013-12-15,2321191,598,33,Timo Hildebrand,substitutes,Goalkeeper,34,0
6f26b27f6360579ad5b8255db2c088a7,2013-12-15,2321191,1321,33,Jermaine Jones,substitutes,Defensive Midfield,13,0
d1f350f7852be5876cd8e4399dac844e,2013-12-15,2321191,1428,60,Mike Hanke,substitutes,Centre-Forward,9,0
0cd79028a8506240e42452f1e65d98a0,2013-12-15,2321192,691,15,Simon Rolfes,starting_lineup,Defensive Midfield,6,1
91c573991edf3864bda0db37ba53b8ec,2013-12-14,2321193,1094,4,Emanuel Pogatetz,starting_lineup,Centre-Back,2,0
e682b60e6ccdf7b24999f6c72296a14d,2013-12-14,2321193,1150,4,Raphael Schäfer,starting_lineup,Goalkeeper,1,1
885bee2b95d7a9331f06462bb4f71a0e,2013-12-14,2321193,1335,42,Steven Cherundolo,substitutes,Right-Back,6,0
48483dae41b449189363ed09d9c46b40,2013-12-14,2321193,1986,4,Markus Feulner,substitutes,Right Midfield,7,0
da36fcea646c1c5497bd17494f8628ba,2013-12-14,2321193,2805,42,Christian Pander,substitutes,Left-Back,24,0
5f5a67458c52a76ba81328c4939bf1db,2013-12-14,2321194,1667,82,Diego Benaglio,starting_lineup,Goalkeeper,1,1
039ee2432b594ba4a3d036f3a18a33d1,2013-12-14,2321194,2358,82,Patrick Ochs,starting_lineup,Right-Back,2,0
e116983f71f332cea78472a63c620206,2013-12-14,2321195,26,16,Roman Weidenfeller,substitutes,Goalkeeper,1,0
b0efbc42f49eac2bb0237196983081f7,2013-12-14,2321195,410,16,Sebastian Kehl,starting_lineup,Defensive Midfield,5,1
3d40dc2fa7d48304376cd3faec84b8db,2013-12-14,2321195,1073,16,Manuel Friedrich,starting_lineup,Centre-Back,2,0
97e4dd944790f9dea56624f1fc045849,2013-12-14,2321195,2150,16,Oliver Kirch,substitutes,Defensive Midfield,21,0
5bdcef05e79c74f3e269650717c122af,2013-12-14,2321196,568,18,Martin Stranzl,starting_lineup,Centre-Back,39,1
a3ab0c1d21c17e33c8efa66e90bc4b42,2013-12-14,2321196,1139,39,Nikolce Noveski,starting_lineup,Centre-Back,4,1
86815987d148313dbcae129b23380515,2013-12-14,2321196,1144,18,Christofer Heimeroth,substitutes,Goalkeeper,33,0
7fd2c4fe03ece82b12058f09128b5f10,2013-12-14,2321196,1363,39,Christian Wetklo,substitutes,Goalkeeper,29,0
b42a8940161762bf870319f6b97e9b09,2013-12-14,2321197,1659,23,Dennis Kruppke,substitutes,Second Striker,32,0
1c587efdcb89969f2af862b0bcde693a,2013-12-14,2321197,1791,167,Halil Altıntop,starting_lineup,Centre-Forward,7,0
052304c69c4b11fbdc82a327d76ad042,2013-12-14,2321197,2386,23,Marjan Petkovic,substitutes,Goalkeeper,1,0
c8890e48771059f7e960f5d7808a0ff0,2013-12-21,2321199,26,16,Roman Weidenfeller,starting_lineup,Goalkeeper,1,0
1514970140436d2b4ee33e9e5fe9f744,2013-12-21,2321199,410,16,Sebastian Kehl,starting_lineup,Defensive Midfield,5,1
d4fbe5b5a029ebd1bb29cf778a499a0a,2013-12-21,2321199,411,44,Levan Kobiashvili,starting_lineup,Centre-Back,3,0
98a96ca97dd59492c13f3f49755ffc98,2013-12-21,2321199,1073,16,Manuel Friedrich,substitutes,Centre-Back,2,0
74968be502c4800a8de29a4da7900665,2013-12-21,2321199,1095,44,Peer Kluge,substitutes,Defensive Midfield,24,0
ac2f54b13b4afc7a50c6b31af2b2f58d,2013-12-21,2321199,2150,16,Oliver Kirch,substitutes,Defensive Midfield,21,0
41a4ca02a8a1ca913fd707882af44294,2013-12-21,2321199,2334,44,Marcel Ndjeng,starting_lineup,Right-Back,8,0
4e16f4411653b87470cdcbb36047cfe6,2013-12-22,2321200,568,18,Martin Stranzl,starting_lineup,Centre-Back,39,1
a1c49d3567707fb345be537c7e71e42f,2013-12-22,2321200,837,18,Thorben Marx,substitutes,Defensive Midfield,14,0
751dea9df0695341c5b9f6a2c9a70401,2013-12-22,2321200,1144,18,Christofer Heimeroth,substitutes,Goalkeeper,33,0
c0d293481ddf7c2f6f6385a31f8146c1,2013-12-22,2321200,1667,82,Diego Benaglio,starting_lineup,Goalkeeper,1,1
6ba03be1e126e70511c2269beffe45fb,2013-12-22,2321200,2358,82,Patrick Ochs,starting_lineup,Right-Back,2,0
0d4774cb3d54e68ebf8c7404329a03b5,2014-01-29,2321201,80,27,Tom Starke,substitutes,Goalkeeper,22,0
dbdd26b93d20d3d6af69c5efa5b91ed4,2014-01-29,2321201,532,27,Claudio Pizarro,substitutes,Centre-Forward,14,0
6f9231b34b60965c43bd2c8c7df9998a,2014-01-29,2321201,2219,27,Philipp Lahm,starting_lineup,Defensive Midfield,21,1
ba4399fbe4dcc01edefb90fa5bc5a56a,2013-12-21,2321202,691,15,Simon Rolfes,starting_lineup,Defensive Midfield,6,1
5bf15151f0764a7a561709ff95e1970a,2013-12-21,2321203,598,33,Timo Hildebrand,substitutes,Goalkeeper,34,0
dfc1618ac1a9bc6221431255cb3c4644,2013-12-21,2321203,823,4,Hanno Balitsch,substitutes,Defensive Midfield,5,0
8d877f09b445ff17c27c95279ccb0314,2013-12-21,2321203,1150,4,Raphael Schäfer,starting_lineup,Goalkeeper,1,1
dc9648877d971086b6c52bfc1c07b545,2013-12-21,2321203,1321,33,Jermaine Jones,starting_lineup,Defensive Midfield,13,0
5d67d0acdc0092a2a61aea12206e027b,2013-12-21,2321203,1986,4,Markus Feulner,substitutes,Central Midfield,7,0
ea432686497fb855c7fe3df3ad69b31c,2013-12-21,2321204,1335,42,Steven Cherundolo,starting_lineup,Right-Back,6,1
dffdaff05fcc90fa5542522be3fed8dc,2013-12-21,2321204,1428,60,Mike Hanke,substitutes,Centre-Forward,9,0
9fd67e77fac2a3952e87f9107571637a,2013-12-21,2321204,2805,42,Christian Pander,substitutes,Left-Back,24,0
035b4df37214d673c45722cdcf727410,2013-12-21,2321204,3114,42,Jan Schlaudraff,substitutes,Right Winger,13,0
b055b8bdb18dd87225b2e0fd5c392f55,2013-12-21,2321205,1139,39,Nikolce Noveski,starting_lineup,Centre-Back,4,1
b1a0e91c731e186347cfb18928ed4647,2013-12-21,2321205,1363,39,Christian Wetklo,substitutes,Goalkeeper,29,0
bc8a1b26bbf2dfe166dc94bd217eec20,2013-12-21,2321206,1659,23,Dennis Kruppke,substitutes,Second Striker,32,0
3609e737b3474692a07acb0164dcaf30,2013-12-21,2321206,1944,23,Deniz Dogan,starting_lineup,Centre-Back,8,1
9eed32e52c08397f29a508a959a51390,2013-12-21,2321206,2386,23,Marjan Petkovic,substitutes,Goalkeeper,1,0
5521d1bb597ea7ee616419db20102c7b,2013-12-20,2321207,1565,24,Alexander Meier,substitutes,Second Striker,14,0
1b311d9dcd7fab1c5f94d985576a1d0a,2013-12-20,2321207,1791,167,Halil Altıntop,starting_lineup,Attacking Midfield,7,0
993ebb00f428a99a4d84c14c3c7f8a1b,2014-01-25,2321208,26,16,Roman Weidenfeller,starting_lineup,Goalkeeper,1,0
9df6dc75482101c43791a8d2d05c168e,2014-01-25,2321208,410,16,Sebastian Kehl,starting_lineup,Defensive Midfield,5,1
94e3d57e46e443982b56f62a94e135f4,2014-01-25,2321208,1791,167,Halil Altıntop,starting_lineup,Second Striker,7,0
eeba0c69011b2e6260e48b3e2c0017c6,2014-01-25,2321208,2150,16,Oliver Kirch,substitutes,Defensive Midfield,21,0
dc4a9e8c56589cad9e1b19ca04f2588d,2014-01-24,2321209,80,27,Tom Starke,substitutes,Goalkeeper,22,0
8c952123cfbbd76d0e6e8add51a084f5,2014-01-24,2321209,532,27,Claudio Pizarro,substitutes,Centre-Forward,14,0
eb7f8d4bdab4019c201f96a863f43410,2014-01-24,2321209,568,18,Martin Stranzl,starting_lineup,Centre-Back,39,1
e0c0f5e99071424403b6ba6ec870d69c,2014-01-24,2321209,1144,18,Christofer Heimeroth,substitutes,Goalkeeper,33,0
01196bacaa8cf4bad22a99768ed1a6fd,2014-01-24,2321209,2219,27,Philipp Lahm,starting_lineup,Defensive Midfield,21,1
34ac15e974b3d3ba8ca83297eb9d9d94,2014-01-25,2321210,1139,39,Nikolce Noveski,starting_lineup,Centre-Back,4,0
21160b21aebba713779435b4b2947e60,2014-01-25,2321211,1586,42,Christian Schulz,starting_lineup,Left-Back,19,0
d516f6576c3f562871d1b93d5490d58b,2014-01-25,2321211,1667,82,Diego Benaglio,starting_lineup,Goalkeeper,1,1
f42cb6cfb536cb34385507e097dfd787,2014-01-25,2321211,3114,42,Jan Schlaudraff,substitutes,Second Striker,13,0
26abf1905e10dbaff94afc8115c5dbb6,2014-01-26,2321212,1944,23,Deniz Dogan,starting_lineup,Centre-Back,8,1
40d69417c7037e616377aab01d6ef730,2014-01-26,2321212,2386,23,Marjan Petkovic,substitutes,Goalkeeper,1,0
9022b8c3d20b72189fa318bf62c2a8e8,2014-01-25,2321213,823,4,Hanno Balitsch,substitutes,Defensive Midfield,5,0
4a07b4c5621169c9245dea003d731437,2014-01-25,2321213,1150,4,Raphael Schäfer,starting_lineup,Goalkeeper,1,1
60d932b032c1d292331d457bf1bc12bd,2014-01-25,2321213,1986,4,Markus Feulner,starting_lineup,Central Midfield,7,0
bcb98f3510746beb0b0ca50c38ad3236,2014-01-25,2321214,691,15,Simon Rolfes,starting_lineup,Defensive Midfield,6,1
7f6a14dd0ecf5ccd9d8933adf1b988f7,2014-01-25,2321214,1428,60,Mike Hanke,substitutes,Centre-Forward,9,0
c8b60e762a001e036a726c014251c027,2014-01-25,2321214,3256,15,Roberto Hilbert,substitutes,Right-Back,14,0
9ad9fff89b24d49c7cb323c4f0da22b4,2014-01-26,2321215,598,33,Timo Hildebrand,substitutes,Goalkeeper,34,0
8e160f24d705101265cbf7055ce8453c,2014-01-26,2321215,1726,41,Heiko Westermann,starting_lineup,Centre-Back,4,0
f3c479cf708d975b41df973427db5ae7,2014-01-25,2321216,411,44,Levan Kobiashvili,substitutes,Defensive Midfield,3,0
d18111dc82e20be9c8ebd195a3e7e22c,2014-01-25,2321216,1565,24,Alexander Meier,starting_lineup,Centre-Forward,14,0
f8be6e7a4bf036686a3f0704ce49e0a2,2014-01-25,2321216,2334,44,Marcel Ndjeng,substitutes,Right Midfield,8,0
aaa38047500a6f17e70de75e8863f63f,2014-01-25,2321216,2767,24,Alexander Madlung,substitutes,Centre-Back,39,0
fae18adbce3dcc2907ddc13811943f4d,2014-02-02,2321217,80,27,Tom Starke,substitutes,Goalkeeper,22,0
2994f621ae3f207c1b6c57c878722a9d,2014-02-02,2321217,532,27,Claudio Pizarro,substitutes,Second Striker,14,0
1453f15c5913347fe926b49d39da85de,2014-02-02,2321217,1565,24,Alexander Meier,starting_lineup,Attacking Midfield,14,0
15d73f401a5289ba7837fe25052b3ab1,2014-02-02,2321217,2219,27,Philipp Lahm,starting_lineup,Defensive Midfield,21,1
32d1f1ae45da6e538d9b2bcebdbb251a,2014-02-02,2321217,2767,24,Alexander Madlung,starting_lineup,Centre-Back,39,0
1f691d1c34e57e5b7b80664c69c6647e,2014-02-01,2321218,598,33,Timo Hildebrand,substitutes,Goalkeeper,34,0
01fdf0b86a720609b6c0265d1b159885,2014-02-01,2321218,1667,82,Diego Benaglio,starting_lineup,Goalkeeper,1,1
500042074562351be9ecbec2916ab34b,2014-02-01,2321218,2358,82,Patrick Ochs,starting_lineup,Right-Back,2,0
2c3a20901f8693d9c7445534144ade22,2014-02-01,2321219,691,15,Simon Rolfes,starting_lineup,Defensive Midfield,6,1
820e7a29c804786bd770d30d4ee73811,2014-02-01,2321219,1426,79,Cacau,substitutes,Right Winger,18,0
5968a5d5814fe367aeee3e109e62f4af,2014-02-01,2321219,3256,15,Roberto Hilbert,starting_lineup,Right-Back,14,0
7411ff0cd7d33b7969ffba692a353c5e,2014-02-01,2321220,568,18,Martin Stranzl,starting_lineup,Centre-Back,39,1
ad30910d65fe48d58924765855cd8d29,2014-02-01,2321220,1144,18,Christofer Heimeroth,substitutes,Goalkeeper,33,0
5f01788f09e84634302eb65426b1f1f0,2014-02-01,2321220,1586,42,Christian Schulz,starting_lineup,Left-Back,19,0
ba8b9ea5790d6955cd0b4e570caddaaa,2014-02-01,2321220,3114,42,Jan Schlaudraff,substitutes,Second Striker,13,0
e6fd0553c3122f08753abdf01e4a6169,2014-02-01,2321222,1139,39,Nikolce Noveski,starting_lineup,Centre-Back,4,1
33982c82838d0e76288465b75d2ccf3b,2014-02-01,2321222,1428,60,Mike Hanke,substitutes,Centre-Forward,9,0
a0ab91014bbaf1a790831ba8e1c823bf,2014-02-01,2321223,1791,167,Halil Altıntop,starting_lineup,Centre-Forward,7,0
e339997883a7278d303dde7d28e89c63,2014-01-31,2321224,26,16,Roman Weidenfeller,starting_lineup,Goalkeeper,1,1
6ea375d6cd17fff87331ea3e738b1e16,2014-01-31,2321224,410,16,Sebastian Kehl,substitutes,Defensive Midfield,5,0
674c502e1dfdc89a2e665116d1ed12a5,2014-01-31,2321224,1944,23,Deniz Dogan,starting_lineup,Centre-Back,8,1
e67639a3aabf7c0c0c85fd0addc00e41,2014-01-31,2321224,2386,23,Marjan Petkovic,substitutes,Goalkeeper,1,0
623c6a19d0e4157204f17244572746cf,2014-02-02,2321225,411,44,Levan Kobiashvili,substitutes,Left Midfield,3,0
23c4f0c437f8c1cb1c7f24c9c9adcbb6,2014-02-02,2321225,1150,4,Raphael Schäfer,starting_lineup,Goalkeeper,1,1
c503c9e4d3376739a0b28133bd60ad83,2014-02-02,2321225,1986,4,Markus Feulner,starting_lineup,Central Midfield,7,0
f8d75a62b1e2a733e3515d03ed40bd46,2014-02-02,2321225,2334,44,Marcel Ndjeng,starting_lineup,Right-Back,8,0
44d749ed2a512b4024e3bc7399831b91,2014-02-09,2321226,598,33,Timo Hildebrand,substitutes,Goalkeeper,34,0
da85231f60c8e2b4b7fe0f2a347a5492,2014-02-09,2321226,1586,42,Christian Schulz,starting_lineup,Left-Back,19,0
dd53c66863657690be8641f138097b6c,2014-02-09,2321226,3114,42,Jan Schlaudraff,substitutes,Right Winger,13,0
4da699f8744535eb01316b0e6987d708,2014-02-07,2321227,568,18,Martin Stranzl,starting_lineup,Centre-Back,39,1
f000c60fb81b2bc2b00819e68b0b3009,2014-02-07,2321227,691,15,Simon Rolfes,starting_lineup,Defensive Midfield,6,1
2c9f971ca966d73dab188cc5d88a92ba,2014-02-07,2321227,1144,18,Christofer Heimeroth,substitutes,Goalkeeper,33,0
9cd68d4547530bc4a2e3d45114d29deb,2014-02-07,2321227,3256,15,Roberto Hilbert,starting_lineup,Right-Back,14,0
71223e15213e45aaa70367c05e9d20e1,2014-02-09,2321228,1426,79,Cacau,substitutes,Second Striker,18,0
8cb57a90401c82f93f8b3e2dcbbdf849,2014-02-09,2321228,1791,167,Halil Altıntop,starting_lineup,Second Striker,7,0
0063cd3f042e5cf2f939e4e30d077e1b,2014-02-08,2321229,1667,82,Diego Benaglio,starting_lineup,Goalkeeper,1,1
1e6d32ae3774a51cb0b46256c684a15b,2014-02-08,2321229,2358,82,Patrick Ochs,starting_lineup,Right-Back,2,0
cfe5e4b9d8b70c697260e1c7c337ea65,2014-02-08,2321230,26,16,Roman Weidenfeller,starting_lineup,Goalkeeper,1,1
0db80badb374cf94e7ebde18a80d6d1c,2014-02-08,2321230,410,16,Sebastian Kehl,substitutes,Defensive Midfield,5,0
b703f6180f7c45dec81c89c0cbd76ced,2014-02-08,2321230,1073,16,Manuel Friedrich,starting_lineup,Centre-Back,2,0
593ee52f0b30af9fff75bb42ead23d9d,2014-02-08,2321231,80,27,Tom Starke,substitutes,Goalkeeper,22,0
919b0281e8fadfccc750e04975a23c90,2014-02-08,2321231,532,27,Claudio Pizarro,substitutes,Centre-Forward,14,0
e715a51d90a158333d7518efbe96254c,2014-02-08,2321231,1150,4,Raphael Schäfer,starting_lineup,Goalkeeper,1,1
bfc731404e83c41ad9eca8bfc23e320c,2014-02-08,2321231,1986,4,Markus Feulner,starting_lineup,Central Midfield,7,0
cf6c3f9f22f43d387bd6bda9d7b6f52a,2014-02-08,2321231,2219,27,Philipp Lahm,starting_lineup,Defensive Midfield,21,1
fc9e97e7841688fdd1bb999c7f6021fc,2014-02-08,2321232,1428,60,Mike Hanke,substitutes,Centre-Forward,9,0
400e070ef1e5a107153535a981cba7f4,2014-02-08,2321233,411,44,Levan Kobiashvili,starting_lineup,Centre-Back,3,1
8f1d82b144bc978d348af60a34f243a2,2014-02-08,2321233,1726,41,Heiko Westermann,starting_lineup,Centre-Back,4,0
01f6ceafc4a842db09fe70ba63cfd8a3,2014-02-08,2321233,1784,41,René Adler,starting_lineup,Goalkeeper,15,0
bbac5b223b2ce32b47ddffe30d976920,2014-02-08,2321233,2334,44,Marcel Ndjeng,starting_lineup,Right-Back,8,0
f987a3285fcc5caab98ad32dbcf28efd,2014-02-08,2321234,1565,24,Alexander Meier,starting_lineup,Attacking Midfield,14,0
6364114ad1f72a0780c575693161cca2,2014-02-08,2321234,1944,23,Deniz Dogan,starting_lineup,Centre-Back,8,1
9b0205d120e5c1fb7bad80e9e4ce15fa,2014-02-08,2321234,2386,23,Marjan Petkovic,substitutes,Goalkeeper,1,0
2c822cbbf5f9a9ea6b2e90a80e9adedb,2014-02-08,2321234,2767,24,Alexander Madlung,substitutes,Centre-Back,39,0
3519e018c5b06b4d9f525a45e86324d5,2014-02-15,2321235,26,16,Roman Weidenfeller,starting_lineup,Goalkeeper,1,0
bda8079e4e3dc043e753c0835c1d62ba,2014-02-15,2321235,410,16,Sebastian Kehl,starting_lineup,Defensive Midfield,5,1
e84628b49a254292ed4c96ed78749638,2014-02-15,2321235,1073,16,Manuel Friedrich,starting_lineup,Centre-Back,2,0
faaf081e5248637e8bf389e24aa62f89,2014-02-15,2321235,1565,24,Alexander Meier,starting_lineup,Attacking Midfield,14,1
56931d398ea428580773a6060c635a79,2014-02-15,2321235,2767,24,Alexander Madlung,starting_lineup,Centre-Back,39,0
d2570dce3c65aad8c0a766f194a3d975,2014-02-15,2321236,80,27,Tom Starke,substitutes,Goalkeeper,22,0
b148addf0282ecb4eb225b346a83f50f,2014-02-15,2321236,532,27,Claudio Pizarro,starting_lineup,Centre-Forward,14,0
86ce856994e3c96bcc5f82c701bab951,2014-02-15,2321236,1428,60,Mike Hanke,substitutes,Centre-Forward,9,0
6807521361b18ac5e0ff0b5deedcdea7,2014-02-15,2321236,2219,27,Philipp Lahm,starting_lineup,Defensive Midfield,21,1
e19c05028c71d0c8ea8e1e4527a5fa96,2014-02-15,2321236,2514,27,Bastian Schweinsteiger,substitutes,Defensive Midfield,31,0
94b5216ce917dc0d142343e0d09139c4,2014-02-15,2321237,598,33,Timo Hildebrand,substitutes,Goalkeeper,34,0
c17d67e784d12deee69782598987c15c,2014-02-15,2321237,691,15,Simon Rolfes,starting_lineup,Defensive Midfield,6,1
e10081cf0bf64d4a1496584e7f3a5098,2014-02-15,2321237,3256,15,Roberto Hilbert,starting_lineup,Right-Back,14,0
da4509528e8131859c16b38d7d7b8f66,2014-02-15,2321238,568,18,Martin Stranzl,starting_lineup,Centre-Back,39,1
afe0547573056a277655718f1801ba3a,2014-02-15,2321238,1144,18,Christofer Heimeroth,substitutes,Goalkeeper,33,0
a6cf16a76537365e6e46b5c2da9b12b2,2014-02-15,2321239,1426,79,Cacau,substitutes,Centre-Forward,18,0
01baeb649dca5ab37d42f79edb33adf8,2014-02-14,2321240,1139,39,Nikolce Noveski,starting_lineup,Centre-Back,4,1
57efc4df6351e2fe94ad1da0b79492a3,2014-02-14,2321240,1586,42,Christian Schulz,starting_lineup,Left-Back,19,0
e71473e8bedf4391b76f1f529d4310ed,2014-02-14,2321240,3114,42,Jan Schlaudraff,substitutes,Left Midfield,13,0
ac27ebb43eee6beaa63a25228a24a65b,2014-02-16,2321241,1094,4,Emanuel Pogatetz,substitutes,Centre-Back,2,0
f27486604774c696d55d310975989dc3,2014-02-16,2321241,1150,4,Raphael Schäfer,starting_lineup,Goalkeeper,1,1
d25d8c9a1670ef0ccf8cdfe61d17a276,2014-02-16,2321241,1791,167,Halil Altıntop,starting_lineup,Attacking Midfield,7,0
43f5aa16490c214d90fcbf30fba9e160,2014-02-16,2321241,1986,4,Markus Feulner,starting_lineup,Central Midfield,7,0
a621b3e330fc956352696f1649b3bc0d,2014-02-15,2321242,1726,41,Heiko Westermann,starting_lineup,Centre-Back,4,0
12a9b88ae35d3f8709faef690c6a93c6,2014-02-15,2321242,1784,41,René Adler,starting_lineup,Goalkeeper,15,0
a5a7992c57e9a4e640557ab0f315d359,2014-02-15,2321242,1944,23,Deniz Dogan,substitutes,Centre-Back,8,0
e43241acd42e85974aaad22d94ad3196,2014-02-15,2321242,2386,23,Marjan Petkovic,substitutes,Goalkeeper,1,0
37eb0843209e9bcc1673bdce985d0cb9,2014-02-16,2321243,411,44,Levan Kobiashvili,starting_lineup,Centre-Back,3,1
33822918e1cd5de002d91612e76938f5,2014-02-16,2321243,1667,82,Diego Benaglio,starting_lineup,Goalkeeper,1,1
1b5bffc0c90108638ea3310f30d3805f,2014-02-16,2321243,2334,44,Marcel Ndjeng,starting_lineup,Right Midfield,8,0
e1af81c5e855525e993eb1dcef5bda5b,2014-02-16,2321243,2358,82,Patrick Ochs,starting_lineup,Right-Back,2,0
e8c68af76adb1c3520ce802669847f41,2014-02-21,2321244,598,33,Timo Hildebrand,substitutes,Goalkeeper,34,0
4b46c5984ccaa7ce451a73c726fbfd82,2014-02-21,2321244,1139,39,Nikolce Noveski,starting_lineup,Centre-Back,4,1
3abba5a5837cfc20fdb11b2181445286,2014-02-22,2321245,568,18,Martin Stranzl,starting_lineup,Centre-Back,39,0
4d49010725f60cce865a232315f036b3,2014-02-22,2321245,1144,18,Christofer Heimeroth,substitutes,Goalkeeper,33,0
c216436afe069b0df8779b0435fc8098,2014-02-22,2321246,411,44,Levan Kobiashvili,starting_lineup,Centre-Back,3,1
5ae00c6636af3c4ec6116de2533f068c,2014-02-22,2321246,1426,79,Cacau,substitutes,Centre-Forward,18,0
5a747d3288ebf4a706ff070c1bceeb9c,2014-02-22,2321246,2334,44,Marcel Ndjeng,starting_lineup,Right Midfield,8,0
b12b5192fee59d3706556e72228fac14,2014-02-23,2321247,80,27,Tom Starke,starting_lineup,Goalkeeper,22,0
f74d4866bc06b275009f5c9dd998346e,2014-02-23,2321247,532,27,Claudio Pizarro,substitutes,Second Striker,14,0
796b9f207a410ace9dfa3895dbe0fda9,2014-02-23,2321247,1586,42,Christian Schulz,starting_lineup,Centre-Back,19,0
91c404e7f16492404619f6f77e5bcf80,2014-02-23,2321247,2219,27,Philipp Lahm,starting_lineup,Defensive Midfield,21,1
3732849b8f6bd36f6c7ebee27551bb4a,2014-02-23,2321247,2514,27,Bastian Schweinsteiger,starting_lineup,Central Midfield,31,0
9a4c73dff20d118d23715d52b90e4a5b,2014-02-22,2321248,691,15,Simon Rolfes,substitutes,Defensive Midfield,6,0
01ea4335d9f90d367e9a23ba7367576a,2014-02-22,2321248,1667,82,Diego Benaglio,starting_lineup,Goalkeeper,1,1
15e3033cb1411a0f4c5bf2112b887363,2014-02-22,2321248,3256,15,Roberto Hilbert,starting_lineup,Right-Back,14,0
5972002b96a0c87b1084fef2f746cacd,2014-02-22,2321249,1094,4,Emanuel Pogatetz,substitutes,Centre-Back,2,0
bc0dcf8cb745ce15280703f381ddb723,2014-02-22,2321249,1150,4,Raphael Schäfer,starting_lineup,Goalkeeper,1,1
aa7a849576f47135b7cd36231a15346e,2014-02-22,2321249,1944,23,Deniz Dogan,substitutes,Centre-Back,8,0
ecd7eea67fd6f432db64ad9685e764b4,2014-02-22,2321249,1986,4,Markus Feulner,starting_lineup,Central Midfield,7,0
b832a399211a055ee901e9cd6c61b971,2014-02-22,2321249,2386,23,Marjan Petkovic,starting_lineup,Goalkeeper,1,0
02bf03a0758d6243a58d9cd7682d77fd,2014-02-22,2321250,1791,167,Halil Altıntop,starting_lineup,Second Striker,7,0
9856b6bcec4bc15bfbce8d20d5591ca8,2014-02-22,2321251,26,16,Roman Weidenfeller,starting_lineup,Goalkeeper,1,1
736c7d10de36958bd6efec484d4a1cf4,2014-02-22,2321251,410,16,Sebastian Kehl,substitutes,Defensive Midfield,5,0
38b26204e69fe3bb192f2d1bbe407efe,2014-02-22,2321251,1073,16,Manuel Friedrich,starting_lineup,Centre-Back,2,0
3d3b90aeed366e0df71469b8aa90f766,2014-02-22,2321251,1726,41,Heiko Westermann,starting_lineup,Right-Back,4,0
3582ef8b56d0692d79da065a6f3a68a4,2014-02-22,2321251,1784,41,René Adler,starting_lineup,Goalkeeper,15,0
1c67241c514d3dfaba2e9dc870050054,2014-02-23,2321252,1565,24,Alexander Meier,starting_lineup,Centre-Forward,14,0
5b8bd8e0d63d5b90b6786a6f6ba525e9,2014-02-23,2321252,2767,24,Alexander Madlung,starting_lineup,Centre-Back,39,0
7f701e957678cef470b800dc9e30dfce,2014-03-01,2321253,26,16,Roman Weidenfeller,starting_lineup,Goalkeeper,1,0
71af5cc718b9e51c4ee51b361ffe900f,2014-03-01,2321253,410,16,Sebastian Kehl,starting_lineup,Defensive Midfield,5,1
e07b5c22bfa84187d48a59677771f82a,2014-03-01,2321253,1073,16,Manuel Friedrich,substitutes,Centre-Back,2,0
6f06f4e8c31fc3b13c33fc9ba0d83167,2014-03-01,2321253,1094,4,Emanuel Pogatetz,substitutes,Centre-Back,2,0
521a1d03e73f3888140a4a22e5a0ded7,2014-03-01,2321253,1150,4,Raphael Schäfer,starting_lineup,Goalkeeper,1,1
e9959f7d8e0295d6c345c28674a3827e,2014-03-01,2321253,1986,4,Markus Feulner,starting_lineup,Central Midfield,7,0
a911f7b0293b4a04160d5d9d27bd5ab2,2014-03-01,2321253,2150,16,Oliver Kirch,substitutes,Defensive Midfield,21,0
2feffe9b4903d322920d56b1ce357b4f,2014-03-01,2321254,80,27,Tom Starke,substitutes,Goalkeeper,22,0
0545eb86b8e5ba7df2c71a73ea1937f0,2014-03-01,2321254,532,27,Claudio Pizarro,substitutes,Centre-Forward,14,0
f99a21bc3a4c28f0b83d0d48bfd97a93,2014-03-01,2321254,598,33,Timo Hildebrand,substitutes,Goalkeeper,34,0
1b6d977d1fe37157394c55d940b1ba67,2014-03-01,2321254,2219,27,Philipp Lahm,substitutes,Right-Back,21,0
f2853201e2161e86a870274405e82caf,2014-03-01,2321254,2514,27,Bastian Schweinsteiger,starting_lineup,Central Midfield,31,1
5b984da7fce47b707eeaeb41c06486f5,2014-03-01,2321255,691,15,Simon Rolfes,starting_lineup,Central Midfield,6,1
064f3c0981d1fdfbda832393f0197397,2014-03-01,2321255,1139,39,Nikolce Noveski,starting_lineup,Centre-Back,4,1
fdbc3da44de517a50f7bdc2a9563ed6b,2014-03-01,2321255,3256,15,Roberto Hilbert,starting_lineup,Right-Back,14,0
7d43a9c83073f78cf67de78e9f69465a,2014-03-01,2321256,1277,86,Clemens Fritz,substitutes,Right-Back,8,0
0ac1282b9bf1fa2523ad3ab037305cf4,2014-03-01,2321256,1784,41,René Adler,starting_lineup,Goalkeeper,15,0
a0b359d3ee49a0beee59fe81248bee32,2014-03-02,2321257,1667,82,Diego Benaglio,starting_lineup,Goalkeeper,1,1
79f9db420cc8ae07737584a5bc0981d5,2014-03-02,2321257,2358,82,Patrick Ochs,substitutes,Right-Back,2,0
8d2f4b3e3f44936a4008e931db2435eb,2014-03-01,2321258,1586,42,Christian Schulz,starting_lineup,Centre-Back,19,0
d0ef5e5a63f496aa3cad8dbee87902e5,2014-03-01,2321258,1791,167,Halil Altıntop,starting_lineup,Attacking Midfield,7,0
46c0d4b31b1d9babf071b6539c88d221,2014-03-01,2321259,568,18,Martin Stranzl,starting_lineup,Centre-Back,39,0
27bf231864efb16c7902679bc1bdbf5f,2014-03-01,2321259,1144,18,Christofer Heimeroth,substitutes,Goalkeeper,33,0
da46b92deafd25339596cd558f6543d2,2014-03-01,2321259,1659,23,Dennis Kruppke,substitutes,Second Striker,32,0
7c92ea5df094d8367143f3b3306e1f1f,2014-03-01,2321259,1944,23,Deniz Dogan,substitutes,Centre-Back,8,0
ce667c5cafcfc4fcad87c1a82ace5476,2014-03-01,2321259,2386,23,Marjan Petkovic,substitutes,Goalkeeper,1,0
5c64880ef5ef47f0d53f23f94696dbc8,2014-03-02,2321260,1426,79,Cacau,starting_lineup,Centre-Forward,18,0
e11ca5ce47a517298b4d2ee35d5ab0e9,2014-03-02,2321260,1565,24,Alexander Meier,starting_lineup,Attacking Midfield,14,1
eb0b5b0537ee6eff225f0738f0420285,2014-03-02,2321260,2767,24,Alexander Madlung,starting_lineup,Centre-Back,39,0
c8361b8fe4221fcde23043b85e49ad91,2014-02-28,2321261,411,44,Levan Kobiashvili,starting_lineup,Centre-Back,3,1
ab64e7192ae4c0d3d14fedc972d96f85,2014-02-28,2321261,1428,60,Mike Hanke,substitutes,Centre-Forward,9,0
489ecfc331ae5fcbc2a045ec9303baa6,2014-02-28,2321261,2334,44,Marcel Ndjeng,starting_lineup,Right Midfield,8,0
e9475827ef68a1aa5659c065ec52c271,2014-03-08,2321263,568,18,Martin Stranzl,starting_lineup,Centre-Back,39,0
1adbc54f8afc85c64ecb835babdcfdd8,2014-03-08,2321263,837,18,Thorben Marx,substitutes,Defensive Midfield,14,0
431fb7fd77ad3d999b42919c761d4086,2014-03-08,2321263,1144,18,Christofer Heimeroth,substitutes,Goalkeeper,33,0
a287f58c95a10f295d1d427fd90785b2,2014-03-08,2321263,1791,167,Halil Altıntop,starting_lineup,Attacking Midfield,7,0
69b2248e9bdf09962e479fb9b577f666,2014-03-08,2321264,1426,79,Cacau,starting_lineup,Centre-Forward,18,0
aa4aef38ee2c008a738465ce3873d7d5,2014-03-08,2321264,1944,23,Deniz Dogan,substitutes,Centre-Back,8,0
2985dcf188e919bebf35e3fa0fef2f67,2014-03-08,2321265,691,15,Simon Rolfes,starting_lineup,Defensive Midfield,6,1
3944608ff16b1804795d3b9bd9b97861,2014-03-08,2321265,1586,42,Christian Schulz,starting_lineup,Centre-Back,19,0
876b18b8781124fbc23a210e597470bd,2014-03-08,2321265,3114,42,Jan Schlaudraff,substitutes,Second Striker,13,0
d664055a3055c060bbf55f13b09da770,2014-03-08,2321265,3256,15,Roberto Hilbert,starting_lineup,Right-Back,14,0
124e5a1c6453857764a7d1cd70531b9f,2014-03-08,2321266,80,27,Tom Starke,substitutes,Goalkeeper,22,0
054692abbb03df36ee71f3a311c73c9f,2014-03-08,2321266,532,27,Claudio Pizarro,substitutes,Centre-Forward,14,0
f5ac1f689b642a844dba460cba137341,2014-03-08,2321266,1667,82,Diego Benaglio,starting_lineup,Goalkeeper,1,1
0bfc0e267cbe56199200a889f44346b2,2014-03-08,2321266,2219,27,Philipp Lahm,starting_lineup,Defensive Midfield,21,1
1dd1c1765eea6d0db956318f995ec249,2014-03-08,2321266,2358,82,Patrick Ochs,starting_lineup,Right-Back,2,0
e5f24d484dedeaae7dbe13970997a997,2014-03-08,2321266,2514,27,Bastian Schweinsteiger,substitutes,Central Midfield,31,0
9d0cc217afab4b12fd535b7524a26d53,2014-03-08,2321267,823,4,Hanno Balitsch,substitutes,Defensive Midfield,5,0
aaef43bb84c429a1a17a98453594bf4f,2014-03-08,2321267,1094,4,Emanuel Pogatetz,substitutes,Centre-Back,2,0
7b12986a6efacc17e59feedbb2fb5148,2014-03-08,2321267,1150,4,Raphael Schäfer,starting_lineup,Goalkeeper,1,1
3bab4941af231592ba40b8cf20ec3e03,2014-03-08,2321267,1277,86,Clemens Fritz,substitutes,Right-Back,8,0
4fd27dc27fe34ec1db51eb0e858c1dca,2014-03-09,2321268,26,16,Roman Weidenfeller,starting_lineup,Goalkeeper,1,0
597ecd0214a6d1112fe59bf670f9bbb9,2014-03-09,2321268,410,16,Sebastian Kehl,starting_lineup,Defensive Midfield,5,1
57dc81105697679cccbcefd0d367bf3b,2014-03-09,2321268,1073,16,Manuel Friedrich,substitutes,Centre-Back,2,0
f7aa2c8f82b2c2f9da96b0eaba9bb2ae,2014-03-09,2321268,2150,16,Oliver Kirch,substitutes,Defensive Midfield,21,0
3aeaf2f22a7a26f99514a69e25c8f0a3,2014-03-09,2321269,411,44,Levan Kobiashvili,starting_lineup,Centre-Back,3,1
057bd42d6065a9491ad6e795417740f9,2014-03-09,2321269,1139,39,Nikolce Noveski,starting_lineup,Centre-Back,4,1
1b82f56ca045cb698c1579a0f2751d8c,2014-03-09,2321269,2334,44,Marcel Ndjeng,starting_lineup,Right Midfield,8,0
6c5bfc23dab92f525f0b2ade9f562524,2014-03-08,2321270,1565,24,Alexander Meier,starting_lineup,Centre-Forward,14,0
f9fd280bb9c0195558a90829266dab5c,2014-03-08,2321270,1726,41,Heiko Westermann,starting_lineup,Left-Back,4,0
d92b525950698f933b5596740c2da55a,2014-03-08,2321270,1784,41,René Adler,starting_lineup,Goalkeeper,15,1
555dc8523bcf1ebea9a159719a8ddb8e,2014-03-08,2321270,2767,24,Alexander Madlung,starting_lineup,Centre-Back,39,0
185e30475085fa00d391c14a7240cada,2014-03-15,2321271,26,16,Roman Weidenfeller,starting_lineup,Goalkeeper,1,0
50c048447f414a208371c46d69374de6,2014-03-15,2321271,410,16,Sebastian Kehl,starting_lineup,Defensive Midfield,5,1
011297268aa0c10fcb788bd1ff8ba4f9,2014-03-15,2321271,568,18,Martin Stranzl,starting_lineup,Centre-Back,39,0
6edb715033e5da4cd42396d3d2389f51,2014-03-15,2321271,837,18,Thorben Marx,substitutes,Central Midfield,14,0
38c39bf9d4e938a8ffecb14f07db109b,2014-03-15,2321271,1073,16,Manuel Friedrich,substitutes,Centre-Back,2,0
dadf6814f09505f37ae6df147ac79d80,2014-03-15,2321271,1144,18,Christofer Heimeroth,substitutes,Goalkeeper,33,0
66dced9bd8fbce812dcab34b4c5e4866,2014-03-15,2321271,2150,16,Oliver Kirch,substitutes,Defensive Midfield,21,0
4ebfb46d5cd0c34074c325d39807dded,2014-03-15,2321272,80,27,Tom Starke,substitutes,Goalkeeper,22,0
ea9b7211a09e36e9ec7f2f862d06acc8,2014-03-15,2321272,691,15,Simon Rolfes,starting_lineup,Defensive Midfield,6,1
02ba1979881eb8cbcfc6bb3967de2b3a,2014-03-15,2321272,2219,27,Philipp Lahm,substitutes,Right-Back,21,0
3920c4ed177270e821f706614d1418c3,2014-03-15,2321272,2514,27,Bastian Schweinsteiger,starting_lineup,Defensive Midfield,31,1
29f41b462f54c23554036cfb51ab1811,2014-03-15,2321272,3256,15,Roberto Hilbert,starting_lineup,Right-Back,14,0
107cbe6f0c2905bfe1cf6887000976a1,2014-03-15,2321273,1277,86,Clemens Fritz,substitutes,Right-Back,8,0
c131dc9c8acad911f6f49ca98ec9e06b,2014-03-15,2321273,1426,79,Cacau,starting_lineup,Centre-Forward,18,0
6f2a59143ebcb738db1caec484bd2616,2014-03-15,2321274,1139,39,Nikolce Noveski,starting_lineup,Centre-Back,4,1
28fd1c77aeb9b35654e1da51503652e1,2014-03-14,2321275,598,33,Timo Hildebrand,substitutes,Goalkeeper,34,0
30db877a1838af00c64a28f395a7d0fa,2014-03-14,2321275,1791,167,Halil Altıntop,starting_lineup,Attacking Midfield,7,0
abe89cef5fd8de432106f6643b6e8f50,2014-03-16,2321276,823,4,Hanno Balitsch,substitutes,Right-Back,5,0
1d952bcf54d6fbb4e0ee06f6df6ac242,2014-03-16,2321276,1094,4,Emanuel Pogatetz,substitutes,Centre-Back,2,0
ef20ef4ce052fc1f53beda651de719db,2014-03-16,2321276,1150,4,Raphael Schäfer,starting_lineup,Goalkeeper,1,1
afc482c402fd9b9836359403de98018e,2014-03-16,2321276,1726,41,Heiko Westermann,starting_lineup,Left-Back,4,0
95c8541317d2fec9ed752fd10498d82a,2014-03-16,2321276,1784,41,René Adler,starting_lineup,Goalkeeper,15,0
6032dc069b7a7cebac7fef53c7cb0ab3,2014-03-16,2321276,1986,4,Markus Feulner,starting_lineup,Central Midfield,7,0
d11f964947d4e494a8c8d9acaa447723,2014-03-15,2321277,1659,23,Dennis Kruppke,substitutes,Second Striker,32,0
cf22956dd99d0f7df50c5541fe95f0fb,2014-03-15,2321277,1667,82,Diego Benaglio,starting_lineup,Goalkeeper,1,1
8d9435d4e3289a352f2007cb733ea921,2014-03-15,2321277,1944,23,Deniz Dogan,substitutes,Centre-Back,8,0
20e417cb93f6d6ba2a34dd47befa097c,2014-03-15,2321277,2358,82,Patrick Ochs,starting_lineup,Right-Back,2,0
e84add05e873a0ecaa47ae827f1dfe4a,2014-03-16,2321278,1565,24,Alexander Meier,starting_lineup,Second Striker,14,0
c1d594fb57dc9c09b8550d484c529275,2014-03-16,2321278,2767,24,Alexander Madlung,starting_lineup,Centre-Back,39,0
215209c1a77f82273ba357be278e6654,2014-03-15,2321279,411,44,Levan Kobiashvili,starting_lineup,Centre-Back,3,1
78f2bed792fb43576048c1b0434c36fa,2014-03-15,2321279,1586,42,Christian Schulz,starting_lineup,Centre-Back,19,0
6b060a49da8ee829408accba381fbc0e,2014-03-15,2321279,2805,42,Christian Pander,substitutes,Left-Back,24,0
6b1e552496b943202ec2bcaff48192b1,2014-03-15,2321279,3114,42,Jan Schlaudraff,substitutes,Centre-Forward,13,0
0f247f896783afa0a27512ce18ba7cf4,2014-03-22,2321281,568,18,Martin Stranzl,starting_lineup,Centre-Back,39,0
55e77ccba77f758d30f7bfa2c5bbf6bc,2014-03-22,2321281,837,18,Thorben Marx,substitutes,Defensive Midfield,14,0
7c2b82e2c68a80bb68e133a44aa56dda,2014-03-22,2321281,1144,18,Christofer Heimeroth,substitutes,Goalkeeper,33,0
307ea09bd31acd4120b978d6697de819,2014-03-23,2321282,691,15,Simon Rolfes,starting_lineup,Defensive Midfield,6,1
b1db3c3094c17427f613d60ed15876ea,2014-03-23,2321282,3256,15,Roberto Hilbert,starting_lineup,Right-Back,14,0
bb4f8c7ed01511ed411baf9d035ab0d7,2014-03-22,2321283,1426,79,Cacau,substitutes,Right Winger,18,0
a30a97ae6d6a6a7a2caf0a23cc140e37,2014-03-22,2321283,1726,41,Heiko Westermann,starting_lineup,Left-Back,4,0
c4b5ef2984ea63cc22be2ab56e013d90,2014-03-22,2321283,1784,41,René Adler,starting_lineup,Goalkeeper,15,0
e4e4268782272fd6f7f6f93e00dc55b5,2014-03-22,2321284,1667,82,Diego Benaglio,starting_lineup,Goalkeeper,1,1
f3f6912841767fc3929648fcdf6a4de5,2014-03-22,2321284,1791,167,Halil Altıntop,starting_lineup,Attacking Midfield,7,0
f386e22756d5bcee5008290276d93be6,2014-03-23,2321285,823,4,Hanno Balitsch,substitutes,Defensive Midfield,5,0
36e25b02bfec6d59ece933b5b2f867b5,2014-03-23,2321285,1094,4,Emanuel Pogatetz,starting_lineup,Centre-Back,2,0
fa3b8ccd3e33913f68bf5973f2648752,2014-03-23,2321285,1150,4,Raphael Schäfer,starting_lineup,Goalkeeper,1,1
6cec1f5ad5040a8698308b4aae28324d,2014-03-23,2321285,1986,4,Markus Feulner,starting_lineup,Right Midfield,7,0
104e66de008353476ef87b54b7481b3b,2014-03-23,2321285,2767,24,Alexander Madlung,starting_lineup,Centre-Back,39,0
f95c90d2dd06b32db9ef8a5b7a8fdba9,2014-03-22,2321287,80,27,Tom Starke,substitutes,Goalkeeper,22,0
1b9f484e351e1cbb37b97be6d5d802c5,2014-03-22,2321287,532,27,Claudio Pizarro,substitutes,Centre-Forward,14,0
d439203bf51c5c9a90c93569e5d03c01,2014-03-22,2321287,1139,39,Nikolce Noveski,starting_lineup,Centre-Back,4,1
dab77ce05dd291443e5d5af40483e815,2014-03-22,2321287,2219,27,Philipp Lahm,starting_lineup,Right-Back,21,1
90bccdd6228daf58ad2a5501e66d65f7,2014-03-22,2321287,2514,27,Bastian Schweinsteiger,starting_lineup,Defensive Midfield,31,0
5802171c043c6f82de12e95435a609d9,2014-03-22,2321288,26,16,Roman Weidenfeller,starting_lineup,Goalkeeper,1,1
693270de4b054771ddbbd7690af66061,2014-03-22,2321288,410,16,Sebastian Kehl,substitutes,Defensive Midfield,5,0
adbd76bc2856cfe14d5d6acab01b6bc0,2014-03-22,2321288,1073,16,Manuel Friedrich,substitutes,Centre-Back,2,0
4a710a334e1a7917a0535c50485bf2b0,2014-03-22,2321288,1586,42,Christian Schulz,starting_lineup,Centre-Back,19,0
9b1ac96e83d3e372c653a892109db039,2014-03-22,2321288,2150,16,Oliver Kirch,starting_lineup,Defensive Midfield,21,0
955fd476ec23e979ec6e9a0f5593c820,2014-03-22,2321288,2805,42,Christian Pander,substitutes,Left-Back,24,0
93a8431ce8f3fb0ba87106973d4f8c6b,2014-03-22,2321288,3114,42,Jan Schlaudraff,substitutes,Second Striker,13,0
6a3d735ee6cb8a720344adadd4a83303,2014-03-25,2321289,26,16,Roman Weidenfeller,starting_lineup,Goalkeeper,1,0
336f94acb184cca238af54e85f88a85b,2014-03-25,2321289,410,16,Sebastian Kehl,starting_lineup,Defensive Midfield,5,1
a45a0dece7b8823cb363928ac34a7c5c,2014-03-25,2321289,598,33,Timo Hildebrand,substitutes,Goalkeeper,34,0
430bef0234e97819738c9c4a39322d48,2014-03-25,2321289,1073,16,Manuel Friedrich,substitutes,Centre-Back,2,0
ef1e8c65b4daba53b5ccd33c26062aca,2014-03-25,2321289,2150,16,Oliver Kirch,substitutes,Defensive Midfield,21,0
527e41c63fed27ffc9343b34eb3d169f,2014-03-25,2321290,1277,86,Clemens Fritz,starting_lineup,Right-Back,8,1
9cf7fc5962a5a11df0b1e565be8ea619,2014-03-25,2321290,1667,82,Diego Benaglio,starting_lineup,Goalkeeper,1,1
16cb59212ea05c9aff85270bb75105f7,2014-03-25,2321290,2358,82,Patrick Ochs,substitutes,Right-Back,2,0
ca739d0090a01a65d4de0c955478305c,2014-03-26,2321291,823,4,Hanno Balitsch,substitutes,Central Midfield,5,0
b023fe81987ffbc33c4111e7d4fbe049,2014-03-26,2321291,1094,4,Emanuel Pogatetz,starting_lineup,Centre-Back,2,0
c54cf7ddc3d37e87b6ac9539712c9375,2014-03-26,2321291,1150,4,Raphael Schäfer,starting_lineup,Goalkeeper,1,1
20a132783aa2ebbc56ee700aa5073b76,2014-03-26,2321291,1426,79,Cacau,substitutes,Centre-Forward,18,0
c855bbdbe31266133e8e8bb1b6ab8700,2014-03-26,2321291,1986,4,Markus Feulner,starting_lineup,Right Midfield,7,0
183e4d2149bd5f01f2960e8cfb25d335,2014-03-26,2321292,1586,42,Christian Schulz,starting_lineup,Centre-Back,19,0
c086ba2033e404edad1c6d4900a64ad7,2014-03-26,2321292,3114,42,Jan Schlaudraff,substitutes,Second Striker,13,0
0c6f4b6333126316e3b2eccb6b986bcb,2014-03-26,2321293,691,15,Simon Rolfes,substitutes,Left Midfield,6,0
869f748cc97838bec4381e0db3216c1e,2014-03-26,2321293,1791,167,Halil Altıntop,starting_lineup,Attacking Midfield,7,0
a1c5d7173eb46186a18c258c7896f071,2014-03-26,2321293,3256,15,Roberto Hilbert,substitutes,Right-Back,14,0
5ceafccdaf8b60a2c0014f56ee919fb2,2014-03-25,2321294,1139,39,Nikolce Noveski,starting_lineup,Centre-Back,4,1
820e5de3b1641331fb25f05553253ca0,2014-03-25,2321294,1944,23,Deniz Dogan,substitutes,Centre-Back,8,0
07641e81262f224645745ddd9ea7fd6c,2014-03-26,2321295,568,18,Martin Stranzl,starting_lineup,Centre-Back,39,0
64286f6bb59905c3e4c399fa2769db15,2014-03-26,2321295,1144,18,Christofer Heimeroth,substitutes,Goalkeeper,33,0
e0f633e9dceb9538a60d57cd11a75260,2014-03-26,2321295,2767,24,Alexander Madlung,starting_lineup,Centre-Back,39,0
f030555ff3463f61a3ebd086ad8e01cf,2014-03-25,2321296,80,27,Tom Starke,substitutes,Goalkeeper,22,0
677aabd12537c1c7123f93b1f63076e6,2014-03-25,2321296,411,44,Levan Kobiashvili,starting_lineup,Defensive Midfield,3,1
e8b62522584d65663927487156514d6c,2014-03-25,2321296,532,27,Claudio Pizarro,substitutes,Centre-Forward,14,0
781934c63f92cc059d90d3ddf145ee9e,2014-03-25,2321296,2219,27,Philipp Lahm,starting_lineup,Defensive Midfield,21,1
9e650e474ccfbbfbfdce5e8d507d6ff7,2014-03-25,2321296,2334,44,Marcel Ndjeng,substitutes,Right Midfield,8,0
b154827c978bc4d12ac7a1c30f17b56f,2014-03-25,2321296,2514,27,Bastian Schweinsteiger,starting_lineup,Central Midfield,31,0
13a0b7d917a6a1f5af27265282612c7d,2014-03-26,2321297,1726,41,Heiko Westermann,starting_lineup,Left-Back,4,0
9a69ce362a25251561eb4bc5e4a648bb,2014-03-26,2321297,1784,41,René Adler,starting_lineup,Goalkeeper,15,0
222e571f43d0ffd6efbf7e13d57b8b51,2014-03-29,2321298,80,27,Tom Starke,starting_lineup,Goalkeeper,22,0
8d338993050db73ec633d6d20f317e89,2014-03-29,2321298,532,27,Claudio Pizarro,starting_lineup,Centre-Forward,14,0
9d8a5ab12c195d8125833a241ff61a2d,2014-03-29,2321298,2219,27,Philipp Lahm,substitutes,Defensive Midfield,21,0
14a21e80a94ac66a65d61e7eaad4ca53,2014-03-29,2321298,2514,27,Bastian Schweinsteiger,starting_lineup,Defensive Midfield,31,1
1e01d26406d69b0c932cd2355c7c614e,2014-03-28,2321299,411,44,Levan Kobiashvili,starting_lineup,Centre-Back,3,1
87b472e9cf02ba640568b3d89f73f290,2014-03-28,2321299,598,33,Timo Hildebrand,substitutes,Goalkeeper,34,0
7bd271cdefcece12fd8f020ed119ae46,2014-03-28,2321299,2334,44,Marcel Ndjeng,starting_lineup,Right-Back,8,0
3e44c22856bfd0d7a33abe581b85d4c1,2014-03-30,2321300,568,18,Martin Stranzl,starting_lineup,Centre-Back,39,0
68f3976753ac1e13612e845bb551e722,2014-03-30,2321300,1144,18,Christofer Heimeroth,substitutes,Goalkeeper,33,0
9c684343a5446840c3abb3f35e1f3d8d,2014-03-30,2321300,1726,41,Heiko Westermann,starting_lineup,Left-Back,4,0
c7ee1ab2e973c58ec4418a633c4dd0ac,2014-03-30,2321300,1784,41,René Adler,starting_lineup,Goalkeeper,15,0
b91b09bb82260d8e3e9f7784c8a4de3c,2014-03-29,2321301,691,15,Simon Rolfes,substitutes,Defensive Midfield,6,0
74583e5e4d4eff577d773ed76fd0bc25,2014-03-29,2321301,1659,23,Dennis Kruppke,substitutes,Second Striker,32,0
18f33c4ff4c339e911b5a7637f9894eb,2014-03-29,2321301,1944,23,Deniz Dogan,starting_lineup,Centre-Back,8,1
971e1edc5c50c298522325b48ff38f9a,2014-03-29,2321301,3256,15,Roberto Hilbert,substitutes,Right-Back,14,0
480cda2a7e58594ea72b060990e427e5,2014-03-29,2321302,26,16,Roman Weidenfeller,starting_lineup,Goalkeeper,1,0
7af8462946d732434cf68bc565df3278,2014-03-29,2321302,410,16,Sebastian Kehl,starting_lineup,Defensive Midfield,5,1
b7ad4f5ffad51f488467ab232a8dbda6,2014-03-29,2321302,1073,16,Manuel Friedrich,substitutes,Centre-Back,2,0
756d7142639947016166a5644fa88fba,2014-03-29,2321302,1426,79,Cacau,substitutes,Second Striker,18,0
cb28e65b1090fa8b157933ea95c92653,2014-03-29,2321302,2150,16,Oliver Kirch,starting_lineup,Defensive Midfield,21,0
29790a2bcdab0bda8ab8af6f96328616,2014-03-30,2321303,1277,86,Clemens Fritz,starting_lineup,Right-Back,8,1
0d5120cb8c0c5187aa36c19db29c1416,2014-03-30,2321303,1586,42,Christian Schulz,starting_lineup,Centre-Back,19,0
d61bdd9d6146b7500d50666f3ff88290,2014-03-30,2321303,2805,42,Christian Pander,substitutes,Left-Back,24,0
2b9166045fab3ab0ef194102a8282775,2014-03-30,2321303,3114,42,Jan Schlaudraff,starting_lineup,Second Striker,13,0
44e99bf2148dbdea95d4451626d27478,2014-03-29,2321304,2358,82,Patrick Ochs,substitutes,Right-Back,2,0
ddacf31bcb463f428c0a3245307e4a99,2014-03-29,2321304,2767,24,Alexander Madlung,starting_lineup,Centre-Back,39,0
37184c9a2de9270e4afc8fdbf7d0999e,2014-03-29,2321305,823,4,Hanno Balitsch,substitutes,Defensive Midfield,5,0
8cc9b66950226d44c4e3cedd7ad109e4,2014-03-29,2321305,1094,4,Emanuel Pogatetz,starting_lineup,Centre-Back,2,0
5070e8e7c098cd2a835f378a08e27e3e,2014-03-29,2321305,1150,4,Raphael Schäfer,starting_lineup,Goalkeeper,1,1
07315ef9e72991e3f32557359188d951,2014-03-29,2321305,1986,4,Markus Feulner,starting_lineup,Right Midfield,7,0
9860765f62326f8d9718a2e72d98f1ce,2014-03-29,2321306,1791,167,Halil Altıntop,starting_lineup,Attacking Midfield,7,0
91d86e04593973cd0efa7cccbfa0a908,2014-04-05,2321307,410,16,Sebastian Kehl,starting_lineup,Defensive Midfield,5,1
2a3f2224800a519ee9bfab21500c277b,2014-04-05,2321307,1073,16,Manuel Friedrich,substitutes,Centre-Back,2,0
b5c6f3c70dee93aad61732a686da4bb3,2014-04-05,2321307,2150,16,Oliver Kirch,substitutes,Defensive Midfield,21,0
866f916f0c51af3ed5680d63bb969e38,2014-04-05,2321307,2358,82,Patrick Ochs,substitutes,Right-Back,2,0
8726b5d5fbeeed605f571e3e04088c11,2014-04-05,2321309,598,33,Timo Hildebrand,substitutes,Goalkeeper,34,0
361b0eb66c72b4e429d9224d3f9a5441,2014-04-05,2321309,1277,86,Clemens Fritz,starting_lineup,Right-Back,8,1
1cd7dfff5cd35fa6df3f98c7c541a2a7,2014-04-05,2321310,823,4,Hanno Balitsch,starting_lineup,Defensive Midfield,5,0
728a0666fc5e876ab20326156e4dbda7,2014-04-05,2321310,837,18,Thorben Marx,substitutes,Defensive Midfield,14,0
adb6521b255baaa956783fda20e252be,2014-04-05,2321310,1144,18,Christofer Heimeroth,substitutes,Goalkeeper,33,0
37b3f2690a5e143a8abdd00bd218e6ff,2014-04-05,2321310,1150,4,Raphael Schäfer,starting_lineup,Goalkeeper,1,1
b8385a2547965bf94fec32c599117996,2014-04-05,2321310,1986,4,Markus Feulner,starting_lineup,Right Midfield,7,0
c194e9bb71ffc70e58fc7e0b60b945e9,2014-04-05,2321311,532,27,Claudio Pizarro,starting_lineup,Second Striker,14,0
f8b2a45d27acdacb4b6bd5db3180a0a0,2014-04-05,2321311,1791,167,Halil Altıntop,starting_lineup,Attacking Midfield,7,0
8fa5df8672220060efac011fff414ff7,2014-04-05,2321311,2514,27,Bastian Schweinsteiger,starting_lineup,Defensive Midfield,31,1
5d3f4c7e218a06fe9a5b88d94737d942,2014-04-04,2321312,691,15,Simon Rolfes,starting_lineup,Defensive Midfield,6,1
dd9a8b2aea9be0928d9ec65722531934,2014-04-04,2321312,1726,41,Heiko Westermann,starting_lineup,Left-Back,4,0
040e57ffb8ee12520e3011aedc34a256,2014-04-04,2321312,1784,41,René Adler,starting_lineup,Goalkeeper,15,0
f68b2ea4ad6b9748ac8f1617e2ce398b,2014-04-04,2321312,3256,15,Roberto Hilbert,substitutes,Right-Back,14,0
a6579d978ffd88377cc2ae722ece2ab9,2014-04-06,2321313,1586,42,Christian Schulz,starting_lineup,Left-Back,19,0
0751576394b220c8c7a498a23e942b39,2014-04-06,2321313,1659,23,Dennis Kruppke,substitutes,Second Striker,32,0
60d08e0a5506ec4e502363d5c0adf9b0,2014-04-06,2321313,1944,23,Deniz Dogan,substitutes,Centre-Back,8,0
6817efd28919f84e3f2f91049e45629a,2014-04-06,2321313,2805,42,Christian Pander,substitutes,Left-Back,24,0
ccb5b59c9c42c5023bb1915d1a71b80c,2014-04-06,2321313,3114,42,Jan Schlaudraff,substitutes,Right Winger,13,0
e81878007a356f12430ae03bc282d5b5,2014-04-05,2321314,1139,39,Nikolce Noveski,starting_lineup,Centre-Back,4,1
63cf148f025358ac57e84c933551066c,2014-04-05,2321314,1565,24,Alexander Meier,substitutes,Attacking Midfield,14,0
4d4a5f1dc7dc7b2f5d9c8bc36d935b44,2014-04-05,2321314,2767,24,Alexander Madlung,starting_lineup,Centre-Back,39,0
b4a8d5aeb87a4b3e3ec91bd7f8889553,2014-04-06,2321315,2334,44,Marcel Ndjeng,starting_lineup,Right-Back,8,0
652cff1b52b049b7b74b990d86f81b07,2014-04-12,2321316,26,16,Roman Weidenfeller,starting_lineup,Goalkeeper,1,0
1cd9ff09577651daf55338aa0f502e55,2014-04-12,2321316,410,16,Sebastian Kehl,starting_lineup,Defensive Midfield,5,1
62dce7befa2763b4395637b8f4b7a90d,2014-04-12,2321316,532,27,Claudio Pizarro,substitutes,Centre-Forward,14,0
8e4249646e39e917e84d90b389bff6d6,2014-04-12,2321316,1073,16,Manuel Friedrich,substitutes,Centre-Back,2,0
2d431e3d16d0ed8656d929ea00454b50,2014-04-12,2321316,2150,16,Oliver Kirch,substitutes,Defensive Midfield,21,0
4ccc33b53479b823ec04f67612391a56,2014-04-12,2321316,2219,27,Philipp Lahm,starting_lineup,Defensive Midfield,21,1
8ced1cdbcc9dcbf211d01f7d23736147,2014-04-12,2321316,2514,27,Bastian Schweinsteiger,starting_lineup,Central Midfield,31,0
5e5629ddf22fa05e85a4ca241788b4db,2014-04-11,2321317,598,33,Timo Hildebrand,substitutes,Goalkeeper,34,0
480dc3a8b2c895f7c5e68c1a0f619831,2014-04-11,2321317,1565,24,Alexander Meier,starting_lineup,Central Midfield,14,0
2623aaa4f57bb2ef174afe472f8bb7b2,2014-04-11,2321317,2767,24,Alexander Madlung,starting_lineup,Centre-Back,39,0
9514db6a5c4d2f41306d1b1f3b488fcb,2014-04-12,2321318,837,18,Thorben Marx,substitutes,Defensive Midfield,14,0
4d89a9c9f282727ce22bcefa36246d41,2014-04-12,2321318,1144,18,Christofer Heimeroth,substitutes,Goalkeeper,33,0
2fac34d1acd2f32e72001d576cc05dd6,2014-04-12,2321318,1426,79,Cacau,substitutes,Centre-Forward,18,0
6d1aa2c4f26cb2abd85392981f9f6cd2,2014-04-13,2321319,411,44,Levan Kobiashvili,starting_lineup,Centre-Back,3,1
633e49493aa069ee76a90c8133e81e60,2014-04-13,2321319,691,15,Simon Rolfes,substitutes,Defensive Midfield,6,0
2d269e1ecb70818f26ec62840c71bcfa,2014-04-13,2321319,2334,44,Marcel Ndjeng,substitutes,Right Midfield,8,0
7532bff35416f21b440b8ba67a7d0448,2014-04-13,2321319,3256,15,Roberto Hilbert,substitutes,Right-Back,14,0
8c56775771846652d2c15773cf21b5e2,2014-04-12,2321320,1586,42,Christian Schulz,starting_lineup,Centre-Back,19,0
674c1e3c42633f9bb440eac0ba98b689,2014-04-12,2321320,1726,41,Heiko Westermann,starting_lineup,Left-Back,4,0
a08322f419d5fa23efae6d552bbea4cb,2014-04-12,2321320,1784,41,René Adler,starting_lineup,Goalkeeper,15,0
e81becce6be40b6d60f0e27c40a4cd42,2014-04-12,2321320,2805,42,Christian Pander,starting_lineup,Left-Back,24,0
f278ae1f5a2bfac3567d05990bec0bb0,2014-04-12,2321320,3114,42,Jan Schlaudraff,substitutes,Second Striker,13,0
c751c090add2253f691aab158b418b20,2014-04-12,2321321,823,4,Hanno Balitsch,starting_lineup,Central Midfield,5,0
be5cfc2ebba8c5cbc96548104fe1e8eb,2014-04-12,2321321,1094,4,Emanuel Pogatetz,starting_lineup,Centre-Back,2,0
b966a1aea754627876f87648b121da0c,2014-04-12,2321321,1150,4,Raphael Schäfer,starting_lineup,Goalkeeper,1,1
cc438216853aa7c8bf6c029d1d3180ea,2014-04-12,2321321,1986,4,Markus Feulner,starting_lineup,Right Midfield,7,0
8155db73b91326fbf882e4a9bfcaac9c,2014-04-12,2321321,2358,82,Patrick Ochs,substitutes,Right-Back,2,0
4c91d1df01cf28e3159bd5986ae0453a,2014-04-13,2321322,1791,167,Halil Altıntop,starting_lineup,Attacking Midfield,7,0
1ee2fbac43fef31b8befe7b887c56650,2014-04-12,2321323,1659,23,Dennis Kruppke,substitutes,Centre-Forward,32,0
d1fc12a2ab5d2a2590df9fcfc6abd656,2014-04-12,2321323,1944,23,Deniz Dogan,substitutes,Centre-Back,8,0
fdc063ee82ea4c14dbefa993bf2d0c11,2014-04-12,2321324,1139,39,Nikolce Noveski,starting_lineup,Centre-Back,4,1
c8d8afd9d3135341fd7b0def6de10d83,2014-04-12,2321324,1277,86,Clemens Fritz,starting_lineup,Right-Back,8,1
94b2ec7d0cb18dd63917610ba3f8791b,2014-04-19,2321325,1073,16,Manuel Friedrich,substitutes,Centre-Back,2,0
df18e20b5bac7dc5306131a653616474,2014-04-19,2321325,1139,39,Nikolce Noveski,starting_lineup,Centre-Back,4,1
99624d6c48ba8cab835890d75fb0cca2,2014-04-19,2321325,2150,16,Oliver Kirch,starting_lineup,Defensive Midfield,21,0
d00d3e1475f9589de4d37f7a74b53a10,2014-04-20,2321326,598,33,Timo Hildebrand,substitutes,Goalkeeper,34,0
6d8ceec12856e81011f67df337054b8d,2014-04-20,2321326,1426,79,Cacau,starting_lineup,Centre-Forward,18,0
76158e9b1b2a1e49b0e7dff73bd46c80,2014-04-19,2321327,1277,86,Clemens Fritz,starting_lineup,Right-Back,8,1
345961026e304ee01de1ef6861c91a9e,2014-04-20,2321328,691,15,Simon Rolfes,substitutes,Defensive Midfield,6,0
b9772d7ace3f828651ba55c9bdfd237b,2014-04-20,2321328,823,4,Hanno Balitsch,starting_lineup,Central Midfield,5,0
81045953740cfc836abef18aa2b6a3a6,2014-04-20,2321328,1094,4,Emanuel Pogatetz,starting_lineup,Centre-Back,2,0
543ff630a9f50f2fe8ca330d805004a0,2014-04-20,2321328,1150,4,Raphael Schäfer,starting_lineup,Goalkeeper,1,1
e710d2a54579a025ca5a7d3f9269dab5,2014-04-20,2321328,3256,15,Roberto Hilbert,substitutes,Right Winger,14,0
2063ac8a84e041137a2dd8687b2216b7,2014-04-19,2321330,1791,167,Halil Altıntop,starting_lineup,Second Striker,7,0
c9630bc85d3a60980291e9ef1394bf59,2014-04-19,2321330,2334,44,Marcel Ndjeng,starting_lineup,Right Midfield,8,0
4fa26f0ca82403488e677fe17f991481,2014-04-19,2321331,1726,41,Heiko Westermann,starting_lineup,Centre-Back,4,0
07ebcc72f4f246c46893dae5812a9a2b,2014-04-19,2321331,1784,41,René Adler,starting_lineup,Goalkeeper,15,1
37e3ae47b134eaf834f04a2e276f6b1e,2014-04-19,2321331,2358,82,Patrick Ochs,substitutes,Right-Back,2,0
c745bf3d01003c6d1d95fed639d877b1,2014-04-19,2321332,532,27,Claudio Pizarro,starting_lineup,Centre-Forward,14,0
2494b3f77e73aab1bc09f5b616735599,2014-04-19,2321332,1659,23,Dennis Kruppke,starting_lineup,Attacking Midfield,32,1
b9f0da9f518094d8149cc0c668e81c93,2014-04-19,2321332,1944,23,Deniz Dogan,starting_lineup,Centre-Back,8,0
f1b54fe5c6a6007653249c4d5b59ed15,2014-04-19,2321332,2219,27,Philipp Lahm,starting_lineup,Right-Back,21,1
3e711b4a0134839b033b862680a8920b,2014-04-19,2321332,2514,27,Bastian Schweinsteiger,starting_lineup,Defensive Midfield,31,0
da0cc4fc9cd3cc4343e781633bc9601c,2014-04-17,2321333,1565,24,Alexander Meier,substitutes,Attacking Midfield,14,0
1af781503bdf9fc5daae65e82c6f1f11,2014-04-17,2321333,1586,42,Christian Schulz,starting_lineup,Centre-Back,19,0
a1ad4edbd4aafed61b6b917cd455f33c,2014-04-17,2321333,2767,24,Alexander Madlung,starting_lineup,Centre-Back,39,0
fd0ef120e061fcbf248a90010cf11b75,2014-04-17,2321333,2805,42,Christian Pander,starting_lineup,Left-Back,24,0
577daa7a1be3a7f294efba932492f82e,2014-04-17,2321333,3114,42,Jan Schlaudraff,substitutes,Right Winger,13,0
e71c3d38c61de28bc7d6ce53c82e3ed1,2014-04-26,2321334,532,27,Claudio Pizarro,starting_lineup,Centre-Forward,14,0
d2868b4f3eb986d033620b57dbc7fb08,2014-04-26,2321334,1277,86,Clemens Fritz,starting_lineup,Right-Back,8,1
63f9f3c9eea003b2bafa0b88f08561d9,2014-04-26,2321334,2219,27,Philipp Lahm,substitutes,Right-Back,21,0
545513b3a7c596ceb619fc6583263a44,2014-04-26,2321334,2514,27,Bastian Schweinsteiger,starting_lineup,Defensive Midfield,31,1
00543fba2208c902c9de83be92aa37ea,2014-04-27,2321335,568,18,Martin Stranzl,starting_lineup,Centre-Back,39,1
df4c538aecd764c11fe08e4e7ff85f07,2014-04-27,2321335,598,33,Timo Hildebrand,substitutes,Goalkeeper,34,0
24c4be1c786ed6cd21a97bc7ecd59ffc,2014-04-27,2321335,837,18,Thorben Marx,substitutes,Defensive Midfield,14,0
405736f98a015e8f59bbac1ac542b238,2014-04-27,2321335,1144,18,Christofer Heimeroth,substitutes,Goalkeeper,33,0
7dcc0bae2ee29ed01fd6e9b963522914,2014-04-26,2321336,26,16,Roman Weidenfeller,starting_lineup,Goalkeeper,1,1
3a93b01ee0e10da1fdd24009c0eeb94a,2014-04-26,2321336,691,15,Simon Rolfes,substitutes,Left Midfield,6,0
b92d4ff1b41c12dbdc973cebc3ecb63c,2014-04-26,2321336,1073,16,Manuel Friedrich,substitutes,Centre-Back,2,0
a65f4850036426aa01f0956eff8c3ab4,2014-04-26,2321336,2150,16,Oliver Kirch,starting_lineup,Defensive Midfield,21,0
e43d6de35882b5049bfd0a93934c8b3c,2014-04-26,2321336,3256,15,Roberto Hilbert,starting_lineup,Right-Back,14,0
202892895d2ab11ee6d0ceb7f1e58942,2014-04-25,2321337,1426,79,Cacau,starting_lineup,Centre-Forward,18,0
8ee18547ac86513c65c786cae867323c,2014-04-25,2321337,1586,42,Christian Schulz,starting_lineup,Centre-Back,19,0
9e728ae57e335d67de630dbd4c4a8d9a,2014-04-25,2321337,2805,42,Christian Pander,starting_lineup,Left-Back,24,0
9334947de27b68afa2efaf5e0f4bf81a,2014-04-25,2321337,3114,42,Jan Schlaudraff,starting_lineup,Right Winger,13,0
bf1697b31cb8ecd6766b2230eb86521d,2014-04-26,2321339,1565,24,Alexander Meier,starting_lineup,Second Striker,14,0
3ec5617492ff090b96b86b2705bb1d1a,2014-04-26,2321339,2767,24,Alexander Madlung,starting_lineup,Centre-Back,39,0
39ce0d035a584413f94ee664940d6b8b,2014-04-26,2321340,823,4,Hanno Balitsch,starting_lineup,Defensive Midfield,5,0
ab903907a386791d8352bc4ab6dcf8a7,2014-04-26,2321340,1094,4,Emanuel Pogatetz,substitutes,Centre-Back,2,0
0579a14ffda3517c8fc8f7c2a90bfede,2014-04-26,2321340,1139,39,Nikolce Noveski,starting_lineup,Centre-Back,4,1
82a3cc1ce75f088e5e8d222f9c0ee429,2014-04-26,2321340,1150,4,Raphael Schäfer,starting_lineup,Goalkeeper,1,1
40f277414eee667a0fd979f55f9cccbe,2014-04-27,2321341,1726,41,Heiko Westermann,starting_lineup,Centre-Back,4,0
fa6c00d9c32d135a1c3847f28eb8d977,2014-04-27,2321341,1784,41,René Adler,starting_lineup,Goalkeeper,15,1
639949cb72e3b615e7fa3b7bb14ffea0,2014-04-27,2321341,1791,167,Halil Altıntop,starting_lineup,Second Striker,7,0
c78ebb7e03301a92a2a48af849b95853,2014-04-26,2321342,1659,23,Dennis Kruppke,starting_lineup,Right Winger,32,1
f748d5fe300bda9853d42c25621d6660,2014-04-26,2321342,1944,23,Deniz Dogan,substitutes,Centre-Back,8,0
d44fccc130628b28ef7c76cf527289e4,2014-04-26,2321342,2334,44,Marcel Ndjeng,substitutes,Right Midfield,8,0
f43bdc3fa73a2c753562b847bd670404,2014-04-26,2321342,2386,23,Marjan Petkovic,substitutes,Goalkeeper,1,0
a78844c3e98709b8eea74f29e5a3d8c6,2014-05-03,2321343,26,16,Roman Weidenfeller,starting_lineup,Goalkeeper,1,1
015f5b809f8a7ff848a7b0f9065402e6,2014-05-03,2321343,1073,16,Manuel Friedrich,substitutes,Centre-Back,2,0
0abcd85ee9c6f70ab65df8e5d1afb789,2014-05-03,2321344,568,18,Martin Stranzl,starting_lineup,Centre-Back,39,1
1c3d89de828b1395f91dc4fd39ba8d43,2014-05-03,2321344,1139,39,Nikolce Noveski,starting_lineup,Centre-Back,4,1
51ccffe78a8d479855e44578c8e0ed5d,2014-05-03,2321344,1144,18,Christofer Heimeroth,substitutes,Goalkeeper,33,0
90c53186b6b4112d1ab73b4b8ee944a6,2014-05-03,2321345,1426,79,Cacau,starting_lineup,Centre-Forward,18,0
375ebfea89682cc6c312793d1e487955,2014-05-03,2321345,1667,82,Diego Benaglio,starting_lineup,Goalkeeper,1,1
0d4aeff7b114a04b4923e8cb5885e4d3,2014-05-03,2321345,2358,82,Patrick Ochs,substitutes,Right-Back,2,0
ad60334bd1eeed93967415f766773b87,2014-05-03,2321346,1277,86,Clemens Fritz,starting_lineup,Right-Back,8,1
66a2ba73759d34ec9fc4a7c227fd3a69,2014-05-03,2321346,2334,44,Marcel Ndjeng,starting_lineup,Right Midfield,8,0
152a87a14b0f1ca421b906c150625931,2014-05-03,2321347,823,4,Hanno Balitsch,starting_lineup,Defensive Midfield,5,0
b68eb70dc6a00505a701089b5f05d8c7,2014-05-03,2321347,1094,4,Emanuel Pogatetz,substitutes,Centre-Back,2,0
a98bc9450089c0b346caa52e6ded2865,2014-05-03,2321347,1150,4,Raphael Schäfer,starting_lineup,Goalkeeper,1,1
aafb00aa97fd0798540870fd40bd100d,2014-05-03,2321347,1586,42,Christian Schulz,starting_lineup,Centre-Back,19,0
6635d0656133a1fea4792be91e89b91c,2014-05-03,2321347,2805,42,Christian Pander,starting_lineup,Left-Back,24,0
8d360018e1b0d99291fbd79e68ccb9d6,2014-05-03,2321347,3114,42,Jan Schlaudraff,substitutes,Second Striker,13,0
3ee90a13941f8d41dc839103f24e5a7d,2014-05-03,2321349,532,27,Claudio Pizarro,substitutes,Centre-Forward,14,0
98ee162499d83e274baf912052f7d373,2014-05-03,2321349,1726,41,Heiko Westermann,starting_lineup,Centre-Back,4,0
c8a499799c9ac8a0494428e51180656a,2014-05-03,2321349,1784,41,René Adler,starting_lineup,Goalkeeper,15,0
7913f0bb81ed78c2f183907375467bcf,2014-05-03,2321349,2219,27,Philipp Lahm,starting_lineup,Right-Back,21,1
8d179c30e17233cd6bd5bb597f83d76d,2014-05-03,2321349,2514,27,Bastian Schweinsteiger,starting_lineup,Central Midfield,31,0
d4cbc5223d6a1aaa4f0594fc41f8b7dd,2014-05-03,2321350,1659,23,Dennis Kruppke,substitutes,Second Striker,32,0
9978da2cf862a1723aabdf0bb568b49f,2014-05-03,2321350,1791,167,Halil Altıntop,starting_lineup,Attacking Midfield,7,0
cdfece6d9c9432e9cfc73e08503a9319,2014-05-03,2321350,1944,23,Deniz Dogan,substitutes,Centre-Back,8,0
a707095cd795ea6002740668778fdc2d,2014-05-03,2321350,2386,23,Marjan Petkovic,substitutes,Goalkeeper,1,0
ab368748d8da42f60cc9c4a574c7d77f,2014-05-03,2321351,691,15,Simon Rolfes,substitutes,Central Midfield,6,0
cfbce4f8d05d029f92855875009b7033,2014-05-03,2321351,1565,24,Alexander Meier,starting_lineup,Second Striker,14,0
8ba37773073cf8e1a38385b65c732c78,2014-05-03,2321351,3256,15,Roberto Hilbert,substitutes,Right-Back,14,0
1076edc6409c7f4a31f793702e6a01f0,2014-05-10,2321352,532,27,Claudio Pizarro,substitutes,Centre-Forward,14,0
295646a372aa7ba9197796b7fdc43e62,2014-05-10,2321352,1426,79,Cacau,substitutes,Centre-Forward,18,0
20c444ef96b9e044cdc774f90a0c0f1d,2014-05-10,2321352,2514,27,Bastian Schweinsteiger,starting_lineup,Central Midfield,31,1
e555be97d2bc188059d7f61633bf879d,2014-05-10,2321353,598,33,Timo Hildebrand,substitutes,Goalkeeper,34,0
56b2ea6c0a4ff549863af46fdb05e5c8,2014-05-10,2321353,823,4,Hanno Balitsch,starting_lineup,Defensive Midfield,5,0
f6fde9d34419a4d7febeec6eff47b7ad,2014-05-10,2321353,1986,4,Markus Feulner,starting_lineup,Attacking Midfield,7,0
4a4509cea5fc045a5bec7e4255ccad5c,2014-05-10,2321354,691,15,Simon Rolfes,substitutes,Defensive Midfield,6,0
f0f438543dc4bf3d9d195adc55dab024,2014-05-10,2321354,1277,86,Clemens Fritz,starting_lineup,Right-Back,8,1
64f8aa00068588b8fd73617bb6735f0a,2014-05-10,2321354,3256,15,Roberto Hilbert,substitutes,Right-Back,14,0
2e7e7ea9b4ec1de7565881d509ed1216,2014-05-10,2321355,1586,42,Christian Schulz,starting_lineup,Centre-Back,19,0
ff3356c0464cd44b129b7bd56bb9577e,2014-05-10,2321355,2805,42,Christian Pander,starting_lineup,Left-Back,24,0
d3f0310b826d3debc909a79cde9e43d0,2014-05-10,2321355,3114,42,Jan Schlaudraff,substitutes,Second Striker,13,0
e0b2c0439c9e54ea506fa106ed504647,2014-05-10,2321356,568,18,Martin Stranzl,starting_lineup,Centre-Back,39,1
b93c9956bc600bc16119a84b6dff4184,2014-05-10,2321356,1144,18,Christofer Heimeroth,substitutes,Goalkeeper,33,0
3f94a09c0f49a4af2245b90e05eb57f4,2014-05-10,2321356,1667,82,Diego Benaglio,starting_lineup,Goalkeeper,1,1
f30940c5ad4461977ea811bd872cb674,2014-05-10,2321356,2358,82,Patrick Ochs,substitutes,Right-Back,2,0
e776cdd6d6c1bd56bd74c880aea581db,2014-05-10,2321357,1659,23,Dennis Kruppke,substitutes,Second Striker,32,0
6db8b658001dbf8527d1fc83fe442742,2014-05-10,2321357,1944,23,Deniz Dogan,substitutes,Centre-Back,8,0
120cf45140dce39b51d9a7468c90e203,2014-05-10,2321357,2386,23,Marjan Petkovic,substitutes,Goalkeeper,1,0
d7ed4d81ae58d7bdd675b0b7a1e2bb88,2014-05-10,2321358,1139,39,Nikolce Noveski,starting_lineup,Centre-Back,4,1
486eca60fc35a3ed914a91449b8c9017,2014-05-10,2321358,1726,41,Heiko Westermann,starting_lineup,Centre-Back,4,0
6d82bceb82a3a8ad9d0bdfb384744edf,2014-05-10,2321358,1784,41,René Adler,starting_lineup,Goalkeeper,15,0
4c1259fa1f06eed3f2f68378dcae339c,2014-05-10,2321359,1565,24,Alexander Meier,substitutes,Attacking Midfield,14,0
2251afd5ca8c8a06826f56db1868355f,2014-05-10,2321359,1791,167,Halil Altıntop,starting_lineup,Attacking Midfield,7,0
d2ea4fae42f4e7c5ea4231a7a9618615,2014-05-10,2321359,2767,24,Alexander Madlung,starting_lineup,Centre-Back,39,0
4ae27101c1c2a1c12a13af5dc9fc933a,2014-05-10,2321360,26,16,Roman Weidenfeller,starting_lineup,Goalkeeper,1,1
c1b8540672c4c5f523f8dae86259e5ed,2014-05-10,2321360,411,44,Levan Kobiashvili,starting_lineup,Left-Back,3,1
028eba6dc4b46678e5b6c0c98321afb2,2014-05-10,2321360,1073,16,Manuel Friedrich,starting_lineup,Centre-Back,2,0
2fde17ab19b6adbb45064c49c6385d29,2014-05-10,2321360,2150,16,Oliver Kirch,substitutes,Defensive Midfield,21,0
af1a40d019182408a994f558837f3949,2014-05-10,2321360,2334,44,Marcel Ndjeng,starting_lineup,Right Midfield,8,0
186b8e0f59ad7ceccfa12b9202523cba,2013-12-13,2321658,411,44,Levan Kobiashvili,substitutes,Left Midfield,3,0
dc299c7ea426c8661d2e8494836c1963,2013-12-13,2321658,1277,86,Clemens Fritz,substitutes,Right-Back,8,0
6f7a391583b3f577b2e59c6c6843709a,2013-12-13,2321658,2334,44,Marcel Ndjeng,starting_lineup,Right Midfield,8,0
4a2983f5f1d4792962c2551033b6abb7,2013-07-27,2322635,26,16,Roman Weidenfeller,starting_lineup,Goalkeeper,1,1
3bb84c90136069d5fed4bce6c312d367,2013-07-27,2322635,80,27,Tom Starke,starting_lineup,Goalkeeper,22,0
edb538ff4a244fccb57af0cdb0ddfd74,2013-07-27,2322635,410,16,Sebastian Kehl,substitutes,Defensive Midfield,5,0
f7f7acbbd00363f1bb97dbb97af985dc,2013-07-27,2322635,532,27,Claudio Pizarro,substitutes,Centre-Forward,14,0
edadc34859a4d4eb0891b6e1ff875628,2013-07-27,2322635,2219,27,Philipp Lahm,starting_lineup,Right-Back,21,1
bb29e860c8f6dbdbd1b413206fdc971e,2013-07-27,2322635,2514,27,Bastian Schweinsteiger,substitutes,Defensive Midfield,31,0
e71872241dd0bec9af138f9caa15fc8c,2013-07-16,2323267,597,713,Aleksandr Hleb,starting_lineup,Attacking Midfield,13,0
60955042d1daff880aaee0d42c5627e3,2013-07-23,2323282,597,713,Aleksandr Hleb,starting_lineup,Attacking Midfield,13,0
285322e3a030d34373d9f2e39c920c18,2013-07-14,2323730,1075,121,Andriy Voronin,starting_lineup,Second Striker,10,0
78ac35eadf5f35a0afa2535f8e6ebc01,2013-07-14,2323730,3321,121,Luke Wilkshire,starting_lineup,Right-Back,23,0
b28e481944dd38348f6a3158ae90ec20,2013-07-19,2323736,1075,121,Andriy Voronin,substitutes,Second Striker,10,0
a4c9cf92621ce64e5308bfebf72ef7d8,2013-07-19,2323736,3321,121,Luke Wilkshire,starting_lineup,Right-Back,23,0
f92e95458322ba6258e0e00aaafa1694,2013-08-18,2325544,10,398,Miroslav Klose,starting_lineup,Centre-Forward,11,0
335e5b9639e38dce5b13da6fe0247d7c,2013-08-18,2325544,2865,506,Stephan Lichtsteiner,starting_lineup,Right Midfield,26,0
b39e341fcaa24bf36dc7626a392a2f0c,2013-09-25,2326895,1443,610,Christian Poulsen,substitutes,Defensive Midfield,5,0
a1f4020eb1e58610010d53de8583f599,2013-07-21,2329279,1423,190,Lars Jacobsen,starting_lineup,Right-Back,2,1
81b5e3db3992f25c95f6edec15da33c1,2013-07-21,2329281,1725,173,Jesper Christiansen,starting_lineup,Goalkeeper,1,0
cc753c5f461577ac7e1e92fa6ac7fa9b,2013-07-28,2329286,1725,173,Jesper Christiansen,starting_lineup,Goalkeeper,1,0
cbf6cadd0ea06486c2b808f3ab275366,2013-07-28,2329286,2703,173,Morten Skoubo,substitutes,Centre-Forward,11,0
11be7e197155555a0501659c7b71fa42,2013-07-28,2329288,1423,190,Lars Jacobsen,starting_lineup,Right-Back,2,1
9b7820d52d760c7fe57d0bccdd4bf603,2013-07-28,2329288,3098,190,Olof Mellberg,starting_lineup,Centre-Back,5,0
56440834fd5da5e16e21d61187f29884,2013-08-04,2329291,1423,190,Lars Jacobsen,starting_lineup,Right-Back,2,1
2a6ff9b7bc2f4105f1db44e8cd2536ac,2013-08-04,2329291,3098,190,Olof Mellberg,starting_lineup,Centre-Back,5,0
cb9edc72a581a518ed8a8722cf86079d,2013-08-05,2329293,276,20100,Sladan Peric,substitutes,Centre-Back,4,0
192f11707462627a10435793aeea4405,2013-08-04,2329295,1725,173,Jesper Christiansen,starting_lineup,Goalkeeper,1,0
a77a3841fc8816e103faad157ed51db5,2013-08-04,2329295,2703,173,Morten Skoubo,substitutes,Centre-Forward,11,0
32bba4c824b34ba52178ae931a709bb5,2013-09-27,2329297,276,20100,Sladan Peric,starting_lineup,Centre-Back,4,0
1b0ba7f4e9d45b26dec7d7c167e5d3eb,2013-10-06,2329300,2703,173,Morten Skoubo,starting_lineup,Centre-Forward,11,0
628fd18779adfe2bf4d2ea28507d6a91,2013-09-29,2329306,2703,173,Morten Skoubo,starting_lineup,Centre-Forward,11,0
a77e0ed42391602031cc6f0f10ec4ebc,2013-08-18,2329309,1725,173,Jesper Christiansen,starting_lineup,Goalkeeper,1,0
100629ef5ef11555c73c68eaaa4e0dcc,2013-08-18,2329309,2703,173,Morten Skoubo,starting_lineup,Centre-Forward,11,0
c7823a58e6fafe5dfd38ea718a0ee283,2013-08-18,2329310,1423,190,Lars Jacobsen,starting_lineup,Right-Back,2,1
56bbb4b3b7a41e52a8e2213b8e7ddb0d,2013-08-18,2329310,3098,190,Olof Mellberg,starting_lineup,Centre-Back,5,0
3c1bc6596cb3f84187a786d662e504b2,2013-08-25,2329311,276,20100,Sladan Peric,substitutes,Centre-Back,4,0
9bee897944db31c3cd5cb0d905ea2dcd,2013-08-25,2329311,1423,190,Lars Jacobsen,starting_lineup,Right-Back,2,1
83c28e04f2a874a9ed567114c8ce53cf,2013-08-25,2329311,3098,190,Olof Mellberg,starting_lineup,Centre-Back,5,0
d0d1c9a208a68552827e7a93aa2643dd,2013-09-28,2329313,1423,190,Lars Jacobsen,starting_lineup,Right-Back,2,1
50ff9070dea3e1eeeab68ca46ed2828a,2013-09-28,2329313,3098,190,Olof Mellberg,starting_lineup,Centre-Back,5,0
a013f56b09ada0fd26bdd28faa5ec907,2013-08-25,2329316,1725,173,Jesper Christiansen,starting_lineup,Goalkeeper,1,0
b5df0d376b6a7f4e500bc9a15358161d,2013-08-25,2329316,2703,173,Morten Skoubo,starting_lineup,Centre-Forward,11,0
96250a92679b6f47518b3d349668b819,2013-08-30,2329319,1725,173,Jesper Christiansen,starting_lineup,Goalkeeper,1,0
de8dcfb69871ddbac1a77dd5ec617482,2013-08-30,2329319,2703,173,Morten Skoubo,starting_lineup,Centre-Forward,11,0
e80bec4d11db23fe19eb34af9eafb1c0,2013-09-15,2329320,2703,173,Morten Skoubo,starting_lineup,Centre-Forward,11,0
3f9b352910fd7965a13b31b29a5e620d,2013-10-06,2329326,1423,190,Lars Jacobsen,starting_lineup,Right-Back,2,1
567a0b51299c59fea8ded7e76bf8e38a,2013-10-06,2329326,3098,190,Olof Mellberg,starting_lineup,Centre-Back,5,0
33b5c5306f56f2ee95b0ee48a807622e,2013-09-01,2329327,1423,190,Lars Jacobsen,starting_lineup,Right-Back,2,1
46ce88afe506e8d900bd54d1cf214b26,2013-09-01,2329327,3098,190,Olof Mellberg,starting_lineup,Centre-Back,5,0
e723c182212037c8c95ee954d4191a6f,2013-08-11,2329330,1725,173,Jesper Christiansen,starting_lineup,Goalkeeper,1,0
6c6bb3b45b2cac886226468f1903d03b,2013-08-11,2329330,2703,173,Morten Skoubo,starting_lineup,Centre-Forward,11,0
4e10c08aabd7c209f2a99cab46e01d2e,2013-08-11,2329331,1423,190,Lars Jacobsen,starting_lineup,Right-Back,2,1
fa67081ee0d94d14134017ff1c635de2,2013-08-11,2329331,3098,190,Olof Mellberg,substitutes,Centre-Back,5,0
10d0738c195248c909453439cb62eda4,2013-09-15,2329333,276,20100,Sladan Peric,substitutes,Centre-Back,4,0
ebbbc1abea9b87fd7a5a75ba2f9c4380,2013-09-01,2329339,276,20100,Sladan Peric,starting_lineup,Centre-Back,4,0
b417b3fa8def988a1102198c6ad98dd5,2013-09-14,2329341,1423,190,Lars Jacobsen,starting_lineup,Right-Back,2,1
63a9c6e0a73ae1c66a02e6c00ef6fbe0,2013-09-14,2329341,3098,190,Olof Mellberg,starting_lineup,Centre-Back,5,0
585504f6385905e78a86bf51da99a871,2013-09-22,2329344,1423,190,Lars Jacobsen,starting_lineup,Right-Back,2,1
4b598dfa2a3e1edce186329b7fdaf02f,2013-09-22,2329344,2703,173,Morten Skoubo,starting_lineup,Centre-Forward,11,0
0d61e992e652fbbd343d945164f66fd3,2013-09-22,2329344,3098,190,Olof Mellberg,starting_lineup,Centre-Back,5,0
9430adb2272db407f7d333cd0b6c2a13,2014-04-27,2329349,1423,190,Lars Jacobsen,starting_lineup,Right-Back,2,1
239e9b1e2cfd4570596e26dda40f9079,2014-04-21,2329352,1423,190,Lars Jacobsen,starting_lineup,Right-Back,2,1
df67368734858404587ad554f11eb21d,2013-10-27,2329358,1423,190,Lars Jacobsen,starting_lineup,Right-Back,2,1
0b35d6e598a6faa6f435f929605666e4,2014-04-12,2329360,1725,173,Jesper Christiansen,substitutes,Goalkeeper,1,0
c973619c51ff15cd139c655ab4400b39,2014-04-12,2329360,2703,173,Morten Skoubo,starting_lineup,Centre-Forward,11,0
9ba5874ff63a7b8732655e78a3a04139,2014-04-17,2329376,1423,190,Lars Jacobsen,starting_lineup,Right-Back,2,1
14fca2879f2a3c1e4d3cbb5fbcdb64d4,2013-11-02,2329378,1423,190,Lars Jacobsen,starting_lineup,Right-Back,2,1
9985f4039bcdb73633423a7b455e184a,2013-11-02,2329378,3098,190,Olof Mellberg,starting_lineup,Centre-Back,5,0
5e18c4f9ac9432db3dbc74b6b4d520dd,2013-11-23,2329389,1725,173,Jesper Christiansen,substitutes,Goalkeeper,1,0
f83d3c620f38e1fac3e4fb8cc6b26e30,2013-11-23,2329389,2703,173,Morten Skoubo,starting_lineup,Centre-Forward,11,0
4243f55993cee86bebd7219bd947edb8,2013-12-01,2329390,1725,173,Jesper Christiansen,substitutes,Goalkeeper,1,0
033ebd1df53fe1975f31ba2f98ca671d,2013-12-01,2329390,2703,173,Morten Skoubo,starting_lineup,Centre-Forward,11,0
e7b0b1459b7d231641ac67df8136dc93,2013-12-07,2329391,1423,190,Lars Jacobsen,starting_lineup,Right-Back,2,1
a2c2c6a456258518e50f495484fe9cfa,2013-12-07,2329391,3098,190,Olof Mellberg,starting_lineup,Centre-Back,5,0
16aa6cd638ffdf3d7e4a2d4514f017ca,2013-12-06,2329394,1725,173,Jesper Christiansen,substitutes,Goalkeeper,1,0
46553452c824bbeadb2095290ec91444,2013-12-06,2329394,2703,173,Morten Skoubo,substitutes,Centre-Forward,11,0
f4643e01c5d109c4de9a5e4b209fcf42,2014-02-22,2329395,1725,173,Jesper Christiansen,substitutes,Goalkeeper,1,0
9f3dab8970771de1f07d14d7d95b2f7e,2014-02-22,2329395,2703,173,Morten Skoubo,starting_lineup,Centre-Forward,11,0
fbed13c677d1a9e0752c2dd6443a39bc,2014-02-23,2329396,1423,190,Lars Jacobsen,starting_lineup,Right-Back,2,1
6b16cbec64578af9b03b74383071e69a,2014-02-23,2329396,3098,190,Olof Mellberg,starting_lineup,Centre-Back,5,0
6ddcbceda8bc967f719a7616318efa37,2013-11-29,2329399,276,20100,Sladan Peric,substitutes,Centre-Back,4,0
de8d2bae157b90ac9921b395315e6047,2014-04-06,2329403,1725,173,Jesper Christiansen,substitutes,Goalkeeper,1,0
b682da739d56291cfc3f9f854734c783,2014-04-06,2329403,2703,173,Morten Skoubo,substitutes,Centre-Forward,11,0
fd0deed45d77a60875cc5023e5e2f49b,2013-12-01,2329406,3098,190,Olof Mellberg,starting_lineup,Centre-Back,5,0
44ae140cc2bbb8ab2c236eeefc81a975,2013-11-24,2329407,1423,190,Lars Jacobsen,starting_lineup,Right-Back,2,1
e083b5bf208592a7de84ac830c8115a4,2013-11-24,2329407,3098,190,Olof Mellberg,starting_lineup,Centre-Back,5,0
77ea6a3424677727fd58729b8d9d7454,2014-03-28,2329409,1725,173,Jesper Christiansen,substitutes,Goalkeeper,1,0
c8f9fdbd6ca808b201f741f488d81378,2014-03-28,2329409,2703,173,Morten Skoubo,starting_lineup,Centre-Forward,11,0
53080feb0b7ba1135eaf938887639022,2013-11-10,2329410,1423,190,Lars Jacobsen,starting_lineup,Right-Back,2,1
2e9f68dd7447141c4be6b6fded8c289b,2013-11-10,2329410,3098,190,Olof Mellberg,starting_lineup,Centre-Back,5,0
31149fe09965566ef981cbdccdf5bac5,2014-03-16,2329413,1725,173,Jesper Christiansen,starting_lineup,Goalkeeper,1,0
76b08e4e30e53b727066caff3b43d14e,2014-03-16,2329413,2703,173,Morten Skoubo,starting_lineup,Centre-Forward,11,0
e85ae3fdc111122517da2ce154b6acc7,2014-03-23,2329417,1423,190,Lars Jacobsen,substitutes,Right-Back,2,0
06cddd3025fd3f0dc4bb25c722632fad,2014-03-23,2329417,3098,190,Olof Mellberg,starting_lineup,Centre-Back,5,0
694945fae17e24630b5816504bc36ae5,2014-03-30,2329419,1423,190,Lars Jacobsen,substitutes,Right-Back,2,0
83d932c1b044c2ef0b7cd05b05caffb2,2014-03-30,2329419,3098,190,Olof Mellberg,starting_lineup,Centre-Back,5,0
e2c2a0abb49aeab39c62a62a03ebc99d,2014-04-06,2329421,1423,190,Lars Jacobsen,substitutes,Right-Back,2,0
9827ab4c5ead9945b6911d51a3671aca,2014-04-06,2329421,3098,190,Olof Mellberg,starting_lineup,Centre-Back,5,0
e16ac34a360cca98133fb12bd5072c64,2014-03-23,2329427,1725,173,Jesper Christiansen,substitutes,Goalkeeper,1,0
46488c54a212d2e0c879e28eb4da231d,2014-03-23,2329427,2703,173,Morten Skoubo,starting_lineup,Centre-Forward,11,0
d1bf56b7f3424933483fa5c1d16df07c,2014-03-02,2329430,1423,190,Lars Jacobsen,substitutes,Right-Back,2,0
224dfb117bb57e9fd8100d7bd7f83703,2014-03-02,2329430,3098,190,Olof Mellberg,starting_lineup,Centre-Back,5,0
76ea59c40c270f0862409e4699554cfa,2014-03-14,2329435,1423,190,Lars Jacobsen,substitutes,Right-Back,2,0
76f14bc057e58b4caa05ff319cad12a5,2014-03-14,2329435,3098,190,Olof Mellberg,starting_lineup,Centre-Back,5,0
31870dc42574335ce41c36283a22f0a4,2014-03-02,2329438,1725,173,Jesper Christiansen,substitutes,Goalkeeper,1,0
493170870cec98f5c3d69c07f1f6a427,2014-03-02,2329438,2703,173,Morten Skoubo,starting_lineup,Centre-Forward,11,0
55e703b87235c7c149dd0d3528d9e15a,2014-03-09,2329439,1423,190,Lars Jacobsen,substitutes,Right-Back,2,0
ac734594021071212a35cbf17c9e3aa9,2014-03-09,2329439,1725,173,Jesper Christiansen,starting_lineup,Goalkeeper,1,0
4aed2f1d9e7a2ff8fba859a94458aa91,2014-03-09,2329439,2703,173,Morten Skoubo,starting_lineup,Centre-Forward,11,0
c1b48f5a4d2a64520d969f2782cd77c8,2014-03-09,2329439,3098,190,Olof Mellberg,starting_lineup,Centre-Back,5,0
54ca8043d2f73a84b769ab91f29bbdb7,2014-05-04,2329447,1423,190,Lars Jacobsen,starting_lineup,Right-Back,2,1
69340034d4316cd49fb348a1d8156811,2014-05-08,2329448,1423,190,Lars Jacobsen,starting_lineup,Right-Back,2,1
66740b45ebe3a55f626a435b5f98fae4,2014-05-08,2329457,2703,173,Morten Skoubo,substitutes,Centre-Forward,11,0
8bc6eef62f31af4e7365ba20332feac6,2014-05-11,2329458,1423,190,Lars Jacobsen,starting_lineup,Right-Back,2,1
f93b3a6cbd5d4b10ba742f5803d3ecab,2014-05-18,2329469,1423,190,Lars Jacobsen,starting_lineup,Right-Back,2,1
b4ad061cd82ddb6542242ea037817efe,2014-05-18,2329469,2703,173,Morten Skoubo,substitutes,Centre-Forward,11,0
f6d8f3f2824a6244c3fd8e8890b4fecd,2013-10-20,2329474,1423,190,Lars Jacobsen,starting_lineup,Right-Back,2,1
2c58af9f0d0fa2a36c26ddbd56888ee9,2013-10-20,2329474,3098,190,Olof Mellberg,starting_lineup,Centre-Back,5,0
304092dfe9b9309ae9339406624af315,2013-08-04,2329674,3176,2282,Eidur Gudjohnsen,starting_lineup,Second Striker,22,0
d6a604a1434eb5e4278da13924068055,2013-08-04,2329674,3354,2282,Jonathan Blondel,starting_lineup,Defensive Midfield,11,1
10b297a8c89fc3013fa9b93792fe1a00,2013-08-11,2329676,3176,2282,Eidur Gudjohnsen,substitutes,Centre-Forward,22,0
0883a279891dbf6468400b3ab44deda1,2013-08-25,2329697,3176,2282,Eidur Gudjohnsen,substitutes,Centre-Forward,22,0
877953c498ea93eaddbb6305adeaf6a3,2013-09-28,2329725,3176,2282,Eidur Gudjohnsen,substitutes,Centre-Forward,22,0
2705f6c5932e2d72b9aa47e8030b3d32,2014-02-09,2329729,3176,2282,Eidur Gudjohnsen,substitutes,Centre-Forward,22,0
1157950a607e575381e42c207cdf2992,2014-02-01,2329737,3176,2282,Eidur Gudjohnsen,substitutes,Centre-Forward,22,0
1ea41124f20dec81c2fd33ade3ea37de,2013-12-26,2329787,3176,2282,Eidur Gudjohnsen,substitutes,Centre-Forward,22,0
d3554aef5e0a414ab30a353a5fbb6383,2014-01-18,2329798,3176,2282,Eidur Gudjohnsen,starting_lineup,Centre-Forward,22,0
40f86487cabbc7ec649b297c356a0802,2013-12-15,2329803,3176,2282,Eidur Gudjohnsen,starting_lineup,Centre-Forward,22,0
699a9b1e37784ad3fbb0cc5505d2b6df,2013-12-07,2329812,3176,2282,Eidur Gudjohnsen,starting_lineup,Centre-Forward,22,0
dd15c727deebc45a40b76f2519611cdb,2013-11-30,2329819,3176,2282,Eidur Gudjohnsen,substitutes,Centre-Forward,22,0
3f1d7e5fdf71babebb6e1a431922929b,2013-11-24,2329823,3176,2282,Eidur Gudjohnsen,starting_lineup,Second Striker,22,0
159ba711acdf0c359bc61a23d42bb390,2013-10-31,2329843,3176,2282,Eidur Gudjohnsen,substitutes,Centre-Forward,22,0
be6a47d148a9a0521d8fca914bf4e673,2013-11-03,2329844,3176,2282,Eidur Gudjohnsen,substitutes,Centre-Forward,22,0
d78813edcec84b8e42b085c3f6f35c82,2013-10-27,2329852,3176,2282,Eidur Gudjohnsen,starting_lineup,Centre-Forward,22,0
c6a0b17d4a060d0da276e0a2e9e7d248,2014-03-08,2329869,3176,2282,Eidur Gudjohnsen,substitutes,Centre-Forward,22,0
f80f70b6f175be8f66bdba62d71cb25e,2014-03-02,2329874,3176,2282,Eidur Gudjohnsen,substitutes,Centre-Forward,22,0
f86a97440226c72997fd787f3a9d4cf6,2014-03-16,2329882,3176,2282,Eidur Gudjohnsen,starting_lineup,Second Striker,22,0
5f809b7535ff72c4afbc139ec719f300,2014-02-14,2329888,3176,2282,Eidur Gudjohnsen,substitutes,Centre-Forward,22,0
5c461c610f14d3e00110770fbe26542d,2013-10-19,2330880,1613,855,Vivian,substitutes,Centre-Back,27,0
d4918b19fdd03072af0cdd6e332fa61d,2013-10-26,2330884,3266,1158,Jérémie Aliadière,starting_lineup,Centre-Forward,11,0
4cfe7e7d55c477ec04e6674500b56d94,2013-10-20,2330911,3266,1158,Jérémie Aliadière,starting_lineup,Centre-Forward,11,0
465de2e6b4937b53002f02e6b4fdfbac,2013-10-04,2330934,3266,1158,Jérémie Aliadière,starting_lineup,Centre-Forward,11,0
fff39fb58b28e2f6445f7d7d8bd6ef3b,2013-12-14,2330947,3266,1158,Jérémie Aliadière,substitutes,Centre-Forward,11,0
8be68b0015f9f3959aa65bf867bfb583,2013-12-07,2330964,3266,1158,Jérémie Aliadière,substitutes,Centre-Forward,11,0
a962f1dabd8369fa581f9b2f8f0a0216,2014-01-12,2330986,3266,1158,Jérémie Aliadière,starting_lineup,Centre-Forward,11,0
8fa4a670c8f4d4cebb0957d1cd351e24,2013-12-22,2330988,3266,1158,Jérémie Aliadière,starting_lineup,Centre-Forward,11,0
2a23d1a8a7c549e34bb02d2484a6f14a,2014-01-25,2331003,3266,1158,Jérémie Aliadière,starting_lineup,Centre-Forward,11,0
033fb1e31cf227611e2a26377f5e8e1c,2014-02-01,2331009,3266,1158,Jérémie Aliadière,starting_lineup,Centre-Forward,11,0
8b68bf1390058d7840f228905c6cbd3c,2014-01-31,2331012,3115,40,David Bellion,substitutes,Centre-Forward,11,0
ca862a2cc7d64b5bf0f500765a6adb3c,2014-01-18,2331021,3266,1158,Jérémie Aliadière,starting_lineup,Centre-Forward,11,0
b902dcc0df5a0fa90e0d96ab33651837,2014-02-25,2331031,3266,1158,Jérémie Aliadière,substitutes,Centre-Forward,11,0
46538d6159fec2245615797453c858ad,2014-02-09,2331037,65,162,Dimitar Berbatov,substitutes,Centre-Forward,15,0
32fa4b453de665650ff5cd02ff01e024,2013-11-01,2331039,3266,1158,Jérémie Aliadière,starting_lineup,Centre-Forward,11,0
d17e36791df25eb5e1899d2bd2b051cd,2014-03-16,2331048,65,162,Dimitar Berbatov,starting_lineup,Centre-Forward,15,0
8e77c8a3ac6fd37fce10b7a6b9db35e4,2014-03-21,2331049,3266,1158,Jérémie Aliadière,starting_lineup,Centre-Forward,11,0
7d33b66d1d3951bf42177cb052363a3d,2014-03-23,2331057,65,162,Dimitar Berbatov,starting_lineup,Centre-Forward,15,0
755867ff232d3a8cd87ded11d9c899ba,2014-03-15,2331060,3266,1158,Jérémie Aliadière,starting_lineup,Centre-Forward,11,0
598b1cb06ff97052291df0a3dc75ae4d,2014-03-09,2331064,3266,1158,Jérémie Aliadière,starting_lineup,Centre-Forward,11,0
67be1fc7f65826b2cfe9d473d6e0ac64,2014-03-08,2331065,65,162,Dimitar Berbatov,starting_lineup,Centre-Forward,15,0
cd7970968a9e28d110a2b5c23c8e8e5f,2014-03-01,2331071,65,162,Dimitar Berbatov,substitutes,Centre-Forward,15,0
d284a287ccb9d8896e61e4b1e6c298d7,2014-03-01,2331079,3266,1158,Jérémie Aliadière,starting_lineup,Centre-Forward,11,0
a2a812c663661a42cc34f788dd958749,2014-02-22,2331087,3266,1158,Jérémie Aliadière,starting_lineup,Centre-Forward,11,0
d2a1f68e951fc2af20183068f3335c1a,2014-02-15,2331091,3266,1158,Jérémie Aliadière,starting_lineup,Centre-Forward,11,0
824d638ddafa463663e528d803b8cd5d,2014-02-22,2331092,3115,40,David Bellion,substitutes,Centre-Forward,11,0
1878bdfb3fa3b0d47c448a371cd53025,2014-02-21,2331099,65,162,Dimitar Berbatov,substitutes,Centre-Forward,15,0
21ed1c687718f5b9c91a82e0c6b4b55a,2014-03-29,2331109,3266,1158,Jérémie Aliadière,starting_lineup,Centre-Forward,11,0
dcfab3c9fa0d645969f2627503d76f51,2014-03-29,2331111,65,162,Dimitar Berbatov,starting_lineup,Centre-Forward,15,0
21713a3927839384622793d0109fb585,2014-04-20,2331118,3266,1158,Jérémie Aliadière,starting_lineup,Centre-Forward,11,0
cf38ac5bd3645d0b0cacc6bd9811e5d9,2014-04-12,2331120,3266,1158,Jérémie Aliadière,starting_lineup,Centre-Forward,11,0
8a7f343d29d9db032d40f221112b63b7,2014-04-20,2331124,65,162,Dimitar Berbatov,starting_lineup,Centre-Forward,15,0
06d90f307cbdece47dff5c6fd12e184b,2014-04-06,2331125,65,162,Dimitar Berbatov,starting_lineup,Centre-Forward,15,0
545b9cd185cc45bc531e64f2a58cbd42,2014-04-05,2331127,3266,1158,Jérémie Aliadière,starting_lineup,Centre-Forward,11,0
80eb3d20fbef39d492f169552062e30e,2014-05-04,2331154,3266,1158,Jérémie Aliadière,starting_lineup,Centre-Forward,11,0
8e3d7b31b16425c4a57c2949c0ee68cc,2014-05-10,2331158,3266,1158,Jérémie Aliadière,starting_lineup,Centre-Forward,11,0
f16bf0691fcee0fcf798ca9ea8bc665a,2014-05-07,2331162,65,162,Dimitar Berbatov,starting_lineup,Centre-Forward,15,0
59e8900be73c8edee68bd9b3fc2191ba,2014-04-27,2331163,3115,40,David Bellion,substitutes,Centre-Forward,11,0
f8b224aa9a8aa668fe9fb6bd7acfcf3a,2014-04-26,2331164,3266,1158,Jérémie Aliadière,starting_lineup,Centre-Forward,11,0
f34c4b8f897e41c0680720251a09b72f,2014-04-26,2331173,65,162,Dimitar Berbatov,starting_lineup,Centre-Forward,15,0
6f4634cced2d99b2e5dd430022d549f5,2014-05-17,2331176,65,162,Dimitar Berbatov,starting_lineup,Centre-Forward,15,0
5115cf12cbb227508ab097b658087d95,2014-05-17,2331176,1572,162,Andreas Wolf,substitutes,Right-Back,31,0
b46a232f89459d7806db386f22040cf9,2014-05-17,2331179,3266,1158,Jérémie Aliadière,starting_lineup,Centre-Forward,11,0
1f1528c77d763b5e669323a0b2597a64,2013-08-17,2331956,1327,379,Alou Diarra,substitutes,Defensive Midfield,18,0
3e215acbd446f5ba134a00321d649b31,2013-08-17,2331956,1368,379,Guy Demel,starting_lineup,Right-Back,20,0
990236046e230901505a9642cd93f6d5,2013-08-17,2331956,3297,603,Craig Bellamy,starting_lineup,Right Winger,39,1
167e9cff7220937ab19b972a2de76c78,2013-08-25,2331957,3297,603,Craig Bellamy,starting_lineup,Right Winger,39,1
8b3257439b6ad3e736ad6612102c2f07,2013-08-25,2331957,3333,281,James Milner,substitutes,Central Midfield,7,0
196a9fe8f57c3f8c451f70ebf7e2ffd5,2013-08-31,2331958,3297,603,Craig Bellamy,starting_lineup,Right Winger,39,1
83df3a9fa2fde86f7dcaf5e8e02bcf84,2013-08-31,2331958,3356,29,Sylvain Distin,starting_lineup,Centre-Back,15,0
6b46af5dc177e9e062546c739d1c1073,2013-12-29,2331959,3356,29,Sylvain Distin,starting_lineup,Centre-Back,15,0
29aaacef45e059b8d093427801a8864c,2013-10-05,2331960,65,931,Dimitar Berbatov,starting_lineup,Centre-Forward,9,0
aa536f52b0dfc3d0e591175a8d075e74,2013-10-05,2331960,1662,931,Sascha Riether,starting_lineup,Right-Back,27,0
7d802e6ecc42f7b638d7cb5622f12b38,2013-10-05,2331960,2998,512,Robert Huth,starting_lineup,Centre-Back,4,0
39513bf52449add5d77fb59d2dc99ed3,2013-10-05,2331960,3259,931,Damien Duff,starting_lineup,Left Midfield,16,0
a543f2f78bb8e4c8c4006b37d3d2aaf6,2013-10-05,2331960,3306,512,Jonathan Walters,starting_lineup,Right Winger,19,0
636b42fc0aa8457f57b43a530edbbd63,2013-10-05,2331962,3109,31,Steven Gerrard,starting_lineup,Defensive Midfield,8,1
414acb3fa77e575b1298bbcab617cb0c,2013-10-05,2331962,3131,873,Kevin Phillips,substitutes,Centre-Forward,9,0
68b2cefdf9e7b73279cd54c43c1048e6,2013-10-05,2331962,3202,31,Kolo Touré,starting_lineup,Centre-Back,4,0
6894e042516e4913778bc5af18e086bf,2013-12-26,2331963,3276,762,Shola Ameobi,substitutes,Centre-Forward,23,0
91a9f688a5d7aa4ebf27e0aeb38e8780,2013-12-26,2331963,3306,512,Jonathan Walters,starting_lineup,Right Winger,19,0
d17e69c912f2de0965eda0f7800357fa,2013-12-26,2331964,1662,931,Sascha Riether,starting_lineup,Right-Back,27,0
55c6c2cd913f9355b72acc9ffb4fd3ee,2013-12-26,2331964,3220,931,John Arne Riise,substitutes,Left-Back,3,0
1e0e158ceb2f2748cdc274b5ccbafdb9,2013-12-26,2331964,3259,931,Damien Duff,starting_lineup,Right Midfield,16,0
6fa72e2d974d18a9347a43684a0fa07c,2013-12-26,2331965,1327,379,Alou Diarra,substitutes,Defensive Midfield,18,0
45a18cebb10f2d2523d96fe814934672,2013-12-26,2331965,1368,379,Guy Demel,substitutes,Right-Back,20,0
e33ef887858c660e717dda115581ae03,2013-12-26,2331965,3179,379,Carlton Cole,starting_lineup,Centre-Forward,24,0
b6a98ef8b51ca9dd97bdc9ec7b3b8ae1,2013-12-28,2331966,488,2288,Gerhard Tremmel,starting_lineup,Goalkeeper,25,0
09d235126f189679c0c1d01b3a4157cb,2013-12-29,2331968,3160,631,John Terry,starting_lineup,Centre-Back,26,1
ed4d5229725741da650cbdbb15307c4e,2013-12-29,2331968,3163,631,Frank Lampard,starting_lineup,Central Midfield,8,0
cb57a641e72ec03b514590a9eabed6ba,2013-12-29,2331968,3182,631,Ashley Cole,substitutes,Left-Back,3,0
a3cfb835265526f2f4faa7c75a06cb96,2013-12-29,2331968,3202,31,Kolo Touré,substitutes,Centre-Back,4,0
c55b1f50f23539d043eb432055eb9bf7,2013-12-29,2331968,3357,631,Mark Schwarzer,substitutes,Goalkeeper,23,0
e135d068db34175834f52d1372098e01,2013-10-05,2331970,3297,603,Craig Bellamy,substitutes,Right Winger,39,0
36ca201c5918ea3c05ceadaed3558d5b,2013-09-28,2331971,65,931,Dimitar Berbatov,starting_lineup,Second Striker,9,0
830bca06d6b1788ee1b24fab73a018b5,2013-09-28,2331971,1662,931,Sascha Riether,starting_lineup,Right-Back,27,0
70574c1220b27d1e7e36b0b3dbfa1fdd,2013-09-28,2331971,3297,603,Craig Bellamy,substitutes,Second Striker,39,0
cbf13552f100f37db421bee1b154229b,2013-09-29,2331972,3109,31,Steven Gerrard,starting_lineup,Central Midfield,8,1
16e782f165444644a97ed2e7fed77fc5,2013-09-29,2331972,3202,31,Kolo Touré,starting_lineup,Centre-Back,4,0
29787baa43f8864f6d5c1f427a76fb68,2013-09-28,2331973,3160,631,John Terry,starting_lineup,Centre-Back,26,1
aaa2433bab49c2590d1235da885fd006,2013-09-28,2331973,3163,631,Frank Lampard,starting_lineup,Left Midfield,8,0
7799c7c804f3c8926e67d71572f4ab56,2013-09-28,2331973,3182,631,Ashley Cole,starting_lineup,Left-Back,3,0
0dcd2ac2d2d63b67a93070b121b60017,2013-09-28,2331973,3357,631,Mark Schwarzer,substitutes,Goalkeeper,23,0
78718ac7092831f3c2259a8ba3bd5578,2013-12-28,2331975,3406,985,Ryan Giggs,starting_lineup,Attacking Midfield,11,0
1c126ac5ab7dd5458086b25d47e699f6,2013-12-29,2331976,3195,512,Jermaine Pennant,substitutes,Right Midfield,7,0
77b4a0f1cfece78d37440a156e586406,2013-12-29,2331976,3306,512,Jonathan Walters,starting_lineup,Right Winger,19,0
f342aff3808c5062f949e4b659c954ff,2014-01-01,2331977,132,11,Tomas Rosicky,substitutes,Attacking Midfield,7,0
334c1f525d3832cd9779bcc3a0da30f8,2013-09-28,2331978,3131,873,Kevin Phillips,substitutes,Centre-Forward,9,0
68dceb921f1cb6977c225e29cbdc2edd,2013-09-28,2331979,3235,985,Rio Ferdinand,starting_lineup,Centre-Back,5,0
80307805e41693ef20f2a9b0787c2c9f,2013-09-28,2331979,3332,985,Wayne Rooney,starting_lineup,Second Striker,10,1
c5c7464450b776142c5a5d067121c52d,2013-09-21,2331981,2874,379,Mladen Petric,substitutes,Centre-Forward,30,0
6c7b656d747126954a136f1fb83671a6,2013-09-21,2331981,3291,29,Gareth Barry,starting_lineup,Central Midfield,18,0
d2bbf145376ff3dd85dc53008d02e9e7,2013-09-21,2331981,3356,29,Sylvain Distin,starting_lineup,Centre-Back,15,0
0644a58acd9314cc6136bd3b38f87c7a,2013-09-28,2331982,3333,281,James Milner,starting_lineup,Right Midfield,7,0
899be72e843c10d8bc99e26ce3e45463,2013-09-30,2331983,3291,29,Gareth Barry,starting_lineup,Central Midfield,18,0
26effae20b4dc6fc428a1d36c5cfb939,2013-09-30,2331983,3356,29,Sylvain Distin,starting_lineup,Centre-Back,15,0
34a2fb85ff762303fc1f944f05db2cd0,2013-09-28,2331984,1368,379,Guy Demel,substitutes,Right-Back,20,0
09066efac2282668630f34845b7f35e0,2013-09-28,2331984,2874,379,Mladen Petric,substitutes,Centre-Forward,30,0
985925285cfb181d620c1dcbc900ac29,2013-09-29,2331985,2998,512,Robert Huth,starting_lineup,Centre-Back,4,0
d9e843f3b2139c27666000ec930acdb1,2013-09-29,2331985,3195,512,Jermaine Pennant,substitutes,Right Winger,7,0
63815d1bb8cd4f711957c5ebcda32659,2013-09-29,2331985,3306,512,Jonathan Walters,starting_lineup,Right Winger,19,0
256f060ee2140f7f6eee444052f27c93,2013-12-28,2331986,1662,931,Sascha Riether,substitutes,Right-Back,27,0
e25aa6bed74180ad725967635cee23b1,2013-12-28,2331986,3220,931,John Arne Riise,starting_lineup,Left-Back,3,0
e96d88c7b9104e42dcc116dc59b1624a,2013-12-29,2331987,132,11,Tomas Rosicky,starting_lineup,Attacking Midfield,7,0
fc142b0e565bd6c9b305634bb196bb21,2013-12-29,2331987,3276,762,Shola Ameobi,substitutes,Centre-Forward,23,0
022102b23e962de604a6c26165418a0c,2013-12-28,2331988,1327,379,Alou Diarra,substitutes,Defensive Midfield,18,0
942fdc9e5157adf20c60d22e89f7432c,2013-12-28,2331988,1368,379,Guy Demel,substitutes,Centre-Back,20,0
747200c2ea6d7457c33c7a20cfbb6efc,2013-12-28,2331988,3179,379,Carlton Cole,starting_lineup,Centre-Forward,24,0
ca0819ace70d81497c7fb05eb224c230,2013-12-28,2331988,3226,984,Nicolas Anelka,starting_lineup,Centre-Forward,39,0
2092484247ef53c5af7b9213e5215a45,2013-12-21,2331990,3405,289,Wes Brown,starting_lineup,Centre-Back,5,0
717f4368ce512839c2441ec38d5bc396,2013-09-21,2331991,3109,31,Steven Gerrard,starting_lineup,Central Midfield,8,1
9c70ddb007216cfbfd5ea9272c167515,2013-09-21,2331991,3202,31,Kolo Touré,starting_lineup,Right-Back,4,0
4d29a4cccdc21ba062249e44b2227727,2013-12-21,2331993,3131,873,Kevin Phillips,substitutes,Centre-Forward,9,0
c8c0828b5877768f06d98bc3896d2fcf,2013-12-21,2331993,3276,762,Shola Ameobi,substitutes,Centre-Forward,23,0
2df7b9a78fd5b73b3230d6e057786a1d,2013-12-21,2331994,1662,931,Sascha Riether,starting_lineup,Right-Back,27,0
006b428fbd12065cfda74fd562fc6590,2013-12-21,2331994,2963,281,Martín Demichelis,starting_lineup,Centre-Back,26,0
6eddbfec8da9d0b50018f307a440c52f,2013-12-21,2331994,3220,931,John Arne Riise,starting_lineup,Left-Back,3,0
840108a05dbd0cb965737850dfd19cb6,2013-12-21,2331994,3259,931,Damien Duff,substitutes,Right Midfield,16,0
db9c702ec38dcbad2c4526f71638d3c0,2013-12-21,2331994,3333,281,James Milner,substitutes,Left Midfield,7,0
b003d803c8d5c95e7c7b883fce1c7572,2013-12-21,2331996,1327,379,Alou Diarra,substitutes,Defensive Midfield,18,0
ed7e99acb46b7aedbda317eadb8f8bcb,2013-12-21,2331996,1368,379,Guy Demel,starting_lineup,Right-Back,20,0
cc0dde686903a9dd43324b0de5fc03b2,2013-12-21,2331996,3179,379,Carlton Cole,substitutes,Centre-Forward,24,0
09525cc06f1173da0f8ea7f4d3cef32d,2013-12-21,2331996,3332,985,Wayne Rooney,starting_lineup,Second Striker,10,0
12751dc22feb0428445d447a9dc8b351,2013-12-21,2331996,3406,985,Ryan Giggs,substitutes,Left Midfield,11,0
2ee058428217319f32b515f6556b65be,2013-12-21,2331997,3195,512,Jermaine Pennant,substitutes,Left Winger,7,0
8737426737d38ec07e05965bea394087,2013-12-21,2331997,3306,512,Jonathan Walters,starting_lineup,Right Winger,19,0
259639807fbcb0e678bd08d504362a38,2013-12-28,2331998,3131,873,Kevin Phillips,substitutes,Centre-Forward,9,0
80ae3e9fed4ee47e94389b1ceabbc8bb,2013-12-28,2331998,3333,281,James Milner,starting_lineup,Left Midfield,7,0
f44d0e6478d753af6c0296eeb1c3bbd8,2013-09-21,2331999,1662,931,Sascha Riether,starting_lineup,Right-Back,27,0
b52199b36908200f23c7c2792e54d5f3,2013-09-21,2331999,3160,631,John Terry,starting_lineup,Centre-Back,26,1
34c23e5a180fa48af594c162b899cc7f,2013-09-21,2331999,3163,631,Frank Lampard,substitutes,Central Midfield,8,0
f4ae7337dd399a7eea71bd238af2600e,2013-09-21,2331999,3182,631,Ashley Cole,starting_lineup,Left-Back,3,0
1043b96c95bfc26c9d635c8b124ada7c,2013-09-21,2331999,3259,931,Damien Duff,starting_lineup,Right Midfield,16,0
d755b4e7b80c28e0646da2bf7f97f761,2013-09-21,2331999,3357,631,Mark Schwarzer,substitutes,Goalkeeper,23,0
b39c62545773dffd2ba244d3e3b6969f,2013-09-22,2332001,3235,985,Rio Ferdinand,starting_lineup,Centre-Back,5,0
05eeeed863ca753a34b0e1556c2c42ce,2013-09-22,2332001,3332,985,Wayne Rooney,starting_lineup,Second Striker,10,0
621f24abca28a6dbd0616d9742dc5f49,2013-09-22,2332001,3333,281,James Milner,substitutes,Right Midfield,7,0
6bc02a0dbcd42bcdc3d22f3508f6a2b4,2013-09-21,2332003,3226,984,Nicolas Anelka,starting_lineup,Centre-Forward,39,0
ec9e8086d8fbbc5eddf6e1c64ef24877,2013-12-26,2332004,3332,985,Wayne Rooney,starting_lineup,Second Striker,10,0
c903f27b510b459c4cca8af46a7d8d15,2013-09-14,2332005,2998,512,Robert Huth,starting_lineup,Centre-Back,4,0
10d0eab4bd150b8f9dc5fab8d3427fe8,2013-09-14,2332005,3195,512,Jermaine Pennant,substitutes,Right Winger,7,0
e9fe8f9a7dc0aa81d458d1eba26de918,2013-09-14,2332005,3306,512,Jonathan Walters,starting_lineup,Right Winger,19,0
13684619a2ab4f0613f6283378ba0c5e,2013-09-14,2332005,3333,281,James Milner,starting_lineup,Right Midfield,7,0
807a104052a001b7eafef73e55956cb7,2013-09-22,2332006,3297,603,Craig Bellamy,starting_lineup,Right Winger,39,1
5e6f51356f7f25c778fcb49829f19b19,2013-12-23,2332007,132,11,Tomas Rosicky,starting_lineup,Left Winger,7,0
2a96fdcdaadcfaaf0243ec07216467c4,2013-12-23,2332007,3160,631,John Terry,starting_lineup,Centre-Back,26,1
6229b9e9f06241ffb79586de0f8fb0ed,2013-12-23,2332007,3163,631,Frank Lampard,starting_lineup,Central Midfield,8,0
d49e0b9f992467db22ac2fc17b8092ea,2013-12-23,2332007,3182,631,Ashley Cole,substitutes,Left-Back,3,0
c500f4e8886918e4acdd7b8eb8f151a8,2013-12-23,2332007,3357,631,Mark Schwarzer,substitutes,Goalkeeper,23,0
d7cffa79adf8226fd52f0fa427e7a643,2013-12-26,2332009,3202,31,Kolo Touré,substitutes,Centre-Back,4,0
77d9a0059cff3e033096397915d6192f,2013-12-26,2332009,3333,281,James Milner,substitutes,Left Midfield,7,0
05d1205e602a8d45be65c0d0b04be596,2013-09-15,2332010,1368,379,Guy Demel,starting_lineup,Right-Back,20,0
308cbde57fed68524e8e4c50015d7acd,2013-09-16,2332011,488,2288,Gerhard Tremmel,substitutes,Goalkeeper,25,0
33d75c7418a04431b0c94f8da6102ca0,2013-09-16,2332011,3109,31,Steven Gerrard,starting_lineup,Central Midfield,8,1
b32fa5b4c36fcf7338de0d91290908e6,2013-09-16,2332011,3202,31,Kolo Touré,substitutes,Right-Back,4,0
6082f629af9e618fb519c1fa3f6c915c,2013-12-26,2332014,488,2288,Gerhard Tremmel,starting_lineup,Goalkeeper,25,0
102310ade128748c222c3f8476468281,2013-12-26,2332014,3160,631,John Terry,starting_lineup,Centre-Back,26,1
d75cb0b1315c437506243e603715a341,2013-12-26,2332014,3163,631,Frank Lampard,substitutes,Attacking Midfield,8,0
14d7b9a0afa8fb395b8407f19fc1f4fb,2013-12-26,2332014,3182,631,Ashley Cole,starting_lineup,Left-Back,3,0
66878b8af23eefbbe991ded8cc2e20ac,2013-12-26,2332014,3357,631,Mark Schwarzer,substitutes,Goalkeeper,23,0
39645887f1e87aae33afe98dd1b643e1,2013-12-26,2332015,3291,29,Gareth Barry,starting_lineup,Central Midfield,18,0
1a7a439ffceeeee1fffa4b9af7e02a53,2013-12-26,2332015,3356,29,Sylvain Distin,starting_lineup,Centre-Back,15,0
1b860bab4e63be4e6a13801a284ed4fe,2013-09-14,2332016,3131,873,Kevin Phillips,substitutes,Centre-Forward,9,0
f7011a28d4147d6cabcd0f707b0c1ad5,2013-09-14,2332016,3235,985,Rio Ferdinand,starting_lineup,Centre-Back,5,0
0d131dddad3111f76e63e20accf257e5,2013-09-14,2332016,3332,985,Wayne Rooney,starting_lineup,Second Striker,10,0
2b9f8700d971997b850d43789632cc52,2013-12-09,2332017,488,2288,Gerhard Tremmel,starting_lineup,Goalkeeper,25,0
484ce0f71491d5233c50ccc241d70207,2013-12-15,2332018,3235,985,Rio Ferdinand,substitutes,Centre-Back,5,0
8df9dd08e756201baf18f10846ea88c6,2013-12-15,2332018,3332,985,Wayne Rooney,starting_lineup,Second Striker,10,0
3aa7e630b7e736625cb7189708648bc2,2013-12-15,2332018,3406,985,Ryan Giggs,starting_lineup,Central Midfield,11,0
bfda4609f59189d03785fbac052809aa,2013-09-22,2332019,2998,512,Robert Huth,starting_lineup,Centre-Back,4,0
107faceb7d33dc19d42e00edb26eda47,2013-09-22,2332019,3195,512,Jermaine Pennant,substitutes,Right Winger,7,0
29f32f841faef2bc52319efbc7ece4bf,2013-09-22,2332019,3306,512,Jonathan Walters,starting_lineup,Right Winger,19,0
3b98ac8db81fed2aae0658d2461a5215,2013-09-14,2332022,3160,631,John Terry,starting_lineup,Centre-Back,26,1
f17a53b3f59ebb02614283cf742a24f0,2013-09-14,2332022,3163,631,Frank Lampard,substitutes,Central Midfield,8,0
99d7ccfefa7b3a5f62810e528c67a627,2013-09-14,2332022,3182,631,Ashley Cole,starting_lineup,Left-Back,3,0
f8c8b7285ccee7309d827711c0b39653,2013-09-14,2332022,3291,29,Gareth Barry,starting_lineup,Central Midfield,18,0
afd35f3258fd1eab6f33b5966b19fc73,2013-09-14,2332022,3356,29,Sylvain Distin,starting_lineup,Centre-Back,15,0
e3d0191ce0c528a3abc93f5f0e0e4edf,2013-09-14,2332022,3357,631,Mark Schwarzer,substitutes,Goalkeeper,23,0
4a0fe827989381331385e56ebe7e7e66,2013-12-07,2332024,3235,985,Rio Ferdinand,substitutes,Centre-Back,5,0
64f7978a04c82749d5bc4dfa3434a49b,2013-12-07,2332024,3276,762,Shola Ameobi,substitutes,Right Winger,23,0
a6aa9ea58def3b969302974db3c33a08,2013-12-07,2332025,3160,631,John Terry,starting_lineup,Centre-Back,26,1
5c376ee329951293da69f8899439907d,2013-12-07,2332025,3163,631,Frank Lampard,substitutes,Central Midfield,8,0
5fa9b00c7ad98ef108593fc8f769fae6,2013-12-07,2332025,3182,631,Ashley Cole,substitutes,Left-Back,3,0
7c08647b46aa5b34db7c3810b701d62e,2013-12-07,2332025,3195,512,Jermaine Pennant,substitutes,Right Winger,7,0
62e3ae2b3b3276f5a6c7a8de8a3b7e9e,2013-12-07,2332025,3306,512,Jonathan Walters,starting_lineup,Right Winger,19,0
2065947c3e995a4ca560540d6dd7e17d,2013-12-07,2332025,3357,631,Mark Schwarzer,substitutes,Goalkeeper,23,0
2aee656d241fc380632968a215080485,2013-12-14,2332027,3276,762,Shola Ameobi,starting_lineup,Centre-Forward,23,0
3b571fd1f2c4d2f9e7bce249a4c0676c,2013-12-14,2332028,132,11,Tomas Rosicky,substitutes,Attacking Midfield,7,0
e47032e2881ac8171f5de76ad2ace361,2013-12-14,2332028,2963,281,Martín Demichelis,starting_lineup,Centre-Back,26,0
e0573ed2fdfb2c0b512dc83bfa978f25,2013-12-14,2332028,3333,281,James Milner,substitutes,Left Midfield,7,0
2250c8d7335cb8e37ea49ba62ae58c6c,2013-12-14,2332029,65,931,Dimitar Berbatov,starting_lineup,Centre-Forward,9,0
3fc35da21c26b42fbfb272ca47500673,2013-12-14,2332029,1662,931,Sascha Riether,starting_lineup,Right-Back,27,0
7e657d4498c9561d3e78806a642e3ad6,2013-12-14,2332029,3220,931,John Arne Riise,starting_lineup,Left-Back,3,0
abca6d05825a73d734f450f96ad81e3f,2013-12-14,2332029,3259,931,Damien Duff,substitutes,Left Midfield,16,0
caab713728b683f7040ab9622f1c1583,2013-12-14,2332029,3291,29,Gareth Barry,starting_lineup,Central Midfield,18,0
561de9f3d355119d8b0ad1e3553f84df,2013-12-14,2332029,3356,29,Sylvain Distin,starting_lineup,Centre-Back,15,0
c5ff2c4b398fd7e28f0a20914f63a563,2013-09-14,2332031,65,931,Dimitar Berbatov,starting_lineup,Centre-Forward,9,0
5b93de5e68b0ff9487c3ffa4e0fbfb0a,2013-09-14,2332031,1662,931,Sascha Riether,starting_lineup,Right-Back,27,0
930da855583e83220775aad4c2f68a7f,2013-09-14,2332031,3226,984,Nicolas Anelka,starting_lineup,Second Striker,39,0
c34521e1d4eddc7cc02f9c40d8b630b8,2013-09-14,2332031,3259,931,Damien Duff,substitutes,Right Midfield,16,0
780319647d56bdfdd95d55357e057ee8,2013-12-04,2332032,3109,31,Steven Gerrard,starting_lineup,Central Midfield,8,1
b8358a65d9ab25d0be94620e5afcb1d9,2013-12-04,2332032,3202,31,Kolo Touré,substitutes,Centre-Back,4,0
6cca2cf76bb2a10dc2d8bb153c97d5f4,2013-12-07,2332033,2963,281,Martín Demichelis,starting_lineup,Centre-Back,26,0
13b0bfd9fd61b52ac3ff3bf72052b588,2013-12-07,2332033,3333,281,James Milner,starting_lineup,Right Midfield,7,0
539a979b18ce62841df43ea20aa6eecf,2013-12-07,2332034,3405,289,Wes Brown,starting_lineup,Centre-Back,5,0
87e7b39be3727c6ff0678cafac616ee0,2013-12-14,2332037,1327,379,Alou Diarra,substitutes,Defensive Midfield,18,0
14821e3a8f861cb8cbfa7e6acf0c3b4a,2013-12-14,2332037,1368,379,Guy Demel,starting_lineup,Right-Back,20,0
13544f19f1722dec2a99a6f7ab82f1c6,2013-12-14,2332037,3179,379,Carlton Cole,substitutes,Centre-Forward,24,0
e09f7ac36262b88399fad8c97588235d,2013-12-14,2332037,3405,289,Wes Brown,starting_lineup,Centre-Back,5,0
0cc82dc1e9a4a8bf90d201ace435e4df,2013-12-22,2332038,488,2288,Gerhard Tremmel,starting_lineup,Goalkeeper,25,0
4f165130c58ae9144968d38dfd5fff1c,2013-12-22,2332038,3291,29,Gareth Barry,starting_lineup,Central Midfield,18,0
e85f861bef0839c5889898d864c3bcd9,2013-12-22,2332038,3356,29,Sylvain Distin,starting_lineup,Centre-Back,15,0
adc073b6e1d0af2c71ae6149b0d88158,2013-12-01,2332039,3332,985,Wayne Rooney,starting_lineup,Centre-Forward,10,0
75f5f1749498cade6144e0da15e5e4cf,2013-12-04,2332040,132,11,Tomas Rosicky,starting_lineup,Right Midfield,7,0
58193dbf6dd1a52c0706d3d972fa9cd4,2013-12-03,2332042,1368,379,Guy Demel,substitutes,Right-Back,20,0
4bd69c8f9cf34f2b4c9e7e87296b2c03,2013-12-03,2332042,3131,873,Kevin Phillips,substitutes,Centre-Forward,9,0
dee1c6293321602fc0d4699a122a0bf1,2013-12-03,2332042,3179,379,Carlton Cole,starting_lineup,Centre-Forward,24,0
5f58b1557cc9f8c40161d04165f97685,2013-12-04,2332043,3291,29,Gareth Barry,starting_lineup,Central Midfield,18,0
28b8fe8099d80d44e1b18c445fa6f80b,2013-12-04,2332043,3332,985,Wayne Rooney,starting_lineup,Centre-Forward,10,0
e953402675b397d492041c3e11830dcc,2013-12-04,2332043,3356,29,Sylvain Distin,starting_lineup,Centre-Back,15,0
ca41f27724c65d3526d5911c53d764d5,2013-12-04,2332043,3406,985,Ryan Giggs,starting_lineup,Central Midfield,11,0
a8c8ffc380a20042941cb8407e40402b,2013-12-04,2332044,488,2288,Gerhard Tremmel,substitutes,Goalkeeper,25,0
4a430c99184acab88cd67d25eb7da583,2013-12-04,2332044,3276,762,Shola Ameobi,starting_lineup,Centre-Forward,23,0
c3b90407ec5fae04ebedc605ede382aa,2013-12-04,2332045,65,931,Dimitar Berbatov,starting_lineup,Centre-Forward,9,0
4b1a3789fd8f4b1353ed37291ba9839e,2013-12-04,2332045,1662,931,Sascha Riether,starting_lineup,Right-Back,27,0
aaa612988f45078ded1b680871d162c4,2013-12-04,2332045,3220,931,John Arne Riise,starting_lineup,Left-Back,3,0
8077855ba03755e708721a5f0beabe52,2013-12-04,2332045,3259,931,Damien Duff,substitutes,Left Midfield,16,0
c89f5bdf2c567a162ab504e340136d4a,2013-12-08,2332046,132,11,Tomas Rosicky,substitutes,Left Winger,7,0
fc39e5ebeffd6debf4ec78370f27279c,2013-12-08,2332046,3291,29,Gareth Barry,starting_lineup,Defensive Midfield,18,0
129f27373b02ed6b516ef3712f249680,2013-12-08,2332046,3356,29,Sylvain Distin,starting_lineup,Centre-Back,15,0
c89fabb7faa9a26a6004a18a9643e89e,2013-12-14,2332047,3160,631,John Terry,starting_lineup,Centre-Back,26,1
a3592e68bf77cc378f96a9475915c779,2013-12-14,2332047,3163,631,Frank Lampard,substitutes,Central Midfield,8,0
881ea7a95e46d956116fc9a53da3ccfa,2013-12-14,2332047,3182,631,Ashley Cole,substitutes,Left-Back,3,0
8cb02f8bfbbbcfe884b874f1193a8793,2013-12-14,2332047,3357,631,Mark Schwarzer,substitutes,Goalkeeper,23,0
a85ec991bbbba9f267ec7248fd5439ff,2013-12-04,2332050,3160,631,John Terry,starting_lineup,Centre-Back,26,1
dbfa6ffdcf48978053f2f741c3455ca6,2013-12-04,2332050,3163,631,Frank Lampard,starting_lineup,Central Midfield,8,0
3bc024fafc8a839f12d70e0276387cca,2013-12-04,2332050,3182,631,Ashley Cole,substitutes,Left-Back,3,0
a240c5ef80a01c88ea041e4a455bdd98,2013-12-04,2332050,3357,631,Mark Schwarzer,substitutes,Goalkeeper,23,0
d2f710aeb921643db6c4125e416e5f24,2013-12-04,2332050,3405,289,Wes Brown,starting_lineup,Centre-Back,5,0
b3fa2c2d082374fcb24edc803b343325,2013-11-23,2332051,3276,762,Shola Ameobi,starting_lineup,Centre-Forward,23,0
4fd165dab1b8236f76bc564f91bbd7f9,2013-11-30,2332053,1368,379,Guy Demel,starting_lineup,Right-Back,20,0
daac404ca04ada2d23c6622485f232fc,2013-11-30,2332053,3179,379,Carlton Cole,substitutes,Centre-Forward,24,0
7ae7e552c56937dfa5b4d58952c3f9e4,2013-11-30,2332053,3259,931,Damien Duff,starting_lineup,Left Midfield,16,0
8777e1e33da282f1d35f598013f66424,2013-12-04,2332054,2963,281,Martín Demichelis,starting_lineup,Centre-Back,26,0
7cc585c426de822419438ea566843d46,2013-12-04,2332054,3333,281,James Milner,substitutes,Left Midfield,7,0
562848dbfc02458b9a76762c7df73168,2013-12-07,2332056,1327,379,Alou Diarra,substitutes,Defensive Midfield,18,0
412e09959326a5383c27419c2cc2bfc3,2013-12-07,2332056,1368,379,Guy Demel,starting_lineup,Right-Back,20,0
b857369f83e90b4a2cda79835b257bd5,2013-12-07,2332056,3109,31,Steven Gerrard,starting_lineup,Central Midfield,8,1
21e70ba2259fe3432b08265efe684fd1,2013-12-07,2332056,3179,379,Carlton Cole,substitutes,Centre-Forward,24,0
ed543da598c83fe9337c7d38c06fa956,2013-11-02,2332058,3160,631,John Terry,starting_lineup,Centre-Back,26,1
90c7e8ece9ad754d1f27e36d1e0a593a,2013-11-02,2332058,3163,631,Frank Lampard,starting_lineup,Central Midfield,8,0
2b4e33aeb8be4eb8b67b9002fd581311,2013-11-02,2332058,3182,631,Ashley Cole,starting_lineup,Left-Back,3,0
bb984b1212c45bac196a3002c1c77f1f,2013-11-02,2332058,3276,762,Shola Ameobi,starting_lineup,Centre-Forward,23,0
db143a9a0f08018b4aa6c92d8e5d0307,2013-11-02,2332058,3357,631,Mark Schwarzer,substitutes,Goalkeeper,23,0
2b6236a17ea79a0c67f320328df4ce00,2013-11-23,2332059,3109,31,Steven Gerrard,starting_lineup,Attacking Midfield,8,1
40b1341e547c620eb648b451d6a0ddc3,2013-11-23,2332059,3202,31,Kolo Touré,substitutes,Centre-Back,4,0
7484645283bf621acd2e7afd9c47b331,2013-11-23,2332059,3291,29,Gareth Barry,starting_lineup,Defensive Midfield,18,0
f8ac5fda14a299f04c8cd177d01c0553,2013-11-23,2332059,3356,29,Sylvain Distin,starting_lineup,Centre-Back,15,0
7aab7663d5ac2a49c7b89d3958d0874c,2013-11-23,2332060,1368,379,Guy Demel,starting_lineup,Right-Back,20,0
8d2913a13219a411beefac12f5acbfc6,2013-11-23,2332060,3160,631,John Terry,starting_lineup,Centre-Back,26,1
d0f2b46fa0f07de88e0f285fcb8acd89,2013-11-23,2332060,3163,631,Frank Lampard,starting_lineup,Central Midfield,8,0
1e002059771196ea63fe4c97a1e30713,2013-11-23,2332060,3179,379,Carlton Cole,substitutes,Centre-Forward,24,0
5fdf91ce0046e7ded03dd665080efc6a,2013-11-23,2332060,3182,631,Ashley Cole,substitutes,Left-Back,3,0
90c2678311eae4e229ef9df8d13e5343,2013-11-23,2332060,3357,631,Mark Schwarzer,substitutes,Goalkeeper,23,0
fb36e222af167760fe3356af751f7d3d,2013-12-01,2332061,3160,631,John Terry,starting_lineup,Centre-Back,26,1
becee01703ba2b31b7dc132398e75135,2013-12-01,2332061,3163,631,Frank Lampard,substitutes,Central Midfield,8,0
9e5e1ab7cd38f8d8ab776f0df2a12423,2013-12-01,2332061,3182,631,Ashley Cole,substitutes,Left-Back,3,0
96c6db8809eb4537e43b6bc9d33cce84,2013-12-01,2332061,3357,631,Mark Schwarzer,substitutes,Goalkeeper,23,0
5e7eeb9245a1fada71763666d811683b,2013-11-30,2332062,3291,29,Gareth Barry,starting_lineup,Defensive Midfield,18,0
28c71e420ba16d90d006111b0d4c4618,2013-11-30,2332062,3306,512,Jonathan Walters,starting_lineup,Right Winger,19,0
a273342324316c5b1eff4fa14733b7e4,2013-11-30,2332062,3356,29,Sylvain Distin,starting_lineup,Centre-Back,15,0
334197d51be427eb1e35250087e6a57f,2013-11-23,2332064,2998,512,Robert Huth,starting_lineup,Centre-Back,4,0
bf6b53e7910f9dfab9aa0029fe47adb3,2013-11-23,2332064,3306,512,Jonathan Walters,starting_lineup,Right Winger,19,0
fa4b083f2d6b7f490cd9b3d59afc2ae5,2013-11-23,2332064,3405,289,Wes Brown,starting_lineup,Centre-Back,5,0
404d1be3175acf17bdd3974eb441e28e,2013-11-30,2332066,3276,762,Shola Ameobi,starting_lineup,Centre-Forward,23,0
c53a28fb3b4ee115b8fbf9436ccd09ec,2013-11-09,2332067,3160,631,John Terry,starting_lineup,Centre-Back,26,1
f19ea20d90908ab340d35559aee5631f,2013-11-09,2332067,3163,631,Frank Lampard,starting_lineup,Central Midfield,8,0
25f6f1c7bce1df9229dbb553bed21382,2013-11-09,2332067,3182,631,Ashley Cole,substitutes,Left-Back,3,0
6208e9d8403dc4c10150b24be8cde6bc,2013-11-09,2332067,3357,631,Mark Schwarzer,substitutes,Goalkeeper,23,0
79de363198746957dcb804a69fa40d04,2013-11-09,2332068,3291,29,Gareth Barry,starting_lineup,Defensive Midfield,18,0
b3821fc02f5baa104dec28c8a5dc2077,2013-11-09,2332068,3356,29,Sylvain Distin,starting_lineup,Centre-Back,15,0
c65fdb357c9f74cacdfe4cd6fb8e726a,2013-11-23,2332069,65,931,Dimitar Berbatov,starting_lineup,Second Striker,9,0
6bfdd3a4586aef758bab4fd201841b4a,2013-11-23,2332069,488,2288,Gerhard Tremmel,substitutes,Goalkeeper,25,0
57399265ab13d60bd0edbc02d309c57e,2013-11-24,2332070,2963,281,Martín Demichelis,starting_lineup,Centre-Back,26,0
adf402708c7c1883f5b5a7efd80aa34a,2013-11-24,2332070,3333,281,James Milner,substitutes,Left Midfield,7,0
96d710d94ca91e2abb5e1f9210bf9416,2013-11-30,2332071,3405,289,Wes Brown,starting_lineup,Centre-Back,5,0
aa051c346df8ad7c326a3a5e06fde4ac,2013-12-01,2332072,3109,31,Steven Gerrard,starting_lineup,Central Midfield,8,1
e71ba232e665490d4afc9d05b8020553,2013-12-01,2332072,3202,31,Kolo Touré,starting_lineup,Centre-Back,4,0
acea6fbc67b4b38a9fe43cd395a4c02f,2013-12-01,2332073,488,2288,Gerhard Tremmel,starting_lineup,Goalkeeper,25,0
a8ad51f421c816e4b5e1353ecfb4e0a4,2013-12-01,2332073,2963,281,Martín Demichelis,starting_lineup,Centre-Back,26,0
360ac879f26861b62d844f5d42c53e2f,2013-12-01,2332073,3333,281,James Milner,substitutes,Left Midfield,7,0
63e6f056d929f6f0b1abda0b0204b05d,2013-12-08,2332075,65,931,Dimitar Berbatov,starting_lineup,Centre-Forward,9,0
3ee2ad02d0541bebe5a3cbae0d246967,2013-12-08,2332075,1662,931,Sascha Riether,starting_lineup,Right-Back,27,0
d191372ff8711f8c614a4682bc4501a5,2013-12-08,2332075,3220,931,John Arne Riise,starting_lineup,Left-Back,3,0
a8ccd0da7cd4ae6e54e92dec9415db3b,2013-12-08,2332075,3259,931,Damien Duff,substitutes,Left Midfield,16,0
635de02b009610a3515266c13f9217cc,2013-10-27,2332077,2963,281,Martín Demichelis,starting_lineup,Centre-Back,26,0
4e1a2a4c1f15589e57f22f95b9ec5716,2013-10-27,2332077,3160,631,John Terry,starting_lineup,Centre-Back,26,1
3ed45eeaa81a8d94b122e0381e5bd31d,2013-10-27,2332077,3163,631,Frank Lampard,starting_lineup,Central Midfield,8,0
6d40d9c090873b97fe7ed7be909935b1,2013-10-27,2332077,3182,631,Ashley Cole,starting_lineup,Left-Back,3,0
ce75d5d11a5315912ada43a05a49cd62,2013-10-27,2332077,3333,281,James Milner,substitutes,Central Midfield,7,0
e824e6bc6b7e2e180de12eeb0ba8cb97,2013-10-27,2332077,3357,631,Mark Schwarzer,substitutes,Goalkeeper,23,0
c91e0f5f895992a447310b0f4a96fe7b,2013-11-02,2332078,2998,512,Robert Huth,starting_lineup,Centre-Back,4,0
6e15732c7b6d26d287c140e97cb8b7f4,2013-11-02,2332078,3306,512,Jonathan Walters,starting_lineup,Right Winger,19,0
58c9568c543a6f14b55870cd5a4e5ef9,2013-11-10,2332079,2963,281,Martín Demichelis,starting_lineup,Centre-Back,26,1
b0cde812c25779bf403244477723b4b9,2013-11-10,2332079,3333,281,James Milner,starting_lineup,Right Midfield,7,0
137056580a413c350960373c8fd63aa3,2013-11-10,2332079,3405,289,Wes Brown,starting_lineup,Centre-Back,5,0
4a9ae97fb7c263a46b0f2b6849695272,2013-10-26,2332080,3109,31,Steven Gerrard,starting_lineup,Attacking Midfield,8,1
6d1cb04b12452bfe1a1cfeca1ca61949,2013-10-26,2332080,3202,31,Kolo Touré,starting_lineup,Centre-Back,4,0
a45ffd3f9fd2e3be0e57aae1d992137a,2013-10-26,2332080,3226,984,Nicolas Anelka,starting_lineup,Second Striker,39,0
d2193f40526ae64c83334281e418eca6,2013-10-26,2332081,2998,512,Robert Huth,starting_lineup,Centre-Back,4,0
cabf93c0080d9f2ec04e80c3bfa281a4,2013-10-26,2332081,3306,512,Jonathan Walters,starting_lineup,Right Winger,19,0
cf155941934a54c8a1ea946e9e6da245,2013-10-26,2332081,3332,985,Wayne Rooney,starting_lineup,Second Striker,10,0
51f459fa20190406e6eb001454ae76c5,2013-11-02,2332082,1368,379,Guy Demel,starting_lineup,Right-Back,20,0
27c5b7d472e38665f2b07338b41c69a3,2013-11-02,2332082,3179,379,Carlton Cole,substitutes,Centre-Forward,24,0
d00b4f7ffb5490d9738e1202f97c5233,2013-11-09,2332083,65,931,Dimitar Berbatov,starting_lineup,Centre-Forward,9,0
963747299ad4db1d14d6a633f91d0a98,2013-11-09,2332083,3109,31,Steven Gerrard,starting_lineup,Central Midfield,8,1
2eb25e61b63506c321ed4d0f10123e5a,2013-11-10,2332084,3332,985,Wayne Rooney,starting_lineup,Second Striker,10,0
5a3c4e75b4c11242aa9ab9e32dcc74ed,2013-11-10,2332084,3406,985,Ryan Giggs,substitutes,Left Midfield,11,0
a7b8612599fa7a11effe90a311580fe3,2013-11-09,2332085,1368,379,Guy Demel,starting_lineup,Right-Back,20,0
d7c333ae630a1552bafd1c4d97336c4b,2013-11-09,2332085,3179,379,Carlton Cole,substitutes,Centre-Forward,24,0
6e1718d6886f6b378ebb0569f40a6866,2013-11-23,2332086,132,11,Tomas Rosicky,substitutes,Attacking Midfield,7,0
f5a9b0ddd2e6c60135e5c84b28efb125,2013-11-09,2332087,3297,603,Craig Bellamy,starting_lineup,Left Winger,39,1
333fc8c39049afe45bf30fdbb7612e7b,2013-10-26,2332088,3291,29,Gareth Barry,starting_lineup,Central Midfield,18,0
cb29cfd397fec91b3646d902838989b5,2013-10-26,2332088,3356,29,Sylvain Distin,starting_lineup,Centre-Back,15,0
38e645e79d20a05901bafcf266794a4d,2013-10-26,2332089,65,931,Dimitar Berbatov,starting_lineup,Second Striker,9,1
1fde3ab71084f69bcfb81d6fb562d84f,2013-10-26,2332089,1662,931,Sascha Riether,starting_lineup,Right-Back,27,0
129d58e62c95952eb0b90a38e836266b,2013-10-26,2332089,3259,931,Damien Duff,substitutes,Right Midfield,16,0
633b4376872e5e373437bd6230d88d79,2013-11-03,2332090,3291,29,Gareth Barry,starting_lineup,Defensive Midfield,18,0
c6f767b780f5c53586da09bf71773def,2013-11-03,2332090,3356,29,Sylvain Distin,starting_lineup,Centre-Back,15,0
3903557388b11c5bb77a85afc319c602,2013-11-10,2332092,488,2288,Gerhard Tremmel,starting_lineup,Goalkeeper,25,0
f7110fc6ca03a2af53fca344a5a9b2e5,2013-11-10,2332092,2998,512,Robert Huth,starting_lineup,Centre-Back,4,0
3dab908de96c5b88655e2e2c6c0bc5d4,2013-11-10,2332092,3306,512,Jonathan Walters,starting_lineup,Right Winger,19,0
fcbb0db132467dc14b0c3cd9e0bc11a8,2013-11-24,2332093,3235,985,Rio Ferdinand,starting_lineup,Centre-Back,5,0
50873425fb99930f2cf8239ff9a5e6dd,2013-11-24,2332093,3297,603,Craig Bellamy,substitutes,Left Winger,39,0
a1c0957b52b8c8279d0a55331a62664f,2013-11-24,2332093,3332,985,Wayne Rooney,starting_lineup,Second Striker,10,0
6917670033811bf49ad39697e3347cf4,2013-11-24,2332093,3406,985,Ryan Giggs,substitutes,Left Midfield,11,0
1a3cc09a37f95f562cd89796cacb0278,2013-11-10,2332095,3276,762,Shola Ameobi,starting_lineup,Centre-Forward,23,0
5c9672d8d88a4f9de962f50039b0b446,2014-01-01,2332096,3235,985,Rio Ferdinand,substitutes,Centre-Back,5,0
2f05f6a406340fd2561a40ca3f519385,2014-01-01,2332096,3332,985,Wayne Rooney,starting_lineup,Second Striker,10,0
8b212f2b9dbd2b2f6b3b3f11b8f49966,2013-10-27,2332097,3276,762,Shola Ameobi,substitutes,Centre-Forward,23,0
bb61627dc2d8186edca0b293cc3e39ce,2013-11-02,2332098,132,11,Tomas Rosicky,starting_lineup,Right Midfield,7,0
3b1014779f32eef90d055acf8f41a818,2013-11-02,2332098,3109,31,Steven Gerrard,starting_lineup,Attacking Midfield,8,1
3d5ed364a2a53139f01e81f4fa62a67e,2013-11-02,2332098,3202,31,Kolo Touré,starting_lineup,Centre-Back,4,0
75d74efc82dfa96240c81dde25e65c45,2013-11-02,2332099,65,931,Dimitar Berbatov,starting_lineup,Centre-Forward,9,1
3c95d493807fd9250d6cd764fdbc1414,2013-11-02,2332099,1662,931,Sascha Riether,starting_lineup,Right-Back,27,0
144dbce82c77940fcb9df33b6afbcfb1,2013-11-02,2332099,3332,985,Wayne Rooney,starting_lineup,Second Striker,10,0
c08973af9e82acc178ffe1d13c2a744a,2014-01-01,2332100,3160,631,John Terry,starting_lineup,Centre-Back,26,1
11fdbe8c30be63039434675b7f72a1e8,2014-01-01,2332100,3182,631,Ashley Cole,starting_lineup,Left-Back,3,0
335167d23751fb3d24d7a0f790eff50b,2014-01-01,2332100,3357,631,Mark Schwarzer,substitutes,Goalkeeper,23,0
5e341900ff01774fc683efa27468205c,2014-01-01,2332101,3195,512,Jermaine Pennant,substitutes,Right Winger,7,0
73436ae7f2250bac9267825a600b9ff2,2014-01-01,2332101,3291,29,Gareth Barry,starting_lineup,Defensive Midfield,18,0
e1395e80882aa98cc8442caf505af263,2014-01-01,2332101,3306,512,Jonathan Walters,starting_lineup,Right Winger,19,0
603c72acce2e1db2fad3044913c53241,2014-01-01,2332102,3226,984,Nicolas Anelka,starting_lineup,Centre-Forward,39,0
dde2a63a26c672900ef721e5da4a1830,2014-01-01,2332102,3276,762,Shola Ameobi,starting_lineup,Centre-Forward,23,0
092859bed412ff340e864181f47d89ff,2013-10-05,2332103,3332,985,Wayne Rooney,starting_lineup,Second Striker,10,0
3568c1268685319e4a475eefbedf21f6,2013-10-05,2332103,3406,985,Ryan Giggs,substitutes,Left Midfield,11,0
af0d58c5284157a415e7b0fe0531cc2d,2013-10-26,2332104,3297,603,Craig Bellamy,substitutes,Second Striker,39,0
0ac10e4215bc680b11d2d72d3df0443c,2013-10-27,2332105,488,2288,Gerhard Tremmel,substitutes,Goalkeeper,25,0
3e18a697dd047841c7a6da9185b50480,2013-10-27,2332105,1368,379,Guy Demel,starting_lineup,Right-Back,20,0
60bf2a6487533d93710805b42765edb3,2013-10-27,2332105,3179,379,Carlton Cole,substitutes,Centre-Forward,24,0
f43ea3a129a4589dc9cd99c0a844dae0,2013-11-03,2332106,488,2288,Gerhard Tremmel,substitutes,Goalkeeper,25,0
343aad3d2303d82f8bca900f8dc8f492,2013-11-03,2332106,3297,603,Craig Bellamy,starting_lineup,Left Winger,39,0
2b782e2af5a8812e7580a9646c826069,2013-10-06,2332107,3160,631,John Terry,starting_lineup,Centre-Back,26,1
88b74ea38733e5eb034015b3e63a2171,2013-10-06,2332107,3163,631,Frank Lampard,starting_lineup,Central Midfield,8,0
ee1ad4fefd2ad72c5373a0911c056029,2013-10-06,2332107,3182,631,Ashley Cole,starting_lineup,Left-Back,3,0
130ab02a79eacef17c21a459e9e91a15,2013-10-06,2332107,3357,631,Mark Schwarzer,substitutes,Goalkeeper,23,0
bb2ea261d29b279a2a44670d0145f28e,2013-10-19,2332109,132,11,Tomas Rosicky,substitutes,Right Midfield,7,0
f41385bad876bd9e9173ff33a9afa644,2013-10-19,2332110,2998,512,Robert Huth,starting_lineup,Centre-Back,4,0
0b0a8ccbc19086b73263fff71d4e8c50,2013-10-19,2332110,3226,984,Nicolas Anelka,substitutes,Left Winger,39,0
cfe46508f128cd67271cfae6a7a321dd,2013-10-19,2332110,3306,512,Jonathan Walters,starting_lineup,Centre-Forward,19,0
b9a6192ad67faeb35e8e7737402d6588,2013-11-02,2332112,2857,3008,Eldin Jakupović,substitutes,Goalkeeper,16,0
e4659d0014017ce4a06c094394a6ca75,2013-11-02,2332112,3405,289,Wes Brown,substitutes,Left-Back,5,0
e2a620c9c9a33d2ff1d0636f7c9c6aab,2014-01-01,2332113,65,931,Dimitar Berbatov,starting_lineup,Centre-Forward,9,0
29d5622750df2f0651ad0fd47fe400ca,2014-01-01,2332113,1327,379,Alou Diarra,starting_lineup,Centre-Back,18,0
1d805bad872d98038593355d5ade1ada,2014-01-01,2332113,1368,379,Guy Demel,starting_lineup,Right-Back,20,0
394b253e8ce2b7876020dcaca26186ab,2014-01-01,2332113,1662,931,Sascha Riether,starting_lineup,Right-Back,27,0
b1046a3bde7b994ed7fcbdcb8c116294,2014-01-01,2332113,3179,379,Carlton Cole,substitutes,Centre-Forward,24,0
0a2bc55d56fe797e39a3500651dcdcb1,2014-01-01,2332113,3220,931,John Arne Riise,starting_lineup,Left-Back,3,0
dc1cbdd6ae24334ec58ac7773b0d1802,2014-01-01,2332113,3259,931,Damien Duff,starting_lineup,Right Midfield,16,0
fa98e4affa7e553d4c541c92fc2b438c,2014-01-01,2332114,3109,31,Steven Gerrard,substitutes,Central Midfield,8,0
d685c5fd8d29795a3a8a738c0cb9f73b,2014-01-01,2332114,3202,31,Kolo Touré,substitutes,Right-Back,4,0
8a3ebfbd5d8867032582ea469bacf5db,2014-01-01,2332116,488,2288,Gerhard Tremmel,starting_lineup,Goalkeeper,25,0
ef13e6105a538742533548dc0eb3dda3,2014-01-01,2332116,3333,281,James Milner,substitutes,Left Midfield,7,0
3d723c27e87d62577c8cc1cafbb95b66,2013-10-19,2332117,3332,985,Wayne Rooney,starting_lineup,Second Striker,10,0
eb20a4c0c080e8735d6012d94262ead7,2013-10-19,2332117,3406,985,Ryan Giggs,substitutes,Central Midfield,11,0
d176d002737f2c04ca5c846c02c4a1aa,2013-10-05,2332118,3333,281,James Milner,starting_lineup,Right Midfield,7,0
b69ff3774d615bd53b8fccaffa56a2dd,2013-10-05,2332118,3356,29,Sylvain Distin,starting_lineup,Centre-Back,15,0
cb3e4991703782e92d0ce3fbe19f779d,2013-10-06,2332119,1368,379,Guy Demel,starting_lineup,Right-Back,20,0
1cd55a0c80d44992ecaf36d50e7fcaef,2013-10-06,2332119,2874,379,Mladen Petric,substitutes,Centre-Forward,30,0
fa469b249cade9f1cb88e4a68d7ec037,2013-10-06,2332120,132,11,Tomas Rosicky,substitutes,Attacking Midfield,7,0
538714a058b0cfe5c039f2bf263e150f,2013-10-06,2332120,3226,984,Nicolas Anelka,starting_lineup,Centre-Forward,39,0
8281be7a1132dba872edee2d87ed719a,2013-10-19,2332122,3160,631,John Terry,starting_lineup,Centre-Back,26,1
84d6adbbbc7579cc8b850ce71aab4dba,2013-10-19,2332122,3163,631,Frank Lampard,starting_lineup,Central Midfield,8,0
3b2586572cf9a08ac7a5ad295b0b9483,2013-10-19,2332122,3357,631,Mark Schwarzer,substitutes,Goalkeeper,23,0
3e811094f2366c29f7c21cc58645bd42,2013-11-02,2332123,2963,281,Martín Demichelis,starting_lineup,Centre-Back,26,0
43e541665238562eb6e33bd2c2453c20,2013-11-02,2332123,3333,281,James Milner,substitutes,Left Midfield,7,0
49b88a6934096c614ee96e8abf81e153,2013-10-19,2332125,3291,29,Gareth Barry,starting_lineup,Defensive Midfield,18,0
91867da17d06eeed906a75c7b1f546ba,2013-10-19,2332125,3356,29,Sylvain Distin,starting_lineup,Centre-Back,15,0
0154b54bced85aa8292575293fe9f281,2013-10-19,2332126,3109,31,Steven Gerrard,starting_lineup,Defensive Midfield,8,1
afad5a008a4f94903965046be23a8f68,2013-10-19,2332126,3202,31,Kolo Touré,starting_lineup,Centre-Back,4,0
7917ed34f82d08b55b9227bae3c5a01a,2013-10-19,2332126,3276,762,Shola Ameobi,substitutes,Centre-Forward,23,0
3c289eae552f890f8e4f252cce1f2c46,2013-10-21,2332127,65,931,Dimitar Berbatov,starting_lineup,Second Striker,9,0
c67a454974f935482f024165ac098a2a,2013-10-21,2332127,1662,931,Sascha Riether,starting_lineup,Right-Back,27,0
655d1b9b67c154a4e405607e8b1b4dad,2013-10-21,2332127,3131,873,Kevin Phillips,substitutes,Centre-Forward,9,0
f9410ec513bcd9594e2735a9ff0b3b35,2013-10-21,2332127,3259,931,Damien Duff,substitutes,Right Midfield,16,0
304e3ae628efafdbb7bcce2468bf0797,2013-10-19,2332128,1368,379,Guy Demel,starting_lineup,Right-Back,20,0
c4492ead2dc8623d818f134d5a726407,2013-10-19,2332128,2874,379,Mladen Petric,substitutes,Centre-Forward,30,0
79da6892ba26e3be9e9b741ca91826e4,2013-10-19,2332128,3179,379,Carlton Cole,substitutes,Centre-Forward,24,0
7b10e0bbdd4705f9cde3baac38984d4a,2013-10-19,2332128,3333,281,James Milner,substitutes,Right Midfield,7,0
1d27205d7b4b528ddfab78a326a7ad64,2014-03-08,2332129,3332,985,Wayne Rooney,starting_lineup,Second Striker,10,0
662195f3334211d9b169f70333c83b30,2014-03-08,2332129,3406,985,Ryan Giggs,substitutes,Left Midfield,11,0
382d0e400997fa9e47d28ebbd2e4a038,2014-03-26,2332130,1368,379,Guy Demel,starting_lineup,Right-Back,20,0
62330366f826df2a5287fded937d5a45,2014-03-26,2332130,3179,379,Carlton Cole,substitutes,Centre-Forward,24,0
b19ef71fd4dce1846abccd6ba4390ef6,2014-03-15,2332131,2963,281,Martín Demichelis,starting_lineup,Centre-Back,26,0
60fd991852dff32b96084d08e1974a7f,2014-03-15,2332131,3333,281,James Milner,substitutes,Central Midfield,7,0
321c45fbfa6e65479386322eb8096621,2014-03-16,2332132,3109,31,Steven Gerrard,starting_lineup,Defensive Midfield,8,1
775188c7ac93b936a5d342c04dec6079,2014-03-16,2332132,3235,985,Rio Ferdinand,substitutes,Centre-Back,5,0
ed06e92f84e0f2d499c6d3b39f7184a5,2014-03-16,2332132,3332,985,Wayne Rooney,starting_lineup,Second Striker,10,0
8742edcef01ba2210ab303a9886ffbcd,2014-03-16,2332133,132,11,Tomas Rosicky,starting_lineup,Central Midfield,7,0
997d347d8e59e461c9525830832bac0f,2014-03-22,2332135,3109,31,Steven Gerrard,starting_lineup,Defensive Midfield,8,1
4d020ff600795ba0eb8513ab4ad96678,2014-03-22,2332135,3297,603,Craig Bellamy,starting_lineup,Centre-Forward,39,1
5f135587d14b65179b14577bdf16dcdf,2014-03-22,2332136,488,2288,Gerhard Tremmel,substitutes,Goalkeeper,25,0
48064fc60d4e3c04facba32ff810696c,2014-03-22,2332136,3291,29,Gareth Barry,starting_lineup,Defensive Midfield,18,0
1ffaeb3bef8f91c54d63857d5c6e18e7,2014-03-22,2332136,3356,29,Sylvain Distin,starting_lineup,Centre-Back,15,0
e7437504b17add048677940085f8d894,2014-03-15,2332137,3160,631,John Terry,starting_lineup,Centre-Back,26,1
7e351ba279fb7fe21544146f4b307898,2014-03-15,2332137,3163,631,Frank Lampard,substitutes,Central Midfield,8,0
e1b5b8793a3c5d592e140c135189dc44,2014-03-15,2332137,3357,631,Mark Schwarzer,substitutes,Goalkeeper,23,0
4d2987c2a4c4ead0f9b972b069af1c4b,2014-03-15,2332138,1662,931,Sascha Riether,substitutes,Right Midfield,27,0
c8adf9fe62beac0ac81dae344323176a,2014-03-15,2332138,3220,931,John Arne Riise,substitutes,Left-Back,3,0
98c744eb886da111d6709b5eac840c5a,2014-03-15,2332138,3276,762,Shola Ameobi,substitutes,Centre-Forward,23,0
86536e9af898a8a633489aabdd9e04f4,2014-03-15,2332139,3270,1123,Joseph Yobo,starting_lineup,Centre-Back,26,0
77702b4fcac5298a0c0409ff41e94ad3,2014-03-15,2332140,1368,379,Guy Demel,starting_lineup,Right-Back,20,0
fde591199d439f698a07f6d8e2ca9add,2014-03-15,2332140,3179,379,Carlton Cole,substitutes,Centre-Forward,24,0
e937f0f4d3c0590b8f2a576ac63889dc,2014-03-15,2332141,3405,289,Wes Brown,starting_lineup,Centre-Back,5,0
4e3a183e93b71c403cf75c7190de2c68,2014-03-22,2332143,132,11,Tomas Rosicky,starting_lineup,Central Midfield,7,0
e9c5d729613ca0a80e82a1ce4aaf2820,2014-03-22,2332143,3160,631,John Terry,starting_lineup,Centre-Back,26,1
e7c65daaffdcfb742dcad68945e00bfa,2014-03-22,2332143,3163,631,Frank Lampard,substitutes,Central Midfield,8,0
633090928e8bab3e1a50c106e50f5824,2014-03-22,2332143,3357,631,Mark Schwarzer,substitutes,Goalkeeper,23,0
24e40fd44cddb1aeaa871e4af7a9507e,2014-03-15,2332145,3291,29,Gareth Barry,starting_lineup,Defensive Midfield,18,0
5cc1c81e05d17534bb7fdcaa7eeaec1f,2014-03-15,2332145,3356,29,Sylvain Distin,starting_lineup,Centre-Back,15,0
f013017a1136b6ed8024994cbacc3ebf,2014-03-30,2332146,1662,931,Sascha Riether,starting_lineup,Right-Back,27,0
a02e7a9f34f59aef5f72226adb102623,2014-03-30,2332146,3220,931,John Arne Riise,starting_lineup,Left-Back,3,0
d0f7e13066a11f9098b6441deffe8611,2014-03-30,2332146,3291,29,Gareth Barry,starting_lineup,Defensive Midfield,18,0
fc11c1b8c8f776ad158b0db85b104e49,2014-03-30,2332146,3356,29,Sylvain Distin,starting_lineup,Centre-Back,15,0
86f09f9b6ec080ffb056ed65c51f2a43,2014-03-22,2332147,1662,931,Sascha Riether,starting_lineup,Defensive Midfield,27,0
3777ab980ee0775e11883cc1b24b5410,2014-03-22,2332147,2963,281,Martín Demichelis,starting_lineup,Centre-Back,26,0
c6e8b2c2967c8211683699a7bd6f91c9,2014-03-22,2332147,3220,931,John Arne Riise,starting_lineup,Left-Back,3,0
b40ae124c64d6ab1c854b302af811fa5,2014-03-22,2332147,3333,281,James Milner,starting_lineup,Right Midfield,7,0
77715b1ca47ac21cfdcc89fcbc0c0cbb,2014-03-29,2332149,132,11,Tomas Rosicky,starting_lineup,Right Winger,7,0
c8d922bcde314296b352bf14559fb08d,2014-03-29,2332149,2963,281,Martín Demichelis,starting_lineup,Centre-Back,26,0
ec53498fdb2461327ac82ae1c88425e3,2014-03-29,2332149,3333,281,James Milner,substitutes,Right Midfield,7,0
8e68c2ff0593a3b17756d274cac23662,2014-03-30,2332150,3109,31,Steven Gerrard,starting_lineup,Defensive Midfield,8,1
f95b02edf50aece0ff2ae48e77b1839d,2014-03-29,2332151,3332,985,Wayne Rooney,starting_lineup,Centre-Forward,10,0
c7843f194963aa17a616701ef7c28808,2014-03-29,2332151,3406,985,Ryan Giggs,substitutes,Left Midfield,11,0
e32e5b01de5cbe78f82589a63e1acfd6,2014-03-31,2332152,1368,379,Guy Demel,starting_lineup,Right-Back,20,0
283232a76d9f2382f25dac00bc7e90b2,2014-03-31,2332152,3179,379,Carlton Cole,substitutes,Centre-Forward,24,0
5922c1dcbf86de126c6c5d45c25e1be1,2014-03-31,2332152,3405,289,Wes Brown,starting_lineup,Centre-Back,5,0
8d1e98b6849583fef7018efb8e1facfd,2014-03-22,2332153,1368,379,Guy Demel,starting_lineup,Right-Back,20,0
b261fd52fab38dab919240af532cecb3,2014-03-22,2332153,3179,379,Carlton Cole,substitutes,Centre-Forward,24,0
f1a43d55ed39fc207ce1b6ef1553628f,2014-03-22,2332153,3332,985,Wayne Rooney,starting_lineup,Centre-Forward,10,1
8145a5625230b69d293ae52554284b71,2014-03-29,2332154,3160,631,John Terry,starting_lineup,Centre-Back,26,1
5240b6823acfe5434540af7dfb8d699f,2014-03-29,2332154,3163,631,Frank Lampard,starting_lineup,Attacking Midfield,8,0
69296a3488a3aaa7cd8f56345a7dbbd5,2014-03-29,2332156,3297,603,Craig Bellamy,starting_lineup,Centre-Forward,39,1
ca67835080ce3ada9e66e80669741ac4,2014-02-22,2332159,132,11,Tomas Rosicky,starting_lineup,Attacking Midfield,7,0
3448a0c22fc783a7dc89961c5d72e046,2014-02-22,2332161,3160,631,John Terry,starting_lineup,Centre-Back,26,1
74824c7bd1fe2497e14dac91b8cae562,2014-02-22,2332161,3163,631,Frank Lampard,starting_lineup,Central Midfield,8,0
0d92a22b90f8bfa7f031267537fe3968,2014-02-22,2332161,3182,631,Ashley Cole,substitutes,Left-Back,3,0
fa8ef6671f631a3246bc8c6d4b556c39,2014-02-22,2332161,3291,29,Gareth Barry,starting_lineup,Defensive Midfield,18,0
0c6a8b477b7edc7d914c6a8db27e98d9,2014-02-22,2332161,3356,29,Sylvain Distin,starting_lineup,Centre-Back,15,0
103f01e5f13ba220258156754f958e4b,2014-02-22,2332161,3357,631,Mark Schwarzer,substitutes,Goalkeeper,23,0
62ae2a29794149634ebca39578dd1b78,2014-02-22,2332162,2963,281,Martín Demichelis,starting_lineup,Centre-Back,26,0
8a9b9892f41597da3a564f6d4c19ecb4,2014-02-22,2332162,3306,512,Jonathan Walters,starting_lineup,Second Striker,19,0
9d52acf4fa6ef2459dcb3a90475ce325,2014-02-22,2332162,3333,281,James Milner,substitutes,Central Midfield,7,0
c1ddaeb7df6a6f2f157f9f61a91fd3c2,2014-02-23,2332164,3270,1123,Joseph Yobo,starting_lineup,Centre-Back,26,0
f4f9288ae5cd0808d1e8079dceb14120,2014-03-22,2332165,3276,762,Shola Ameobi,substitutes,Centre-Forward,23,0
95c3364559cea43e8fab5f25cb6172fd,2014-03-22,2332166,3270,1123,Joseph Yobo,starting_lineup,Centre-Back,26,0
3c796074253e9844d75a8760aac27a1f,2014-03-22,2332166,3405,289,Wes Brown,starting_lineup,Centre-Back,5,0
497ebc0bd1224029fe1bfd1494ab090c,2014-02-22,2332167,1368,379,Guy Demel,starting_lineup,Right-Back,20,0
5bd7694a1e5d9c591b5451a032dc211e,2014-02-22,2332167,3179,379,Carlton Cole,starting_lineup,Centre-Forward,24,0
33c2c97bbe75731676a5beab5015e6f5,2014-04-16,2332168,2963,281,Martín Demichelis,starting_lineup,Centre-Back,26,0
ad972fbd6a92fc403a6e7dc19577e770,2014-04-16,2332168,3333,281,James Milner,starting_lineup,Right Midfield,7,0
c7abbc8d366512c86c3044ca974f21d3,2014-04-16,2332168,3405,289,Wes Brown,starting_lineup,Centre-Back,5,0
e760c9d484a0df20fdef9906173c61f7,2014-02-22,2332170,3235,985,Rio Ferdinand,starting_lineup,Centre-Back,5,0
3ee99a3c7873951713cc8874a3e2b9f4,2014-02-22,2332170,3332,985,Wayne Rooney,starting_lineup,Second Striker,10,0
9744273f3ea6895f58af4c1d798fe36a,2014-02-22,2332170,3406,985,Ryan Giggs,substitutes,Left Midfield,11,0
6c76386ea70c11ae3d6c433767bc0ea5,2014-02-23,2332171,488,2288,Gerhard Tremmel,substitutes,Goalkeeper,25,0
4efcc54811c86b4119e278184936dbc3,2014-02-23,2332171,3109,31,Steven Gerrard,starting_lineup,Defensive Midfield,8,1
968608a96b6d89dedc0f8c7b216b7d7c,2014-02-23,2332171,3202,31,Kolo Touré,substitutes,Centre-Back,4,0
45e0b7bc165f8dc3fb11af2a85e3f171,2014-02-22,2332172,1662,931,Sascha Riether,starting_lineup,Right-Back,27,0
5d93e8fdf555a4a4a9e39b88d3ffc58b,2014-02-22,2332172,3220,931,John Arne Riise,substitutes,Left-Back,3,0
15d51acb35f82e6967cf343c95803abf,2014-03-02,2332173,3270,1123,Joseph Yobo,starting_lineup,Centre-Back,26,0
7a2065ad785c3c6dc991e44b5c0404f9,2014-03-01,2332174,1368,379,Guy Demel,starting_lineup,Right-Back,20,0
ab14fceffc1460ed85d7dfe4a8b3a0d5,2014-03-01,2332174,3179,379,Carlton Cole,starting_lineup,Centre-Forward,24,0
1bcc4200727b55d53906a52203f85de2,2014-03-01,2332174,3291,29,Gareth Barry,starting_lineup,Defensive Midfield,18,0
53fa6edc47e126cbd291433945ed4560,2014-03-01,2332174,3356,29,Sylvain Distin,starting_lineup,Centre-Back,15,0
f6de37600a9a5612a4ca8785b665ae74,2014-05-07,2332175,3405,289,Wes Brown,starting_lineup,Centre-Back,5,0
90e58d8daa8d5cd2cc8e464c4309af73,2014-04-16,2332177,3291,29,Gareth Barry,starting_lineup,Defensive Midfield,18,0
87902c46d4c26a05511f963e85e99b30,2014-04-16,2332177,3356,29,Sylvain Distin,starting_lineup,Centre-Back,15,0
7594668e9763f6e3b350fadbed6e069d,2014-03-01,2332178,132,11,Tomas Rosicky,starting_lineup,Attacking Midfield,7,0
0f47cbf134b9ec01551bf2cadf8649e5,2014-03-01,2332178,3306,512,Jonathan Walters,starting_lineup,Right Winger,19,0
5457e5d71bdce59aee8deefafa9db251,2014-03-25,2332180,132,11,Tomas Rosicky,starting_lineup,Attacking Midfield,7,0
0c7b4054ab691731c69958706ca2283c,2014-03-25,2332180,488,2288,Gerhard Tremmel,substitutes,Goalkeeper,25,0
d6e55da9c2858ce6b0059d040885858c,2014-03-08,2332181,1662,931,Sascha Riether,starting_lineup,Right-Back,27,0
76d3bd6fb6321ac6b906102c1c03e945,2014-03-08,2332181,3220,931,John Arne Riise,starting_lineup,Left Midfield,3,0
5ce66a2d40c1c8425a80128d7798e785,2014-03-08,2332181,3297,603,Craig Bellamy,substitutes,Left Winger,39,0
3d2cbcea0067ef2842f5b0e93a02965a,2014-03-26,2332182,3109,31,Steven Gerrard,starting_lineup,Defensive Midfield,8,1
bdae0a3efeb581cb20963fe35f03bc61,2014-03-26,2332182,3405,289,Wes Brown,starting_lineup,Centre-Back,5,0
3432ff75be50099933f5147ea8dbcae2,2014-05-07,2332183,2963,281,Martín Demichelis,starting_lineup,Centre-Back,26,0
ecfd24922fa28e6177d8571ae94e6233,2014-05-07,2332183,3333,281,James Milner,starting_lineup,Right Midfield,7,0
0d81e64027785d20096cd456bcd7321e,2014-03-25,2332184,3276,762,Shola Ameobi,substitutes,Centre-Forward,23,0
809fee9dcad462094c6a7480576c6df1,2014-03-25,2332184,3291,29,Gareth Barry,starting_lineup,Defensive Midfield,18,0
5d62d2d45432c897a8974267368285fc,2014-03-25,2332184,3356,29,Sylvain Distin,starting_lineup,Centre-Back,15,0
40ed0b3d2e241a452393286de9df3285,2014-03-08,2332185,3270,1123,Joseph Yobo,starting_lineup,Centre-Back,26,0
03ae56027aabf56b04a05068cc6f3d38,2014-03-08,2332185,3306,512,Jonathan Walters,starting_lineup,Second Striker,19,0
eae34f7bb220728559fec83e3776d2b4,2014-03-02,2332186,3297,603,Craig Bellamy,starting_lineup,Second Striker,39,1
c06523ab3bf6362f16ee94ee52ba4000,2014-02-12,2332187,1662,931,Sascha Riether,starting_lineup,Right-Back,27,0
4d68be8f1230829c8e07a4905ace68e6,2014-02-12,2332187,3109,31,Steven Gerrard,starting_lineup,Defensive Midfield,8,1
ce32bddb120659901114761d0d4ac528,2014-02-12,2332187,3202,31,Kolo Touré,starting_lineup,Centre-Back,4,0
52a200e36d5759b66192cec6121c36a3,2014-02-12,2332187,3220,931,John Arne Riise,starting_lineup,Left-Back,3,0
80fd363b84319f9a37af06e116941d4a,2014-02-12,2332187,3259,931,Damien Duff,substitutes,Right Midfield,16,0
6b67796970a4e994e8a53c4311339621,2014-02-01,2332189,1662,931,Sascha Riether,starting_lineup,Right-Back,27,0
e3a034cb4deb19091633a8c74e2caf14,2014-02-01,2332189,3259,931,Damien Duff,starting_lineup,Left Midfield,16,0
ed671f4daf338285d4a737023193aa8c,2014-02-03,2332190,2963,281,Martín Demichelis,starting_lineup,Defensive Midfield,26,0
bb4f4165bb6c52c5136090a3db9a7dd7,2014-02-03,2332190,3160,631,John Terry,starting_lineup,Centre-Back,26,1
5e8e0c03bb25fc3cf5fa8b8f77140bbb,2014-02-03,2332190,3163,631,Frank Lampard,substitutes,Central Midfield,8,0
ebdec75060cdcd24fc3e027870f5f831,2014-02-03,2332190,3182,631,Ashley Cole,substitutes,Left-Back,3,0
74c160aa5a67beeb6a6b5d629d8a52eb,2014-02-03,2332190,3333,281,James Milner,substitutes,Central Midfield,7,0
66d043cbd17ed5f1d67e5d07e5bb1458,2014-02-03,2332190,3357,631,Mark Schwarzer,substitutes,Goalkeeper,23,0
48c2651899c6f94f1de062c10e98a1aa,2014-03-01,2332191,1662,931,Sascha Riether,starting_lineup,Right-Back,27,0
ff03c431dcf562f71ca202231d6d3776,2014-03-01,2332191,3160,631,John Terry,starting_lineup,Centre-Back,26,1
615d9aaa6bb1115cb814d9dab41b0049,2014-03-01,2332191,3163,631,Frank Lampard,substitutes,Central Midfield,8,0
77de37f994a9a322adad5676c8b53aac,2014-03-01,2332191,3182,631,Ashley Cole,substitutes,Left-Back,3,0
bfd1052e613d210c95262c5fe6095763,2014-03-01,2332191,3220,931,John Arne Riise,substitutes,Left-Back,3,0
bb825b967f4528c1c3574f7628cbb5e3,2014-03-01,2332191,3357,631,Mark Schwarzer,substitutes,Goalkeeper,23,0
be6562914db1191b5d418385dbb76dca,2014-03-08,2332192,3160,631,John Terry,starting_lineup,Centre-Back,26,1
bbedfe295af248d41f3b2b6e763de491,2014-03-08,2332192,3163,631,Frank Lampard,starting_lineup,Central Midfield,8,0
e9a5cbfbed419f95011496f786478baf,2014-03-08,2332192,3357,631,Mark Schwarzer,substitutes,Goalkeeper,23,0
3e148c13244e6fc7cc53b9ee95cb222a,2014-02-01,2332194,3306,512,Jonathan Walters,starting_lineup,Second Striker,19,0
40fab3be0cde8779689251cd6d3588a3,2014-02-01,2332194,3332,985,Wayne Rooney,starting_lineup,Second Striker,10,0
0ae88c616dfc86c28253d1ffdb12c3fc,2014-02-01,2332195,488,2288,Gerhard Tremmel,starting_lineup,Goalkeeper,25,0
fe36fe5bb23115873185b79b6c0658a1,2014-02-01,2332195,1368,379,Guy Demel,starting_lineup,Right-Back,20,0
9c82cf4b78d3a1110e18c5ece5ad60f5,2014-02-01,2332195,3179,379,Carlton Cole,substitutes,Centre-Forward,24,0
15cf8dc67c1821c4425533a2a9bf4f15,2014-03-01,2332196,3109,31,Steven Gerrard,starting_lineup,Defensive Midfield,8,1
84975fc444fb6b43ace37bf310d16b9d,2014-03-01,2332196,3202,31,Kolo Touré,substitutes,Centre-Back,4,0
c955d9a81ad411d6d06cb262ec5f58dd,2014-02-02,2332197,132,11,Tomas Rosicky,substitutes,Attacking Midfield,7,0
b65bd943d0d91a7f72e7ac343a335cee,2014-02-02,2332198,3109,31,Steven Gerrard,starting_lineup,Defensive Midfield,8,1
e3b5946c26078c0fc793e74dcb64b9d9,2014-02-02,2332198,3202,31,Kolo Touré,starting_lineup,Centre-Back,4,0
714bf1d7a23a99c9225a2034ba093b42,2014-03-25,2332199,2963,281,Martín Demichelis,starting_lineup,Centre-Back,26,0
c81da6e0af12c62108aa2d05edcf69d8,2014-03-25,2332199,3235,985,Rio Ferdinand,starting_lineup,Centre-Back,5,0
3eac28571b3d3ceef135a0c2ea7d833f,2014-03-25,2332199,3332,985,Wayne Rooney,starting_lineup,Centre-Forward,10,0
a8020b281779d71459068f4fa2b55be2,2014-03-25,2332199,3333,281,James Milner,substitutes,Left Midfield,7,0
d1c0b522b9dde6cd0c04f2173a32a2e3,2014-01-28,2332201,3276,762,Shola Ameobi,substitutes,Centre-Forward,23,0
05ca5eef1597696aeb8084de5ab0cb18,2014-01-29,2332202,3306,512,Jonathan Walters,substitutes,Centre-Forward,19,0
fc4592cb57740749125479f6f1d8a4ae,2014-01-29,2332202,3405,289,Wes Brown,starting_lineup,Centre-Back,5,0
a5a0e31fe5d73474178e891832c22004,2014-01-28,2332203,65,931,Dimitar Berbatov,starting_lineup,Centre-Forward,9,0
fae61e9e782ba07ed9d07d86f1e79d15,2014-01-28,2332203,488,2288,Gerhard Tremmel,starting_lineup,Goalkeeper,25,0
2833311d2fcb5ce3c1617e7091822754,2014-01-28,2332203,1662,931,Sascha Riether,starting_lineup,Right-Back,27,0
7522028cc482bffa97704751fa5867d9,2014-01-28,2332203,3259,931,Damien Duff,substitutes,Left Midfield,16,0
2016094fae3809cce7ef22bfce5def5e,2014-02-01,2332204,3276,762,Shola Ameobi,starting_lineup,Centre-Forward,23,0
628334b0307ab4303c3b9ca86bb61d8c,2014-02-01,2332204,3405,289,Wes Brown,starting_lineup,Centre-Back,5,0
c1a5c1dce2e830efc932cb371bbedab1,2014-02-08,2332205,3163,631,Frank Lampard,starting_lineup,Central Midfield,8,1
b67c216b913378c4bccae2031b370ee9,2014-02-08,2332205,3182,631,Ashley Cole,substitutes,Left-Back,3,0
3ed0dacc34308258b0f4d6ae427a155e,2014-02-08,2332205,3276,762,Shola Ameobi,substitutes,Centre-Forward,23,0
281d843617e88c7245fd3dc8ab5f12cc,2014-02-08,2332205,3357,631,Mark Schwarzer,substitutes,Goalkeeper,23,0
6d635b72d2353013754bfcb572be3732,2014-02-08,2332206,488,2288,Gerhard Tremmel,substitutes,Goalkeeper,25,0
5fd1350aff98c2aa513199f632b42265,2014-02-08,2332206,3297,603,Craig Bellamy,starting_lineup,Right Winger,39,1
429480e0bf589dcde33d0dbfa11f58c2,2014-01-11,2332207,65,931,Dimitar Berbatov,starting_lineup,Centre-Forward,9,0
5c0a8fad868493258d44b66fe75208f1,2014-01-11,2332207,1662,931,Sascha Riether,starting_lineup,Right-Back,27,0
24052224b27810afa458cdd29d2770ef,2014-01-11,2332207,3220,931,John Arne Riise,starting_lineup,Left-Back,3,0
fb5ec8d18d5e04af0b47f86c33085690,2014-01-11,2332207,3259,931,Damien Duff,starting_lineup,Right Midfield,16,0
26c2b2ba898852ca41c5ad60d9e5b477,2014-01-11,2332207,3405,289,Wes Brown,starting_lineup,Centre-Back,5,0
5e61f1bd2e916f223958f85b0044b5a2,2014-02-01,2332208,3291,29,Gareth Barry,starting_lineup,Central Midfield,18,0
b003953d447ec340c6a2bfa2bf50569d,2014-02-01,2332208,3356,29,Sylvain Distin,starting_lineup,Centre-Back,15,0
a46d27ee396b7c5cbac59b34d05a1a29,2014-01-11,2332210,3291,29,Gareth Barry,starting_lineup,Defensive Midfield,18,0
009a61e558fe91909e78865925b22fe8,2014-01-29,2332211,1368,379,Guy Demel,starting_lineup,Right-Back,20,0
d75eecab057fd0926d452ad17a84d1d4,2014-01-29,2332211,3160,631,John Terry,starting_lineup,Centre-Back,26,1
85221c6310de921cca0a4a90f81247eb,2014-01-29,2332211,3163,631,Frank Lampard,substitutes,Attacking Midfield,8,0
9adbd7af72a93f7361e220f7a47ca2d4,2014-01-29,2332211,3179,379,Carlton Cole,substitutes,Centre-Forward,24,0
6e828a4f2f2f6f328b4e6a7784cf64a9,2014-01-29,2332211,3182,631,Ashley Cole,substitutes,Left-Back,3,0
abd73c5cce5d58c7620978b8b45ba120,2014-01-29,2332211,3357,631,Mark Schwarzer,substitutes,Goalkeeper,23,0
9902cc852c7fc7d09f24377671acbbaf,2014-02-09,2332212,1662,931,Sascha Riether,starting_lineup,Right-Back,27,0
2b855700429283cd7eb3592ed55eb58c,2014-02-09,2332212,3220,931,John Arne Riise,starting_lineup,Left-Back,3,0
6cbc7274b2bdacc0fc47b6a12739af97,2014-02-09,2332212,3235,985,Rio Ferdinand,substitutes,Centre-Back,5,0
89d34895227559d0af7337503f568102,2014-02-09,2332212,3259,931,Damien Duff,substitutes,Right Midfield,16,0
791687a1085608b61b36e2b734279213,2014-02-09,2332212,3332,985,Wayne Rooney,starting_lineup,Second Striker,10,0
befb85dc7142e142c3230d6748397415,2014-02-09,2332212,3406,985,Ryan Giggs,substitutes,Left Midfield,11,0
d28f77163223a7b060c25c2a4ece85d4,2014-02-09,2332213,3291,29,Gareth Barry,starting_lineup,Central Midfield,18,0
579118a4606ddf5e23dec286af297c59,2014-02-09,2332213,3356,29,Sylvain Distin,starting_lineup,Centre-Back,15,0
7c63baac0ce980001c36424c47c8e30c,2014-02-12,2332215,488,2288,Gerhard Tremmel,substitutes,Goalkeeper,25,0
ecea19d284283a73c08b76e480c30968,2014-02-12,2332215,3306,512,Jonathan Walters,starting_lineup,Second Striker,19,0
a601907f75c5870c6d11f156658063c4,2014-02-11,2332216,1368,379,Guy Demel,starting_lineup,Right-Back,20,0
27cd0dcff682df7f2080db94cd2b0b25,2014-02-11,2332216,3179,379,Carlton Cole,starting_lineup,Centre-Forward,24,0
81bd08be107dd25497b6fa6aaa28d539,2014-02-11,2332216,3270,1123,Joseph Yobo,starting_lineup,Centre-Back,26,0
aa9427c08ede88934689eefaf50b6463,2014-02-08,2332217,1368,379,Guy Demel,starting_lineup,Right-Back,20,0
0ad8a6c9041efdc74ea1d389f9daa239,2014-02-08,2332217,3179,379,Carlton Cole,starting_lineup,Centre-Forward,24,0
9449238f396a52d90811b3a3c9b1c1c3,2014-01-19,2332218,3160,631,John Terry,starting_lineup,Centre-Back,26,1
5ec33652d528a317d7f95d768adb33d1,2014-01-19,2332218,3163,631,Frank Lampard,substitutes,Central Midfield,8,0
e8ec5eaabf05966b81dc4cea270506f0,2014-01-19,2332218,3182,631,Ashley Cole,substitutes,Left-Back,3,0
9cdf8a09cb660c4362f1fef978007206,2014-01-19,2332218,3357,631,Mark Schwarzer,substitutes,Goalkeeper,23,0
9fc2ed792f14736c0ffc287f65fdf459,2014-01-19,2332218,3406,985,Ryan Giggs,substitutes,Left Midfield,11,0
a7f596aac5dbee74d9189c589a4202a4,2014-01-29,2332219,2963,281,Martín Demichelis,starting_lineup,Centre-Back,26,0
ec04ee11e308de3d8e6252bd6cc9e7a9,2014-02-01,2332220,3297,603,Craig Bellamy,starting_lineup,Second Striker,39,1
66785753529e5710d4cb4c238a27d3bf,2014-02-08,2332221,3306,512,Jonathan Walters,starting_lineup,Second Striker,19,0
e73a18e1c027cf4dd1f866f625ffd61b,2014-02-12,2332222,132,11,Tomas Rosicky,starting_lineup,Right Midfield,7,0
26d234091b000fb90fdd567a99088d9f,2014-02-12,2332222,3235,985,Rio Ferdinand,substitutes,Centre-Back,5,0
467a03e361b0513d42a44489c93459e2,2014-02-12,2332222,3332,985,Wayne Rooney,starting_lineup,Second Striker,10,0
15e0e1c48589bbedf4602227e12b6bc3,2014-01-11,2332224,3226,984,Nicolas Anelka,starting_lineup,Centre-Forward,39,0
e17c10e06c13b771f6a859dd7acacb5a,2014-02-08,2332226,132,11,Tomas Rosicky,substitutes,Attacking Midfield,7,0
8c2b0fe182982cde0ab3c98c07c44a92,2014-02-08,2332226,3109,31,Steven Gerrard,starting_lineup,Defensive Midfield,8,1
1d4bc0abfc4c34707b1ad9d912f6b419,2014-02-08,2332226,3202,31,Kolo Touré,starting_lineup,Centre-Back,4,0
a51ac63636afdaf52933624209d6d69b,2014-01-11,2332227,1327,379,Alou Diarra,substitutes,Centre-Back,18,0
bdaf555d4bd6a4c7eca79be52b846886,2014-01-11,2332227,1368,379,Guy Demel,starting_lineup,Right-Back,20,0
03ae21d5f4d7b20040d67014e551454f,2014-01-11,2332227,3179,379,Carlton Cole,starting_lineup,Centre-Forward,24,0
034b14d4515daf50cb4f4743f66b607c,2014-01-11,2332227,3297,603,Craig Bellamy,substitutes,Left Winger,39,0
d9dee76f2a20d9c24262bc8f29961a07,2014-01-11,2332228,488,2288,Gerhard Tremmel,starting_lineup,Goalkeeper,25,0
482d75288bc1bb7a28707bd478f598a4,2014-01-11,2332228,3406,985,Ryan Giggs,substitutes,Left Midfield,11,0
8b554b16004533a501bd98813faa0c5f,2014-01-12,2332229,2963,281,Martín Demichelis,starting_lineup,Centre-Back,26,0
87ca939466df50cf24fab8967f94bd0e,2014-01-12,2332229,3333,281,James Milner,substitutes,Left Midfield,7,0
26a00636caefbcb1c785234c76050644,2014-01-28,2332230,3297,603,Craig Bellamy,starting_lineup,Left Winger,39,0
e7f89c7d6d1fda6192dd93fbb8eb8750,2014-01-28,2332230,3332,985,Wayne Rooney,substitutes,Centre-Forward,10,0
f3f0b8d01ad0be60f6ba4bc1573a0fdb,2014-01-28,2332230,3406,985,Ryan Giggs,starting_lineup,Central Midfield,11,0
16f2e52e85fbe36ae1a9cfa3dc4a6fa5,2014-01-13,2332231,132,11,Tomas Rosicky,substitutes,Right Winger,7,0
9f59042486a264f740f269028ac3109d,2014-01-11,2332232,3160,631,John Terry,starting_lineup,Centre-Back,26,1
bac16f25983e5731d985b2225136b7b9,2014-01-11,2332232,3182,631,Ashley Cole,starting_lineup,Left-Back,3,0
744d0f3f92e0a0b1aad191a0072fad5d,2014-01-11,2332232,3357,631,Mark Schwarzer,substitutes,Goalkeeper,23,0
ee1df52a0d958f5db6da26537ad01454,2014-01-18,2332233,1327,379,Alou Diarra,substitutes,Defensive Midfield,18,0
eb9beac9cc5fb40982dcd199250a9181,2014-01-18,2332233,3179,379,Carlton Cole,starting_lineup,Centre-Forward,24,0
6c647ec188e7d2b947238d85b76b5a1f,2014-01-18,2332233,3276,762,Shola Ameobi,substitutes,Left Winger,23,0
6662a9e941d411dc99a833aa87db091c,2014-01-29,2332234,3226,984,Nicolas Anelka,starting_lineup,Right Winger,39,0
4fb3c4064dffc5168bc96b9abd8cd890,2014-02-08,2332236,2857,3008,Eldin Jakupović,substitutes,Goalkeeper,16,0
372870ee98b28e1c17268573947a34bd,2014-02-08,2332236,3405,289,Wes Brown,starting_lineup,Centre-Back,5,0
b41ace701eab3f163955d86fde49898d,2014-01-20,2332237,3226,984,Nicolas Anelka,starting_lineup,Centre-Forward,39,0
233b95de555cddabd2d2e0ea3e47c2a0,2014-01-20,2332237,3291,29,Gareth Barry,starting_lineup,Central Midfield,18,0
c45ed29e9bf7544ddeb45018956f3cc7,2014-01-20,2332237,3356,29,Sylvain Distin,starting_lineup,Centre-Back,15,0
2256aff28de4d312e37d35b8218309c5,2014-01-18,2332239,3109,31,Steven Gerrard,starting_lineup,Central Midfield,8,1
cf87d9f8e8f5fe8ce592079d0061e060,2014-01-18,2332239,3202,31,Kolo Touré,starting_lineup,Centre-Back,4,0
d3a0619002bcb0000ce9a554885afb4d,2014-01-19,2332241,488,2288,Gerhard Tremmel,starting_lineup,Goalkeeper,25,0
3f29551749a413310953e674fa5bb87d,2014-02-08,2332242,2963,281,Martín Demichelis,starting_lineup,Centre-Back,26,0
fdddf2abf69626c1446e9aaa5a73ba92,2014-02-08,2332242,3270,1123,Joseph Yobo,starting_lineup,Centre-Back,26,0
ce619c1637481f56f650c29eb49eb0e3,2014-02-08,2332242,3333,281,James Milner,starting_lineup,Central Midfield,7,0
7a9da249c18935c55ff39afd466d7211,2014-04-26,2332243,3235,985,Rio Ferdinand,starting_lineup,Centre-Back,5,0
990acc148e3f7c09d6151433d276d61d,2014-04-26,2332243,3332,985,Wayne Rooney,starting_lineup,Second Striker,10,0
d47272989a32748c5a936cfd364fbd00,2014-01-12,2332245,3109,31,Steven Gerrard,starting_lineup,Central Midfield,8,1
8ab3a4d0088b563474863a3024dabd9e,2014-01-12,2332245,3195,512,Jermaine Pennant,substitutes,Right Winger,7,0
9f81b38a43f5eab8e08fc38f6b82744d,2014-01-12,2332245,3202,31,Kolo Touré,starting_lineup,Centre-Back,4,0
703b4bb5fad01393e4e3d756a4256b9a,2014-01-12,2332245,3306,512,Jonathan Walters,starting_lineup,Right Winger,19,0
b05d5f6680c6ab9d9600a5e8753d4614,2014-01-18,2332246,2963,281,Martín Demichelis,starting_lineup,Centre-Back,26,0
edc649ad44d8402be567489f576fc9d3,2014-01-18,2332246,3297,603,Craig Bellamy,substitutes,Left Winger,39,0
dfddf33f4112b4a1631f376ee3b50712,2014-01-18,2332246,3333,281,James Milner,substitutes,Right Midfield,7,0
829ed8a443822b806239d1b751e459e0,2014-01-18,2332247,65,931,Dimitar Berbatov,starting_lineup,Centre-Forward,9,0
7d3a353191836cfd592cd1a5e0d6a582,2014-01-18,2332247,132,11,Tomas Rosicky,substitutes,Attacking Midfield,7,0
13cdb6c58a3d714c22e2b7f5b2756563,2014-01-18,2332247,1662,931,Sascha Riether,starting_lineup,Right-Back,27,0
c5f67bcea0438a4af82be3e8c2428611,2014-01-18,2332247,3220,931,John Arne Riise,substitutes,Left-Back,3,0
8a32cfd061af8d737d04582b1f62a6c3,2014-01-18,2332247,3259,931,Damien Duff,substitutes,Right Midfield,16,0
daa8de3eb5b21bcd75db8e622ef99113,2014-01-18,2332248,3306,512,Jonathan Walters,starting_lineup,Right Winger,19,0
9df5b2868e5f2337b3b93b52695d34f0,2014-01-18,2332249,3405,289,Wes Brown,starting_lineup,Centre-Back,5,0
8e83f9b9a8cac0a97a38c60da68c49fb,2014-01-28,2332250,3109,31,Steven Gerrard,starting_lineup,Defensive Midfield,8,1
e834add59fae7b3b1b3db2e3149afda0,2014-01-28,2332250,3202,31,Kolo Touré,starting_lineup,Centre-Back,4,0
45a250456009e9bd38c5430c5c3a30e6,2014-01-28,2332250,3291,29,Gareth Barry,starting_lineup,Central Midfield,18,0
8371317633a820c7f411b3cddf09f603,2014-04-27,2332251,3109,31,Steven Gerrard,starting_lineup,Defensive Midfield,8,1
4b2d95982435d997f20f28bb0e943d5a,2014-04-27,2332251,3163,631,Frank Lampard,starting_lineup,Central Midfield,8,1
f18773f88f21b80cc8e2630c48d86b20,2014-04-27,2332251,3182,631,Ashley Cole,starting_lineup,Left-Back,3,0
86048604b6f23952e14522fb25122626,2014-04-27,2332251,3202,31,Kolo Touré,substitutes,Centre-Back,4,0
52a4e8eec3843e58e183d110db2ba9e4,2014-04-27,2332251,3357,631,Mark Schwarzer,starting_lineup,Goalkeeper,23,0
fdaaf1dbeb4d2189499bb91e1682ec04,2014-04-26,2332253,1368,379,Guy Demel,starting_lineup,Right-Back,20,0
8722022e4ff06ed3f06f23777cd1b9d3,2014-04-26,2332253,3179,379,Carlton Cole,substitutes,Centre-Forward,24,0
b44d9db7e5831e9f5bddbad4d33ac054,2014-05-04,2332254,132,11,Tomas Rosicky,substitutes,Right Winger,7,0
b5f4e68e58df770079aaf936efd5ba8d,2014-05-11,2332255,2963,281,Martín Demichelis,starting_lineup,Centre-Back,26,0
4dcd655a5286a78ae56e91d98cefc424,2014-05-11,2332255,3179,379,Carlton Cole,substitutes,Centre-Forward,24,0
d01b311cd399fe80bd09b17b8adb0e6a,2014-05-11,2332255,3333,281,James Milner,substitutes,Right Midfield,7,0
95db7d7102bce981fd848b6ee2fd1c49,2014-05-04,2332256,3160,631,John Terry,starting_lineup,Centre-Back,26,1
3ca0ed9f11c93c924e8c18e39df87593,2014-05-04,2332256,3163,631,Frank Lampard,starting_lineup,Central Midfield,8,0
449cd7ccecbae9ec9bf6e7a7ebe50a03,2014-05-04,2332256,3182,631,Ashley Cole,starting_lineup,Left-Back,3,0
35d31c2e86c3649fcc775bb12dcdd596,2014-05-04,2332256,3357,631,Mark Schwarzer,starting_lineup,Goalkeeper,23,0
25fd54d69efc3ed378bb17c260d36271,2014-04-26,2332257,1662,931,Sascha Riether,starting_lineup,Right Midfield,27,0
4943a6b9e5d6c96dfbf302b116d1bbeb,2014-04-26,2332257,2857,3008,Eldin Jakupović,substitutes,Goalkeeper,16,0
c4c0fd3bbf8cda7aff89455e1e033bc7,2014-04-26,2332257,3220,931,John Arne Riise,starting_lineup,Left Midfield,3,0
79e3c3e4129735f9eea01a43a17ccd4f,2014-05-05,2332258,3109,31,Steven Gerrard,starting_lineup,Defensive Midfield,8,1
089c2c6453bc1d41d99a100e4af46fd1,2014-05-05,2332258,3202,31,Kolo Touré,substitutes,Centre-Back,4,0
98cf934308e41020490203e8bceea0a5,2014-05-03,2332259,2963,281,Martín Demichelis,starting_lineup,Centre-Back,26,0
0b84543281f30d729623dd91a2c6cc3c,2014-05-03,2332259,3333,281,James Milner,starting_lineup,Right Midfield,7,0
c05879f8d95d67ba330138efb93fe78e,2014-05-03,2332259,3356,29,Sylvain Distin,substitutes,Centre-Back,15,0
ac1680f9de1ad234abcad2d6c00099e1,2014-05-03,2332260,3235,985,Rio Ferdinand,starting_lineup,Centre-Back,5,0
f8cf26e7f617f21f2ce323325c08a905,2014-05-03,2332260,3405,289,Wes Brown,starting_lineup,Centre-Back,5,0
d0d19f7580fb5c5418f43401b96c11ff,2014-05-03,2332261,3276,762,Shola Ameobi,starting_lineup,Centre-Forward,23,0
1a399383642c0b23acc23c21d35dd7f5,2014-05-03,2332261,3297,603,Craig Bellamy,substitutes,Second Striker,39,0
b9b4ebfbdfc2bf4b0e256bdd5dfe3d2b,2014-05-11,2332262,3182,631,Ashley Cole,starting_lineup,Left-Back,3,1
10304533e56d147d53df318693d07309,2014-05-11,2332262,3297,603,Craig Bellamy,starting_lineup,Left Winger,39,0
c02755411ff4610a44b08444df0dd24b,2014-05-11,2332262,3357,631,Mark Schwarzer,starting_lineup,Goalkeeper,23,0
1dcb6f67ca12b10f783438f814020921,2014-05-11,2332263,3291,29,Gareth Barry,starting_lineup,Defensive Midfield,18,0
3a26dd58f68b21f115e2299bd5a646de,2014-05-11,2332263,3356,29,Sylvain Distin,starting_lineup,Centre-Back,15,0
4c7a7e748436638d2a495234ddba586d,2014-05-03,2332265,1662,931,Sascha Riether,substitutes,Right-Back,27,0
48f44f3a6b01896d32034a006b5e8af5,2014-05-03,2332265,3220,931,John Arne Riise,starting_lineup,Left-Back,3,0
d86c491c58f827eeeb2c220fedcc1aa1,2014-05-03,2332265,3306,512,Jonathan Walters,substitutes,Centre-Forward,19,0
03e69860cfb989f5e5d13af4bca30c2d,2014-05-11,2332266,3235,985,Rio Ferdinand,starting_lineup,Centre-Back,5,0
d76cc88a603ad9a0424932e986f4f4e6,2014-04-27,2332267,3297,603,Craig Bellamy,substitutes,Left Winger,39,0
a3ae45bad7b71cc5f021196101eeff34,2014-04-27,2332267,3405,289,Wes Brown,starting_lineup,Centre-Back,5,0
fe4a500587d1ea18c14d26f4d876dcb9,2014-04-05,2332268,3160,631,John Terry,starting_lineup,Centre-Back,26,1
6e859b9c3958027af25f138d9447c6d0,2014-04-05,2332268,3163,631,Frank Lampard,starting_lineup,Central Midfield,8,0
c272bbef1f46dffd04210fa8036ebf5b,2014-04-05,2332268,3182,631,Ashley Cole,substitutes,Left-Back,3,0
ece6a29cf648594045617cf74fe35f37,2014-04-05,2332268,3306,512,Jonathan Walters,substitutes,Centre-Forward,19,0
005d9a72f722d7ad592e1f5e194b8163,2014-04-05,2332268,3357,631,Mark Schwarzer,substitutes,Goalkeeper,23,0
6db706c0fcb4a75d015d13886ff58e7c,2014-04-06,2332269,132,11,Tomas Rosicky,starting_lineup,Attacking Midfield,7,0
8f6756d8cd038096ba79f9f0512e61d5,2014-04-06,2332269,3291,29,Gareth Barry,starting_lineup,Defensive Midfield,18,0
66e166ec2042d4629f3b5c8d3f15cf67,2014-04-06,2332269,3356,29,Sylvain Distin,starting_lineup,Centre-Back,15,0
bac7bc3aaebec628877ee0a633ed10a8,2014-04-15,2332270,132,11,Tomas Rosicky,starting_lineup,Attacking Midfield,7,0
99cd87a234610d2e9b4955b9708d251d,2014-04-15,2332270,1368,379,Guy Demel,starting_lineup,Right-Back,20,0
ea32767330d6aa4eae9298b04dac96a1,2014-04-15,2332270,3179,379,Carlton Cole,substitutes,Centre-Forward,24,0
450d86a300be2bcb5ec07b5d1facdb12,2014-04-26,2332271,3291,29,Gareth Barry,starting_lineup,Central Midfield,18,0
ffda56ce53d78c1024fbe3c256c985e8,2014-05-11,2332272,3109,31,Steven Gerrard,starting_lineup,Defensive Midfield,8,1
1977450d4987c21c48a117cf6d5cc9bc,2014-05-11,2332272,3202,31,Kolo Touré,substitutes,Centre-Back,4,0
a28a4e43d8c7c93a99625eecbc86b68e,2014-05-11,2332272,3276,762,Shola Ameobi,starting_lineup,Centre-Forward,23,0
dc94397cad00cd0cfb6c46a032bb6c4d,2014-04-05,2332274,3297,603,Craig Bellamy,substitutes,Second Striker,39,0
a6cc55ae4c23de5c93e846b4949bc704,2014-04-05,2332275,3276,762,Shola Ameobi,substitutes,Centre-Forward,23,0
f875ded4e72ccadf8e532e820aedcf50,2014-04-13,2332278,488,2288,Gerhard Tremmel,substitutes,Goalkeeper,25,0
aa0e260654fa98f19f32847b381c865c,2014-04-13,2332278,3160,631,John Terry,starting_lineup,Centre-Back,26,1
c517ea1adbf454d76715ca492d62a438,2014-04-13,2332278,3182,631,Ashley Cole,substitutes,Left-Back,3,0
f6faa4eff309de87f3cd64bdc8c3a28d,2014-04-13,2332278,3357,631,Mark Schwarzer,substitutes,Goalkeeper,23,0
9fb09020dccc7995ab8c18d53410fe4f,2014-04-19,2332279,488,2288,Gerhard Tremmel,substitutes,Goalkeeper,25,0
ba0b9992b6b836b04a3c2d608c09026d,2014-04-19,2332279,3276,762,Shola Ameobi,starting_lineup,Left Winger,23,0
736f0bf5cf4578674ca8dfc9abe7cdcb,2014-05-11,2332280,132,11,Tomas Rosicky,starting_lineup,Right Winger,7,0
a00e8f6ad718f3db1d1bbdb20ace7ba1,2014-05-11,2332281,3306,512,Jonathan Walters,starting_lineup,Centre-Forward,19,0
e79edc736f625f11a879314c6fa76ee0,2014-04-07,2332282,3405,289,Wes Brown,starting_lineup,Centre-Back,5,1
4acc42487c7f0d222b72b320ae74868f,2014-04-12,2332284,1662,931,Sascha Riether,starting_lineup,Right-Back,27,0
81e4fa3fc9bad7279fca144ba20c1fb2,2014-04-12,2332284,3220,931,John Arne Riise,substitutes,Left-Back,3,0
becc85aefb3b28d7931736bdd57c1b1a,2014-05-11,2332285,488,2288,Gerhard Tremmel,starting_lineup,Goalkeeper,25,0
22031ad84f7d08249c19f7c19616113d,2014-05-11,2332285,3405,289,Wes Brown,starting_lineup,Centre-Back,5,0
f49e8290da81f331159136473657f5ba,2014-05-06,2332286,2857,3008,Eldin Jakupović,starting_lineup,Goalkeeper,16,0
ed5825bab2792c6fc49e062ae6f4e063,2014-05-06,2332286,3406,985,Ryan Giggs,substitutes,Central Midfield,11,0
ebe3c7498f94b4d25103ab3369756a11,2014-05-03,2332289,1368,379,Guy Demel,starting_lineup,Right-Back,20,0
1fae0daf1295ae07e67fb4e67bfd6e4a,2014-05-03,2332289,3179,379,Carlton Cole,substitutes,Centre-Forward,24,0
f7e69c024519683389e3b863030e75ce,2014-04-05,2332291,1662,931,Sascha Riether,starting_lineup,Right Midfield,27,0
983bc41998975150b32c43cf1f17b397,2014-04-05,2332291,3220,931,John Arne Riise,substitutes,Left-Back,3,0
3ecfdc377053b2e9c01a9a173fb62cce,2014-04-13,2332292,2963,281,Martín Demichelis,starting_lineup,Centre-Back,26,0
1c09e3f2e8319ddce5073a996187ade5,2014-04-13,2332292,3109,31,Steven Gerrard,starting_lineup,Defensive Midfield,8,1
7b6a445d017b03670932825fbdb4d39f,2014-04-13,2332292,3202,31,Kolo Touré,substitutes,Centre-Back,4,0
6679add3c38fa68646b5a54ac5768d93,2014-04-13,2332292,3333,281,James Milner,substitutes,Right Midfield,7,0
3278fd010301ce30df450a999ddb4fe1,2014-04-12,2332293,3297,603,Craig Bellamy,substitutes,Left Winger,39,0
071bc4bd76912766d56931db5579b69c,2014-04-19,2332294,3306,512,Jonathan Walters,substitutes,Second Striker,19,0
e93792da05b42cb63020c91d723474ab,2014-04-19,2332295,3160,631,John Terry,starting_lineup,Centre-Back,26,1
c748126790037c2f9e19fde0132a5d54,2014-04-19,2332295,3163,631,Frank Lampard,substitutes,Central Midfield,8,0
def5cd0ec50ec973cbd97c19b1001547,2014-04-19,2332295,3357,631,Mark Schwarzer,starting_lineup,Goalkeeper,23,0
fba7bac84987f02917d0f4219ff17a97,2014-04-19,2332295,3405,289,Wes Brown,starting_lineup,Centre-Back,5,0
430474e4743ad8ea0a59bba411795bd0,2014-04-19,2332296,3179,379,Carlton Cole,substitutes,Centre-Forward,24,0
deeb40ea7c0e4452134e5db6bf57b131,2014-04-06,2332297,1368,379,Guy Demel,starting_lineup,Right-Back,20,0
f4be4a482cf455f87316edb148a33abc,2014-04-06,2332297,3109,31,Steven Gerrard,starting_lineup,Defensive Midfield,8,1
203a5e04ebc81dc69dd50461ca06d379,2014-04-06,2332297,3179,379,Carlton Cole,substitutes,Centre-Forward,24,0
a389c2cbba1f6648dd88eb9efb12f796,2014-04-06,2332297,3202,31,Kolo Touré,substitutes,Centre-Back,4,0
6c02ed1453f4543d551020e2f21e1092,2014-04-05,2332298,2963,281,Martín Demichelis,starting_lineup,Centre-Back,26,0
93a9d22579f117f2934307e9cbd32619,2014-04-05,2332298,3333,281,James Milner,substitutes,Central Midfield,7,0
200bb8dbb9a64458d824ad98b51cd26f,2014-04-20,2332300,3109,31,Steven Gerrard,starting_lineup,Central Midfield,8,1
5ca171eb2cd4bb5466cbf7c95b7cdc0e,2014-04-20,2332300,3202,31,Kolo Touré,substitutes,Centre-Back,4,0
bf5c1a5c0900e97206643a1fb78cb157,2014-04-19,2332301,3220,931,John Arne Riise,starting_lineup,Left-Back,3,0
1697294f939e2943d5cae8e4faf89fe7,2014-04-28,2332302,132,11,Tomas Rosicky,substitutes,Attacking Midfield,7,0
3a7746bd461c5d19da111a7a43dd8752,2014-04-28,2332302,3276,762,Shola Ameobi,substitutes,Right Winger,23,0
bd375777bab7285dc65aa1f5bf3ebee5,2014-04-05,2332303,3270,1123,Joseph Yobo,starting_lineup,Centre-Back,26,0
8c37e0d79d008a100b1e519b0b66c1d1,2014-04-12,2332304,3276,762,Shola Ameobi,starting_lineup,Centre-Forward,23,0
74fc6ba3d02e691b31ed9a2b67b14f58,2014-04-12,2332304,3306,512,Jonathan Walters,substitutes,Right Winger,19,0
16ab0e3600af9377fc562ad82e5222a9,2014-04-21,2332305,2963,281,Martín Demichelis,starting_lineup,Centre-Back,26,0
9e918d28245ab08c084a73c79aa158a7,2014-04-21,2332305,3333,281,James Milner,substitutes,Right Midfield,7,0
56851ba5eed20b669da4186979dfa982,2014-04-27,2332306,2963,281,Martín Demichelis,starting_lineup,Centre-Back,26,0
91e29e75ae15cb171466e30983418afc,2014-04-27,2332306,3333,281,James Milner,starting_lineup,Right Midfield,7,0
33b71cc7236bc5462960a5fb5a4843f2,2014-04-12,2332307,3291,29,Gareth Barry,starting_lineup,Defensive Midfield,18,0
52520d7048b3cd6c7e353db5b740d6b4,2014-04-12,2332307,3356,29,Sylvain Distin,starting_lineup,Centre-Back,15,0
74248d90a263939327eb40d42e2dba06,2014-04-12,2332307,3405,289,Wes Brown,starting_lineup,Centre-Back,5,0
a7e8a7744cd760574f7869f71c2fa401,2014-04-20,2332308,3291,29,Gareth Barry,starting_lineup,Defensive Midfield,18,0
e25598b98317b448b08440328200ff08,2014-04-20,2332308,3332,985,Wayne Rooney,starting_lineup,Centre-Forward,10,1
0ddf0b51d6d26e1c5fa979229bbb6086,2014-04-20,2332308,3356,29,Sylvain Distin,starting_lineup,Centre-Back,15,0
3807e403c70cbec402b3f63651f2b620,2014-04-20,2332308,3406,985,Ryan Giggs,substitutes,Left Midfield,11,0
aa8434eadb05a8edc96f2926858f2581,2013-08-17,2334880,3322,903,Ben Williams,starting_lineup,Goalkeeper,1,1
85c7856a680e37c962e903d921747851,2013-08-17,2334881,3287,2578,Steve Banks,starting_lineup,Goalkeeper,15,0
05fda19b80a7571acee400c476811d8e,2013-08-24,2334883,3269,370,Calvin Zola,substitutes,Centre-Forward,7,0
09e669d5f41a8b898ab9af36ae78912c,2013-08-24,2334883,3310,370,Nicky Weaver,starting_lineup,Goalkeeper,20,0
f00f8dc03594a24a6162daffc93de5c3,2013-08-31,2334885,3322,903,Ben Williams,starting_lineup,Goalkeeper,1,1
3ea075178f78a7cc2307b82efbb99d4f,2013-08-24,2334888,3287,2578,Steve Banks,starting_lineup,Goalkeeper,15,0
61c7f57b6e5e83920f9190beea6e8148,2013-08-17,2334889,3269,370,Calvin Zola,starting_lineup,Centre-Forward,7,0
5fe3a132501a89425190c4b8974134a5,2013-08-17,2334889,3310,370,Nicky Weaver,substitutes,Goalkeeper,20,0
68cfce761b926b9bcf7895446d5a7c68,2013-08-24,2334892,3322,903,Ben Williams,starting_lineup,Goalkeeper,1,1
7b6aba68d4786398ac2c18ccca410cb9,2013-08-31,2334893,3269,370,Calvin Zola,substitutes,Centre-Forward,7,0
f6b6b62367ce02a6d0e179baec8a4b59,2013-08-31,2334893,3287,2578,Steve Banks,starting_lineup,Goalkeeper,15,0
ba3434efb446425ce782120850f0354b,2013-08-31,2334893,3310,370,Nicky Weaver,substitutes,Goalkeeper,20,0
9f8cce0364f62bda240e51e504ff1d8d,2013-11-23,2334897,3322,903,Ben Williams,starting_lineup,Goalkeeper,1,0
6f2acd60a9a32a5dab43131db06bff3e,2013-11-09,2334899,3269,370,Calvin Zola,starting_lineup,Centre-Forward,7,0
c21801c4a8e0cda3198a0516612aac0c,2013-11-09,2334899,3310,370,Nicky Weaver,substitutes,Goalkeeper,20,0
81db1f5cd0609738c8cc8634fc817ef5,2013-11-09,2334900,3322,903,Ben Williams,starting_lineup,Goalkeeper,1,1
18084f17dda73d134a7341a7bfa7be65,2013-11-03,2334905,3322,903,Ben Williams,starting_lineup,Goalkeeper,1,1
3c395094e094e29101e8b2d10a05e5a1,2013-11-23,2334906,3269,370,Calvin Zola,starting_lineup,Centre-Forward,7,0
05251c0dbb64d5080ce981124aa57e05,2013-11-23,2334906,3310,370,Nicky Weaver,substitutes,Goalkeeper,20,0
9f21f5f950550d516dfc56ddfb7fca0b,2013-12-14,2334910,3322,903,Ben Williams,starting_lineup,Goalkeeper,1,0
3bf888b955981f93fac3e5a67e9e1430,2013-12-21,2334918,3287,2578,Steve Banks,substitutes,Goalkeeper,15,0
6e8df78d8323529da7b3942e83ee8e9f,2013-12-21,2334918,3322,903,Ben Williams,starting_lineup,Goalkeeper,1,0
3b9283a81416718d2e4c616c20762c04,2013-09-21,2334926,3322,903,Ben Williams,starting_lineup,Goalkeeper,1,0
b8611ae436778a652d2be120cf9c842a,2013-09-30,2334928,3269,370,Calvin Zola,starting_lineup,Centre-Forward,7,0
48fe55ad032ec048293c5447a2d76c75,2013-09-30,2334928,3310,370,Nicky Weaver,substitutes,Goalkeeper,20,0
6a4d714cb50e6b1fc79473bd23f6da73,2013-09-14,2334931,3287,2578,Steve Banks,substitutes,Goalkeeper,15,0
0484e43c61997ad692c6f8292082e1e6,2013-09-14,2334931,3322,903,Ben Williams,starting_lineup,Goalkeeper,1,1
bdb8212a34c8c8e72a54978470e9730e,2013-09-21,2334933,3269,370,Calvin Zola,starting_lineup,Centre-Forward,7,0
4cc44a95c7942a6db3a88bad49583df1,2013-09-21,2334933,3310,370,Nicky Weaver,substitutes,Goalkeeper,20,0
ce329991b90034924e9ce6364e581e24,2013-09-28,2334938,3322,903,Ben Williams,starting_lineup,Goalkeeper,1,0
59a88e120fb6104ce969e0fa3fbd3416,2013-10-19,2334945,3269,370,Calvin Zola,starting_lineup,Centre-Forward,7,0
d1b62e608bb4963a198af427156fa9da,2013-10-19,2334945,3310,370,Nicky Weaver,substitutes,Goalkeeper,20,0
4a342a2e14d7a1d6ad6543b4e304d9af,2013-10-19,2334949,3322,903,Ben Williams,starting_lineup,Goalkeeper,1,1
15f1dc3f7782f5650c2a7e26439824e5,2013-10-26,2334954,3269,370,Calvin Zola,starting_lineup,Centre-Forward,7,0
e664cf491abfeb3826c88a9fa5c910ed,2013-10-26,2334954,3310,370,Nicky Weaver,substitutes,Goalkeeper,20,0
5bdae3e0896afb7359ba144852bf817b,2013-10-26,2334954,3322,903,Ben Williams,starting_lineup,Goalkeeper,1,0
df6ddc92271bd372680a8ec96ec0500f,2014-03-01,2334957,2999,2578,Chris Iwelumo,substitutes,Centre-Forward,25,0
c47dc4b45a86c0a4e540ee43862dab8a,2014-03-01,2334957,3287,2578,Steve Banks,substitutes,Goalkeeper,15,0
825fe4a72fa4214e15e62fe57b3d8127,2014-03-01,2334957,3310,370,Nicky Weaver,substitutes,Goalkeeper,20,0
bfa7f7b0e4bafdb9ee4893c98486ad2b,2014-02-28,2334958,3322,903,Ben Williams,starting_lineup,Goalkeeper,1,0
626596a14b799c462e38996af5888af6,2014-02-25,2334961,2999,2578,Chris Iwelumo,substitutes,Centre-Forward,25,0
a28a8c1c44016616c33f00e2b4484a1e,2014-02-25,2334961,3287,2578,Steve Banks,substitutes,Goalkeeper,15,0
4ee8255f271d23fac9b6f4dd2efb636e,2014-02-15,2334963,3322,903,Ben Williams,starting_lineup,Goalkeeper,1,0
2f0b4ecab530a2db33363eba6e4bc965,2014-02-22,2334965,3322,903,Ben Williams,starting_lineup,Goalkeeper,1,0
581668a7b22a139ac4f1cc6b7ddcf169,2014-02-22,2334967,2999,2578,Chris Iwelumo,substitutes,Centre-Forward,25,0
eebcc4829297bc3823298c0d4e420466,2014-02-22,2334967,3287,2578,Steve Banks,substitutes,Goalkeeper,15,0
a078f65300e47fd5ac1b45611ecd82fc,2014-03-12,2334970,3322,903,Ben Williams,starting_lineup,Goalkeeper,1,1
b24925042f898ec2b9774df1608beb1f,2013-12-26,2334976,3269,370,Calvin Zola,substitutes,Centre-Forward,7,0
aac712f9cf2c77b7d9b9dd876dcabb7d,2013-12-26,2334976,3310,370,Nicky Weaver,substitutes,Goalkeeper,20,0
386196b860aa7542c401ce0635cce53b,2013-12-26,2334983,3322,903,Ben Williams,starting_lineup,Goalkeeper,1,0
22f9ec3ba8a561747cf8afb79cac8628,2014-01-10,2334987,3269,370,Calvin Zola,substitutes,Centre-Forward,7,0
4c108b070e3ea9734c2a497c145a0c90,2014-01-10,2334987,3310,370,Nicky Weaver,substitutes,Goalkeeper,20,0
92f0b4cbe3b73f4a7de7fd1fa34f67dd,2014-01-10,2334987,3322,903,Ben Williams,starting_lineup,Goalkeeper,1,0
8bebe18ea970838352a1eeec1de4c435,2014-03-15,2334988,2999,2578,Chris Iwelumo,substitutes,Centre-Forward,25,0
2d55d3a31b770f0590c71c9f8df3788c,2014-03-15,2334988,3287,2578,Steve Banks,substitutes,Goalkeeper,15,0
20ef119f6ef973cad41b54427074bd7e,2013-12-29,2334990,3322,903,Ben Williams,starting_lineup,Goalkeeper,1,0
4a7fed9c512a07407d4ef2fabb323154,2014-01-02,2334993,3322,903,Ben Williams,starting_lineup,Goalkeeper,1,0
8ad7a673b7431709945072cd0ca953ca,2014-01-05,2334996,3322,903,Ben Williams,starting_lineup,Goalkeeper,1,0
1c924f86c18955f4d2581fdf4d09abeb,2014-01-18,2335004,3322,903,Ben Williams,starting_lineup,Goalkeeper,1,0
9570dcce9730b01e2e6a7670284bd37b,2014-01-26,2335014,3322,903,Ben Williams,starting_lineup,Goalkeeper,1,0
8f3a007cd964331d5e2be6bc8bd01d51,2014-03-25,2335021,3269,370,Calvin Zola,substitutes,Centre-Forward,7,0
8c02ec922823b09556ac57cf2a8d5b52,2014-03-25,2335021,3310,370,Nicky Weaver,substitutes,Goalkeeper,20,0
d4f6034d4bac292ae34fdad55a6a23cf,2014-03-08,2335025,3322,903,Ben Williams,starting_lineup,Goalkeeper,1,0
ae7313ffde4d43991dbd5a058277377a,2014-03-30,2335029,3322,903,Ben Williams,starting_lineup,Goalkeeper,1,0
75340112ded45d9cafc9387330953085,2014-04-07,2335034,3310,370,Nicky Weaver,substitutes,Goalkeeper,20,0
9d9b9e8765326b658a7c3632b96d75c1,2014-04-07,2335034,3322,903,Ben Williams,starting_lineup,Goalkeeper,1,0
f0c859ee4fea745b230844124911377c,2013-08-04,2335037,3322,903,Ben Williams,starting_lineup,Goalkeeper,1,1
b1508a8b2a07ee70581b3ce58d9d7087,2013-08-11,2335038,3322,903,Ben Williams,starting_lineup,Goalkeeper,1,1
47797704f2c3a4b8fe8efb4fd2c2565d,2013-09-14,2335042,3269,370,Calvin Zola,starting_lineup,Centre-Forward,7,0
6ee60eb479c159e1ccdab1d5fe863c2d,2013-09-14,2335042,3310,370,Nicky Weaver,substitutes,Goalkeeper,20,0
fcf0633d6de6b17615f9d2514af98bd0,2013-10-07,2335049,3322,903,Ben Williams,starting_lineup,Goalkeeper,1,0
a6c9dc7f7d70948a1d67e36f8521fea2,2013-11-04,2335050,3269,370,Calvin Zola,starting_lineup,Centre-Forward,7,0
29a1f882f0c9fabc71fe2a0fc4129876,2013-11-04,2335050,3310,370,Nicky Weaver,substitutes,Goalkeeper,20,0
d914bef855e472746e31205433b6ba01,2013-12-07,2335051,3322,903,Ben Williams,starting_lineup,Goalkeeper,1,0
7c87e23f0dd8a936d2ef3bc405f58cb3,2014-01-21,2335052,3287,2578,Steve Banks,starting_lineup,Goalkeeper,15,0
6793815ea14b7d4b803f668411beb1d6,2014-03-15,2335061,3322,903,Ben Williams,starting_lineup,Goalkeeper,1,0
6139f6158f2b04ef61af4769bcd86ea1,2014-02-22,2335065,3269,370,Calvin Zola,substitutes,Centre-Forward,7,0
dd5743992871aff89ae9ed1722efad05,2014-02-22,2335065,3310,370,Nicky Weaver,substitutes,Goalkeeper,20,0
87b9fc7200a1e067b798cbb246444f54,2013-07-27,2335072,1075,121,Andriy Voronin,substitutes,Second Striker,10,0
7e6a1ab9f54394c83231cabfb5a42d2b,2013-07-27,2335072,3321,121,Luke Wilkshire,starting_lineup,Right-Back,23,0
94b81bba004ae625419c611a23c02115,2013-08-03,2335083,1075,121,Andriy Voronin,starting_lineup,Second Striker,10,0
c5b3f8fa8f38c26c10d9ddfc03e8a489,2013-08-03,2335083,3321,121,Luke Wilkshire,substitutes,Right-Back,23,0
907ab08ea9a100545bfb1dd63efebed3,2013-08-18,2335088,1075,121,Andriy Voronin,substitutes,Second Striker,10,0
3f660ca93ebff7ac2f858c885443882c,2013-08-18,2335088,3321,121,Luke Wilkshire,substitutes,Right-Back,23,0
92fd2447fb5e3783d77900691c0486d4,2013-09-01,2335094,1075,121,Andriy Voronin,substitutes,Second Striker,10,0
b7af26e0075fb1825dcb2623c0208105,2013-09-01,2335094,3321,121,Luke Wilkshire,starting_lineup,Right-Back,23,0
ec574cd27b1234564d0712ccd9586bf3,2013-09-16,2335105,1075,121,Andriy Voronin,starting_lineup,Second Striker,10,0
786971a209c261f9d4b545e416a64e9e,2013-09-16,2335105,3321,121,Luke Wilkshire,starting_lineup,Right-Back,23,0
2af401fe1dc014469ba5dbe2123bda50,2013-09-21,2335111,1075,121,Andriy Voronin,starting_lineup,Second Striker,10,0
0956f5df5da7966797e854a4faf24a58,2013-09-21,2335111,1331,121,Kevin Kuranyi,substitutes,Centre-Forward,22,0
f75a29e33ac6f0d9d99b24b76f5f064a,2013-09-21,2335111,3321,121,Luke Wilkshire,starting_lineup,Right-Back,23,0
faec094344487e6434a05570a8d885ba,2013-09-26,2335128,1075,121,Andriy Voronin,starting_lineup,Second Striker,10,0
0435d584824993e3b87ade4575fc8204,2013-09-26,2335128,1331,121,Kevin Kuranyi,substitutes,Centre-Forward,22,0
1c5ca5933be249887d309b299555a952,2013-09-29,2335138,3321,121,Luke Wilkshire,starting_lineup,Right-Back,23,0
4eba291803b3c531af12141e2991affe,2013-10-06,2335150,1075,121,Andriy Voronin,starting_lineup,Second Striker,10,0
33c1cfafbdcdf30027c732ae69e63fe8,2013-10-06,2335150,1331,121,Kevin Kuranyi,substitutes,Centre-Forward,22,0
84b200b0ab3be4828daec6b07153935c,2013-10-06,2335150,3321,121,Luke Wilkshire,starting_lineup,Right-Back,23,0
14a9fdfe91ca7682f13512960cf118e4,2013-08-24,2335157,1075,121,Andriy Voronin,substitutes,Second Striker,10,0
13f032ea76fddee67da8f2ce50eac15c,2013-08-24,2335157,3321,121,Luke Wilkshire,starting_lineup,Right-Back,23,0
e4bc68309904b47c32b5f5e35b11bac5,2013-10-20,2335159,1075,121,Andriy Voronin,starting_lineup,Second Striker,10,0
2f926a0e32960d2ad8457db9d7ec7d01,2013-10-20,2335159,1331,121,Kevin Kuranyi,substitutes,Centre-Forward,22,0
4f913729cfd3acee5b84c0f1f967ae79,2013-10-20,2335159,3321,121,Luke Wilkshire,starting_lineup,Right-Back,23,0
c2d40b6a67034ed6a921042fa559ea4d,2013-10-26,2335171,1075,121,Andriy Voronin,starting_lineup,Second Striker,10,0
c1958ccbcf53ab603eeb7094e7331447,2013-10-26,2335171,3321,121,Luke Wilkshire,substitutes,Right-Back,23,0
8884366c0443f036fa0a62aa42fb9116,2013-11-24,2335175,1075,121,Andriy Voronin,substitutes,Second Striker,10,0
5b536765aeb064b837411a8ec1a35b3b,2013-11-24,2335175,1331,121,Kevin Kuranyi,starting_lineup,Centre-Forward,22,0
d920d5e125c2a06e4bcca9938a0c8720,2013-11-24,2335175,3321,121,Luke Wilkshire,starting_lineup,Right-Back,23,0
d51b6546ffb2901c3ce663100db0c918,2013-11-30,2335187,1331,121,Kevin Kuranyi,starting_lineup,Centre-Forward,22,0
3c03d0e55074d8f3f98dbaa2dfc0088d,2013-11-30,2335187,3321,121,Luke Wilkshire,starting_lineup,Right-Back,23,0
62d2604975e51103d9ec7fa562ae9181,2013-11-09,2335196,1075,121,Andriy Voronin,starting_lineup,Second Striker,10,0
66323170ee6bd20b9cb4c8019c1299c6,2013-11-09,2335196,3321,121,Luke Wilkshire,starting_lineup,Right-Back,23,0
46a399693e102225e63dbc399f36a7e4,2014-03-09,2335209,1331,121,Kevin Kuranyi,starting_lineup,Centre-Forward,22,0
6888d1bfffcc5db8e665db6c1ba8c6e0,2014-03-09,2335209,3321,121,Luke Wilkshire,substitutes,Right-Back,23,0
c2626b802b403321076918129057e211,2013-11-02,2335212,1075,121,Andriy Voronin,starting_lineup,Second Striker,10,0
6fd9a4fb30685c16de7b06b7b42e5ba0,2013-11-02,2335212,3321,121,Luke Wilkshire,starting_lineup,Right-Back,23,0
9080ffd969e3ee6228d321f5de4f335e,2013-12-08,2335220,1331,121,Kevin Kuranyi,starting_lineup,Centre-Forward,22,0
f7e4e5174778320aeae1b76f02045ba0,2013-12-08,2335220,3321,121,Luke Wilkshire,starting_lineup,Right-Back,23,0
146873f7c33b3b53f24b4a4184f8e35a,2014-04-20,2335224,1331,121,Kevin Kuranyi,starting_lineup,Centre-Forward,22,0
65175a2e835af0233d21eb73ea3fd4cf,2014-04-20,2335224,3321,121,Luke Wilkshire,substitutes,Right-Back,23,0
2dc31922edb4ce8dad9833b57a282071,2014-04-14,2335239,1331,121,Kevin Kuranyi,starting_lineup,Centre-Forward,22,0
8f0347fee197e7ea18a81d7e4705416c,2014-04-14,2335239,3321,121,Luke Wilkshire,substitutes,Right-Back,23,0
0564dcbd0a321b8941acb61059413a9e,2014-04-06,2335245,1331,121,Kevin Kuranyi,starting_lineup,Centre-Forward,22,0
4e6701b48320ce66c0219d835b830ebf,2014-04-06,2335245,3321,121,Luke Wilkshire,substitutes,Right-Back,23,0
0e96ee0542d2ed4fe21c40a3753d39ed,2014-03-30,2335249,1331,121,Kevin Kuranyi,starting_lineup,Centre-Forward,22,0
e109ab509507560238cf075d70402443,2014-03-30,2335249,3321,121,Luke Wilkshire,substitutes,Right-Back,23,0
7effd3ab26ad6da8be892288bcadb691,2014-05-11,2335251,1075,121,Andriy Voronin,substitutes,Second Striker,10,0
ac640538dd84987582373ebf0aae97f5,2014-05-11,2335251,1331,121,Kevin Kuranyi,starting_lineup,Centre-Forward,22,0
74abad19982b6de7e98115097485922b,2014-03-15,2335262,1331,121,Kevin Kuranyi,starting_lineup,Centre-Forward,22,0
c67af27c9428deed15f36487f13c3e20,2014-03-15,2335262,3321,121,Luke Wilkshire,starting_lineup,Right-Back,23,0
60f942c7dd1db66f691896ece91a5524,2014-03-23,2335265,1331,121,Kevin Kuranyi,starting_lineup,Centre-Forward,22,0
1c89d80d28f8d218a57b0f5bb9b3e03d,2014-03-23,2335265,3321,121,Luke Wilkshire,starting_lineup,Right-Back,23,0
2b3f8cacdd189a25faf61f899e96f0bb,2014-05-02,2335270,1075,121,Andriy Voronin,substitutes,Second Striker,10,0
b10f31a69c97a9622b3db932eb5af4cf,2014-05-02,2335270,1331,121,Kevin Kuranyi,substitutes,Centre-Forward,22,0
1f907dcff2ba5dc57ef9a8ca8ccb4904,2014-05-02,2335270,3321,121,Luke Wilkshire,starting_lineup,Right-Back,23,0
4169242d9b309bdbbd9c7403a6c0026b,2014-04-27,2335288,1075,121,Andriy Voronin,substitutes,Second Striker,10,0
1e8b1faba54b10ce26aea4a6d0fe749e,2014-04-27,2335288,1331,121,Kevin Kuranyi,starting_lineup,Centre-Forward,22,0
7b4dc3cc32dd4895021ee55b567aae53,2014-04-27,2335288,3321,121,Luke Wilkshire,starting_lineup,Right-Back,23,0
ed35f72754bf716f15279dfe31bab7ef,2014-05-15,2335295,1075,121,Andriy Voronin,substitutes,Second Striker,10,0
8d7127f6801dd1867fa0e29e028a1f99,2014-05-15,2335295,3321,121,Luke Wilkshire,starting_lineup,Right-Back,23,0
0fdb51b19341edd7a7b1d9c200f6c67b,2014-02-08,2340342,2956,68608,Roland Linz,substitutes,Centre-Forward,29,0
37b2bbfd0c4b154c362e7888955fcbd6,2014-02-02,2340411,2956,68608,Roland Linz,starting_lineup,Centre-Forward,29,0
96f87c9ac2b7825b74b8954fc0f07efa,2014-01-19,2340437,2956,68608,Roland Linz,substitutes,Centre-Forward,29,0
905a2fbfd315d25e88d29c92c5e5da1e,2014-02-09,2341003,277,3368,Sérgio da Silva Pinto,substitutes,Central Midfield,18,0
0f224a0295795b2266cc42d2b01d4e6e,2014-02-09,2341003,2923,3368,Andreas Ivanschitz,starting_lineup,Left Midfield,21,0
eb6cfa87279d2be7e38edad526900313,2014-02-09,2341013,2623,368,Piotr Trochowski,substitutes,Central Midfield,15,0
4e689a268b0e8f86724d2ad05d5575d3,2014-01-26,2341020,215,1084,Roque Santa Cruz,starting_lineup,Centre-Forward,9,0
c1e40810210c4afd866ba3e2d129ae08,2014-01-25,2341027,2623,368,Piotr Trochowski,substitutes,Attacking Midfield,15,0
9c7b9d4ee4d880b8f9e08a02bb7ced87,2014-01-25,2341027,2923,3368,Andreas Ivanschitz,starting_lineup,Attacking Midfield,21,0
6479cddc354e852c783f1729c1d24bdb,2014-02-01,2341031,2923,3368,Andreas Ivanschitz,starting_lineup,Attacking Midfield,21,0
53e314d03d34beac17476ff525e12466,2014-01-17,2341038,215,1084,Roque Santa Cruz,starting_lineup,Centre-Forward,9,0
dd55586f433d58b7c04a334156da7892,2014-01-19,2341042,277,3368,Sérgio da Silva Pinto,substitutes,Central Midfield,18,0
4878dedb8b659855437b24a65af87bcc,2014-01-19,2341042,2923,3368,Andreas Ivanschitz,starting_lineup,Attacking Midfield,21,0
f3d79147b23b6e60abc420ed5c35aa20,2014-01-12,2341044,215,1084,Roque Santa Cruz,starting_lineup,Centre-Forward,9,0
bf00734fc993f8ac942c60c706b5ea89,2014-01-12,2341044,277,3368,Sérgio da Silva Pinto,starting_lineup,Central Midfield,18,0
94a732186184a2f045f4ea805fb221c4,2014-01-12,2341044,2923,3368,Andreas Ivanschitz,starting_lineup,Attacking Midfield,21,0
89ae2b43c96bfe8c66bd09a18fabbeef,2013-08-25,2341064,277,3368,Sérgio da Silva Pinto,starting_lineup,Defensive Midfield,18,0
3f97e665ef8609a931f69d2e49d8a4a4,2013-08-25,2341064,2923,3368,Andreas Ivanschitz,substitutes,Attacking Midfield,21,0
7b6c8e015bdeb1dda91d7686de3e0ae8,2013-08-30,2341066,277,3368,Sérgio da Silva Pinto,starting_lineup,Defensive Midfield,18,0
2edd83edf2d1d2fc9d8456af0b8c8957,2013-08-30,2341066,2923,3368,Andreas Ivanschitz,substitutes,Attacking Midfield,21,0
b45b37dd8c229d5e91313c06fb8710c1,2013-08-25,2341075,215,1084,Roque Santa Cruz,starting_lineup,Centre-Forward,9,0
1397ebe87d4f8bd0ff6abfb803d4c927,2013-09-01,2341078,215,1084,Roque Santa Cruz,starting_lineup,Centre-Forward,9,0
8382d3549237a5c3ffe99423a7163d87,2013-09-01,2341078,2623,368,Piotr Trochowski,substitutes,Attacking Midfield,15,0
097b150e02c289f033fe248c1a4cd079,2013-09-14,2341085,2623,368,Piotr Trochowski,substitutes,Defensive Midfield,15,0
d1c6adbecbe05ef523793c567bcbc76d,2014-03-09,2341089,2623,368,Piotr Trochowski,substitutes,Attacking Midfield,15,0
0bbb4158b2fb184ad0637b9c2b097da5,2013-09-21,2341092,277,3368,Sérgio da Silva Pinto,starting_lineup,Defensive Midfield,18,0
68aec0d8478ef458f9328d91ed38fd3b,2013-09-21,2341092,2233,3368,Christian Lell,starting_lineup,Right-Back,22,0
adcf2cfe2ac65bb33d738fb83e00755e,2013-09-21,2341092,2923,3368,Andreas Ivanschitz,starting_lineup,Attacking Midfield,21,0
57607537440f11ffa111476c3ba869a4,2014-03-09,2341093,277,3368,Sérgio da Silva Pinto,starting_lineup,Central Midfield,18,0
2bb7d7a8237425876a44e77f476bc5b1,2014-03-09,2341093,2923,3368,Andreas Ivanschitz,starting_lineup,Second Striker,21,0
a042732d4449d81f70bc9e2cdfb8729b,2014-02-21,2341095,2923,3368,Andreas Ivanschitz,starting_lineup,Attacking Midfield,21,0
76e3cfdea08f91e3f27da3ec29018ed2,2013-09-14,2341100,277,3368,Sérgio da Silva Pinto,starting_lineup,Attacking Midfield,18,0
fbac3d1b25abd221d59e3dba603d15f7,2013-09-14,2341100,2923,3368,Andreas Ivanschitz,substitutes,Attacking Midfield,21,0
34df1f773bb58d2275a8439a7a04e977,2014-02-23,2341109,2623,368,Piotr Trochowski,substitutes,Attacking Midfield,15,0
bd4769e59efd702de590ca3de8396432,2014-03-01,2341110,277,3368,Sérgio da Silva Pinto,substitutes,Central Midfield,18,0
3f91ca8e93dce29c4f872b519b299007,2014-03-01,2341110,2923,3368,Andreas Ivanschitz,starting_lineup,Attacking Midfield,21,0
0bdb4c870db5e94ea0b663e6dd622592,2014-03-02,2341111,2623,368,Piotr Trochowski,starting_lineup,Central Midfield,15,0
8e4115ba1d2843943809cdae42ff6466,2014-03-10,2341112,215,1084,Roque Santa Cruz,starting_lineup,Centre-Forward,9,0
7c95f4d274fe58b832407cf4c2566531,2014-03-01,2341114,215,1084,Roque Santa Cruz,starting_lineup,Centre-Forward,9,0
6774d2a1fd81e58ef1d44d21c0adf3f0,2014-02-17,2341121,215,1084,Roque Santa Cruz,substitutes,Centre-Forward,9,0
6d43909dc39065262d0b5a7936ed7a1e,2014-02-22,2341127,215,1084,Roque Santa Cruz,starting_lineup,Centre-Forward,9,0
c43c407897188e1d5361c1cb90c2d3de,2013-10-26,2341134,215,1084,Roque Santa Cruz,starting_lineup,Centre-Forward,9,0
3aeb649b8b69f302e621c044ff315ab7,2013-10-21,2341144,277,3368,Sérgio da Silva Pinto,substitutes,Central Midfield,18,0
b1c142a343915f672dd0718e5243a63d,2013-10-21,2341144,2923,3368,Andreas Ivanschitz,starting_lineup,Left Midfield,21,0
a6203c10af5ea6a2735b2ac0b3354659,2013-10-19,2341153,215,1084,Roque Santa Cruz,substitutes,Centre-Forward,9,0
dec609fb7412b59eb4f2493c3bcce041,2013-10-26,2341156,277,3368,Sérgio da Silva Pinto,substitutes,Central Midfield,18,0
ae32e101ced50bd9fc06f3f7292b00c7,2013-10-26,2341156,2923,3368,Andreas Ivanschitz,substitutes,Attacking Midfield,21,0
2aa965fce65acabe4ffab894827ce3b1,2013-10-31,2341157,277,3368,Sérgio da Silva Pinto,substitutes,Central Midfield,18,0
d5015b9521ef92b8488895659e7a8ef4,2013-10-31,2341157,2233,3368,Christian Lell,substitutes,Right-Back,22,0
b6f00e4ea72be24123c1b10b91ce2986,2013-10-31,2341157,2923,3368,Andreas Ivanschitz,starting_lineup,Attacking Midfield,21,0
a21be3e158a3d97a4aee9d7f1e691f7d,2013-10-29,2341164,215,1084,Roque Santa Cruz,starting_lineup,Centre-Forward,9,0
5c0a10f21e40ceb60d78e788de7d6d68,2013-09-28,2341167,2623,368,Piotr Trochowski,starting_lineup,Left Midfield,15,0
28884639715f584cf8398fe544d5a0e8,2013-09-29,2341173,277,3368,Sérgio da Silva Pinto,substitutes,Central Midfield,18,0
c27a96e9a7a246288c2b13f7d865d77e,2013-09-29,2341173,2233,3368,Christian Lell,starting_lineup,Right Midfield,22,0
d19970d63f6b3156c2baa6b52b38b5ed,2013-09-29,2341173,2923,3368,Andreas Ivanschitz,substitutes,Attacking Midfield,21,0
051b8179146e12eb6a1c0b5b7d427173,2013-10-05,2341174,277,3368,Sérgio da Silva Pinto,substitutes,Central Midfield,18,0
4633aa8f356f82b6b8df4a96f12233bc,2013-10-05,2341174,2923,3368,Andreas Ivanschitz,starting_lineup,Attacking Midfield,21,0
8009431ec75a245d0036c0c770dc674a,2013-10-06,2341176,2623,368,Piotr Trochowski,substitutes,Attacking Midfield,15,0
e22f7a071f88f74605b589e1b44ba9c2,2013-09-27,2341184,215,1084,Roque Santa Cruz,starting_lineup,Centre-Forward,9,0
1e029b7cd0e21c677fe3806477962490,2013-10-04,2341186,215,1084,Roque Santa Cruz,starting_lineup,Centre-Forward,9,0
06a0d3dccd542367df7297d5a6bd48f4,2014-01-05,2341187,2623,368,Piotr Trochowski,substitutes,Attacking Midfield,15,0
47b2c90dbe397a3520fe3017ddcb94f2,2013-09-25,2341190,2623,368,Piotr Trochowski,substitutes,Left Midfield,15,0
429747e78908bd0e8b4cbc785c8a6f59,2013-09-21,2341194,215,1084,Roque Santa Cruz,substitutes,Centre-Forward,9,0
d19d9fb53d25b1852d8716275d3e39f7,2013-09-24,2341195,215,1084,Roque Santa Cruz,substitutes,Centre-Forward,9,0
587c215fe9f2b22a1461ad061cc26373,2013-12-21,2341196,277,3368,Sérgio da Silva Pinto,substitutes,Central Midfield,18,0
dc798ca0e46bc2296ee8239abf4122c9,2013-12-21,2341196,2923,3368,Andreas Ivanschitz,starting_lineup,Attacking Midfield,21,0
1f6cfceb1e6c68c6f57bbec58269db02,2013-12-13,2341197,277,3368,Sérgio da Silva Pinto,starting_lineup,Attacking Midfield,18,0
d3f96a61d1d5b16522acca414fa2acb2,2013-12-13,2341197,2923,3368,Andreas Ivanschitz,substitutes,Attacking Midfield,21,0
34d6ce0e5756db4b8f50e76f4bfaec93,2014-01-04,2341200,2923,3368,Andreas Ivanschitz,starting_lineup,Attacking Midfield,21,0
19e6e990f803d38b1dafbafdb3c8d482,2014-01-04,2341201,215,1084,Roque Santa Cruz,substitutes,Centre-Forward,9,0
f3717d70f34b0ef65eaae489fbc5e96a,2013-12-20,2341205,215,1084,Roque Santa Cruz,substitutes,Centre-Forward,9,0
5b5e27b30593132aa140b7fe0003f224,2013-09-24,2341207,277,3368,Sérgio da Silva Pinto,starting_lineup,Defensive Midfield,18,0
5ad6071d02dcc51bae13e5dce4ce4be0,2013-09-24,2341207,2233,3368,Christian Lell,starting_lineup,Right-Back,22,0
785226090da807895690be54ad4d8367,2013-09-24,2341207,2923,3368,Andreas Ivanschitz,starting_lineup,Attacking Midfield,21,0
ea51ccf658f1162f6fa265178856a290,2013-11-29,2341235,277,3368,Sérgio da Silva Pinto,substitutes,Central Midfield,18,0
9f45f26f4180f81b94f9cd6e770cd7a6,2013-12-14,2341236,215,1084,Roque Santa Cruz,substitutes,Centre-Forward,9,0
00b71a35bb00ff357852842eabdfc025,2013-11-03,2341238,277,3368,Sérgio da Silva Pinto,substitutes,Central Midfield,18,0
b299844f2c7beba30beee55007cf9755,2013-11-03,2341238,2233,3368,Christian Lell,starting_lineup,Right-Back,22,0
957b33bc51bfb4428c9ce225a15f5a01,2013-11-03,2341238,2923,3368,Andreas Ivanschitz,substitutes,Attacking Midfield,21,0
ef80ec02ce056b99c55319afa6db54ed,2013-11-03,2341242,215,1084,Roque Santa Cruz,starting_lineup,Centre-Forward,9,0
af418d678664992542783d45cef5cb2b,2013-11-02,2341243,2623,368,Piotr Trochowski,substitutes,Attacking Midfield,15,0
a257323c1c5015c14223de17af73b6d4,2013-11-09,2341244,277,3368,Sérgio da Silva Pinto,substitutes,Central Midfield,18,0
78aa170d4e8f52d0953802ddafb9abbb,2013-11-09,2341244,2923,3368,Andreas Ivanschitz,starting_lineup,Left Midfield,21,0
f199124b4e9a89ed14ee32c65e8bfcd4,2014-05-16,2341264,215,1084,Roque Santa Cruz,substitutes,Centre-Forward,9,0
3378e9e06c2caabb6d0ad56e28310afa,2014-05-16,2341264,277,3368,Sérgio da Silva Pinto,starting_lineup,Right Midfield,18,0
7f2dc520e631c517181d8ccec5a510e7,2014-05-16,2341264,2923,3368,Andreas Ivanschitz,substitutes,Attacking Midfield,21,0
48118cc4c5d60fe597496d8d9aacca4a,2014-04-06,2341271,2623,368,Piotr Trochowski,starting_lineup,Left Midfield,15,0
3f88c1347d096d7f8fd45a7f2cd4c556,2014-03-25,2341278,215,1084,Roque Santa Cruz,starting_lineup,Centre-Forward,9,0
3268da66f25e6923e3f85058c04ba966,2014-05-18,2341283,2623,368,Piotr Trochowski,starting_lineup,Central Midfield,15,0
fb994b9222a5764a8254df4bb9cd8b25,2014-04-07,2341288,277,3368,Sérgio da Silva Pinto,substitutes,Central Midfield,18,0
741bc3599ae6731fec19b30aa0ce71a0,2013-11-24,2341289,277,3368,Sérgio da Silva Pinto,substitutes,Central Midfield,18,0
8e9e1c9b412fdd329b9190ef8651e471,2013-11-24,2341289,2233,3368,Christian Lell,starting_lineup,Right-Back,22,0
1f0b5d6d0a1595dd65ea2307a74447d1,2013-11-24,2341289,2923,3368,Andreas Ivanschitz,starting_lineup,Attacking Midfield,21,0
cd748579fbde947c6100c4eecf060442,2014-03-23,2341290,2623,368,Piotr Trochowski,starting_lineup,Attacking Midfield,15,0
a3487e3677c7a1171f4846700e7e791e,2014-03-31,2341294,215,1084,Roque Santa Cruz,starting_lineup,Centre-Forward,9,0
766d052751b5bc04030cd90c215be3d7,2014-04-13,2341295,2623,368,Piotr Trochowski,starting_lineup,Right Midfield,15,0
e68115c9554ad0f4654aa0cd24af2e05,2014-03-21,2341299,215,1084,Roque Santa Cruz,starting_lineup,Centre-Forward,9,0
9c0d9aa052abdb79410cba4b77a1a350,2014-04-06,2341303,215,1084,Roque Santa Cruz,starting_lineup,Centre-Forward,9,0
93a7e943f5c0b88f8ff89193cbf2a696,2014-03-22,2341306,2923,3368,Andreas Ivanschitz,starting_lineup,Attacking Midfield,21,0
ae45767d9b6a517f6e1855203c81bb12,2014-03-29,2341310,2623,368,Piotr Trochowski,starting_lineup,Central Midfield,15,0
c9590e7c1806ad6fc6024b7374c9cc1c,2014-03-31,2341313,277,3368,Sérgio da Silva Pinto,substitutes,Central Midfield,18,0
0150ea175294534ec4242db1549cf1fd,2014-03-31,2341313,2923,3368,Andreas Ivanschitz,starting_lineup,Attacking Midfield,21,0
9f2ec9a7dfd500e189e6c7e0f22452e8,2014-04-21,2341324,215,1084,Roque Santa Cruz,starting_lineup,Centre-Forward,9,0
cbf54ef02c8f19948f56348ac99e1496,2014-03-15,2341327,215,1084,Roque Santa Cruz,starting_lineup,Centre-Forward,9,0
ae1f5645921953b46c15641784f72e62,2014-04-27,2341333,2623,368,Piotr Trochowski,starting_lineup,Left Midfield,15,0
25a7399fcceae919f1f0c9d6b34348c9,2014-04-14,2341335,215,1084,Roque Santa Cruz,starting_lineup,Centre-Forward,9,0
e5bb69f9a5060c60d3015ca407f55883,2014-05-11,2341341,215,1084,Roque Santa Cruz,starting_lineup,Centre-Forward,9,0
caf2d815d0920214a13da09d4bd00aec,2014-05-11,2341346,2623,368,Piotr Trochowski,starting_lineup,Attacking Midfield,15,0
199ec640b5942aa9a2aadb23db1dea6d,2014-04-26,2341348,215,1084,Roque Santa Cruz,starting_lineup,Centre-Forward,9,0
0c4e9514c4ecf54350dd5d907b226551,2014-03-15,2341352,277,3368,Sérgio da Silva Pinto,substitutes,Central Midfield,18,0
fe2627e92f9e9a3bcc58defc51ce122f,2014-03-15,2341352,2923,3368,Andreas Ivanschitz,starting_lineup,Attacking Midfield,21,0
1280d28c70fc7f57cc053ed857e853c2,2014-04-20,2341353,2623,368,Piotr Trochowski,substitutes,Attacking Midfield,15,0
77b6315a61b86fc6646870e59f19f455,2014-05-10,2341356,277,3368,Sérgio da Silva Pinto,substitutes,Central Midfield,18,0
d4379f62e3ad250d51bdcfd8af81d371,2014-05-10,2341356,2923,3368,Andreas Ivanschitz,substitutes,Attacking Midfield,21,0
133cf7592289f03abb0fa34c9054f4c5,2014-05-04,2341364,277,3368,Sérgio da Silva Pinto,substitutes,Central Midfield,18,0
0058a269afccc644533c040feee589c4,2014-05-04,2341364,2923,3368,Andreas Ivanschitz,substitutes,Attacking Midfield,21,0
e61adf43f6e8e32471818057312e2e70,2014-05-03,2341366,215,1084,Roque Santa Cruz,starting_lineup,Centre-Forward,9,0
37882f211dce399d5af72fc93c33e157,2013-08-23,2342298,1443,610,Christian Poulsen,starting_lineup,Defensive Midfield,5,0
c103684b74553736dd1d7c05a695a077,2013-08-18,2342301,1443,610,Christian Poulsen,starting_lineup,Defensive Midfield,5,0
6ce339719605d34b98540339151e048f,2013-09-01,2342306,1443,610,Christian Poulsen,starting_lineup,Defensive Midfield,5,0
95ae375c821bb5aed64a998788aaba9a,2013-10-05,2342322,3170,1304,Simon Cziommer,substitutes,Defensive Midfield,21,0
b7081d20d06a4af3d16123a48f5c8ba2,2013-10-05,2342322,3395,132,Gábor Babos,substitutes,Goalkeeper,21,0
6b86cd231dc724cb3a859e17c1adde75,2013-10-06,2342328,1443,610,Christian Poulsen,starting_lineup,Defensive Midfield,5,0
b1f6b210b7ed473a59f0845e7504967a,2013-09-28,2342331,3170,1304,Simon Cziommer,substitutes,Central Midfield,21,0
416fc6e545db09c9c747f85f62280ee1,2013-09-21,2342340,3170,1304,Simon Cziommer,substitutes,Central Midfield,21,0
036f6a770deba0797a83effb3db7e5a2,2013-10-27,2342355,3170,1304,Simon Cziommer,substitutes,Defensive Midfield,21,0
ffd5207814f500adafaa1cfaca79b8e2,2013-12-04,2342367,3170,1304,Simon Cziommer,substitutes,Defensive Midfield,21,0
0bb7340746c4a1b287572926a5b7f2d5,2013-11-02,2342368,1443,610,Christian Poulsen,starting_lineup,Defensive Midfield,5,0
8d369b0a8a99b1afee81b236af9bf5f7,2013-11-10,2342383,1443,610,Christian Poulsen,substitutes,Defensive Midfield,5,0
b63d84937b5da03ce8d56d8f98f3f75d,2013-11-30,2342385,3170,1304,Simon Cziommer,substitutes,Central Midfield,21,0
1864a10ffea585bc9c31ec02bc4ddc7c,2013-12-07,2342392,1443,610,Christian Poulsen,substitutes,Defensive Midfield,5,0
2b0174942988dadce5f68d661387e99e,2013-12-07,2342392,3395,132,Gábor Babos,substitutes,Goalkeeper,21,0
7fbf80cdbf5feb440ae75560d7e5f78a,2013-12-15,2342393,1443,610,Christian Poulsen,substitutes,Right-Back,5,0
64edf0cbc388d88ce7f89a81b8aca2e0,2013-12-15,2342394,3170,1304,Simon Cziommer,starting_lineup,Central Midfield,21,0
0444c01145f7003317825a75afb0d381,2013-12-21,2342395,3170,1304,Simon Cziommer,starting_lineup,Central Midfield,21,0
fe3cdbbca7630dba553edb65a571e39f,2013-12-22,2342396,1443,610,Christian Poulsen,starting_lineup,Defensive Midfield,5,0
d961d2bb10a910569dbc022c50a617f7,2013-12-08,2342410,3170,1304,Simon Cziommer,starting_lineup,Defensive Midfield,21,0
0ef6d2f320f4102cfe3d9aadfd7204ea,2014-01-17,2342414,3170,1304,Simon Cziommer,starting_lineup,Defensive Midfield,21,0
a47486e40f029ad0eaf86fd639fd9d62,2013-09-28,2342427,1443,610,Christian Poulsen,starting_lineup,Defensive Midfield,5,0
8d5f8e18b389c8e507e5159e4a1cc608,2013-12-01,2342429,1443,610,Christian Poulsen,substitutes,Defensive Midfield,5,0
2bbdfe1a0b98ae03bdb8e19a8b4bda02,2014-01-19,2342430,1443,610,Christian Poulsen,substitutes,Defensive Midfield,5,0
5c439b464f84cdbc2f73dc3daf3c5267,2014-02-04,2342434,3170,1304,Simon Cziommer,starting_lineup,Defensive Midfield,21,0
d5fd7b0941eefe85bebdfc60023da227,2014-02-09,2342440,3170,1304,Simon Cziommer,starting_lineup,Central Midfield,21,0
814617bbf808a59ae632de76a5755b41,2014-02-16,2342446,1443,610,Christian Poulsen,substitutes,Defensive Midfield,5,0
0dcadafa728183563d2894cda2c42246,2013-09-14,2342447,3170,1304,Simon Cziommer,substitutes,Central Midfield,21,0
28c295ea890e0a8d2107f23420a1db0d,2014-01-26,2342450,1443,610,Christian Poulsen,substitutes,Defensive Midfield,5,0
28b41cf027aab75cbdf5f0e5b5d021e7,2014-02-02,2342452,1443,610,Christian Poulsen,substitutes,Defensive Midfield,5,0
2ff6619b8e486a25ec8b9763fb9bc8d7,2014-01-24,2342453,3170,1304,Simon Cziommer,starting_lineup,Central Midfield,21,0
a6e59df04fd572766e878b0a738772dd,2014-02-06,2342455,1443,610,Christian Poulsen,substitutes,Defensive Midfield,5,0
38027a5646705e2804ba7b3fad9e12e9,2013-11-23,2342468,1443,610,Christian Poulsen,substitutes,Defensive Midfield,5,0
3aa2db3b756c255d5a54bcc0710c8b05,2013-11-23,2342468,3170,1304,Simon Cziommer,substitutes,Central Midfield,21,0
660f9961a68d36936438e227d0c415b5,2014-02-14,2342469,3170,1304,Simon Cziommer,starting_lineup,Central Midfield,21,0
34d1306e0cf9fb089789f993c2e4903b,2014-03-30,2342475,1443,610,Christian Poulsen,substitutes,Defensive Midfield,5,0
5ea061ae8ba5f8d6f1c40812ca120acf,2014-04-02,2342477,3170,1304,Simon Cziommer,substitutes,Central Midfield,21,0
38380f1230a20df1d3e507408ec28818,2014-03-02,2342487,1443,610,Christian Poulsen,starting_lineup,Defensive Midfield,5,0
02380ae887ecf8bb48efe47a63496c6f,2014-02-23,2342492,1443,610,Christian Poulsen,starting_lineup,Defensive Midfield,5,0
c2f7107b97f09c58d3262c9da6260172,2014-02-28,2342493,3170,1304,Simon Cziommer,starting_lineup,Central Midfield,21,0
d424fafc2438e9d847a53ad4fcfbfcfb,2014-03-08,2342495,3170,1304,Simon Cziommer,starting_lineup,Central Midfield,21,0
17194eddbb58ac63cc44eb7bc5ac6bb6,2014-04-02,2342505,1443,610,Christian Poulsen,starting_lineup,Defensive Midfield,5,0
37ce36a93777d5737a83adc618fda0d9,2014-03-16,2342515,1443,610,Christian Poulsen,starting_lineup,Defensive Midfield,5,0
b75926f334fe6df22be43dc81f0399a9,2014-03-16,2342515,3395,132,Gábor Babos,substitutes,Goalkeeper,21,0
8438732c2c242a0e96b190c8227a0812,2013-10-20,2342516,3170,1304,Simon Cziommer,substitutes,Central Midfield,21,0
6dc1b8865f4b67c57a30b66979523ebd,2014-02-22,2342519,3170,1304,Simon Cziommer,starting_lineup,Defensive Midfield,21,0
dcd17a5825fe19dace29affc78a46c1c,2014-03-09,2342521,1443,610,Christian Poulsen,substitutes,Defensive Midfield,5,0
d72c16b48439eb5517aad9ced7a20652,2014-03-15,2342522,3170,1304,Simon Cziommer,starting_lineup,Central Midfield,21,0
66bdb4b7bdfa7bd0ef3227a91a0459df,2014-02-01,2342523,3170,1304,Simon Cziommer,starting_lineup,Defensive Midfield,21,0
ee9f8ecffc40bcccad292fdb5cb086c6,2014-02-01,2342523,3395,132,Gábor Babos,substitutes,Goalkeeper,21,0
2a611ca5eadcdef569dd75b86e80788d,2014-04-13,2342539,1443,610,Christian Poulsen,starting_lineup,Defensive Midfield,5,0
dcc1fba6ce05baea98f8dd255d7d82ce,2014-04-13,2342542,3170,1304,Simon Cziommer,starting_lineup,Defensive Midfield,21,0
62c5f0bbd917fe7fb19cc4caf051c304,2014-05-03,2342550,1443,610,Christian Poulsen,starting_lineup,Defensive Midfield,5,0
6a124ac3b5e7dbb36c021b2f2b9f1914,2014-05-03,2342552,3170,1304,Simon Cziommer,starting_lineup,Central Midfield,21,0
4fb5980fe6b11657aa007844b100f98a,2013-08-02,2342571,1443,610,Christian Poulsen,starting_lineup,Defensive Midfield,5,0
8f27c21145f8302f399de2947e2608b6,2013-08-11,2342586,1443,610,Christian Poulsen,substitutes,Defensive Midfield,5,0
2f715ec9d7a322f0e407f26223bc7f45,2014-02-01,2342587,1726,41,Heiko Westermann,starting_lineup,Centre-Back,4,0
b8105bb1ce42e5de51f3b64dc1c585ea,2013-07-18,2345065,3322,903,Ben Williams,starting_lineup,Goalkeeper,1,0
044b04eba3bbbc1c2e71f1497833732c,2013-07-25,2345092,3322,903,Ben Williams,starting_lineup,Goalkeeper,1,0
46c6e809f44463628de3308d81634676,2013-08-03,2345730,3269,370,Calvin Zola,starting_lineup,Centre-Forward,7,0
c806a923688e94087e36f09f844b63da,2013-08-03,2345730,3310,370,Nicky Weaver,substitutes,Goalkeeper,20,0
99b0c4cd71afa77385cdb3dec80bdeee,2013-08-11,2345735,3269,370,Calvin Zola,starting_lineup,Centre-Forward,7,0
a1c6a11a8d55bbc69cae25224308cb4f,2013-08-11,2345735,3310,370,Nicky Weaver,substitutes,Goalkeeper,20,0
5558fa8f4fe6ac04e4125e816223f3d0,2013-08-17,2346007,2148,2293,Erdal Kilicaslan,starting_lineup,Left Winger,11,1
694f6b9d74ab96f49e7bfaee299ed136,2013-08-17,2346007,3270,36,Joseph Yobo,starting_lineup,Centre-Back,6,0
e413f8f48851129d596f289665bd746f,2013-08-18,2346009,1896,19771,Ahmet Cebe,starting_lineup,Right Midfield,20,0
8b0702c7409cde85041827d6b1bc91ba,2013-08-17,2346011,3132,126,Florin Cernat,starting_lineup,Attacking Midfield,10,1
663b74574e3ffb13313042fedd141b3b,2013-08-16,2346013,933,589,Uğur İnceman,starting_lineup,Central Midfield,8,1
8c2d3d41a03f9ede936e01e0a19cb89f,2013-08-16,2346013,3216,589,Milan Baros,substitutes,Centre-Forward,27,0
3a8dbf3aadaab95006d2aa18176f9396,2013-08-19,2346014,1792,141,Hamit Altıntop,starting_lineup,Right Midfield,4,0
ecebab2957f6fe3a45d31a7a8cd74c6e,2013-08-19,2346014,3059,524,Ekrem Dağ,substitutes,Right-Back,14,0
17daaee3b8bc21b967188802f6a016da,2013-08-24,2346016,2587,10484,Elyasa Süme,substitutes,Right-Back,49,0
313e67b65a3e9478d734fbf8b6e19ced,2013-08-24,2346017,933,589,Uğur İnceman,starting_lineup,Central Midfield,8,1
96f5fa975ba26f1c2983a4b5d874aaf7,2013-08-24,2346017,3059,524,Ekrem Dağ,starting_lineup,Right-Back,14,0
163428ab33de06f3173940c32cc0ad76,2013-08-24,2346017,3216,589,Milan Baros,starting_lineup,Centre-Forward,27,0
1038f6e38986683c9fcf536b0784ffc6,2013-08-25,2346021,2148,2293,Erdal Kilicaslan,starting_lineup,Left Winger,11,1
e2fda36ea867e5b5752814f4f1948d53,2013-08-23,2346023,1896,19771,Ahmet Cebe,starting_lineup,Right Midfield,20,0
d7ce809d088e7eb28dcdd45d0f0aa55f,2013-08-25,2346024,1792,141,Hamit Altıntop,starting_lineup,Right Midfield,4,0
b1b0fe8fafdb3a2b15dc839b0edc401a,2013-09-01,2346027,3132,126,Florin Cernat,starting_lineup,Attacking Midfield,10,1
e8d052438bea1445757b5b82f2dff9de,2013-08-30,2346028,2148,2293,Erdal Kilicaslan,starting_lineup,Left Winger,11,1
8c6bc19c1efbac950926f72806d22429,2013-08-30,2346028,2587,10484,Elyasa Süme,starting_lineup,Right-Back,49,0
4665cb9cbf594ac962978694015e545c,2013-08-31,2346031,933,589,Uğur İnceman,starting_lineup,Central Midfield,8,1
1cafb1e92c70137327e2be1a9b5af8f0,2013-08-31,2346031,3216,589,Milan Baros,starting_lineup,Centre-Forward,27,0
c3b2d91bf33b45996cb2896ed8cf9ae7,2013-09-01,2346033,3059,524,Ekrem Dağ,starting_lineup,Right Winger,14,0
21c1093e972a45d1c230156499a9df16,2013-09-15,2346035,2148,2293,Erdal Kilicaslan,starting_lineup,Left Winger,11,1
5aa49fa7d6c0d0b33ddaa53c64eb21ae,2013-09-13,2346036,755,589,Deniz Barış,substitutes,Centre-Back,24,0
f38fb176f2ae5b37df269a7464691ec6,2013-09-13,2346036,933,589,Uğur İnceman,substitutes,Central Midfield,8,0
d828ffc49bee5711859c3322ebdc6f2b,2013-09-13,2346036,3216,589,Milan Baros,starting_lineup,Centre-Forward,27,0
532ba0fb74bd4ef655dbeed824c8cc9b,2013-09-16,2346039,2587,10484,Elyasa Süme,substitutes,Right-Back,49,0
8e2e7642a62e18e61ca4987548657223,2013-09-21,2346043,2148,2293,Erdal Kilicaslan,starting_lineup,Right Winger,11,1
83983cc7c2bd3a781f6b92972fa4218e,2013-09-21,2346044,2587,10484,Elyasa Süme,starting_lineup,Right-Back,49,0
8745b4f3b859f8ec0126ef290a63f34e,2013-09-21,2346046,755,589,Deniz Barış,starting_lineup,Centre-Back,24,1
78f860adde44a37ae84d74c59b22c55e,2013-09-21,2346046,933,589,Uğur İnceman,substitutes,Central Midfield,8,0
04dd61850860438eafaafb219b12c157,2013-09-21,2346046,3216,589,Milan Baros,substitutes,Centre-Forward,27,0
fe93b980627d8dab93f83bf2bb82e319,2013-09-20,2346049,1896,19771,Ahmet Cebe,starting_lineup,Right Midfield,20,0
ced45e23b7bd96ba1cd78619bd4764cf,2013-09-20,2346049,3059,524,Ekrem Dağ,substitutes,Right Midfield,14,0
4f6f3709b7d8a0abff4d51fed083c257,2013-09-22,2346050,3132,126,Florin Cernat,starting_lineup,Attacking Midfield,10,1
a4ebfaf9d4b40a23bd1bef21ba43fb4f,2013-09-29,2346053,2587,10484,Elyasa Süme,starting_lineup,Right-Back,49,0
017a11c60f80b1c3e8d6485f800ebd60,2013-09-27,2346054,1896,19771,Ahmet Cebe,starting_lineup,Right Midfield,20,0
64933505b8b19a1794a6279231eba3a3,2013-09-29,2346056,2148,2293,Erdal Kilicaslan,starting_lineup,Left Winger,11,1
af500dfddc6a277d4250d61a4df3c499,2013-09-30,2346058,933,589,Uğur İnceman,starting_lineup,Central Midfield,8,1
7dbee2cd5f62a40bb940c2eb97598d3e,2013-09-30,2346058,3216,589,Milan Baros,substitutes,Centre-Forward,27,0
30f00815473635682eb121429a73bd9c,2013-09-28,2346059,3132,126,Florin Cernat,starting_lineup,Attacking Midfield,10,1
418cd71580ef009e04b10c9ecfa97286,2013-09-28,2346060,3059,524,Ekrem Dağ,starting_lineup,Right-Back,14,0
55006ede330a954bb39b32ed20eac79c,2013-10-05,2346061,2148,2293,Erdal Kilicaslan,starting_lineup,Left Winger,11,1
05360ca17fa4bce4a0c1592e2a11f694,2013-10-06,2346062,1896,19771,Ahmet Cebe,starting_lineup,Right-Back,20,0
99c8f8a730027cf92ef1156cd5f59318,2013-10-06,2346063,2587,10484,Elyasa Süme,starting_lineup,Right-Back,49,0
e0f8d133de8f14cbbd5f3d9716a295e0,2013-10-05,2346064,3059,524,Ekrem Dağ,starting_lineup,Right-Back,14,0
3ad0df707061f60081102d648e3731c5,2013-10-06,2346066,933,589,Uğur İnceman,starting_lineup,Central Midfield,8,1
1818a917bb336363a6c14286b2cd4c25,2013-10-06,2346066,3132,126,Florin Cernat,starting_lineup,Attacking Midfield,10,1
3dc3c59f711008d29fabab5f06355b29,2013-10-06,2346066,3216,589,Milan Baros,substitutes,Centre-Forward,27,0
d5fd771f7f0b4c7bdd65ffbf3984014d,2013-10-19,2346074,2587,10484,Elyasa Süme,starting_lineup,Right-Back,49,0
07a29dc557ad3d096bb0c3909086b5b3,2013-10-21,2346076,3132,126,Florin Cernat,starting_lineup,Attacking Midfield,10,1
1f717ef77b622e6159c071f816c78f6b,2013-10-20,2346077,755,589,Deniz Barış,substitutes,Centre-Back,24,0
12cfb51a6e9320447fcbe1bafb0a6187,2013-10-20,2346077,933,589,Uğur İnceman,starting_lineup,Central Midfield,8,1
908c870bd061ae02aaad3bec21ee78c7,2013-10-20,2346077,1896,19771,Ahmet Cebe,starting_lineup,Right Midfield,20,0
f8e7c88e0112b104686d44d1cf692fd1,2013-10-20,2346077,3216,589,Milan Baros,substitutes,Centre-Forward,27,0
a5e5c1004f6b6de82b1225ad661505e4,2013-10-20,2346078,2148,2293,Erdal Kilicaslan,starting_lineup,Left Winger,11,0
0edd10eaec0608d7f94121fb6ed322f0,2013-10-20,2346078,3059,524,Ekrem Dağ,starting_lineup,Right-Back,14,0
d59e6b82109e9a3518ed17106bd8401e,2013-10-26,2346079,755,589,Deniz Barış,substitutes,Centre-Back,24,0
d66574970bf03e7576f2a6d296eafb31,2013-10-26,2346079,933,589,Uğur İnceman,starting_lineup,Central Midfield,8,1
55b7be6ae1f3823dfc45102b43b2b506,2013-10-26,2346079,3216,589,Milan Baros,substitutes,Centre-Forward,27,0
ea70fb050e6ca9bc306926ba67b99864,2013-10-25,2346081,3059,524,Ekrem Dağ,starting_lineup,Right-Back,14,0
63eba9c331ddcadef5f6cd9f19437778,2013-10-27,2346082,2148,2293,Erdal Kilicaslan,starting_lineup,Left Winger,11,0
0a57ce092e5e287bd51e147e35b6f162,2013-10-26,2346084,1896,19771,Ahmet Cebe,starting_lineup,Right Midfield,20,0
be98a5d7dbfacc3418ce7d1069b09a95,2013-10-28,2346085,2587,10484,Elyasa Süme,starting_lineup,Right-Back,49,0
ea93cf04f79d71665736b6b12750eb4c,2013-11-04,2346088,755,589,Deniz Barış,starting_lineup,Centre-Back,24,0
6f18d0167bf123efd26142a72b59eb04,2013-11-04,2346088,933,589,Uğur İnceman,starting_lineup,Central Midfield,8,1
229203ffcd6813dc315d3d8f4001c3f0,2013-11-04,2346088,3216,589,Milan Baros,substitutes,Centre-Forward,27,0
3606843da5cf6a795db59c35edf3049e,2013-11-04,2346089,3059,524,Ekrem Dağ,starting_lineup,Left-Back,14,0
807105e9e2d70e1b996706c94f576183,2013-11-02,2346091,2587,10484,Elyasa Süme,starting_lineup,Right-Back,49,0
4ae7eaacf49d3e7d3311750a7fb62567,2013-11-03,2346094,1896,19771,Ahmet Cebe,starting_lineup,Right-Back,20,0
fbba8d0f9760c06161a9e73207dd8f97,2013-11-03,2346094,3132,126,Florin Cernat,starting_lineup,Attacking Midfield,10,1
40c2f16263d8a80c8d763315a1aef7f6,2013-11-09,2346098,2587,10484,Elyasa Süme,starting_lineup,Right-Back,49,0
cd02dca034ce8c1a9e72279da04d9f26,2013-11-09,2346098,3059,524,Ekrem Dağ,starting_lineup,Right-Back,14,0
c8b4ca64a4f0b129aad59110bc021bd0,2013-11-08,2346099,1896,19771,Ahmet Cebe,starting_lineup,Right-Back,20,0
8582b0ff8b7863af188fae7cc03d9a66,2013-11-10,2346100,755,589,Deniz Barış,starting_lineup,Centre-Back,24,0
55a654e07c80a6c85b2098cd00a0ceb6,2013-11-10,2346100,933,589,Uğur İnceman,starting_lineup,Central Midfield,8,1
85870f3ddca4c07769f420fb12bcb88d,2013-11-10,2346100,2148,2293,Erdal Kilicaslan,substitutes,Left Winger,11,0
97fb0ba32e524d95818d65c28d67f783,2013-11-10,2346100,3216,589,Milan Baros,substitutes,Centre-Forward,27,0
89709aafe30b8f974de7b343395b204a,2013-11-24,2346107,755,589,Deniz Barış,substitutes,Defensive Midfield,24,0
8ef90e406094f5c7ac0c959eaabc9d80,2013-11-24,2346107,933,589,Uğur İnceman,starting_lineup,Central Midfield,8,1
a9077fd1b4b6ad99102073593eecfacd,2013-11-23,2346109,2587,10484,Elyasa Süme,starting_lineup,Right-Back,49,0
702071aa5e58668ac903ef420bd81030,2013-11-25,2346112,1896,19771,Ahmet Cebe,starting_lineup,Right-Back,20,0
b0edd1a9e6f7420b2d3be805f309f761,2013-12-02,2346115,2148,2293,Erdal Kilicaslan,starting_lineup,Left Winger,11,0
cc808fe1928a074d6069db5521033ac5,2013-12-01,2346116,2587,10484,Elyasa Süme,starting_lineup,Right-Back,49,0
2bbd8089684b7501e227cd45e14dc2fc,2013-11-29,2346117,755,589,Deniz Barış,starting_lineup,Defensive Midfield,24,0
4a2692ceabdfee116701cf1df09ac216,2013-11-29,2346117,933,589,Uğur İnceman,starting_lineup,Central Midfield,8,1
77a4df85063a2c28341021ff958e06c3,2013-11-30,2346120,3059,524,Ekrem Dağ,substitutes,Right Midfield,14,0
64a89a3f520a56b9dac5f43b6a34230a,2013-12-08,2346125,1896,19771,Ahmet Cebe,substitutes,Left-Back,20,0
99ffe6f72982ffe22a3576ecafab4a9f,2013-12-08,2346125,2148,2293,Erdal Kilicaslan,starting_lineup,Left Winger,11,0
56f954284f8081d398b1d9db806dc3f6,2013-12-07,2346129,3132,126,Florin Cernat,starting_lineup,Attacking Midfield,10,1
2f4949b19f44d0853ebd7696f2215a55,2013-12-07,2346131,755,589,Deniz Barış,starting_lineup,Defensive Midfield,24,0
ac19fde4d9ddcc878f16489583a2135b,2013-12-07,2346131,933,589,Uğur İnceman,starting_lineup,Central Midfield,8,1
194049b824dde24b270ad78df949c590,2013-12-07,2346131,2587,10484,Elyasa Süme,starting_lineup,Right-Back,49,0
c052be5e01c89623afa3add6ee98ac1f,2013-12-07,2346131,3216,589,Milan Baros,substitutes,Centre-Forward,27,0
62606541dc112f13f45dced88e334c96,2013-12-13,2346133,2148,2293,Erdal Kilicaslan,substitutes,Left Winger,11,0
a13e24b9cd069b5bb552035a3117f818,2013-12-14,2346135,3132,126,Florin Cernat,starting_lineup,Attacking Midfield,10,1
a31c9f493c155fa796277cbfba3b6d28,2013-12-14,2346138,755,589,Deniz Barış,starting_lineup,Defensive Midfield,24,0
796a67fcc963622c257eb24714e8d0f4,2013-12-14,2346138,933,589,Uğur İnceman,starting_lineup,Central Midfield,8,1
4e419af00e8919297ed755478cea51c0,2013-12-14,2346138,3216,589,Milan Baros,substitutes,Centre-Forward,27,0
9952cfc162c5888eb05e9f9704dd661b,2013-12-13,2346140,1896,19771,Ahmet Cebe,substitutes,Right Midfield,20,0
0e0e7e442ad1959a6fc3dbc08ce23e5f,2013-12-23,2346142,1896,19771,Ahmet Cebe,substitutes,Left Midfield,20,0
9ae8259bdb9a51024f68e587a60fbbcb,2013-12-22,2346143,755,589,Deniz Barış,starting_lineup,Defensive Midfield,24,0
0bfa7ad1dcbe4b676be72ac306500b44,2013-12-22,2346143,933,589,Uğur İnceman,starting_lineup,Central Midfield,8,1
5216754913ff8a8b141cfe2500e77601,2013-12-22,2346143,3216,589,Milan Baros,substitutes,Centre-Forward,27,0
ad95f80226841d4d02a66fb4d3a28e65,2013-12-22,2346146,2148,2293,Erdal Kilicaslan,substitutes,Right Winger,11,0
31c8aa1ef7421fa1f3f548953b1f7372,2013-12-20,2346148,2587,10484,Elyasa Süme,substitutes,Centre-Back,49,0
aaef91f144a96255ec284e2b6f16bc78,2013-12-20,2346148,3132,126,Florin Cernat,starting_lineup,Attacking Midfield,10,1
02f78f72f2da09d08c0c45b53902aabb,2013-12-29,2346151,2148,2293,Erdal Kilicaslan,substitutes,Left Winger,11,0
37aecfcc0b4f3ecae5bc77fd3ed06bb3,2013-12-28,2346152,3132,126,Florin Cernat,starting_lineup,Attacking Midfield,10,1
b82c272be9ad954dac1b688691899514,2013-12-29,2346155,933,589,Uğur İnceman,substitutes,Central Midfield,8,0
d376d665783be48a160f4b783f343535,2014-01-27,2346163,597,2293,Aleksandr Hleb,starting_lineup,Attacking Midfield,19,0
1ae3b20a62192eb8857c13a1b78296dd,2014-01-27,2346163,2148,2293,Erdal Kilicaslan,substitutes,Left Winger,11,0
ae6f87d9fa71a4c38176731d62bed8d8,2014-01-26,2346165,1896,19771,Ahmet Cebe,substitutes,Right Midfield,20,0
628c2ecf84867b1ddf592364958cbd1c,2014-01-25,2346167,3132,126,Florin Cernat,substitutes,Attacking Midfield,10,0
bee997e900353d338bcff2d672edb569,2014-01-26,2346169,933,589,Uğur İnceman,substitutes,Central Midfield,8,0
50e6c3f712eae51892fe21a2873ce87e,2014-01-26,2346170,3059,524,Ekrem Dağ,substitutes,Right Midfield,14,0
c52bf40820299b731bb8d7d13df3967d,2014-01-25,2346171,109,825,Dedê,starting_lineup,Left-Back,4,0
824a564c3a73c01a8a78d2cab994718f,2014-02-02,2346177,597,2293,Aleksandr Hleb,starting_lineup,Attacking Midfield,19,0
ae2fc6eb39514aa8aac9716ac2ad3f48,2014-02-02,2346177,2148,2293,Erdal Kilicaslan,substitutes,Left Winger,11,0
30c30eb396b2f8f1c6e4be3896cd0dc5,2014-02-02,2346179,1896,19771,Ahmet Cebe,starting_lineup,Right-Back,20,0
12377e0d69e2159e97444d4c7076e683,2014-02-08,2346183,3132,126,Florin Cernat,substitutes,Attacking Midfield,10,0
f7f7823a5c5cc7b41c9aaac289ead7fd,2014-02-07,2346184,597,2293,Aleksandr Hleb,starting_lineup,Attacking Midfield,19,0
944afb2c5c4fcbd90022e72d613ead8a,2014-02-07,2346184,2148,2293,Erdal Kilicaslan,substitutes,Left Winger,11,0
2ae2c5eb48da150dc63e5b5bdf0cc500,2014-02-07,2346184,2587,10484,Elyasa Süme,substitutes,Centre-Back,49,0
240bfce6f3479fe48a2022cc5d417c46,2014-02-07,2346189,3059,524,Ekrem Dağ,starting_lineup,Right-Back,14,0
48d19013a3141318ffecaf4c4e54d3f3,2014-02-17,2346191,597,2293,Aleksandr Hleb,starting_lineup,Attacking Midfield,19,0
191725f967dc83f064c3ad98187d9025,2014-02-17,2346191,2148,2293,Erdal Kilicaslan,starting_lineup,Left Winger,11,0
70f218926dacc3bda7345c9f3db12904,2014-02-16,2346193,1896,19771,Ahmet Cebe,starting_lineup,Right Midfield,20,0
75b128b99fcf473794ade62205762045,2014-02-16,2346195,2587,10484,Elyasa Süme,starting_lineup,Right-Back,49,0
e9066f8e0e32383120890eb644fc4790,2014-02-17,2346196,109,825,Dedê,starting_lineup,Left-Back,4,0
858852e815991242647d5bdb3a62a636,2014-02-14,2346197,3059,524,Ekrem Dağ,substitutes,Right-Back,14,0
5f825d4cbf72e0e763fb3e75643a437b,2014-02-14,2346197,3132,126,Florin Cernat,starting_lineup,Attacking Midfield,10,1
018fe04337567f6563f6b757a0de29b6,2014-02-23,2346199,597,2293,Aleksandr Hleb,starting_lineup,Attacking Midfield,19,0
b9b31a57f661cf30337316481ad0a216,2014-02-23,2346199,2148,2293,Erdal Kilicaslan,substitutes,Left Winger,11,0
443f1cf510919c8e468ab86ff88111a3,2014-02-23,2346200,2587,10484,Elyasa Süme,starting_lineup,Right-Back,49,0
3e92eadfe83da761c3793d59d8e11f3e,2014-02-22,2346205,1896,19771,Ahmet Cebe,starting_lineup,Right Midfield,20,0
aad03954a8e30205655f9e7d4ad21bee,2014-02-22,2346205,3059,524,Ekrem Dağ,starting_lineup,Right-Back,14,0
135ff5770cbc3b54f1139c6136722756,2014-02-21,2346206,3132,126,Florin Cernat,starting_lineup,Right Winger,10,1
872ff6ae2e6c5cc52405327de688e141,2014-03-01,2346209,2587,10484,Elyasa Süme,starting_lineup,Right-Back,49,0
d05e1a404f2f6804ae7d99c887a9112c,2014-02-28,2346210,1896,19771,Ahmet Cebe,substitutes,Right Midfield,20,0
93018aec1720610e482fc0a9c22db3aa,2014-03-02,2346212,597,2293,Aleksandr Hleb,starting_lineup,Attacking Midfield,19,0
69113c93bdcb92a4b75182fd0c32c3f3,2014-03-02,2346212,2148,2293,Erdal Kilicaslan,substitutes,Left Winger,11,0
f489b635c324fd005a2f8ba941a2a705,2014-02-28,2346214,933,589,Uğur İnceman,starting_lineup,Central Midfield,8,1
f8cd15ad6169111fa8b04e899fa7a886,2014-02-28,2346214,1321,114,Jermaine Jones,starting_lineup,Defensive Midfield,33,0
a2f237596ba98be4dfcc14986daf60bf,2014-03-02,2346215,3132,126,Florin Cernat,starting_lineup,Right Winger,10,1
57c43933c0c64af345186d9b3f141a7d,2014-03-01,2346216,3059,524,Ekrem Dağ,starting_lineup,Right-Back,14,0
bdf44a4676a44045feb4ff6c4b35ccd5,2014-03-08,2346217,597,2293,Aleksandr Hleb,starting_lineup,Attacking Midfield,19,0
2ca60a62dd4ba50e3e2ff4f631c10abd,2014-03-08,2346217,2148,2293,Erdal Kilicaslan,substitutes,Left Winger,11,0
45f158387c16c0aa33a4db72bd4a772e,2014-03-08,2346218,1792,141,Hamit Altıntop,substitutes,Right Midfield,4,0
709917f08c8691ee6a9c14af45a5c9e7,2014-03-08,2346218,1896,19771,Ahmet Cebe,substitutes,Right Midfield,20,0
731cd9dbecfaea0f0a8afa75d748544e,2014-03-09,2346220,3059,524,Ekrem Dağ,starting_lineup,Right-Back,14,0
946cf23fad58275be60f58d51c63fd08,2014-03-09,2346225,1321,114,Jermaine Jones,starting_lineup,Defensive Midfield,33,0
3a34fffe604dddded91c353602af7c1b,2014-03-15,2346238,2587,10484,Elyasa Süme,starting_lineup,Right-Back,49,0
1d739aed0589d24923bd7f201ee95a12,2014-03-15,2346241,933,589,Uğur İnceman,starting_lineup,Central Midfield,8,1
28bf98e890f4f2154bf93469b0df5751,2014-03-15,2346241,1896,19771,Ahmet Cebe,substitutes,Right Midfield,20,0
12d8439b77c0ec62cc3ec9ddd6b50853,2014-03-16,2346242,597,2293,Aleksandr Hleb,starting_lineup,Attacking Midfield,19,0
8cf2717532486807c1df4fe3dab8179c,2014-03-16,2346242,2148,2293,Erdal Kilicaslan,starting_lineup,Left Winger,11,0
36a4b8ec06fae19a00d521a992f397e6,2014-03-16,2346242,3059,524,Ekrem Dağ,starting_lineup,Right-Back,14,0
84589b75c6ba35836517d9efe63266b1,2014-03-22,2346251,933,589,Uğur İnceman,starting_lineup,Central Midfield,8,1
e0da5fdad902e3894b5ae97976ec1fcf,2014-03-24,2346253,3059,524,Ekrem Dağ,starting_lineup,Right-Back,14,0
b38e31c25966074b7428bf320e7882c2,2014-03-22,2346254,597,2293,Aleksandr Hleb,starting_lineup,Attacking Midfield,19,0
04007029097670a738ed3369b2e91ba2,2014-03-22,2346254,2148,2293,Erdal Kilicaslan,substitutes,Left Winger,11,0
ea5950b08c5f241ec36472bd9eb7d2e2,2014-03-23,2346256,1321,114,Jermaine Jones,substitutes,Defensive Midfield,33,0
7dd8c8b7890feb7bb83dee84fd65e3fc,2014-03-23,2346256,1896,19771,Ahmet Cebe,starting_lineup,Right Midfield,20,0
829cf9fd25a8e15748ffacb1120ab91a,2014-03-21,2346257,2587,10484,Elyasa Süme,starting_lineup,Right-Back,49,0
b6faccb54e3dff42cc89e7e9898c52cd,2014-03-22,2346259,3132,126,Florin Cernat,starting_lineup,Attacking Midfield,10,1
e4639a46a2527abd75c974ec20d67834,2014-03-31,2346262,933,589,Uğur İnceman,starting_lineup,Central Midfield,8,1
c1ba43ecd974d0a63f983aa6ed2300c5,2014-03-29,2346263,3059,524,Ekrem Dağ,starting_lineup,Right-Back,14,0
9ff44e0cf6e5cedfd5bf01fe03ae9046,2014-03-28,2346265,2587,10484,Elyasa Süme,starting_lineup,Right-Back,49,0
929aae054657031f1587f6154eb6f458,2014-03-31,2346267,109,825,Dedê,starting_lineup,Left-Back,4,0
7c7dc231aabc1f1c7c1e7389ba1b4d03,2014-03-28,2346269,1321,114,Jermaine Jones,starting_lineup,Defensive Midfield,33,0
acdf1022035e91c70ff14bcf3bbd7481,2014-03-29,2346270,597,2293,Aleksandr Hleb,starting_lineup,Attacking Midfield,19,0
fcbac0ff1c1eec029ea0206c1270013f,2014-03-29,2346270,2148,2293,Erdal Kilicaslan,substitutes,Left Winger,11,0
0f57a27d5518496f0ab530e9146a3f60,2014-04-04,2346326,2587,10484,Elyasa Süme,starting_lineup,Right-Back,49,0
ae637b9db8bcab8bad7ccb779842a7c2,2014-04-04,2346326,3059,524,Ekrem Dağ,starting_lineup,Right-Back,14,0
47bdee1114d0550a8e676fcf7d6b28d8,2014-04-05,2346327,109,825,Dedê,starting_lineup,Left-Back,4,0
ee1839d9c310f9dac1987f64809b8c22,2014-04-05,2346328,597,2293,Aleksandr Hleb,substitutes,Left Winger,19,0
8564d3ce347691e27d04615940644daa,2014-04-05,2346328,933,589,Uğur İnceman,starting_lineup,Central Midfield,8,1
8dcb52e3434cb4e716b9457318145976,2014-04-05,2346328,2148,2293,Erdal Kilicaslan,substitutes,Left Winger,11,0
0feab1bdbd55f34352bda6bdc2b43693,2014-04-05,2346329,1321,114,Jermaine Jones,starting_lineup,Defensive Midfield,33,0
0e32f1ee1680cbf99eb05f60c764701d,2014-04-13,2346335,933,589,Uğur İnceman,starting_lineup,Central Midfield,8,1
5e64b4aaae6c7ae6a7417c15a0ae029b,2014-04-14,2346336,3059,524,Ekrem Dağ,starting_lineup,Left-Back,14,0
82d156852b827dfaa23becf19566d60a,2014-04-12,2346337,2587,10484,Elyasa Süme,starting_lineup,Right-Back,49,0
22841ecd233412bebad1b8a0cdf78eb6,2014-04-13,2346339,109,825,Dedê,starting_lineup,Left-Back,4,0
905d4584d04a8baf839a75dda18b0353,2014-04-12,2346340,1896,19771,Ahmet Cebe,substitutes,Right Midfield,20,0
a8c94543dbde36e90bf294dbf5666668,2014-04-11,2346341,597,2293,Aleksandr Hleb,starting_lineup,Attacking Midfield,19,0
a4986b47fa19f21886e6264677d9004b,2014-04-11,2346341,1321,114,Jermaine Jones,starting_lineup,Defensive Midfield,33,0
49d06b213f3c73e546d03d29bbeca1c3,2014-04-11,2346341,2148,2293,Erdal Kilicaslan,substitutes,Left Winger,11,0
2c90d3454ebd1ec0caae961ebc3f5c17,2014-04-20,2346343,597,2293,Aleksandr Hleb,starting_lineup,Attacking Midfield,19,0
797270a543981faba34bcf2655233ead,2014-04-20,2346343,2148,2293,Erdal Kilicaslan,substitutes,Left Winger,11,0
8378783273264bf87341931b0e01b147,2014-04-19,2346344,2587,10484,Elyasa Süme,starting_lineup,Right-Back,49,0
4634546dec8f0236b78bf89421c1604b,2014-04-21,2346345,933,589,Uğur İnceman,starting_lineup,Central Midfield,8,1
dab2613514b156da1a54679abf99094a,2014-04-19,2346348,3059,524,Ekrem Dağ,starting_lineup,Right-Back,14,0
355bfc26080c3f37f6c1ce431d4831ca,2014-04-20,2346350,1321,114,Jermaine Jones,starting_lineup,Defensive Midfield,33,0
303911795adba30d4a411a0492d15521,2014-04-27,2346353,597,2293,Aleksandr Hleb,starting_lineup,Attacking Midfield,19,0
ab5efd0d0cccd96abaaa0d5c3351902b,2014-04-27,2346353,1896,19771,Ahmet Cebe,substitutes,Right-Back,20,0
470f805c855839dda24d3b7e91031a69,2014-04-27,2346353,2148,2293,Erdal Kilicaslan,substitutes,Left Winger,11,0
2d778d72ebab326af2133a02f92fe7e1,2014-04-26,2346354,3059,524,Ekrem Dağ,starting_lineup,Right-Back,14,0
dff6af55f40fbf89a3dbb2bb49d8a776,2014-04-27,2346359,933,589,Uğur İnceman,starting_lineup,Central Midfield,8,1
cdcede86321585011580c3740e2c48ff,2014-04-27,2346359,2587,10484,Elyasa Süme,starting_lineup,Right-Back,49,0
f5926c1441801ec935a2df28ba747a77,2014-05-03,2346361,597,2293,Aleksandr Hleb,starting_lineup,Attacking Midfield,19,0
cc7c17a0d9be9287f1c7ea411a3900da,2014-05-03,2346361,2148,2293,Erdal Kilicaslan,substitutes,Left Winger,11,0
16df07124bde1b4e83b3e7d4624e4758,2014-05-03,2346366,933,589,Uğur İnceman,starting_lineup,Central Midfield,8,1
40df13335fdec39bc46efc7750eab85c,2014-05-03,2346367,1321,114,Jermaine Jones,substitutes,Defensive Midfield,33,0
0dfff3062b1c9eb7c627dacc9f497b37,2014-05-03,2346367,2587,10484,Elyasa Süme,starting_lineup,Right-Back,49,0
84a44ccd4ea78beb4740b49e702e1e62,2014-05-03,2346369,3059,524,Ekrem Dağ,substitutes,Right Midfield,14,0
8a1c3c2cae9ac890b0f08a444b2cfcb8,2014-05-11,2346370,1896,19771,Ahmet Cebe,substitutes,Right Midfield,20,0
409cf35a313eb75de22784dd009f2944,2014-05-10,2346371,933,589,Uğur İnceman,starting_lineup,Defensive Midfield,8,1
1733d3e47984f8d574e623fdfbcdc0af,2014-05-11,2346372,3059,524,Ekrem Dağ,starting_lineup,Left-Back,14,0
6434900c6d6b2a9126830392944d0ff7,2014-05-11,2346374,597,2293,Aleksandr Hleb,starting_lineup,Attacking Midfield,19,0
3a2f0f50c3ba5c745a7a31c350d999be,2014-05-11,2346374,2148,2293,Erdal Kilicaslan,substitutes,Left Winger,11,0
d3834bd6e66e7a69667fbf3564c3b0b9,2014-05-11,2346376,2587,10484,Elyasa Süme,starting_lineup,Right-Back,49,0
30a91401b420be58f868dc41c937232e,2014-05-11,2346377,1321,114,Jermaine Jones,starting_lineup,Centre-Back,33,0
ab5a4715b711923ecc01e9a38941eb47,2014-05-11,2346378,1792,141,Hamit Altıntop,substitutes,Right Midfield,4,0
7a2b03b3dc86812f9b3440a9c8412d05,2014-05-16,2346379,109,825,Dedê,starting_lineup,Centre-Back,4,1
b66b69e9cfe0ca223c85be19abfe1670,2014-05-16,2346379,2148,2293,Erdal Kilicaslan,substitutes,Left Winger,11,0
50a864d6de13ef43184ba8797d5934b6,2014-05-17,2346382,1792,141,Hamit Altıntop,substitutes,Right Midfield,4,0
571ec0fee6f9a2b3f8a1610069a06655,2014-05-18,2346383,933,589,Uğur İnceman,starting_lineup,Central Midfield,8,1
2a59c99a7ea860261347a5cfc6e2716b,2014-05-17,2346384,1321,114,Jermaine Jones,starting_lineup,Centre-Back,33,0
a27ee3eabc1b00e78520408f58e64386,2014-05-18,2346385,1896,19771,Ahmet Cebe,substitutes,Right-Back,20,0
10b2ff9b7f058d2807196befbd168659,2014-05-18,2346385,2587,10484,Elyasa Süme,starting_lineup,Right-Back,49,0
1ec5a8aa4fd72e3d7ed10f18be219567,2014-05-17,2346387,3059,524,Ekrem Dağ,starting_lineup,Right Midfield,14,0
d01ad14b86e3164119b3a3d6db21e67e,2013-08-18,2346404,277,3368,Sérgio da Silva Pinto,starting_lineup,Central Midfield,18,0
10cfb8c91002ae0719ba33b6b343729b,2013-08-18,2346404,2923,3368,Andreas Ivanschitz,substitutes,Attacking Midfield,21,0
abbb62cb93a2d5d072f3e5348752aafe,2013-08-17,2346405,215,1084,Roque Santa Cruz,starting_lineup,Centre-Forward,9,0
e0612497cf3aeb554fdf1bedee2e9f2d,2013-08-06,2348103,3270,36,Joseph Yobo,starting_lineup,Centre-Back,6,0
f423507bedda23c40db1d1fe60069041,2013-07-31,2348105,3270,36,Joseph Yobo,starting_lineup,Centre-Back,6,0
42032ce2bb5a08ff566de8cb78817933,2013-08-17,2350359,2998,512,Robert Huth,starting_lineup,Centre-Back,4,0
58e0a6943439dd1b1da4a0d543cc41de,2013-08-17,2350359,3109,31,Steven Gerrard,starting_lineup,Central Midfield,8,1
6ff658e378b62e48659acccaaeb92848,2013-08-17,2350359,3195,512,Jermaine Pennant,substitutes,Right Midfield,7,0
1c109d6ebf5fda9034b00085474a54c5,2013-08-17,2350359,3202,31,Kolo Touré,starting_lineup,Centre-Back,4,0
de36fdc3b7bca0f9f3a6fc434d4562a0,2013-08-17,2350359,3306,512,Jonathan Walters,starting_lineup,Right Winger,19,0
44277b80ca42c9a1a755331d7f885edc,2013-08-17,2350360,132,11,Tomas Rosicky,starting_lineup,Attacking Midfield,7,0
2b8953229a4475a18bed59f3a47bf5dc,2013-08-17,2350361,3356,29,Sylvain Distin,starting_lineup,Centre-Back,15,0
f2711cfebab8b4acadfb47a501dc8880,2013-08-17,2350362,65,931,Dimitar Berbatov,starting_lineup,Centre-Forward,9,0
b7d314fc7efa47cd370ce260583984c8,2013-08-17,2350362,1662,931,Sascha Riether,starting_lineup,Right-Back,27,0
486f49bc2f5a24064ad64d69a308b9db,2013-08-17,2350362,3259,931,Damien Duff,starting_lineup,Left Winger,16,0
4f0002738a88f2b20582bbd19e602710,2013-08-17,2350363,3226,984,Nicolas Anelka,starting_lineup,Centre-Forward,39,0
fa69367c876f6bd9c81894a05527e29a,2013-08-17,2350364,488,2288,Gerhard Tremmel,substitutes,Goalkeeper,25,0
085dcb95ca73880d3ce939be41f31208,2013-08-17,2350364,3235,985,Rio Ferdinand,starting_lineup,Centre-Back,5,0
ce913e4bb352feab9d115f49d54edbe4,2013-08-17,2350364,3332,985,Wayne Rooney,substitutes,Left Winger,10,0
611f9d2a01db4c3f44d289b9c12fb37e,2013-08-17,2350364,3406,985,Ryan Giggs,starting_lineup,Left Midfield,11,0
43531b213acda4890cee3768d9e8952c,2013-08-18,2350365,3131,873,Kevin Phillips,substitutes,Centre-Forward,9,0
812af2f33e31551b4e670add0b092158,2013-08-18,2350366,3160,631,John Terry,starting_lineup,Centre-Back,26,1
975606a114d1e59b3a717a39dc1d7e45,2013-08-18,2350366,3163,631,Frank Lampard,starting_lineup,Central Midfield,8,0
9fd95fc2441cadb727dac0d1df50b7f7,2013-08-18,2350366,3182,631,Ashley Cole,starting_lineup,Left-Back,3,0
1fe0a25a58cf9eed5d490e771bc65119,2013-08-18,2350366,3357,631,Mark Schwarzer,substitutes,Goalkeeper,22,0
a9420da4906eba002a500321e13187d1,2013-08-24,2350368,65,931,Dimitar Berbatov,starting_lineup,Centre-Forward,9,0
3e347478ccfd77d033a378d12d7075fe,2013-08-24,2350368,132,11,Tomas Rosicky,starting_lineup,Central Midfield,7,0
a39c9dfb922fcebf32d171630dc97de0,2013-08-24,2350368,1662,931,Sascha Riether,starting_lineup,Right-Back,27,0
a070e160bfd49459fb4e3daa4afc6e3c,2013-08-24,2350368,3220,931,John Arne Riise,starting_lineup,Left-Back,3,0
95f785d2640d5cb5df82f1231d30ab91,2013-08-24,2350368,3259,931,Damien Duff,starting_lineup,Right Midfield,16,0
a85bac90800089ccabe3f3b346aa87c5,2013-08-24,2350369,3356,29,Sylvain Distin,starting_lineup,Centre-Back,15,0
e1f4eb61a9189109940a77e1ef1a3d2c,2013-08-24,2350371,1327,379,Alou Diarra,substitutes,Defensive Midfield,18,0
a0570933440e79d53960a85b481b5b87,2013-08-24,2350371,1368,379,Guy Demel,starting_lineup,Right-Back,20,0
2fff14abefe4aa2a3194070f8448376a,2013-08-24,2350371,3276,762,Shola Ameobi,starting_lineup,Centre-Forward,23,0
b461e5aee8871deb4b4730b37ac52bef,2013-08-24,2350372,2998,512,Robert Huth,starting_lineup,Centre-Back,4,0
ceee329626e41dd354465a40cf4b91d7,2013-08-24,2350372,3131,873,Kevin Phillips,substitutes,Centre-Forward,9,0
608c13f5223c2561f0a2750dc00bf4e1,2013-08-24,2350372,3195,512,Jermaine Pennant,substitutes,Left Winger,7,0
7155bb1579cbe318d543af6157023ed5,2013-08-24,2350372,3306,512,Jonathan Walters,starting_lineup,Right Winger,19,0
b5b6bb1b8a3cb6956251f05086a7ef49,2013-08-24,2350373,3109,31,Steven Gerrard,starting_lineup,Central Midfield,8,1
44705156267a4684223678d3e9eae177,2013-08-24,2350373,3202,31,Kolo Touré,starting_lineup,Centre-Back,4,0
69b8b08cd24907263076ab2f490f7730,2013-08-26,2350375,3160,631,John Terry,starting_lineup,Centre-Back,26,1
d1d4c3a9148edb8936ddfdcc91c35150,2013-08-26,2350375,3163,631,Frank Lampard,starting_lineup,Central Midfield,8,0
04e19cbd81dd0374802f78ba318a1fad,2013-08-26,2350375,3182,631,Ashley Cole,starting_lineup,Left-Back,3,0
ea8e6b4c52edb2d22bb685da7547a0cc,2013-08-26,2350375,3235,985,Rio Ferdinand,starting_lineup,Centre-Back,5,0
4c55c667167b3d0bde9b62e2013a9c9c,2013-08-26,2350375,3332,985,Wayne Rooney,starting_lineup,Second Striker,10,0
6e3628c56aeddf3524a777adbc060b60,2013-08-26,2350375,3357,631,Mark Schwarzer,substitutes,Goalkeeper,23,0
aa3d41a71ce5372ad478692aa4aa34b1,2013-08-26,2350375,3406,985,Ryan Giggs,substitutes,Left Midfield,11,0
65f2a99b9725888f1dd17a03c77da917,2013-08-21,2350376,3160,631,John Terry,starting_lineup,Centre-Back,26,1
4050fcbc4b7cb7b91bd5f99a1f0ec08c,2013-08-21,2350376,3163,631,Frank Lampard,starting_lineup,Central Midfield,8,0
d73ac71bb74a55b05bec16bb3a7b393c,2013-08-21,2350376,3182,631,Ashley Cole,starting_lineup,Left-Back,3,0
7165b3692bdf63a0158286f9a24b1e75,2013-08-21,2350376,3357,631,Mark Schwarzer,substitutes,Goalkeeper,23,0
281f0932ae35b2523d6d4c78247927cb,2013-08-31,2350377,3333,281,James Milner,substitutes,Left Midfield,7,0
7595dd37acdf08c8b8c6143a18eb924f,2013-08-31,2350378,65,931,Dimitar Berbatov,starting_lineup,Centre-Forward,9,0
6ee68169e2d0fe6ea8083bc62fc0def9,2013-08-31,2350378,1662,931,Sascha Riether,starting_lineup,Right-Back,27,0
e72dfb7cf59eee54d792402cad61c51e,2013-08-31,2350378,3220,931,John Arne Riise,starting_lineup,Left-Back,3,0
132eb219bb609e0d1f6ad92dd5d47712,2013-08-31,2350378,3259,931,Damien Duff,substitutes,Right Midfield,16,0
3df9a9ea480a38d09fb3bc8b22fe198a,2013-08-31,2350378,3276,762,Shola Ameobi,starting_lineup,Centre-Forward,23,0
6b35cb9373ddda7fa7e8973ee377666c,2013-09-01,2350380,488,2288,Gerhard Tremmel,substitutes,Goalkeeper,25,0
10e6634d423a25cb21bfa710e3051a57,2013-09-01,2350380,3226,984,Nicolas Anelka,starting_lineup,Centre-Forward,39,0
2beb54a454e7c9422dd8b6b9beb2ba83,2013-08-31,2350381,1368,379,Guy Demel,starting_lineup,Right-Back,20,0
6358f50573b24f6e174d99942e066031,2013-08-31,2350381,2998,512,Robert Huth,starting_lineup,Centre-Back,4,0
27fcf7e1db170ad46e8f03e5186e0d7b,2013-08-31,2350381,3195,512,Jermaine Pennant,substitutes,Left Winger,7,0
7e81a9843a67fccee35cacf316b3c83c,2013-08-31,2350381,3306,512,Jonathan Walters,starting_lineup,Right Winger,19,0
4cab2e37a2341e9095553608bb756e64,2013-09-01,2350383,3109,31,Steven Gerrard,starting_lineup,Central Midfield,8,1
0d96abf6e71b648ff6cd0b6d9241d2b1,2013-09-01,2350383,3235,985,Rio Ferdinand,starting_lineup,Centre-Back,5,0
e9274fd6053152a51670cce9f96b7073,2013-09-01,2350383,3406,985,Ryan Giggs,starting_lineup,Right Midfield,11,0
9a66746fabf423a34e5e6c47c829f8e6,2013-09-01,2350384,132,11,Tomas Rosicky,starting_lineup,Attacking Midfield,7,0
9e9ea7d9b08fd30e36ed436ca173b0c9,2013-08-01,2351348,1426,79,Cacau,substitutes,Centre-Forward,18,0
4922a23b78e47139c4293f6d98e82eb3,2013-08-08,2351349,1426,79,Cacau,starting_lineup,Second Striker,18,0
fb647e52034c96938e117e42c04e6431,2013-08-01,2351352,1083,128,Julian de Guzmán,substitutes,Defensive Midfield,6,0
07a24dd3d542d183771807a0bce40d98,2013-08-08,2351353,1083,128,Julian de Guzmán,starting_lineup,Central Midfield,6,0
2fa28d88ef87d64e591579c67237b396,2013-08-08,2351367,488,2288,Gerhard Tremmel,starting_lineup,Goalkeeper,25,0
7e13805ec1a6259052ce5f1b940d4869,2013-08-01,2351378,3176,2282,Eidur Gudjohnsen,substitutes,Centre-Forward,22,0
0a26e7295f5652f35a85bae9f5d886f6,2013-08-01,2351378,3354,2282,Jonathan Blondel,starting_lineup,Central Midfield,11,0
3f71252cd976ba2f168be1f3362ee79c,2013-08-08,2351379,3176,2282,Eidur Gudjohnsen,substitutes,Centre-Forward,22,0
44db8746dd6bbb53d1d08d81851801e1,2013-08-08,2351379,3354,2282,Jonathan Blondel,starting_lineup,Central Midfield,11,0
8c49a115082a5aec864d6202b7469958,2013-07-26,2351401,3176,2282,Eidur Gudjohnsen,starting_lineup,Centre-Forward,22,0
3ac936556a667eb0846572ff5a043ffb,2013-07-26,2351401,3354,2282,Jonathan Blondel,starting_lineup,Defensive Midfield,11,0
19c31d7dbff5f016bb57732c3eda7011,2013-08-17,2351888,1083,128,Julian de Guzmán,starting_lineup,Defensive Midfield,6,0
c3cc6ded9db848a74f9c33962e24d84a,2013-08-25,2351901,3201,3060,Stathis Tavlaridis,starting_lineup,Centre-Back,4,0
1dd33afabb987d7a5ec139d3eb07f31d,2013-08-25,2351903,1083,128,Julian de Guzmán,starting_lineup,Defensive Midfield,6,0
576cd6b1d0278203e161b9acfefe85c7,2013-09-29,2351911,1083,128,Julian de Guzmán,starting_lineup,Defensive Midfield,6,0
2ca80709c3992ee1ca13d697561ccabb,2013-09-30,2351914,3201,3060,Stathis Tavlaridis,starting_lineup,Centre-Back,4,0
67b0ef5cb2043d437e7de2acc8019f1c,2013-09-21,2351920,3201,3060,Stathis Tavlaridis,starting_lineup,Centre-Back,4,0
64ebfc8f74a3057d08d563fee6a3662f,2013-09-16,2351923,3201,3060,Stathis Tavlaridis,starting_lineup,Centre-Back,4,0
4597ec099dc30f257f1f3ff4e3a963be,2013-09-14,2351928,1083,128,Julian de Guzmán,starting_lineup,Defensive Midfield,6,0
953f44947084e6e43b389f3283425f9f,2013-09-23,2351929,1083,128,Julian de Guzmán,starting_lineup,Defensive Midfield,6,0
6c0aea06b2004890f6a2ce11856e9504,2013-10-06,2351936,1083,128,Julian de Guzmán,starting_lineup,Defensive Midfield,6,0
0d6ca3736374887b675d45620c03a1f6,2013-09-02,2351939,3201,3060,Stathis Tavlaridis,starting_lineup,Right-Back,4,0
90479194736a5ad7e099c13ab5de45ac,2013-08-31,2351941,1083,128,Julian de Guzmán,starting_lineup,Defensive Midfield,6,0
9b54e54dbf78b7e903f9d3d008ea0658,2013-10-05,2351947,3201,3060,Stathis Tavlaridis,starting_lineup,Centre-Back,4,0
c127a9f29acc7573ffa733231e7db5b9,2013-11-10,2351968,3201,3060,Stathis Tavlaridis,starting_lineup,Centre-Back,4,0
9c361360f07dd04b1cea7ab9e776b62f,2013-11-24,2351970,1083,128,Julian de Guzmán,starting_lineup,Defensive Midfield,6,0
0c8130bb239f92829544d30bf3dcf0a5,2013-11-23,2351981,3201,3060,Stathis Tavlaridis,starting_lineup,Centre-Back,4,0
ffa8a58146324891b678d40fa5a75302,2013-11-04,2351986,3201,3060,Stathis Tavlaridis,starting_lineup,Centre-Back,4,0
8012ce4c11b1c595875a459e1441708b,2013-10-19,2351994,3201,3060,Stathis Tavlaridis,starting_lineup,Centre-Back,4,0
5c51f8d2629105d293458288e7ee0a43,2013-12-08,2351997,3201,3060,Stathis Tavlaridis,starting_lineup,Centre-Back,4,0
1a99961b0ca52d57f126c9f0fe5e571e,2014-01-19,2352001,1083,128,Julian de Guzmán,starting_lineup,Defensive Midfield,6,0
ed39ba46e312c148231af6290f2e5d75,2013-12-01,2352010,1083,128,Julian de Guzmán,starting_lineup,Defensive Midfield,6,0
133ce942df9084960841ab79af50703a,2014-01-12,2352020,3201,3060,Stathis Tavlaridis,starting_lineup,Centre-Back,4,0
69a9fb05b49910a156f324a2ac16ecc1,2014-01-12,2352022,1083,128,Julian de Guzmán,starting_lineup,Defensive Midfield,6,0
f9b6e2013ca9d736ff0cb75e14d5b10d,2013-12-22,2352029,1083,128,Julian de Guzmán,starting_lineup,Attacking Midfield,6,0
0f8036490455f999cfd6b3a8af2acec1,2013-12-21,2352030,3201,3060,Stathis Tavlaridis,starting_lineup,Centre-Back,4,0
3d34c9b8fdb5acd043e4fd5a6e2e714d,2014-01-19,2352037,3201,3060,Stathis Tavlaridis,starting_lineup,Centre-Back,4,0
0894c15fbb045389cf9cf0be467bd0e5,2014-01-04,2352042,3201,3060,Stathis Tavlaridis,starting_lineup,Centre-Back,4,0
47f9da023d70e8127cb665c40f378b38,2014-01-05,2352051,1083,128,Julian de Guzmán,starting_lineup,Defensive Midfield,6,0
ac0208daabb50d05ba7c4b1fd7e9b056,2013-12-18,2352058,1083,128,Julian de Guzmán,starting_lineup,Defensive Midfield,6,0
edb35d9eabf93535cdc0294f4656a545,2013-12-18,2352064,3201,3060,Stathis Tavlaridis,starting_lineup,Centre-Back,4,0
7a769bd8e5654adefdb87713e79063e7,2013-08-18,2353762,3266,1158,Jérémie Aliadière,starting_lineup,Centre-Forward,11,0
b044f520b4e5151563502a6e761a839c,2013-08-25,2355582,10,398,Miroslav Klose,starting_lineup,Centre-Forward,11,0
bcd9aa2bcb4d3db0f6b0529721aaf73f,2013-08-25,2355583,735,1210,Giuseppe Gemiti,starting_lineup,Left-Back,3,0
0c4254eb0b6ec34acbf1ed9e519629b8,2013-08-25,2355584,2926,1025,György Garics,starting_lineup,Right-Back,8,0
88c9a96296019cd8e6aab2348c88cd49,2013-08-24,2355586,2865,506,Stephan Lichtsteiner,starting_lineup,Right Midfield,26,0
f3e2b8286e666b3ba95fa4e21d1c163e,2013-08-11,2358314,3406,985,Ryan Giggs,starting_lineup,Central Midfield,11,0
cf01207186e69ed516a93481d7fe738a,2013-09-01,2359216,2926,1025,György Garics,starting_lineup,Right-Back,8,0
4bd4a67e52a35990ba963c83b4bbb17a,2013-08-31,2359220,10,398,Miroslav Klose,starting_lineup,Centre-Forward,11,0
1ddf4a95acc3a7a8b627b5b778071941,2013-08-31,2359220,2865,506,Stephan Lichtsteiner,starting_lineup,Right Midfield,26,0
78d838701b63147ae2c584c85b02a21e,2013-09-01,2359223,735,1210,Giuseppe Gemiti,starting_lineup,Left Midfield,3,0
f390c7ce355fab4bdbb113ac98e2b9da,2013-09-14,2359227,2865,506,Stephan Lichtsteiner,starting_lineup,Right Midfield,26,0
53e92f77289f1fbd1cde316afc500f0e,2013-09-15,2359228,10,398,Miroslav Klose,starting_lineup,Centre-Forward,11,0
4c7bfecc36936471d1eda9449ad1e29f,2013-09-14,2359233,3366,5,Kaká,starting_lineup,Attacking Midfield,22,0
0c680d2d4701e76856a1739f95f4b6e9,2013-09-15,2359234,2926,1025,György Garics,starting_lineup,Right-Back,8,0
402079834a109fb3ad01db6bec49745b,2013-09-22,2359236,2926,1025,György Garics,starting_lineup,Right-Back,8,0
562f1f90e58e5da37c9e17863b77e878,2013-09-22,2359243,10,398,Miroslav Klose,starting_lineup,Centre-Forward,11,0
7a9698a7045611f5c21d8d9aafe6ae59,2013-09-25,2359245,2926,1025,György Garics,starting_lineup,Right-Back,8,0
157eb3999b54a9dfa53a8bbbd8ed1699,2013-09-24,2359246,2865,506,Stephan Lichtsteiner,substitutes,Right Midfield,26,0
190ae6d498efa597fdb411525ee55e31,2013-09-29,2359262,2926,1025,György Garics,starting_lineup,Right-Back,8,0
8c560639d4a4c8c495ebfddf4aaa887c,2013-09-29,2359264,2865,506,Stephan Lichtsteiner,starting_lineup,Right Midfield,26,0
21ace78a9d236af07a405b3dde399b2c,2013-10-06,2359265,2926,1025,György Garics,starting_lineup,Right-Back,8,0
d01d2f9242e76ebfe267af4d48566633,2013-10-20,2359275,10,398,Miroslav Klose,substitutes,Centre-Forward,11,0
c4930875c2aac0a7bb9520731194abf3,2013-10-19,2359281,3366,5,Kaká,substitutes,Attacking Midfield,22,0
7d6569e0bad3561753998389ab356096,2013-10-27,2359285,735,1210,Giuseppe Gemiti,substitutes,Left-Back,3,0
80c937e35dd30741fbe99d18c9ac09d5,2013-10-27,2359285,2926,1025,György Garics,substitutes,Right-Back,8,0
c438480cf3ded37e164c5aa845b2406c,2013-10-27,2359290,10,398,Miroslav Klose,substitutes,Centre-Forward,11,0
c315ad21365c27c5d58b4fff2f737386,2013-10-27,2359292,3366,5,Kaká,substitutes,Attacking Midfield,22,0
249f700a113310b6594293d9fff33211,2013-10-30,2359296,2926,1025,György Garics,starting_lineup,Right Midfield,8,0
f98bdac292cafc3b7252e7a50043f3d6,2013-10-30,2359301,735,1210,Giuseppe Gemiti,starting_lineup,Left Midfield,3,0
fdc4d495baf6d5f688b45e832dd11e0a,2013-10-30,2359302,10,398,Miroslav Klose,starting_lineup,Centre-Forward,11,0
2bd6dc01d2027ad04458ebf59b19dfeb,2013-10-30,2359302,3366,5,Kaká,starting_lineup,Left Winger,22,0
f48c911e2c47b7c0a57b3e08e928e19e,2013-11-04,2359305,2926,1025,György Garics,starting_lineup,Right Midfield,8,0
4805106ee87e3c67c42aa918674ab7d5,2013-11-03,2359307,10,398,Miroslav Klose,starting_lineup,Centre-Forward,11,0
006ce6b05c3d34403c937f771686eb9f,2013-11-03,2359308,735,1210,Giuseppe Gemiti,starting_lineup,Right Midfield,3,0
8c2806edcde9cc36e8c09717692c1ee1,2013-11-02,2359309,3366,5,Kaká,starting_lineup,Left Winger,22,0
3166419e9ef4cd72b9130ed38fad5bae,2013-11-10,2359315,2926,1025,György Garics,starting_lineup,Right Midfield,8,0
448ea672dc58b07e23b486b47a81d0ff,2013-11-10,2359318,3366,5,Kaká,starting_lineup,Attacking Midfield,22,0
a59d7f5d0b101418136ed6860a208355,2013-11-09,2359321,735,1210,Giuseppe Gemiti,starting_lineup,Left Midfield,3,0
e61b0f148f7679d2c51d2d293235c915,2013-11-09,2359321,1161,46,Javier Zanetti,substitutes,Central Midfield,4,0
a7a97e6074e23b434753e0ad425c4549,2013-11-10,2359323,10,398,Miroslav Klose,starting_lineup,Centre-Forward,11,0
ee157dba754d7ad027e8fbb231da77a8,2013-11-24,2359325,1161,46,Javier Zanetti,substitutes,Right-Back,4,0
4c2701e0310ed169e9fe9ccf524942d3,2013-11-24,2359325,2926,1025,György Garics,starting_lineup,Right Midfield,8,0
fff9012a046c2a8d0231afe2557ee3b0,2013-11-24,2359327,735,1210,Giuseppe Gemiti,substitutes,Left-Back,3,0
37671770fa2269ac6543339e22a6110e,2013-11-23,2359328,3366,5,Kaká,starting_lineup,Attacking Midfield,22,1
adf5d21d8b1448ef1ce5800d6b74941d,2013-12-01,2359337,3366,5,Kaká,starting_lineup,Attacking Midfield,22,0
3fc372d62eb41bf08f0108dba7f9b718,2013-12-01,2359338,735,1210,Giuseppe Gemiti,starting_lineup,Left Midfield,3,0
1a47d49d52473a02a46334fc8272d5aa,2013-12-01,2359341,1161,46,Javier Zanetti,starting_lineup,Left Midfield,4,1
6e0d261880978d7d4cde63fec35eecbf,2013-12-01,2359342,2865,506,Stephan Lichtsteiner,substitutes,Right-Back,26,0
56fb1caf14ae107ca5a2c39ec4bc3dfd,2013-11-30,2359344,2926,1025,György Garics,starting_lineup,Right Midfield,8,0
8a719e1cee94811e8fdcc35d81399c77,2013-12-06,2359345,2865,506,Stephan Lichtsteiner,substitutes,Right-Back,26,0
9163f6b12d86cc95649de983ed7dbd2c,2013-12-06,2359345,2926,1025,György Garics,starting_lineup,Right-Back,8,0
844f2a8a6243e2b179e654603a0744d9,2013-12-08,2359348,1161,46,Javier Zanetti,starting_lineup,Left Midfield,4,1
b496d590724408dabc07d58de7fb87bb,2013-12-07,2359349,735,1210,Giuseppe Gemiti,substitutes,Left-Back,3,0
eb7725ad4c6bc9a2f44bdd09c19f178e,2013-12-07,2359349,3366,5,Kaká,starting_lineup,Attacking Midfield,22,0
92481a17683c372bcfadbbda93c28578,2013-12-15,2359357,2926,1025,György Garics,starting_lineup,Right-Back,8,0
5335b7a9a740d4ce375a652039650a1d,2013-12-15,2359360,10,398,Miroslav Klose,starting_lineup,Centre-Forward,11,0
3a74c424b95d34a4f867a0214b32838b,2013-12-15,2359360,735,1210,Giuseppe Gemiti,substitutes,Left-Back,3,0
70f76770bc05863456a38249d7bf26f7,2013-12-16,2359361,3366,5,Kaká,starting_lineup,Second Striker,22,0
94f83dd68edd9df68784aa631f688f70,2013-12-22,2359365,2865,506,Stephan Lichtsteiner,starting_lineup,Right Midfield,26,0
9c2d4c894527da4b8f5e902e6108ae06,2013-12-22,2359366,2926,1025,György Garics,starting_lineup,Centre-Back,8,0
121e625ee4551c86bf54907939d90cd5,2013-12-22,2359368,10,398,Miroslav Klose,starting_lineup,Centre-Forward,11,0
24f57b9bab151f590368595559f72009,2013-12-22,2359369,1161,46,Javier Zanetti,starting_lineup,Central Midfield,4,1
2cd8b70ceb03d8ccbfe60214a318ece4,2013-12-22,2359369,3366,5,Kaká,starting_lineup,Attacking Midfield,22,1
c3c8b209a98b33ccdfb9ad601aa4341d,2014-01-05,2359379,2865,506,Stephan Lichtsteiner,starting_lineup,Right Midfield,26,0
ac4837ca75f6e389e224b10f0f27707e,2014-01-06,2359380,10,398,Miroslav Klose,starting_lineup,Centre-Forward,11,0
62dedf478208940b5a2712d534d90560,2014-01-06,2359380,1161,46,Javier Zanetti,substitutes,Central Midfield,4,0
ba27cdab1430ea6012df9b3bdf95f223,2014-01-06,2359381,3366,5,Kaká,starting_lineup,Attacking Midfield,22,1
9f6ca176ed532280807e32bc92a118ec,2014-01-11,2359386,10,398,Miroslav Klose,starting_lineup,Centre-Forward,11,0
09ef1424b7d38191368700ea67fcbd5a,2014-01-11,2359386,2926,1025,György Garics,starting_lineup,Right Midfield,8,0
5cb58e7172df7a5d8c828a94fa3bb6d0,2014-01-12,2359387,2865,506,Stephan Lichtsteiner,starting_lineup,Right Midfield,26,0
ad4842edb13d9850d9b7952ed84730ba,2014-01-12,2359393,3366,5,Kaká,starting_lineup,Attacking Midfield,22,1
51523395d3ae3e98671b51c50895e74b,2014-01-19,2359397,3366,5,Kaká,starting_lineup,Attacking Midfield,22,0
aa30612a82be26e6daaa9d05eac21e2e,2014-01-19,2359399,10,398,Miroslav Klose,starting_lineup,Centre-Forward,11,0
2bed49a3823f8b1e77a3e2f1953df47a,2014-01-19,2359401,2926,1025,György Garics,starting_lineup,Right Midfield,8,0
6101a937d43943400b034886da6c4616,2014-01-18,2359403,2865,506,Stephan Lichtsteiner,starting_lineup,Right Midfield,26,0
cf7febbbf7a429ca50cbf145753d7f38,2014-01-26,2359406,2926,1025,György Garics,starting_lineup,Right Midfield,8,0
4735f97129d4e10e2f0048244e979866,2014-01-25,2359410,10,398,Miroslav Klose,starting_lineup,Centre-Forward,11,0
e3f44eee18275c5edcb8ec34adfef286,2014-01-25,2359410,2865,506,Stephan Lichtsteiner,starting_lineup,Right Midfield,26,0
4ea9829e21228d8445811a997bde2ecc,2014-01-26,2359411,3366,5,Kaká,starting_lineup,Attacking Midfield,22,0
ff0d1a5d0c5262833dfac03dbce08723,2014-02-02,2359417,1161,46,Javier Zanetti,substitutes,Right-Back,4,0
a265b22e3d9e8bb16af2c373ef094a82,2014-02-02,2359417,2865,506,Stephan Lichtsteiner,starting_lineup,Right Midfield,26,0
1b1f4510363e87ec91c70fe395a07460,2014-02-02,2359418,10,398,Miroslav Klose,starting_lineup,Centre-Forward,11,0
a906a855701e3bfb873d34dc874946b4,2014-02-01,2359423,3366,5,Kaká,starting_lineup,Attacking Midfield,22,0
b268007f40ae0f8d1b8b83c3f4110643,2014-02-01,2359424,2926,1025,György Garics,starting_lineup,Right Midfield,8,0
38861c9488e8f1fecbef31d3fa94d88c,2014-02-09,2359426,2926,1025,György Garics,starting_lineup,Right-Back,8,0
4c61b2841c9358252a79368d3dc35fc3,2014-02-09,2359431,2865,506,Stephan Lichtsteiner,starting_lineup,Right Midfield,26,0
82e1a939c15c3cfaf71971271da385c0,2014-02-08,2359432,3366,5,Kaká,substitutes,Attacking Midfield,-,0
7b1d2259c5d3fd5f0019736c6d60c72c,2014-02-09,2359433,10,398,Miroslav Klose,starting_lineup,Centre-Forward,11,0
139b781926a0d9c4f781ce96c4ae6867,2014-02-14,2359435,2926,1025,György Garics,starting_lineup,Right Midfield,8,0
cc1c7c1ac76a70d2c2ea1e78dc8f87d6,2014-02-14,2359435,3366,5,Kaká,starting_lineup,Attacking Midfield,22,0
ea48fe0bd7090a0b405cd1aa7d6edcb3,2014-02-16,2359436,2865,506,Stephan Lichtsteiner,starting_lineup,Right Midfield,26,0
bcfb0abf3a11bb8191376405d076fa41,2014-02-16,2359438,10,398,Miroslav Klose,starting_lineup,Centre-Forward,11,0
77ad2051b87e56a0e865fe11f937d705,2014-02-23,2359450,735,1210,Giuseppe Gemiti,substitutes,Left-Back,3,0
7bfd6511ec56732341047718eda0ca25,2014-02-22,2359452,2926,1025,György Garics,starting_lineup,Right Midfield,8,0
115a6b6969924e292d54b1d40e24ae59,2014-02-23,2359453,10,398,Miroslav Klose,starting_lineup,Centre-Forward,11,0
2b3c52f7e3482c99ff964c736b63f63f,2014-02-23,2359454,2865,506,Stephan Lichtsteiner,starting_lineup,Right Midfield,26,0
3833164144df7264f7f84f6a36c7e182,2014-03-02,2359455,2926,1025,György Garics,starting_lineup,Right Midfield,8,0
f88ecee58c10c51ab5108c6e9197704b,2014-03-01,2359458,1161,46,Javier Zanetti,substitutes,Right Midfield,4,0
4a7bc18e2449a367c254ffefbb3b64bf,2014-03-02,2359459,2865,506,Stephan Lichtsteiner,starting_lineup,Right Midfield,26,0
3e1ab7d6118690243d58f3c4a1465650,2014-03-02,2359459,3366,5,Kaká,starting_lineup,Attacking Midfield,22,0
855231bf6b559c2db0f55e20a83b5288,2014-03-09,2359465,10,398,Miroslav Klose,starting_lineup,Centre-Forward,11,0
bd0a517f212b2955211431b2ed8bca96,2014-03-09,2359467,2865,506,Stephan Lichtsteiner,starting_lineup,Right Midfield,26,0
83f208f8d52227a61b338dd8bb50119a,2014-03-16,2359475,735,1210,Giuseppe Gemiti,substitutes,Left-Back,3,0
de588f75c3422c1b0c8de8433f01ae74,2014-03-16,2359475,2926,1025,György Garics,substitutes,Right-Back,8,0
4c58e906905392e3f92ed480a8064f66,2014-03-15,2359478,1161,46,Javier Zanetti,substitutes,Left Midfield,4,0
2826469a8948df227171db8467204623,2014-03-16,2359479,2865,506,Stephan Lichtsteiner,starting_lineup,Right Midfield,26,0
c9b15c2824eeb4989a3c770db2052a4d,2014-03-16,2359480,10,398,Miroslav Klose,starting_lineup,Centre-Forward,11,0
231ea1e7f86c44181279a4db8a355f98,2014-03-16,2359482,3366,5,Kaká,starting_lineup,Left Winger,22,0
20bb903ada6d8426bf98ff292b2b89a2,2014-03-23,2359486,2926,1025,György Garics,starting_lineup,Right Midfield,8,0
202c9b649ada851c2aa1298c61d95b28,2014-03-23,2359490,2865,506,Stephan Lichtsteiner,starting_lineup,Right Midfield,26,0
eeb0466ddde917c06cdfe9277767d54e,2014-03-23,2359492,3366,5,Kaká,starting_lineup,Left Winger,22,0
56457a5a778e0e17079507f88069a312,2014-03-26,2359495,2926,1025,György Garics,starting_lineup,Right Midfield,8,0
a1a885e624f33f6e933b2ec78a861b03,2014-03-26,2359498,735,1210,Giuseppe Gemiti,starting_lineup,Left Midfield,3,0
8b24fd12957956a2cdbbb35e0973d6ca,2014-03-26,2359499,3366,5,Kaká,starting_lineup,Attacking Midfield,22,1
0de89508035b6caae0acc00268903176,2014-03-26,2359501,2865,506,Stephan Lichtsteiner,starting_lineup,Right Midfield,26,0
2b06d9e32a37ce96d06e50c724aa55c4,2014-03-29,2359505,2926,1025,György Garics,starting_lineup,Right Midfield,8,0
41df0c07feff468fcb2484d43d541d55,2014-03-29,2359508,3366,5,Kaká,starting_lineup,Attacking Midfield,22,1
2a9129596f53cfd859f8994ea6e8e0d7,2014-03-31,2359511,735,1210,Giuseppe Gemiti,substitutes,Left-Back,3,0
4374fa14017ae4bae366c5d091f0a08d,2014-03-31,2359511,1161,46,Javier Zanetti,substitutes,Right Midfield,4,0
832cc90c2607feb6f506b3b87039c4b9,2014-03-30,2359512,2865,506,Stephan Lichtsteiner,starting_lineup,Right Midfield,26,0
7dd6b1385bcb0a7917b25926987f6253,2014-03-30,2359513,10,398,Miroslav Klose,starting_lineup,Centre-Forward,11,0
5ab311374c54d7df799be9053e384fd2,2014-04-05,2359515,1161,46,Javier Zanetti,substitutes,Right-Back,4,0
1b1a4b150f198c820e2c9ac55c7cb1fe,2014-04-05,2359515,2926,1025,György Garics,starting_lineup,Right Midfield,8,0
7956c82d3513c18c537893348c81ffa5,2014-04-07,2359517,735,1210,Giuseppe Gemiti,substitutes,Left-Back,3,0
fa89cebd75d5d1991b154022dd95a84e,2014-04-07,2359517,2865,506,Stephan Lichtsteiner,starting_lineup,Right Midfield,26,0
c96531c90aa9910b1d79c957ede4780a,2014-04-07,2359518,3366,5,Kaká,starting_lineup,Attacking Midfield,22,0
ceccb60ecdf2618408f4e2df3b8afc61,2014-04-13,2359527,3366,5,Kaká,starting_lineup,Attacking Midfield,22,0
78ef842f7208b974cac6743407c1dd2a,2014-04-14,2359532,2865,506,Stephan Lichtsteiner,starting_lineup,Right Midfield,26,0
65871cbed13aae7c251f50c25d32c44b,2014-04-13,2359534,2926,1025,György Garics,starting_lineup,Right Midfield,8,0
ba906b6c413d201a2c3b1f5f0cfa19f0,2014-04-19,2359535,2926,1025,György Garics,starting_lineup,Right Midfield,8,0
8bdd0542fab1158e2a8975c8cc6af64c,2014-04-19,2359538,1161,46,Javier Zanetti,substitutes,Right Midfield,4,0
7fbecc9240dc851516547148227b3859,2014-04-19,2359539,3366,5,Kaká,starting_lineup,Attacking Midfield,22,0
37c0e9c9478d3d9e8634049cc2953d95,2014-04-26,2359547,2926,1025,György Garics,starting_lineup,Right Midfield,8,0
2f7f6a891ee73a6a04bbc840b6b41c86,2014-04-28,2359549,2865,506,Stephan Lichtsteiner,substitutes,Right-Back,26,0
6d62b448cf54eec985bc7144ec5f346e,2014-04-25,2359551,3366,5,Kaká,starting_lineup,Attacking Midfield,22,0
61f2a51d2cb53f9b4e340effb9d6653d,2014-04-26,2359552,1161,46,Javier Zanetti,substitutes,Right Midfield,4,0
c4beddd74c346e781a3975479a243941,2014-05-05,2359555,2865,506,Stephan Lichtsteiner,starting_lineup,Right Midfield,26,0
d720c9c06290767b547014a1a39be5b9,2014-05-04,2359556,2926,1025,György Garics,starting_lineup,Right Midfield,8,0
70a84ea729efb3eead29a0d950798175,2014-05-05,2359558,10,398,Miroslav Klose,substitutes,Centre-Forward,11,0
33fd7b16a6766331fb1fbf060f50ebcc,2014-05-04,2359559,1161,46,Javier Zanetti,substitutes,Right-Back,4,0
b015d534c49bd205f025f01f6687bee8,2014-05-04,2359559,3366,5,Kaká,starting_lineup,Second Striker,22,0
6eb7725dc808d9b1aae121824843ecff,2014-05-11,2359565,2926,1025,György Garics,starting_lineup,Right Midfield,8,0
bd7740fefcd6676415816b7614889779,2014-05-11,2359569,2865,506,Stephan Lichtsteiner,starting_lineup,Right Midfield,26,0
c9d6dbc0013a7fef41616454830eeb33,2014-05-10,2359570,10,398,Miroslav Klose,starting_lineup,Centre-Forward,11,0
bfac9ee03b8104313dcc1b750030fd7c,2014-05-10,2359570,1161,46,Javier Zanetti,substitutes,Right-Back,4,0
b993edb7e8665af266cf3b8cbbffbc00,2014-05-11,2359571,3366,5,Kaká,starting_lineup,Second Striker,22,0
9df2d2f067ea438984d31b420287b46a,2014-05-18,2359576,10,398,Miroslav Klose,starting_lineup,Centre-Forward,11,0
c6bb87874b43240a17a8cc29c03ca992,2014-05-18,2359576,2926,1025,György Garics,substitutes,Right-Back,8,0
774eac39feaa8f73ec819cfa2b15858c,2014-05-18,2359577,2865,506,Stephan Lichtsteiner,starting_lineup,Right Midfield,26,0
6c13ec865b1cb3bf317009e7347fab1c,2014-05-18,2359579,1161,46,Javier Zanetti,starting_lineup,Right Midfield,4,1
d9227bea228cafb495706685fabedaf6,2014-05-18,2359580,735,1210,Giuseppe Gemiti,starting_lineup,Left-Back,3,0
bc45cdeda8e07ea4c3a2af1fd77a0bde,2014-05-18,2359583,3366,5,Kaká,starting_lineup,Attacking Midfield,22,0
bc7754a8df96d74e66c19393b6b2e440,2013-08-21,2360896,132,11,Tomas Rosicky,starting_lineup,Attacking Midfield,7,0
cdab8386d334c257d0b2a883bbcf0ba6,2013-08-21,2360896,3270,36,Joseph Yobo,starting_lineup,Centre-Back,6,0
16de68d9ba1a5fcca78b5bce0d742a7a,2013-08-22,2360919,1426,79,Cacau,starting_lineup,Second Striker,18,0
a84922929774bf1e97e90cf9e87ca549,2013-08-22,2360922,1565,24,Alexander Meier,starting_lineup,Attacking Midfield,14,1
d9130f2479ef8153379adbd2951e7f30,2013-08-29,2360963,1426,79,Cacau,starting_lineup,Second Striker,18,0
7d51a6f4f3f189e0f1d5321c62ac2d27,2013-08-29,2360966,1565,24,Alexander Meier,starting_lineup,Centre-Forward,14,0
b185a3e98989a0f1d56cf7ff0a4630f4,2013-08-29,2360975,3201,3060,Stathis Tavlaridis,starting_lineup,Centre-Back,4,0
971c07d2b77027e5939f98aaa643e5b2,2013-08-29,2360981,488,2288,Gerhard Tremmel,starting_lineup,Goalkeeper,25,0
a478bbdd89c1a4ead1d652867db587d1,2013-09-24,2361067,1791,167,Halil Altıntop,starting_lineup,Centre-Forward,7,0
60230172c171864ebe9742f3215ef09d,2013-09-25,2361070,258,33,Gerald Asamoah,substitutes,Centre-Forward,18,0
72a27170f278347b7a1bd2bef591edcb,2013-09-25,2361070,598,33,Timo Hildebrand,starting_lineup,Goalkeeper,34,0
685fb85727cbbf6de3ce6fe061257f41,2013-09-25,2361070,1321,33,Jermaine Jones,starting_lineup,Defensive Midfield,13,0
b21b1e13a47012dc3fddc98a7edf488f,2013-09-24,2361073,1667,82,Diego Benaglio,starting_lineup,Goalkeeper,1,1
c84e1d2763da216314c6597a02a9a0f3,2013-09-24,2361073,2358,82,Patrick Ochs,substitutes,Right-Back,2,0
7a5b47a7b843bb0bb41ede85cd0c3866,2013-09-24,2361074,691,15,Simon Rolfes,starting_lineup,Central Midfield,6,1
3a1f81c036a8dfaad926a661b87f1467,2013-09-24,2361074,3256,15,Roberto Hilbert,substitutes,Right-Back,14,0
a21dd9e3ecea344ab5574f720eec9de9,2013-09-24,2361075,1116,65,Thomas Kleine,substitutes,Centre-Forward,19,0
8c6278338843ffc446ed6e5c29ba7436,2013-09-24,2361075,1726,41,Heiko Westermann,starting_lineup,Right-Back,4,0
c7afac91c0eaef62e8d4faa8570acd67,2013-09-24,2361075,1784,41,René Adler,starting_lineup,Goalkeeper,15,0
8c11f2990bc930b1f741f01c8ebdc082,2013-09-25,2361076,80,27,Tom Starke,substitutes,Goalkeeper,22,0
69c94301bc2caebb04faa0b30c372ff6,2013-09-25,2361076,532,27,Claudio Pizarro,starting_lineup,Centre-Forward,14,0
63d64e27c8c5c26837d74e133ac8ca8d,2013-09-25,2361076,1586,42,Christian Schulz,substitutes,Centre-Back,19,0
31278d41bdf3602e9f17fed609dfc6b7,2013-09-25,2361076,2219,27,Philipp Lahm,starting_lineup,Defensive Midfield,21,1
070a326d9705c81b92d876abb32168dc,2013-09-25,2361076,2514,27,Bastian Schweinsteiger,starting_lineup,Central Midfield,31,0
126da4e1d4c1c30636dbe1ebb4855a8a,2013-09-25,2361076,3114,42,Jan Schlaudraff,substitutes,Second Striker,13,0
08a45fbd8c794ca2977f8d8bd456cc07,2013-09-24,2361079,1126,3,Matthias Lehmann,starting_lineup,Defensive Midfield,33,0
5a34df1e78da736c081ef2b5c8c7d5fb,2013-09-24,2361079,1139,39,Nikolce Noveski,starting_lineup,Centre-Back,4,1
331b96cde622ab43c3660647283216ac,2013-09-24,2361079,1363,39,Christian Wetklo,starting_lineup,Goalkeeper,29,0
62b5dd0a980d06c19bec2f7796a62cf9,2013-09-25,2361081,411,44,Levan Kobiashvili,substitutes,Left Midfield,3,0
2736bec94bac5d779f2e54269e6ec012,2013-09-25,2361081,1381,44,Maik Franz,starting_lineup,Centre-Back,5,0
b3f5b9c08f5a3cdcce33e77ea5be071c,2013-09-25,2361082,1426,79,Cacau,substitutes,Centre-Forward,18,0
7c3c58aecc9fe88457c6341f8bb42b7a,2013-09-25,2361082,1428,60,Mike Hanke,starting_lineup,Centre-Forward,9,0
fc20678886c59955e415a4611d768a57,2013-08-17,2361144,2926,1025,György Garics,starting_lineup,Right-Back,8,0
64bd5a7262360e0aee7745c9f323e562,2013-08-17,2361144,3159,19,Valerio Di Cesare,starting_lineup,Centre-Back,6,0
cfcee996ee0832a2c6f6535f595dd7be,2013-08-17,2361145,735,1210,Giuseppe Gemiti,starting_lineup,Left Midfield,3,0
462f2a7b7f59dcdc9dcfb813b76b4619,2013-08-21,2363717,598,33,Timo Hildebrand,starting_lineup,Goalkeeper,34,0
63d6aad5d9fd6da460b528587f7a4aa7,2013-08-21,2363717,1321,33,Jermaine Jones,starting_lineup,Defensive Midfield,13,0
ebbe29ccbeb61d18437d29bea20c0ea7,2013-08-27,2363718,598,33,Timo Hildebrand,starting_lineup,Goalkeeper,34,0
c437700919810ec6fea7d07afc557858,2013-08-27,2363718,1321,33,Jermaine Jones,starting_lineup,Defensive Midfield,13,0
4f5659b61f9958b150c76fc4c9a7740f,2013-08-28,2366503,276,5722,Sladan Peric,starting_lineup,Centre-Back,4,0
06a0d5ced636420c393ed26601f7bd66,2013-08-30,2366616,80,27,Tom Starke,substitutes,Goalkeeper,22,0
cfdaef8851d1c2eeac2152c01df50b95,2013-08-30,2366616,532,27,Claudio Pizarro,substitutes,Centre-Forward,14,0
c4ad1ace5e477eb6960144e1e1a0aee0,2013-08-30,2366616,2219,27,Philipp Lahm,starting_lineup,Defensive Midfield,21,1
7f05807a54eeb411ccf1b56a120c86de,2013-08-30,2366616,3160,631,John Terry,substitutes,Centre-Back,26,0
b15a6f3a54f6c0baa4cd972da2e241cb,2013-08-30,2366616,3163,631,Frank Lampard,starting_lineup,Defensive Midfield,8,1
c22363425eeb3595d9af9e49cce45b8b,2013-08-30,2366616,3182,631,Ashley Cole,starting_lineup,Left-Back,3,0
4bca9ab86f5436c74949cb3435c08e50,2013-08-30,2366616,3357,631,Mark Schwarzer,substitutes,Goalkeeper,23,0
bd7b4503c92f1bea3e0afd4dc1e69756,2013-09-17,2367027,691,15,Simon Rolfes,starting_lineup,Central Midfield,6,1
64f13cf465e82df0de5082e976640419,2013-09-17,2367027,3235,985,Rio Ferdinand,starting_lineup,Centre-Back,5,0
e5b54526f06020bf72df67f9c07797d0,2013-09-17,2367027,3256,15,Roberto Hilbert,substitutes,Right-Back,14,0
117bf36d23a68897209bcabed6beea74,2013-09-17,2367027,3332,985,Wayne Rooney,starting_lineup,Second Striker,10,0
57bd1ae3ea111dfab2b29bfd12ef82cd,2013-09-17,2367030,1423,190,Lars Jacobsen,starting_lineup,Right-Back,2,1
07eba1d2309454f5e7babc60c32fcea9,2013-09-17,2367030,2865,506,Stephan Lichtsteiner,starting_lineup,Right Midfield,26,0
f9d6b994ba9fef0a22c273d5251f468d,2013-09-17,2367030,3098,190,Olof Mellberg,starting_lineup,Centre-Back,5,0
ff9cbfe0fb9ddbab037be0158741052d,2013-09-17,2367033,80,27,Tom Starke,substitutes,Goalkeeper,22,0
403f0f357a035e0fc9cdd635ba5c51ae,2013-09-17,2367033,532,27,Claudio Pizarro,substitutes,Centre-Forward,14,0
f5f1ed1c85b461a6f4fa6de218cb5886,2013-09-17,2367033,2219,27,Philipp Lahm,starting_lineup,Defensive Midfield,21,1
d71f62d7bb17767706a0f8227b691bcc,2013-09-17,2367033,2514,27,Bastian Schweinsteiger,substitutes,Central Midfield,31,0
0b997010374cb9f3160f1537fc7f413f,2013-09-17,2367034,3333,281,James Milner,substitutes,Right Midfield,7,0
e1d48f25016eb42d111f8dcd943e2c7c,2013-09-18,2367093,598,33,Timo Hildebrand,starting_lineup,Goalkeeper,34,0
13f078fed10fe97f9ffd66b38306816d,2013-09-18,2367094,3160,631,John Terry,substitutes,Centre-Back,26,0
7fa524f733d288764f5f8aaa8dcac780,2013-09-18,2367094,3163,631,Frank Lampard,starting_lineup,Central Midfield,8,1
be34c7b009822041378db2e417311b04,2013-09-18,2367094,3182,631,Ashley Cole,starting_lineup,Left-Back,3,0
8d9c74b749ab70b70ccdee267ed4b62c,2013-09-18,2367094,3357,631,Mark Schwarzer,substitutes,Goalkeeper,23,0
a5b70e7101ac2fdc5f07606982260691,2013-09-18,2367096,26,16,Roman Weidenfeller,starting_lineup,Goalkeeper,1,1
cdec5d0d549e697b8a132dd81329f172,2013-09-18,2367096,2150,16,Oliver Kirch,substitutes,Right-Back,21,0
2e0303560eddc7527e21339a44d33a4f,2013-09-18,2367099,1443,610,Christian Poulsen,starting_lineup,Defensive Midfield,5,0
14b46aceae5e359db132d8707de2843c,2013-10-01,2367101,1443,610,Christian Poulsen,starting_lineup,Defensive Midfield,5,0
6aba636c07c965ee8fd64ebc86a2bee3,2013-10-01,2367103,598,33,Timo Hildebrand,starting_lineup,Goalkeeper,34,0
14bd60d8c5494a3463ef769b0d20abcd,2013-10-01,2367104,3160,631,John Terry,starting_lineup,Centre-Back,26,1
4cd86276c5c954be87558575251b184f,2013-10-01,2367104,3163,631,Frank Lampard,starting_lineup,Central Midfield,8,0
169999b80f6503984e0ef7bd64613347,2013-10-01,2367104,3182,631,Ashley Cole,starting_lineup,Left-Back,3,0
07757f86fee621fff2434528839d31e6,2013-10-01,2367104,3357,631,Mark Schwarzer,substitutes,Goalkeeper,23,0
b0858d2d56993360c76371f8105dba9c,2013-10-01,2367106,132,11,Tomas Rosicky,starting_lineup,Left Midfield,7,0
607d0626e7f784531bb94e875b093334,2013-10-02,2367108,80,27,Tom Starke,substitutes,Goalkeeper,22,0
aa8c4c6bbaddc2d6c388349297a3ec15,2013-10-02,2367108,2219,27,Philipp Lahm,starting_lineup,Defensive Midfield,21,1
0092e4fca41de00e66b0e182e0195ac5,2013-10-02,2367108,2514,27,Bastian Schweinsteiger,starting_lineup,Central Midfield,31,0
ef784eaae7507cc09e824184cc7e666f,2013-10-02,2367108,3333,281,James Milner,substitutes,Left Midfield,7,0
04adc1c1b29ce3a203d3b6d2e1696491,2013-10-02,2367109,3406,985,Ryan Giggs,substitutes,Central Midfield,11,0
cf21d1e6b1a0c09ac9036f1db46b604a,2013-10-02,2367110,691,15,Simon Rolfes,starting_lineup,Central Midfield,6,1
ba5b703041ee8bd121063ff3362fcb49,2013-10-02,2367110,3256,15,Roberto Hilbert,starting_lineup,Right-Back,14,0
6da7b6e2cbbb3c25ac2f0f42817735cd,2013-10-02,2367111,2865,506,Stephan Lichtsteiner,starting_lineup,Right Midfield,26,0
6136948f8a10d559830241db8279ed5a,2013-10-02,2367112,1423,190,Lars Jacobsen,starting_lineup,Right-Back,2,1
8e0a39df00a01d84a19469b2c63c777e,2013-10-02,2367112,3098,190,Olof Mellberg,starting_lineup,Centre-Back,5,0
8b18014f8b269c511a0d3e507e2fbef5,2013-12-12,2367206,10,398,Miroslav Klose,substitutes,Centre-Forward,11,0
8adc4bfe1b812a944cce2f8fceff3edb,2013-09-19,2367221,1428,60,Mike Hanke,starting_lineup,Centre-Forward,9,0
149a6e3edf1a446fb738299be8d7771d,2013-10-03,2367230,488,2288,Gerhard Tremmel,starting_lineup,Goalkeeper,25,0
ec746e0790e70a77683e9b11b94bac43,2013-10-24,2367252,488,2288,Gerhard Tremmel,starting_lineup,Goalkeeper,25,0
a4a2cbed8360bfd02383b95a8a705092,2013-10-24,2367263,1565,24,Alexander Meier,starting_lineup,Centre-Forward,14,0
1fa71682bad56306a59aa31f3363fb7c,2013-10-24,2367267,1428,60,Mike Hanke,substitutes,Second Striker,9,0
79e5991ef8e512a7af1df184c95b1603,2013-11-07,2367299,3115,40,David Bellion,substitutes,Centre-Forward,11,0
83c44c6a89a3119f1078732fc15ead4c,2013-11-07,2367300,1565,24,Alexander Meier,starting_lineup,Second Striker,14,1
5dbb5c357cfbd2a8f7784e0fcd96a6ae,2013-11-28,2367311,488,2288,Gerhard Tremmel,starting_lineup,Goalkeeper,25,0
3288ffea9fe1fa39c96226687f432ca1,2013-11-28,2367325,1428,60,Mike Hanke,starting_lineup,Centre-Forward,9,0
2a1bd0678a661ec7bb42dc8b6aa63698,2013-12-12,2367334,488,2288,Gerhard Tremmel,starting_lineup,Goalkeeper,25,0
56748c0893e521204d9dc7be90ad82c5,2013-12-12,2367344,3115,40,David Bellion,starting_lineup,Centre-Forward,11,0
0827e10ac25f96df879151731bb035d7,2013-12-12,2367347,2623,368,Piotr Trochowski,substitutes,Left Midfield,15,0
430c6898d77c6bb3394a0f85e4c88183,2013-10-22,2368431,598,33,Timo Hildebrand,starting_lineup,Goalkeeper,34,0
e90636e7dcb984ec3a1a38af98a0948a,2013-10-22,2368431,1321,33,Jermaine Jones,starting_lineup,Defensive Midfield,13,0
2ee890f5cd7d2ac8faa2565abbb8e2cb,2013-10-22,2368431,3160,631,John Terry,starting_lineup,Centre-Back,26,1
651ed28e8eb461b6d20c79fcbca11f45,2013-10-22,2368431,3163,631,Frank Lampard,starting_lineup,Central Midfield,8,0
11b38f9b2a321661344e6490c6e86701,2013-10-22,2368431,3357,631,Mark Schwarzer,substitutes,Goalkeeper,23,0
bcbc5aac5355b8fe1387a50b1838fe23,2013-10-22,2368433,26,16,Roman Weidenfeller,starting_lineup,Goalkeeper,1,1
83ea36c250fb5c1933b89e50340837c1,2013-10-22,2368433,132,11,Tomas Rosicky,starting_lineup,Left Midfield,7,0
60c72891ae0369cb166d4fc0072a4643,2013-10-22,2368433,2150,16,Oliver Kirch,substitutes,Defensive Midfield,21,0
99a7c9a235d1b8d05ebcd18b8edc39a2,2013-10-22,2368436,1443,610,Christian Poulsen,starting_lineup,Defensive Midfield,5,0
3ba953285f89cecb8839016256b6ee90,2013-10-22,2368437,3366,5,Kaká,starting_lineup,Left Winger,22,0
b1beabc6912594f57035e160609c0cb0,2013-10-23,2368439,691,15,Simon Rolfes,starting_lineup,Defensive Midfield,6,1
f4825b3352ff1bc9d947a576eeb87522,2013-10-23,2368439,3256,15,Roberto Hilbert,substitutes,Right-Back,14,0
3ad8a87b8a09b3f2f9643607b25f8944,2013-10-23,2368440,3332,985,Wayne Rooney,starting_lineup,Second Striker,10,0
ce514a00b6ee8b688a2c9c1400ac7711,2013-10-23,2368440,3406,985,Ryan Giggs,starting_lineup,Central Midfield,11,0
477ee4fda26dbc6934529f8065fd547f,2013-10-23,2368442,1423,190,Lars Jacobsen,starting_lineup,Right-Back,2,1
04a6b73f9832a9ee564d07f3080dc2ca,2013-10-23,2368442,3098,190,Olof Mellberg,starting_lineup,Centre-Back,5,0
9587f68cf81c91a684d344ae5a658f78,2013-10-23,2368445,80,27,Tom Starke,substitutes,Goalkeeper,22,0
f995d767a2e2274a5ca86a6071c03692,2013-10-23,2368445,532,27,Claudio Pizarro,substitutes,Centre-Forward,14,0
ea015bdf265002105f5ae92936d0cd1e,2013-10-23,2368445,2219,27,Philipp Lahm,starting_lineup,Defensive Midfield,21,1
8f797d1ec7990babfb0c8a2d1e5b9964,2013-10-23,2368445,2514,27,Bastian Schweinsteiger,starting_lineup,Central Midfield,31,0
ac7542bf1c7a6e34c23f8d37bc614a36,2013-11-05,2368446,3235,985,Rio Ferdinand,starting_lineup,Centre-Back,5,0
42d9c7a97e3bb5d3dc3940b577a951f2,2013-11-05,2368446,3332,985,Wayne Rooney,starting_lineup,Second Striker,10,0
98629a4394152fd74f9a22bab3c819cb,2013-11-05,2368446,3406,985,Ryan Giggs,starting_lineup,Central Midfield,11,0
e6234a003682a2dc3a052bec63248215,2013-11-05,2368447,691,15,Simon Rolfes,starting_lineup,Defensive Midfield,6,1
3de1c4f395ddbfc3445e8b4edd801fa7,2013-11-05,2368447,3256,15,Roberto Hilbert,substitutes,Right-Back,14,0
da0f42db25d30cbc15a350f6c893fd36,2013-11-05,2368449,1423,190,Lars Jacobsen,starting_lineup,Right-Back,2,1
4c3a338988c2ebe17454a409ef580114,2013-11-05,2368449,3098,190,Olof Mellberg,starting_lineup,Centre-Back,5,0
300f7e236d0d649a092b568269646aa1,2013-11-05,2368452,80,27,Tom Starke,substitutes,Goalkeeper,22,0
43b4ee763c8a07d5474f09ad6aa01a8d,2013-11-05,2368452,2219,27,Philipp Lahm,starting_lineup,Defensive Midfield,21,1
ffb8d60658be29c7ee8183c7dd69111d,2013-11-05,2368452,2514,27,Bastian Schweinsteiger,starting_lineup,Central Midfield,31,0
fcc1fe33d245f421dccece6afd5e8d9a,2013-11-05,2368453,2963,281,Martín Demichelis,starting_lineup,Centre-Back,26,0
e62f223f1c36345bb80bd2fc0a3fb3aa,2013-11-05,2368453,3333,281,James Milner,substitutes,Central Midfield,7,0
f679b1a64b4cc4fbe964043ca3edeb6c,2013-11-06,2368455,598,33,Timo Hildebrand,starting_lineup,Goalkeeper,34,0
78f6e72ef2960a21f20b7e085e919a17,2013-11-06,2368455,1321,33,Jermaine Jones,starting_lineup,Defensive Midfield,13,0
c2e2003c1fdee0e8399e87e0ca263e83,2013-11-06,2368455,3160,631,John Terry,starting_lineup,Centre-Back,26,1
a10e54d2dc919448c341189ee348b32d,2013-11-06,2368455,3163,631,Frank Lampard,substitutes,Central Midfield,8,0
6a7bff19d9b69bad2a4ef3f55588daff,2013-11-06,2368455,3182,631,Ashley Cole,substitutes,Left-Back,3,0
28719ba8d0e72e18b2a53a6023781c64,2013-11-06,2368455,3357,631,Mark Schwarzer,substitutes,Goalkeeper,23,0
537b92a51f745c46ed8b6334f39b1d39,2013-11-06,2368457,26,16,Roman Weidenfeller,starting_lineup,Goalkeeper,1,1
8803e067efaf8567efab29d1078be0a3,2013-11-06,2368457,132,11,Tomas Rosicky,starting_lineup,Right Midfield,7,0
f536056737e962be302e07516906ea9d,2013-11-06,2368457,410,16,Sebastian Kehl,substitutes,Defensive Midfield,5,0
98cbaa8fa02234ea73e1f7dd09ff39d7,2013-11-06,2368457,2150,16,Oliver Kirch,substitutes,Defensive Midfield,21,0
dfbd126a74cbee72fc79beeec905ceed,2013-11-06,2368459,3366,5,Kaká,starting_lineup,Right Winger,22,0
cd5550f8f96efe81587de2d0395be311,2013-11-06,2368460,1443,610,Christian Poulsen,substitutes,Defensive Midfield,5,0
057a55da81eecf06f9e07d3af639d738,2013-11-26,2368462,3160,631,John Terry,starting_lineup,Centre-Back,26,1
1fcb62ae27e499781a77b98f7fe2e231,2013-11-26,2368462,3163,631,Frank Lampard,starting_lineup,Central Midfield,8,0
8481ab3e4ebf03522baa8776ac998d99,2013-11-26,2368462,3182,631,Ashley Cole,substitutes,Left-Back,3,0
0023cac69a614bcd97a03429c5df1c7e,2013-11-26,2368462,3357,631,Mark Schwarzer,substitutes,Goalkeeper,23,0
83574a6a28f52894b05924338525c8de,2013-11-26,2368463,1321,33,Jermaine Jones,starting_lineup,Defensive Midfield,13,0
050470024b74227be15b27e26e2b2c8b,2013-11-26,2368464,132,11,Tomas Rosicky,starting_lineup,Left Midfield,7,0
21919f2693f7d9af6b906a8a6d13d35d,2013-11-26,2368465,26,16,Roman Weidenfeller,starting_lineup,Goalkeeper,1,0
a1eeb885c35eb51359119c2982f579f1,2013-11-26,2368465,410,16,Sebastian Kehl,starting_lineup,Defensive Midfield,5,1
15f194562f2b8f226b3518327377255f,2013-11-26,2368465,2150,16,Oliver Kirch,substitutes,Defensive Midfield,21,0
9a124cf4e528d216bbc665b796816c77,2013-11-26,2368466,3366,5,Kaká,starting_lineup,Attacking Midfield,22,0
253a7d126f1657bb2759046baf0008b5,2013-11-26,2368467,1443,610,Christian Poulsen,substitutes,Defensive Midfield,5,0
3d5eea6fdf421dde83fd66b977ca57e0,2013-11-27,2368468,80,27,Tom Starke,substitutes,Goalkeeper,22,0
923d900567f06bf7634506b376d5bf2d,2013-11-27,2368468,2219,27,Philipp Lahm,starting_lineup,Defensive Midfield,21,1
15fac116908ba785d03d319f6f5edfd7,2013-11-27,2368469,691,15,Simon Rolfes,starting_lineup,Defensive Midfield,6,1
64035c1268689ad01c1d7738d5e1f54c,2013-11-27,2368469,3235,985,Rio Ferdinand,starting_lineup,Centre-Back,5,0
3978a14ed40a0a0073e544bdd1f07528,2013-11-27,2368469,3332,985,Wayne Rooney,starting_lineup,Centre-Forward,10,0
1c12e396ee0d2a470b098835da1bac56,2013-11-27,2368469,3406,985,Ryan Giggs,starting_lineup,Central Midfield,11,0
22a45abcbd12cfa5053ffb43eb27c215,2013-11-27,2368472,1423,190,Lars Jacobsen,starting_lineup,Right-Back,2,1
0435f5199a9c1ec10f175f873718ef55,2013-11-27,2368472,3098,190,Olof Mellberg,starting_lineup,Centre-Back,5,0
2dbf32a17a593cfc91403ec3292110e9,2013-11-27,2368475,2963,281,Martín Demichelis,starting_lineup,Centre-Back,26,0
76e703ecb77cef5722f49294d38b5ca5,2013-11-27,2368475,3333,281,James Milner,starting_lineup,Right Midfield,7,0
23fe43efc896a4f19a88be75a1810780,2013-12-10,2368476,3235,985,Rio Ferdinand,starting_lineup,Centre-Back,5,0
d41788d834ded0b2b9f55ae8dc1d4faa,2013-12-10,2368476,3332,985,Wayne Rooney,starting_lineup,Centre-Forward,10,1
fa3b7bd883fc60d26660115279637a65,2013-12-10,2368476,3406,985,Ryan Giggs,starting_lineup,Central Midfield,11,0
77e8293ffc5eeacf201a4cb3a72bdb77,2013-12-10,2368477,691,15,Simon Rolfes,starting_lineup,Defensive Midfield,6,1
33441c47509f8f15f6fa6b135d9240fd,2013-12-10,2368478,1423,190,Lars Jacobsen,starting_lineup,Right-Back,2,1
5d045ce16c381934aeceb3f2926551ed,2013-12-10,2368478,3098,190,Olof Mellberg,starting_lineup,Centre-Back,5,0
7cd8a1e6040f7565f037a518cbcdaf97,2013-12-10,2368483,80,27,Tom Starke,substitutes,Goalkeeper,22,0
9faba0aac2bb83ff1b61e0780863657f,2013-12-10,2368483,532,27,Claudio Pizarro,substitutes,Centre-Forward,14,0
c3bff4879350c890fb044df1078873ea,2013-12-10,2368483,2219,27,Philipp Lahm,starting_lineup,Right-Back,21,1
5e3760f99a1deb690ef5b89239a6ff7a,2013-12-10,2368483,2963,281,Martín Demichelis,starting_lineup,Centre-Back,26,0
90dfb60502e3671c83b817524c3f0cc2,2013-12-10,2368483,3333,281,James Milner,starting_lineup,Left Midfield,7,0
d04b283ab9d2212e2000cc005d361cfc,2013-12-11,2368485,3160,631,John Terry,starting_lineup,Centre-Back,26,1
5de57c90cb39ae4217db5926495136d2,2013-12-11,2368485,3163,631,Frank Lampard,starting_lineup,Central Midfield,8,0
5ccad2394244e5f0d320add126634bc3,2013-12-11,2368485,3182,631,Ashley Cole,starting_lineup,Left-Back,3,0
ed8b707661388516dafca28760cf3e61,2013-12-11,2368485,3357,631,Mark Schwarzer,starting_lineup,Goalkeeper,23,0
35568b302112d83411edadd3545d079c,2013-12-11,2368486,132,11,Tomas Rosicky,starting_lineup,Right Midfield,7,0
c8b5e6ca5f3e2b7cbaafd1a3bc9047fb,2013-12-11,2368487,26,16,Roman Weidenfeller,starting_lineup,Goalkeeper,1,0
be9a819b0c86812a85adb293b68176cb,2013-12-11,2368487,410,16,Sebastian Kehl,starting_lineup,Defensive Midfield,5,1
3e58899ee0167b55b2306d1d4c9ed916,2013-12-11,2368487,2150,16,Oliver Kirch,substitutes,Defensive Midfield,21,0
781ffb3e90acf892bb7d660640f983a4,2013-12-11,2368489,1443,610,Christian Poulsen,starting_lineup,Defensive Midfield,5,0
af9ee2611aafc07aa403598b18e54c36,2013-12-11,2368489,3366,5,Kaká,starting_lineup,Attacking Midfield,22,0
40d1dd13f63b96b98a2498f1599a89fb,2013-10-12,2369971,2726,2990,Romuald Peiser,starting_lineup,Goalkeeper,1,0
e501db7cc98b7b6167d62fdee849dc82,2013-11-16,2369979,2726,2990,Romuald Peiser,starting_lineup,Goalkeeper,1,0
de9cb27e72bffd5cfaf4011585b4fd3d,2013-10-30,2370137,3321,121,Luke Wilkshire,starting_lineup,Right-Back,23,0
881526ba86d5e2d9bbfea5d2fc040794,2013-10-29,2370540,1443,610,Christian Poulsen,starting_lineup,Defensive Midfield,5,0
68adaa77efd737315befafb31f043b24,2013-10-30,2370546,3170,1304,Simon Cziommer,substitutes,Central Midfield,21,0
d2708a975983b983732851f205c0b126,2013-12-03,2370751,1321,33,Jermaine Jones,starting_lineup,Defensive Midfield,13,0
97f0f14eecea49bdef013eed31c25e43,2013-12-03,2370752,26,16,Roman Weidenfeller,substitutes,Goalkeeper,1,0
ad77681206853644af5803ab01029fc3,2013-12-03,2370752,410,16,Sebastian Kehl,starting_lineup,Defensive Midfield,5,1
390ed559123617cbcebad072385f13bc,2013-12-03,2370752,1073,16,Manuel Friedrich,starting_lineup,Centre-Back,2,0
b48784f4b220304b22c3cca30820974d,2013-12-03,2370752,2150,16,Oliver Kirch,starting_lineup,Defensive Midfield,21,0
f98902bb552e428ec5562a2f416e1f15,2013-12-03,2370753,1126,3,Matthias Lehmann,starting_lineup,Defensive Midfield,33,0
2ad7ddfa9c38fbcbb29b5768133d584c,2013-12-03,2370753,1784,41,René Adler,starting_lineup,Goalkeeper,15,0
fb66f7069068e8c57ae36311509e0ac3,2013-12-04,2370754,691,15,Simon Rolfes,starting_lineup,Central Midfield,6,1
3d78b2a367afbdc613ab019a30711cb6,2013-12-04,2370754,1428,60,Mike Hanke,substitutes,Second Striker,9,0
15624522e28e7e55998c1e1d53e72d18,2013-12-04,2370755,80,27,Tom Starke,substitutes,Goalkeeper,22,0
5e914959e09c1a5c60f67278dfdfb542,2013-12-04,2370755,1791,167,Halil Altıntop,starting_lineup,Second Striker,7,0
d0c36a109155093ff964460a4dc4117c,2013-12-04,2370757,264,4795,Tamás Hajnal,starting_lineup,Attacking Midfield,30,0
10b0310d02bfc98e98e58817b544c8b2,2013-12-04,2370757,1667,82,Diego Benaglio,starting_lineup,Goalkeeper,1,1
2b7107c4401355c74a105c3aec85fcaa,2013-12-04,2370757,2358,82,Patrick Ochs,starting_lineup,Right-Back,2,0
c2400639fa9b9d2def939c9c5e32b89b,2013-10-03,2370873,1428,60,Mike Hanke,starting_lineup,Centre-Forward,9,0
3c5fa3c6020bd0afd6f772149c4fd9ce,2013-10-03,2370873,2623,368,Piotr Trochowski,starting_lineup,Attacking Midfield,15,0
3a85bb027e783b61d2c218b6ad6a4455,2013-12-18,2378599,3170,1304,Simon Cziommer,starting_lineup,Defensive Midfield,21,0
21c50047457b26d460869e3cd461147e,2013-12-19,2378600,1443,610,Christian Poulsen,starting_lineup,Defensive Midfield,5,0
d7df24174232bde2ee25f26ee9943fde,2013-09-26,2379323,3201,3060,Stathis Tavlaridis,starting_lineup,Centre-Back,4,0
f5cd35704b569ea4cd64cd12247fbedb,2013-10-31,2379341,3201,3060,Stathis Tavlaridis,starting_lineup,Centre-Back,4,0
1c89443045317e74ad2e26cbea6a16a4,2013-11-30,2379568,3322,903,Ben Williams,starting_lineup,Goalkeeper,1,0
3629ea625d647ca69438aa372b4a5b79,2013-12-01,2379571,3269,370,Calvin Zola,starting_lineup,Centre-Forward,7,0
6e33ef2396d0174401dc9ce280baf599,2013-12-01,2379571,3310,370,Nicky Weaver,substitutes,Goalkeeper,20,0
9f8667f96a4960c06a890cc4f4650028,2013-11-19,2380402,2999,2964,Chris Iwelumo,substitutes,Centre-Forward,9,0
9805e8508167758dadcc017b794edb72,2013-12-07,2382245,277,3368,Sérgio da Silva Pinto,starting_lineup,Central Midfield,18,0
6299a736c151f426e329acd5b7fc1f9a,2013-12-17,2382252,2923,3368,Andreas Ivanschitz,starting_lineup,Left Midfield,21,0
ab4ece7359a55f1ea3b5a345923cd7a0,2013-12-17,2382254,215,1084,Roque Santa Cruz,substitutes,Centre-Forward,9,0
f648b5169f1666e7636d65651770b342,2013-12-18,2382261,2623,368,Piotr Trochowski,starting_lineup,Right Midfield,15,0
65547fcbbaa1b07646fe4d616caa07b5,2014-01-16,2382307,2956,68608,Roland Linz,starting_lineup,Centre-Forward,29,0
860c094eb65faf966200be45cfed9bf3,2014-01-25,2382314,2956,68608,Roland Linz,substitutes,Centre-Forward,29,0
dab6de419f84216bb84afeff8187ca7f,2013-12-18,2383734,2865,506,Stephan Lichtsteiner,substitutes,Right Midfield,26,0
7453eeb0c2a90b84c669e58986314d32,2014-01-09,2383889,1161,46,Javier Zanetti,starting_lineup,Right Midfield,4,1
18ded9f471ff42dd3b70a298ab77148c,2014-02-08,2384212,3322,903,Ben Williams,starting_lineup,Goalkeeper,1,0
fe52ab0f53695fd0cf1f43ff90fa2c89,2014-02-11,2384434,26,16,Roman Weidenfeller,starting_lineup,Goalkeeper,1,0
475f2779a5f2fe1cfbb085f1f6bc29f1,2014-02-11,2384434,410,16,Sebastian Kehl,starting_lineup,Defensive Midfield,5,1
9692d403b35dff2f1af0ecac68aaef0b,2014-02-11,2384434,1073,16,Manuel Friedrich,starting_lineup,Centre-Back,2,0
def90c72e0b6b07f1e209c42a2e058de,2014-02-11,2384434,1565,24,Alexander Meier,starting_lineup,Attacking Midfield,14,1
aa2a3a13a4e1ae87b23bded83140985b,2014-02-11,2384434,2150,16,Oliver Kirch,substitutes,Defensive Midfield,21,0
c9dac39608de59d3d9431b9bcb517ecc,2014-02-11,2384434,2767,24,Alexander Madlung,starting_lineup,Centre-Back,39,0
dba1624a5022e7a2c0588dc71fa3203f,2014-02-12,2384435,1667,82,Diego Benaglio,starting_lineup,Goalkeeper,1,1
32204530b03ef696d9d5dabd075b62d0,2014-02-12,2384435,2358,82,Patrick Ochs,starting_lineup,Right-Back,2,0
271f25ad1f6dca8b8e7370241424f1f8,2014-02-12,2384436,80,27,Tom Starke,substitutes,Goalkeeper,22,0
957fbff85b60fe87253f8100558ca393,2014-02-12,2384436,532,27,Claudio Pizarro,substitutes,Centre-Forward,14,0
78781a457767c246375ebb7dd086ad66,2014-02-12,2384436,1726,41,Heiko Westermann,starting_lineup,Centre-Back,4,0
fd6bbec9f194f6c0b19fc1891605b832,2014-02-12,2384436,1784,41,René Adler,starting_lineup,Goalkeeper,15,0
8cb8226e6407cf73eac47508586f7669,2014-02-12,2384436,2219,27,Philipp Lahm,starting_lineup,Defensive Midfield,21,1
ecb483b4814f45e5832ee3416a265d99,2014-02-12,2384436,2514,27,Bastian Schweinsteiger,substitutes,Defensive Midfield,31,0
93bbee1c94067f57fdbc919c94dfbf2c,2014-02-12,2384437,691,15,Simon Rolfes,starting_lineup,Defensive Midfield,6,1
7b90f67efa57c8ae9a0f552a7cb1b7f6,2013-12-04,2384502,3201,3060,Stathis Tavlaridis,starting_lineup,Centre-Back,4,0
485172a6ad301bdc7a770027740ed6f5,2014-01-15,2384510,3201,3060,Stathis Tavlaridis,starting_lineup,Centre-Back,4,0
4fa85a52cdb856a1d8b2f7f6faad3abb,2013-12-11,2384520,2865,506,Stephan Lichtsteiner,starting_lineup,Right Midfield,26,0
ba348797dce36407a85c6a218e22ad35,2014-02-08,2384532,2999,2578,Chris Iwelumo,substitutes,Centre-Forward,25,0
79f395cb8792f5490449e3f8bf621eac,2014-02-08,2384532,3287,2578,Steve Banks,starting_lineup,Goalkeeper,15,0
378b52389c7fdd8639119576d0755dc1,2013-12-17,2384653,80,27,Tom Starke,substitutes,Goalkeeper,22,0
6c83e28ffc16c8ab5a08673d309a3f38,2013-12-17,2384653,532,27,Claudio Pizarro,substitutes,Centre-Forward,14,0
32c7b9ea7a506f753335d43fd2f36ad6,2013-12-17,2384653,2219,27,Philipp Lahm,starting_lineup,Defensive Midfield,21,1
31274500a1a1aaefade213b89d53249b,2014-02-18,2385037,2963,281,Martín Demichelis,starting_lineup,Centre-Back,26,0
50d0cf05601c3578b745372f94bda380,2014-02-25,2385038,2050,683,Nelson Valdez,substitutes,Centre-Forward,18,0
09cd455ce7e7f8f53d12cd71a75614dc,2014-02-25,2385038,3235,985,Rio Ferdinand,starting_lineup,Centre-Back,5,0
123734f5b847ed34e72805ffb65e0e53,2014-02-25,2385038,3332,985,Wayne Rooney,starting_lineup,Second Striker,10,0
3a76d455f72ac563d6a599386387d39a,2014-02-25,2385038,3406,985,Ryan Giggs,substitutes,Left Midfield,11,0
6bdfcc6340ca1df15ec79dac585663b8,2014-02-19,2385039,3366,5,Kaká,starting_lineup,Second Striker,22,1
6b699c316b9aede61a68fb5659503891,2014-02-18,2385040,691,15,Simon Rolfes,starting_lineup,Defensive Midfield,6,1
37c3737308f78897fbd3385e8e85689e,2014-02-18,2385040,3256,15,Roberto Hilbert,starting_lineup,Right-Back,14,0
d96b21153fc109b38ea658d41663f2f8,2014-02-26,2385041,3160,631,John Terry,starting_lineup,Centre-Back,26,1
d9150ccf2dfd5c908800cffc8e69167e,2014-02-26,2385041,3163,631,Frank Lampard,starting_lineup,Central Midfield,8,0
9222987706ac85be2cb4ab8fc06a5e93,2014-02-26,2385041,3182,631,Ashley Cole,substitutes,Left-Back,3,0
cf7059985b51a3602f4e31cb538e81af,2014-02-26,2385041,3357,631,Mark Schwarzer,substitutes,Goalkeeper,23,0
893cbdaef63e3ddc56f60f41faed2a65,2014-02-25,2385043,26,16,Roman Weidenfeller,starting_lineup,Goalkeeper,1,0
81719af571218cf4862d84fbfee4f1a9,2014-02-25,2385043,410,16,Sebastian Kehl,starting_lineup,Defensive Midfield,5,1
66cbdddfaf5704e166a88af0873b7f69,2014-02-25,2385043,1073,16,Manuel Friedrich,starting_lineup,Centre-Back,2,0
9a07d01a56f89d7394321bf7fbb41b51,2014-02-19,2385044,80,27,Tom Starke,substitutes,Goalkeeper,22,0
05b47a63b8bc5118511835708d4909a6,2014-02-19,2385044,132,11,Tomas Rosicky,substitutes,Right Midfield,7,0
b5adaef5357a3aee6da843e5d121c999,2014-02-19,2385044,532,27,Claudio Pizarro,substitutes,Centre-Forward,14,0
038d8ac717beb29eb3e3256e181786cb,2014-02-19,2385044,2219,27,Philipp Lahm,starting_lineup,Right-Back,21,1
1d00015d49e5d225e59c6776fdd8d3e7,2014-02-19,2385044,2514,27,Bastian Schweinsteiger,substitutes,Central Midfield,31,0
aca0876c8ca7b1be9d60b92ed21c3dc1,2014-03-12,2385045,3333,281,James Milner,starting_lineup,Left Midfield,7,0
3447bffb4b788c5e00f84d6a0d23b779,2014-03-19,2385046,2050,683,Nelson Valdez,substitutes,Centre-Forward,18,0
16ce2d909191895ae07c865ecf01f9ec,2014-03-19,2385046,3235,985,Rio Ferdinand,starting_lineup,Centre-Back,5,0
caa730d27c52d25112a2496264658024,2014-03-19,2385046,3332,985,Wayne Rooney,starting_lineup,Second Striker,10,0
f6791ce5c01bea2261cd91a9aa7ccb1a,2014-03-19,2385046,3406,985,Ryan Giggs,starting_lineup,Central Midfield,11,0
ed09914d4adfe4522fab6da76eefbcb6,2014-03-11,2385047,3366,5,Kaká,starting_lineup,Left Winger,22,1
58c9c507afb551b49b08eb19fc56b040,2014-03-12,2385048,691,15,Simon Rolfes,starting_lineup,Central Midfield,6,1
e7cdf3d07fd302a141b698d17ae77965,2014-03-12,2385048,3256,15,Roberto Hilbert,substitutes,Right-Back,14,0
e0b269de6af9dee962725b4c2bc86986,2014-03-18,2385049,3160,631,John Terry,starting_lineup,Centre-Back,26,1
ff5130886d43f89916802bbdec28b765,2014-03-18,2385049,3163,631,Frank Lampard,starting_lineup,Central Midfield,8,0
1973a405982caa575518867ff0e8b3ab,2014-03-18,2385049,3357,631,Mark Schwarzer,substitutes,Goalkeeper,23,0
e280ab35172ad2ab0848262e044c506a,2014-03-19,2385051,26,16,Roman Weidenfeller,starting_lineup,Goalkeeper,1,0
b1cd3ef2a31bce1192ac778a049f51ad,2014-03-19,2385051,410,16,Sebastian Kehl,starting_lineup,Defensive Midfield,5,1
2b2b11bec2d7dbbe4a72c086941af9ed,2014-03-19,2385051,1073,16,Manuel Friedrich,substitutes,Centre-Back,2,0
d4ef628dd9821ce95284728b3afc5442,2014-03-19,2385051,2150,16,Oliver Kirch,substitutes,Defensive Midfield,21,0
251f016535c4ef12db200e4c9b8c22d4,2014-03-11,2385052,80,27,Tom Starke,substitutes,Goalkeeper,22,0
c3744a2558f6df54a183bfe935aab13a,2014-03-11,2385052,132,11,Tomas Rosicky,substitutes,Attacking Midfield,7,0
be43d4ebd1514a53f6674e0dfa99e2b8,2014-03-11,2385052,532,27,Claudio Pizarro,substitutes,Centre-Forward,14,0
78f11d357cf774a8e8e1f31dd149e175,2014-03-11,2385052,2219,27,Philipp Lahm,starting_lineup,Right-Back,21,1
f03d9f5283fff04cee630460974da14a,2014-03-11,2385052,2514,27,Bastian Schweinsteiger,starting_lineup,Defensive Midfield,31,0
08287e031e37ca332e89e6a3dc39a82a,2014-02-20,2385090,1443,610,Christian Poulsen,substitutes,Defensive Midfield,5,0
ec8b26ff042a35a4cfdc1732485e32bd,2014-02-20,2385092,1565,24,Alexander Meier,starting_lineup,Centre-Forward,14,0
30cf654edcdcd510672a95a88e3cbdb2,2014-02-20,2385092,2767,24,Alexander Madlung,starting_lineup,Centre-Back,39,0
4bc2936192a690220b48cfe63a13fe95,2014-02-20,2385093,2623,368,Piotr Trochowski,substitutes,Central Midfield,15,0
eb1d0aa961cf710a6712c62e501abb8c,2014-02-20,2385097,10,398,Miroslav Klose,starting_lineup,Centre-Forward,11,0
088219cb39cfec6d37316077f12fae27,2014-02-27,2385100,2623,368,Piotr Trochowski,starting_lineup,Central Midfield,15,0
1652254cacc4a67da7e2503afe42326e,2014-02-27,2385102,1443,610,Christian Poulsen,starting_lineup,Defensive Midfield,5,0
c1127345109181bf1d62ddaa56ac00e2,2014-02-27,2385104,1565,24,Alexander Meier,starting_lineup,Second Striker,14,0
47b58042d1978004ab4cf8f236f570b6,2014-02-27,2385104,2767,24,Alexander Madlung,starting_lineup,Centre-Back,39,0
538675e6f8e1b261b8fdc699722e077a,2014-02-27,2385105,10,398,Miroslav Klose,substitutes,Centre-Forward,11,0
e0637325c2951a41972d55dd96ca5c91,2013-12-21,2385268,80,27,Tom Starke,substitutes,Goalkeeper,22,0
52de2d3cad604b80c285ba045ec8bca1,2013-12-21,2385268,532,27,Claudio Pizarro,substitutes,Centre-Forward,14,0
b10241619f604d0d71fe96d1f361b9f8,2013-12-21,2385268,2219,27,Philipp Lahm,starting_lineup,Defensive Midfield,21,1
5b30aecfa9780bdc337b0e440e224cba,2014-01-22,2385457,1443,610,Christian Poulsen,substitutes,Defensive Midfield,5,0
c80cce827e96477ed10733adc97b3dd2,2014-03-26,2387110,1423,190,Lars Jacobsen,starting_lineup,Right-Back,2,1
f4d825d3d1908e5dc1f17df87a9194bb,2014-03-26,2387110,3098,190,Olof Mellberg,starting_lineup,Centre-Back,5,0
871a91607a41a22af724f6be47fdec66,2014-04-10,2387111,1423,190,Lars Jacobsen,starting_lineup,Right-Back,2,1
b6090f18ccb1c2ab986da65d131b414a,2014-01-05,2387429,3109,31,Steven Gerrard,starting_lineup,Defensive Midfield,8,1
915a8b4d28c1d7b68e8333796fbbd43d,2014-01-05,2387429,3202,31,Kolo Touré,starting_lineup,Centre-Back,4,0
6d0749ce025f0d5d6c83d51146b6c88a,2014-01-05,2387430,1327,379,Alou Diarra,starting_lineup,Centre-Back,18,0
0c7efb5fe6c9d056fff0a41b5ae90f4c,2014-01-04,2387437,3296,1003,Paul Konchesky,starting_lineup,Left-Back,3,0
64b72e78fe9d2c8b9fd49b51d2d6ca75,2014-01-04,2387437,3306,512,Jonathan Walters,substitutes,Right Winger,19,0
d2d73cdcaeaa386df23d22356523713d,2014-01-04,2387439,3276,762,Shola Ameobi,substitutes,Centre-Forward,23,0
88a94ec1e3ce8a832d099897f271d428,2014-01-05,2387443,488,2288,Gerhard Tremmel,starting_lineup,Goalkeeper,25,0
508ff25c18bd91c83ad3c9107c070f98,2014-01-05,2387443,3235,985,Rio Ferdinand,starting_lineup,Centre-Back,5,1
35528d242f8851b10cc930714f43d83c,2014-01-05,2387443,3406,985,Ryan Giggs,substitutes,Left Midfield,11,0
1fd2c6344cc26de573f3a613099657d9,2014-01-04,2387445,3220,931,John Arne Riise,substitutes,Left-Back,3,0
37cbdf413afcada405d1981d43a1d12c,2014-01-05,2387448,3405,289,Wes Brown,starting_lineup,Centre-Back,5,1
4e8166090597a664b1ff34b00d62836a,2014-01-04,2387450,3333,281,James Milner,starting_lineup,Right Midfield,7,0
dc0ec8cc8c4ca8df24947f76c108ae38,2014-01-04,2387451,3291,29,Gareth Barry,starting_lineup,Defensive Midfield,18,0
9d7d6fdbc88828cb6b50f07b8d0b583c,2014-01-04,2387451,3292,1039,Joey Barton,starting_lineup,Central Midfield,17,0
4c37ee2cb11b4b9939c01fe80899d1e2,2014-01-04,2387453,132,11,Tomas Rosicky,starting_lineup,Attacking Midfield,7,0
477375c124d7bb0eaa6edefc73b0dc88,2014-01-05,2387457,3160,631,John Terry,substitutes,Centre-Back,26,0
22de10030712b60dbc785957be7fd0c5,2014-01-05,2387457,3182,631,Ashley Cole,starting_lineup,Left-Back,3,0
2942a5d887803af94434ab297bb55906,2014-01-05,2387457,3357,631,Mark Schwarzer,starting_lineup,Goalkeeper,23,0
abd6ee7fa6e6930266be48ee0e0f7af0,2014-01-14,2388688,1662,931,Sascha Riether,starting_lineup,Right-Back,27,0
9b12accb6bb90557ac77b6bda209b20f,2014-01-15,2388690,2963,281,Martín Demichelis,substitutes,Centre-Back,26,0
7e806c7335d14ac3882fbec1862fe4f3,2014-01-15,2388690,3333,281,James Milner,starting_lineup,Left Midfield,7,1
3b8400c00e8ec68c76eb27bfacd7e78a,2014-01-09,2388766,277,3368,Sérgio da Silva Pinto,starting_lineup,Defensive Midfield,18,0
121772d1f27cb485450c569b1969e765,2014-01-09,2388766,2923,3368,Andreas Ivanschitz,starting_lineup,Attacking Midfield,21,0
0cbb851f5668d259486652348717095a,2014-01-15,2396428,277,3368,Sérgio da Silva Pinto,starting_lineup,Defensive Midfield,18,0
b4a5b99de57b86d05b841f5296f3dd22,2014-01-22,2398370,3366,5,Kaká,starting_lineup,Attacking Midfield,22,1
1cac12aa6ec32ac63eab32a8b4589388,2014-01-22,2421862,277,3368,Sérgio da Silva Pinto,starting_lineup,Central Midfield,18,0
4b9bfa671f78b35ad8b098aa66e5e145,2014-01-29,2421870,277,3368,Sérgio da Silva Pinto,starting_lineup,Defensive Midfield,18,0
4e86e7d0193dceea373cf30585fc7eed,2014-03-27,2421947,1443,610,Christian Poulsen,substitutes,Defensive Midfield,5,0
06fab2d44eafc3214a094e587c9f070f,2014-01-25,2421954,3109,31,Steven Gerrard,starting_lineup,Central Midfield,8,1
2a1d1a57c3d859c7e9dd0d4418585dfe,2014-01-25,2421954,3202,31,Kolo Touré,starting_lineup,Centre-Back,4,0
0f0be3bca62a7ceeb434e713a51e22bf,2014-01-25,2421963,2963,281,Martín Demichelis,starting_lineup,Centre-Back,26,0
69277f1d2cd02b48974f1db4c367844f,2014-01-25,2421964,488,2288,Gerhard Tremmel,starting_lineup,Goalkeeper,25,0
cbd411e4ddfa43ef009c1563bd960319,2014-01-25,2421965,3291,29,Gareth Barry,starting_lineup,Defensive Midfield,18,0
781c53c1ec219e3192695c624e3a6884,2014-01-26,2421966,3220,931,John Arne Riise,starting_lineup,Left-Back,3,0
6a124bf7bb157d1696741fe416f4c482,2014-01-26,2421966,3259,931,Damien Duff,starting_lineup,Left Midfield,16,0
5cb8cc395c05988c027a3ab75ac4b98b,2014-01-26,2421967,3160,631,John Terry,substitutes,Centre-Back,26,0
ced6ea2ca74ebf06f736823792211d63,2014-01-26,2421967,3163,631,Frank Lampard,starting_lineup,Central Midfield,8,0
5a53e201b0ab0e10125ee8d982de1090,2014-01-26,2421967,3182,631,Ashley Cole,starting_lineup,Left-Back,3,0
ec0b87babb5e80e8ab258a85ac7b37d1,2014-01-26,2421967,3306,512,Jonathan Walters,starting_lineup,Right Winger,19,0
83a4e0405fb50db3b56074a0819b36b5,2014-01-26,2421967,3357,631,Mark Schwarzer,starting_lineup,Goalkeeper,23,0
8cade7dfdce96f1c58baceb1b88d97db,2014-01-25,2422829,3201,3060,Stathis Tavlaridis,starting_lineup,Centre-Back,4,0
e35622609e2d74cbc8fcd6b468565955,2014-01-26,2422835,1083,128,Julian de Guzmán,starting_lineup,Defensive Midfield,6,0
3a86ea218f97e9910c646da93f696b76,2014-02-04,2423598,3259,931,Damien Duff,substitutes,Right Midfield,16,0
e3fe521e5c6897c22b36c0f0c5ed1bf2,2014-02-02,2423716,2050,683,Nelson Valdez,substitutes,Centre-Forward,18,0
88ce942a354ce5c245144e3518cc5703,2014-02-02,2423718,3201,3060,Stathis Tavlaridis,starting_lineup,Centre-Back,4,0
9daf33b26be95c4c8a7f4c15c519e311,2014-02-15,2423908,2963,281,Martín Demichelis,substitutes,Centre-Back,26,0
bc6526ae3499a26ddae530b2a3155016,2014-02-15,2423908,3163,631,Frank Lampard,substitutes,Central Midfield,8,0
960b70b5018b703cd430121ff171cc5a,2014-02-15,2423908,3182,631,Ashley Cole,substitutes,Left-Back,3,0
5b7563b0ee36cc97fd27fd815b11a8cc,2014-02-15,2423908,3333,281,James Milner,starting_lineup,Right Midfield,7,0
999ccfd8b101c05f3e1c52f196c20d51,2014-02-15,2423908,3357,631,Mark Schwarzer,substitutes,Goalkeeper,23,0
bd5ba84fc17180b7d05bade42f01eb22,2014-02-16,2423910,3109,31,Steven Gerrard,starting_lineup,Defensive Midfield,8,1
73bf71c2f6280e43831d65e435a06580,2014-02-16,2423910,3202,31,Kolo Touré,substitutes,Centre-Back,4,0
9929abf4a8c643a3dc8b1950a59911ca,2014-02-16,2423915,488,2288,Gerhard Tremmel,starting_lineup,Goalkeeper,25,0
fe2417d16d470887726cd231bc168cb6,2014-02-16,2423915,3291,29,Gareth Barry,starting_lineup,Central Midfield,18,0
7e77610cbc27cbbf747e6e2723abf289,2014-02-16,2423915,3356,29,Sylvain Distin,starting_lineup,Centre-Back,15,0
d20bcf9112c7ab1a46f2c590d0276bc7,2014-02-08,2423929,1083,128,Julian de Guzmán,starting_lineup,Defensive Midfield,6,0
72856e5abcfc21ef79d41c25d59704e5,2014-02-09,2423931,3201,3060,Stathis Tavlaridis,starting_lineup,Centre-Back,4,0
a14a4b50236ea5bc52e33dd65beb301b,2014-04-16,2425888,532,27,Claudio Pizarro,substitutes,Centre-Forward,14,0
173954ef334dbc59df053960e3bd7414,2014-04-16,2425888,2219,27,Philipp Lahm,starting_lineup,Right-Back,21,1
3184d87945a848dcafa563757d6f28ed,2014-04-16,2425888,2514,27,Bastian Schweinsteiger,starting_lineup,Defensive Midfield,31,0
15e4e951107dc0ec3abb0ba4db1e5c17,2014-04-15,2425889,26,16,Roman Weidenfeller,starting_lineup,Goalkeeper,1,0
40618d09c9fa6a0d82e0a52304ad1417,2014-04-15,2425889,410,16,Sebastian Kehl,starting_lineup,Defensive Midfield,5,1
63faa0b296daeb6b3ab4247945f63053,2014-04-15,2425889,1073,16,Manuel Friedrich,substitutes,Centre-Back,2,0
00096ce71ab276cb51f2104a6c2deec2,2014-04-15,2425889,2150,16,Oliver Kirch,substitutes,Defensive Midfield,21,0
91ae1955517f7143941eb1f49b785b2e,2014-04-15,2425889,2358,82,Patrick Ochs,substitutes,Right-Back,2,0
0ab3c1086413f47eaa99810a71ad13d0,2014-02-15,2428040,1083,128,Julian de Guzmán,starting_lineup,Defensive Midfield,6,0
f96d9f6fc3e155845d59cb0c0083694c,2014-02-15,2428041,3201,3060,Stathis Tavlaridis,starting_lineup,Centre-Back,4,0
5085caa2d26983ae97861be59584577c,2014-02-15,2428042,2050,683,Nelson Valdez,substitutes,Centre-Forward,18,0
cc17a679f64c140bd21ce5fd8ae0a3cd,2014-02-16,2428047,2874,265,Mladen Petric,substitutes,Centre-Forward,33,0
25237aa1ffd68ea5b1f04affd81a7e88,2014-02-23,2428052,2874,265,Mladen Petric,substitutes,Centre-Forward,33,0
abf1eaccee993d6d297f0939a19096fb,2014-02-23,2428053,1083,128,Julian de Guzmán,starting_lineup,Defensive Midfield,6,0
3280a26c3b07255fe22445b104f8dfe4,2014-01-29,2428286,3201,3060,Stathis Tavlaridis,starting_lineup,Centre-Back,4,0
0a5355c23e43579f03c4941e99451744,2014-02-12,2428289,3201,3060,Stathis Tavlaridis,starting_lineup,Centre-Back,4,0
bba3a5bb1f59381d250f8f9567ba163b,2014-03-08,2437462,132,11,Tomas Rosicky,substitutes,Right Midfield,7,0
dc3d846846a630caf477866fc36606a5,2014-03-08,2437462,3291,29,Gareth Barry,starting_lineup,Defensive Midfield,18,0
4bc70999e7c8827bdc19277a7a7676f6,2014-03-08,2437462,3356,29,Sylvain Distin,starting_lineup,Centre-Back,15,0
da96a87735c488389d5327250bdfe804,2014-03-09,2437465,2963,281,Martín Demichelis,starting_lineup,Centre-Back,26,0
84c657d85bba2b70c38e1fdb1e76fd2b,2014-03-09,2437465,3333,281,James Milner,substitutes,Central Midfield,7,0
ea72943ab22bd9afbfdead0d6caf89e0,2014-03-20,2437609,2865,506,Stephan Lichtsteiner,substitutes,Right-Back,26,0
e782b5eddf97cdaac3cdb15aa1518a00,2014-03-01,2445987,1083,128,Julian de Guzmán,starting_lineup,Defensive Midfield,6,0
c579960fbddf50ec80b113bd89e28065,2014-03-02,2445990,3201,3060,Stathis Tavlaridis,starting_lineup,Centre-Back,4,0
a4bb4d772c6cfa1c700dad614024b559,2014-03-02,2445994,2050,683,Nelson Valdez,substitutes,Centre-Forward,18,0
23e1bc585b2cf69d510b4e16294ec533,2014-03-02,2445994,2874,265,Mladen Petric,substitutes,Centre-Forward,33,0
30220bc1118d45aa66ca1b16009a691f,2014-03-08,2445997,1083,128,Julian de Guzmán,starting_lineup,Defensive Midfield,6,0
5e263df49cc12a90691b0c16765d75c9,2014-03-08,2445998,2874,265,Mladen Petric,starting_lineup,Centre-Forward,33,0
c57ab6f3d03e8a168428cc06fcbd5ed9,2014-03-09,2446003,2050,683,Nelson Valdez,starting_lineup,Centre-Forward,18,0
1ccbcdf01960bc562b54e338d41f5b86,2014-03-15,2447609,3201,3060,Stathis Tavlaridis,starting_lineup,Centre-Back,4,0
1363a31e3dc51dd7c6cfb5871efa996f,2014-03-15,2447611,2050,683,Nelson Valdez,starting_lineup,Centre-Forward,18,0
1786087430eeee8909703155da2e5046,2014-03-17,2447617,1083,128,Julian de Guzmán,starting_lineup,Defensive Midfield,6,0
c8b4bcc68f9074dc64fd2e9383d82024,2014-04-02,2449279,26,16,Roman Weidenfeller,starting_lineup,Goalkeeper,1,0
0993a19057c1365d68dd3812430869ef,2014-04-02,2449279,410,16,Sebastian Kehl,starting_lineup,Defensive Midfield,5,1
42e839327c54f1709eff4ae396e35994,2014-04-02,2449279,1073,16,Manuel Friedrich,substitutes,Centre-Back,2,0
0135653b536495c7c7debe420d2b09ff,2014-04-02,2449279,2150,16,Oliver Kirch,substitutes,Defensive Midfield,21,0
cb600b3897e27b43c93d5ff972d188fd,2014-04-02,2449280,3160,631,John Terry,starting_lineup,Centre-Back,26,1
9b2fc2e2098a7146196b380d26bdd5b7,2014-04-02,2449280,3163,631,Frank Lampard,substitutes,Attacking Midfield,8,0
a86364b52c7b3bddb08eb21e8a8bfe93,2014-04-02,2449280,3357,631,Mark Schwarzer,substitutes,Goalkeeper,23,0
18f51759188c3fe5f7b89b2d1928be79,2014-04-01,2449281,80,27,Tom Starke,substitutes,Goalkeeper,22,0
4b0d65671d0099bedaa84baeed8b1c81,2014-04-01,2449281,532,27,Claudio Pizarro,substitutes,Centre-Forward,14,0
7eeca111ec77c067df7250d7a35160eb,2014-04-01,2449281,2219,27,Philipp Lahm,starting_lineup,Defensive Midfield,21,1
8cd20751cfa85790fe7347a0686f64d5,2014-04-01,2449281,2514,27,Bastian Schweinsteiger,starting_lineup,Central Midfield,31,0
88df73afa751e5edbf840a565566c9b8,2014-04-01,2449281,3235,985,Rio Ferdinand,starting_lineup,Centre-Back,5,0
068703363cca841496ebd7749c393fab,2014-04-01,2449281,3332,985,Wayne Rooney,starting_lineup,Centre-Forward,10,0
50b0361b512a14861cf4278092400fe5,2014-04-01,2449281,3406,985,Ryan Giggs,starting_lineup,Central Midfield,11,0
2953f9bc366edff6a79448b467ce11a6,2014-04-08,2449283,26,16,Roman Weidenfeller,starting_lineup,Goalkeeper,1,1
cecf44b334dd640aa3d160fa499b92fc,2014-04-08,2449283,1073,16,Manuel Friedrich,starting_lineup,Centre-Back,2,0
62e4f55bfc3ae1cadb53033ad624cd0f,2014-04-08,2449283,2150,16,Oliver Kirch,starting_lineup,Defensive Midfield,21,0
d818477df3d45c52896960636d87e388,2014-04-08,2449284,3160,631,John Terry,starting_lineup,Centre-Back,26,1
9ea01630d28ea75faac8bbffbdd30aeb,2014-04-08,2449284,3163,631,Frank Lampard,starting_lineup,Central Midfield,8,0
64e46e6cb6d82467d0b9b548d083e4f6,2014-04-08,2449284,3182,631,Ashley Cole,substitutes,Left-Back,3,0
26fed6d362f57b8a61249b37201df13d,2014-04-08,2449284,3357,631,Mark Schwarzer,substitutes,Goalkeeper,23,0
27e9cf7ca13c381f015010c3393e8413,2014-04-09,2449285,532,27,Claudio Pizarro,substitutes,Centre-Forward,14,0
522ca9812f8c616d44afb54fe284fae4,2014-04-09,2449285,2219,27,Philipp Lahm,starting_lineup,Right-Back,21,1
657cf46788a7cdbe2ee52e0132ebd7f2,2014-04-09,2449285,3235,985,Rio Ferdinand,substitutes,Centre-Back,5,0
a10ce1deaa47fef684195fb8dfef1075,2014-04-09,2449285,3332,985,Wayne Rooney,starting_lineup,Centre-Forward,10,0
88feecce044a58e2a5f2c5c4469310b5,2014-04-09,2449285,3406,985,Ryan Giggs,substitutes,Left Midfield,11,0
5e2d6bad77a3c187f91b6150e61d523f,2014-04-03,2449287,2865,506,Stephan Lichtsteiner,substitutes,Right-Back,26,0
791589cb3cf573eaa24e97bcb9b84c4c,2014-04-10,2449296,2623,368,Piotr Trochowski,substitutes,Attacking Midfield,15,0
f62e542fa945f32b145e1cee0f80b8b6,2014-03-23,2449802,1083,128,Julian de Guzmán,starting_lineup,Defensive Midfield,6,0
b4f30956441df6921fd7d16d99f6cdb3,2014-03-23,2449804,3201,3060,Stathis Tavlaridis,starting_lineup,Centre-Back,4,0
09234b455aaa76290025e2d2bf1d3f0d,2014-03-23,2449806,2050,683,Nelson Valdez,starting_lineup,Centre-Forward,18,0
5c0455fb8833a74c638fe75161bd1683,2014-03-26,2449815,1083,128,Julian de Guzmán,starting_lineup,Defensive Midfield,6,0
2059a940c49d6cc339a5aa6edc070e9a,2014-03-26,2449819,3201,3060,Stathis Tavlaridis,starting_lineup,Centre-Back,4,0
65ec6abf54921e46999d447f298664a1,2014-03-26,2449820,2050,683,Nelson Valdez,substitutes,Centre-Forward,18,0
1e1e53ba5e1927d2a6fb5c36ae5b24b2,2014-03-29,2450853,3201,3060,Stathis Tavlaridis,starting_lineup,Centre-Back,4,0
1d9f4f25fdc7309b65ac34e45eafefab,2014-03-30,2450859,2050,683,Nelson Valdez,starting_lineup,Centre-Forward,18,0
f49a139ef46a1778c4cfb394872b3c96,2014-03-31,2450860,1083,128,Julian de Guzmán,starting_lineup,Defensive Midfield,6,0
b182cb1e0a89896659fc91573f88236d,2014-04-06,2451529,1443,610,Christian Poulsen,substitutes,Defensive Midfield,5,0
33790a936091a665fd2520c0a98d2d63,2014-04-18,2451916,3269,370,Calvin Zola,substitutes,Centre-Forward,7,0
b5bb1a5685364fdccd8260afe50d83c2,2014-04-18,2451916,3310,370,Nicky Weaver,substitutes,Goalkeeper,20,0
d348bfea0499613363deb7d243c5a5ff,2014-04-19,2451921,3322,903,Ben Williams,starting_lineup,Goalkeeper,1,0
5737b06cc3a104a49730e272f9624014,2014-04-26,2451923,2999,2578,Chris Iwelumo,substitutes,Centre-Forward,25,0
141730c9ee20bf477128972303752ed7,2014-04-26,2451923,3269,370,Calvin Zola,substitutes,Centre-Forward,7,0
981be03ab2270ad3f452b4fa83f3104c,2014-04-26,2451923,3287,2578,Steve Banks,substitutes,Goalkeeper,15,0
6ba508bff633dae75ad1e63a2fb4d18f,2014-04-26,2451923,3310,370,Nicky Weaver,substitutes,Goalkeeper,20,0
5840ae23b670c3114b69d716afa39929,2014-04-27,2451926,3322,903,Ben Williams,starting_lineup,Goalkeeper,1,0
b9f42e6d2b8e4dd82fd5de12d603be84,2014-04-27,2452013,1443,610,Christian Poulsen,substitutes,Defensive Midfield,5,0
b4f483073fe2b6b00baf7bed8b0d3888,2014-04-27,2452013,3170,1304,Simon Cziommer,starting_lineup,Defensive Midfield,21,0
53c45c95b25a225090b7099be6ea5a33,2014-05-03,2452075,3322,903,Ben Williams,starting_lineup,Goalkeeper,1,0
350ef0aee21c144bad92e34a2d11c133,2014-05-06,2452080,3269,370,Calvin Zola,substitutes,Centre-Forward,7,0
a036697ec5d4ea44ce0bd6878ee2cc77,2014-05-06,2452080,3310,370,Nicky Weaver,substitutes,Goalkeeper,20,0
e121d1d7c5214380a76eea0eea48b472,2014-05-06,2452081,3322,903,Ben Williams,starting_lineup,Goalkeeper,1,0
42ccbc9b2168c5b8129d9b9cece8da96,2014-05-07,2452085,2999,2578,Chris Iwelumo,substitutes,Centre-Forward,25,0
d3024d5de497ee8c55aff4a141376e37,2014-05-07,2452085,3287,2578,Steve Banks,substitutes,Goalkeeper,15,0
7514c0a41cf18820162bed3fb6d069df,2014-05-10,2452086,3322,903,Ben Williams,starting_lineup,Goalkeeper,1,0
e701e0613a5d2fa7d841ac0cd08db361,2014-05-11,2452091,2999,2578,Chris Iwelumo,substitutes,Centre-Forward,25,0
9547424b8084ab5f70c34fd26ba61c12,2014-05-11,2452091,3287,2578,Steve Banks,substitutes,Goalkeeper,15,0
056aae1b8265a82a0a4647c1fe527b69,2014-04-06,2452106,2050,683,Nelson Valdez,substitutes,Centre-Forward,18,0
0a14f44cc62fb467e394eddc97ce0148,2014-04-06,2452109,1083,128,Julian de Guzmán,starting_lineup,Defensive Midfield,6,0
6426af7625666ca07f718e6c89e5f8eb,2014-04-06,2452111,2874,265,Mladen Petric,starting_lineup,Centre-Forward,33,0
4b5357869e5ea8914c23086f7bafe31b,2014-04-13,2452116,2050,683,Nelson Valdez,starting_lineup,Centre-Forward,18,0
14c1dfeedc452268eb3f112e59af77cc,2014-04-13,2452119,1083,128,Julian de Guzmán,starting_lineup,Central Midfield,6,0
73891d9affb3b0a5306e018b783550d7,2014-04-13,2452119,2874,265,Mladen Petric,starting_lineup,Centre-Forward,33,0
e9f6fe4b475007a1e73963215d07ff85,2014-04-02,2452159,2050,683,Nelson Valdez,starting_lineup,Centre-Forward,18,0
6d1a87820b141957f98f79c3e3a21d76,2014-04-16,2452160,2874,265,Mladen Petric,starting_lineup,Centre-Forward,33,0
b69acbab83b8747c1a64e78cada3d86f,2014-04-16,2452161,2050,683,Nelson Valdez,starting_lineup,Centre-Forward,18,0
d9e3dd2acbce8185ab22d551d72bd459,2014-04-23,2452862,532,27,Claudio Pizarro,substitutes,Centre-Forward,14,0
ff2546eed704aec554cb8a133462a10b,2014-04-23,2452862,2219,27,Philipp Lahm,starting_lineup,Defensive Midfield,21,1
863e6535bf81b9fe4d7a664fbfaf04d2,2014-04-23,2452862,2514,27,Bastian Schweinsteiger,starting_lineup,Central Midfield,31,0
62a3e5b1714bc22a3cb9a47dd0e5fed7,2014-04-22,2452863,3160,631,John Terry,starting_lineup,Centre-Back,26,1
8e60ce6252cff2a3036aa1aee5cdc689,2014-04-22,2452863,3163,631,Frank Lampard,starting_lineup,Attacking Midfield,8,0
52f64bbcba539fe1818b29a43eb0acea,2014-04-22,2452863,3182,631,Ashley Cole,starting_lineup,Left-Back,3,0
0f24f08070b1dc97eb10e43051631da0,2014-04-22,2452863,3357,631,Mark Schwarzer,substitutes,Goalkeeper,23,0
fe687cd0896d06631e2db2f9e00bfdfe,2014-04-29,2452864,532,27,Claudio Pizarro,substitutes,Centre-Forward,14,0
2733c9557aeef35aac617b5441b2d81a,2014-04-29,2452864,2219,27,Philipp Lahm,starting_lineup,Right-Back,21,1
c4147cae5754c3d9fc0a8feceb09d0c0,2014-04-29,2452864,2514,27,Bastian Schweinsteiger,starting_lineup,Defensive Midfield,31,0
2bbdae41cd6b9ecaae5a21323821fef0,2014-04-30,2452865,3160,631,John Terry,starting_lineup,Centre-Back,26,1
4d19b436a585c63c31ce81cdc31e42fb,2014-04-30,2452865,3182,631,Ashley Cole,starting_lineup,Left-Back,3,0
bbab6eb715709e7817346e8f379690b0,2014-04-30,2452865,3357,631,Mark Schwarzer,starting_lineup,Goalkeeper,23,0
1b614a33542aa89394fcb005d96645b3,2014-04-24,2452875,2865,506,Stephan Lichtsteiner,starting_lineup,Right Midfield,26,0
6d8a92aa4f1bb671e4e976e01279c568,2014-05-01,2452877,2865,506,Stephan Lichtsteiner,starting_lineup,Right Midfield,26,0
b41dcb674cf12e71034bcf46f11a56f3,2014-05-17,2453204,132,11,Tomas Rosicky,substitutes,Right Midfield,7,0
2a9f71206e7ef004862578b61293feb2,2014-05-17,2453761,26,16,Roman Weidenfeller,starting_lineup,Goalkeeper,1,1
141342063070b462a52f41cb698ad905,2014-05-17,2453761,410,16,Sebastian Kehl,substitutes,Defensive Midfield,5,0
1ca80235432b4ca4dd1bb863a718bedf,2014-05-17,2453761,532,27,Claudio Pizarro,substitutes,Centre-Forward,14,0
27ce9fe0acb7f4faa12f9e56063eda76,2014-05-17,2453761,1073,16,Manuel Friedrich,substitutes,Centre-Back,2,0
d5cf8cda066d83ad81b7364be94b8a24,2014-05-17,2453761,2150,16,Oliver Kirch,substitutes,Defensive Midfield,21,0
b4fdca286fa84b6cd362d585cfff0a5a,2014-05-17,2453761,2219,27,Philipp Lahm,starting_lineup,Defensive Midfield,21,1
08081600a05636426a5a7e5edadf63e7,2014-04-20,2454241,1443,610,Christian Poulsen,substitutes,Defensive Midfield,5,0
6d013dd3d5b365adc88340f3b2aaa592,2014-04-26,2456285,2874,265,Mladen Petric,substitutes,Centre-Forward,33,0
7203c2f285710fe2c35fed3d56f2d9ef,2014-05-15,2457733,1423,190,Lars Jacobsen,starting_lineup,Right-Back,2,1
93d6da7bdcaa9cb6af25d89863d3e64d,2014-08-16,2458308,568,18,Martin Stranzl,starting_lineup,Centre-Back,39,1
387a32e7a575779cb4766ef8b4d6334f,2014-08-16,2458308,1144,18,Christofer Heimeroth,substitutes,Goalkeeper,33,0
1c7033e2e24cdce90ab8f8b34243bdd2,2014-08-17,2458313,80,27,Tom Starke,substitutes,Goalkeeper,22,0
4c4bfed8398d07ef2fba81918189173f,2014-08-17,2458313,532,27,Claudio Pizarro,substitutes,Centre-Forward,14,0
07b917f816fde73a4d51325e943fe402,2014-08-17,2458313,2219,27,Philipp Lahm,starting_lineup,Defensive Midfield,21,1
dd687c9dccaf5d2932fc5220a686fc49,2014-08-15,2458316,691,15,Simon Rolfes,starting_lineup,Defensive Midfield,6,1
5ff9360aebb6817a46ebc3cc695dc397,2014-08-17,2458318,1791,167,Halil Altıntop,starting_lineup,Attacking Midfield,7,0
e6730800dbdb5619249ec2715c31226e,2014-08-16,2458322,410,16,Sebastian Kehl,substitutes,Defensive Midfield,5,0
be23ea96e2b4174b5a593941f12ef8c4,2014-08-16,2458322,2150,16,Oliver Kirch,starting_lineup,Defensive Midfield,21,0
f9081f208e9dd3a0e797761c44ab40e0,2014-08-17,2458323,1277,86,Clemens Fritz,starting_lineup,Right-Back,8,1
ccb143f0e682bced958900e2f400a7eb,2014-08-17,2458324,2201,127,Lukas Kruse,starting_lineup,Goalkeeper,1,0
364c8c6e849d5f355116e5d2dbe69e20,2014-08-17,2458324,2453,127,Mahir Saglik,substitutes,Centre-Forward,10,0
ee94d6e65cc09ed5766a0f18a37fdeb1,2014-08-16,2458333,1586,42,Christian Schulz,starting_lineup,Centre-Back,19,0
d762adb52b8045989e8c996d7d40f7d1,2014-08-16,2458333,2805,42,Christian Pander,starting_lineup,Left-Back,24,0
b61746b6dbe07530597db7eeb2a5ddaf,2014-08-16,2458333,2950,42,Robert Almer,substitutes,Goalkeeper,39,0
2586f0f0809eb7b4f7ee77021f824ae5,2014-08-16,2458333,3114,42,Jan Schlaudraff,substitutes,Second Striker,13,0
030a5d718ed15082e1bf8027295d2b5e,2014-08-16,2458336,1126,3,Matthias Lehmann,starting_lineup,Defensive Midfield,33,0
2a42f6f8e67a5de5a71172c5566c6ea8,2014-08-18,2458337,1726,41,Heiko Westermann,starting_lineup,Centre-Back,4,0
01e5d1b46ba5a7787a43a9145eb7b1f1,2014-08-18,2458337,1784,41,René Adler,starting_lineup,Goalkeeper,15,0
1eff3cb009376664036f7d84d61bdded,2014-08-10,2458586,132,11,Tomas Rosicky,substitutes,Attacking Midfield,7,0
d6b69f4f701070f9735346f255c52dab,2014-08-10,2458586,3333,281,James Milner,substitutes,Central Midfield,7,0
ff828ce00b1ea82663ce7c4b0ea36b98,2014-08-09,2459590,3170,1304,Simon Cziommer,substitutes,Central Midfield,21,0
dca727dd75888fa362e10a6d17a63020,2014-08-10,2459591,3321,234,Luke Wilkshire,starting_lineup,Right-Back,2,0
564acd075fabdb0b3b028118069bf992,2014-08-15,2459595,3321,234,Luke Wilkshire,starting_lineup,Right-Back,2,0
f69758a72b33c83a100e20c98394458e,2014-08-22,2459604,3170,1304,Simon Cziommer,substitutes,Central Midfield,21,0
d54b5504324202cafd84bd1137215960,2014-08-24,2459607,3321,234,Luke Wilkshire,starting_lineup,Right-Back,2,0
06af6c8a2c2a659bfc75235955e06eef,2014-08-30,2459616,3170,1304,Simon Cziommer,starting_lineup,Attacking Midfield,21,0
31ad9801bcb607ad34e91d83560b179f,2014-08-31,2459621,3321,234,Luke Wilkshire,starting_lineup,Right-Back,2,0
b5b97c18dc2b481f42c800ded96879f5,2014-09-13,2459625,3321,234,Luke Wilkshire,starting_lineup,Right-Back,2,0
13b47ad4c6b53483651795f65679a3c4,2014-09-21,2459635,3170,1304,Simon Cziommer,substitutes,Central Midfield,21,0
e60bcb9e4fc572f0d16f97bbc4fab9aa,2014-09-21,2459637,3321,234,Luke Wilkshire,starting_lineup,Right-Back,2,0
04f1ef90a6666e5629d7a141720f710c,2014-09-27,2459642,3321,234,Luke Wilkshire,starting_lineup,Right-Back,2,0
c2308a76b6b725ca3ef948d62a3e8c20,2014-10-04,2459650,3170,1304,Simon Cziommer,starting_lineup,Central Midfield,21,0
2ff9ed7b5a4d367f90586fec1a138b9a,2014-10-04,2459650,3395,132,Gábor Babos,substitutes,Goalkeeper,21,0
cfba77cf2c85952ab4a178ebf684ec2c,2014-10-05,2459656,3321,234,Luke Wilkshire,starting_lineup,Right-Back,2,0
0104e821c7a9fc60361038a629f97a1c,2014-10-18,2459660,3170,1304,Simon Cziommer,starting_lineup,Central Midfield,21,0
59b1ff2c7c5365bfe375a16a3d74b05c,2014-10-18,2459660,3321,234,Luke Wilkshire,starting_lineup,Right-Back,2,0
7079647fd9fef3cb03ea926b3cd00fe3,2014-10-25,2459669,3170,1304,Simon Cziommer,starting_lineup,Central Midfield,21,0
f0f7e99d7594c9d81b3f2853029a7b7b,2014-10-26,2459671,3321,234,Luke Wilkshire,starting_lineup,Right-Back,2,0
ff59125a84f45b67014e2fc8258b9ada,2014-11-02,2459676,3170,1304,Simon Cziommer,starting_lineup,Central Midfield,21,0
3b84ab81223a26d55a5efe05fa6632d4,2014-11-01,2459678,3321,234,Luke Wilkshire,starting_lineup,Right-Back,2,0
75f365791d0489a4be35ac5499f61728,2014-11-09,2459693,3170,1304,Simon Cziommer,starting_lineup,Defensive Midfield,21,1
27b524416a3a7cbcbb29c3243c0793b6,2014-11-23,2459701,3170,1304,Simon Cziommer,starting_lineup,Defensive Midfield,21,1
691ca4e29775e30a09fe8a286cddb87c,2014-11-29,2459704,3170,1304,Simon Cziommer,starting_lineup,Defensive Midfield,21,1
fb825fea8f218b69ff6a73aa0ad3073e,2014-12-17,2459711,3321,234,Luke Wilkshire,starting_lineup,Right Midfield,2,0
201ff4db250abbdb8806fa4b070f6d5b,2014-12-14,2459724,3321,234,Luke Wilkshire,starting_lineup,Right-Back,2,0
18c2dc3879089858c825241874b7d0cc,2014-12-21,2459736,3321,234,Luke Wilkshire,starting_lineup,Right Winger,2,0
b4cb2b360d1ea974eff4c1a1319ab09a,2014-12-21,2459736,3395,132,Gábor Babos,substitutes,Goalkeeper,21,0
20154de1847b697c9259c18ad6c11b4f,2015-01-18,2459747,3170,1304,Simon Cziommer,substitutes,Central Midfield,21,0
0f3a50e1a7e8f7a7505a4ae6d671dc66,2015-01-23,2459748,3170,1304,Simon Cziommer,substitutes,Central Midfield,21,0
6ab6593274192a81b94ba3cc77dce7d5,2015-01-25,2459753,3321,234,Luke Wilkshire,starting_lineup,Right-Back,2,0
13b8ca0eb738dee6bf476509dbfa204f,2015-02-01,2459762,3321,234,Luke Wilkshire,starting_lineup,Right-Back,2,0
5f22a1702d7c68b6c1ca02692dacdcdb,2015-02-01,2459765,3170,1304,Simon Cziommer,substitutes,Attacking Midfield,21,0
465383cea491fecee120f1bfff2b95ce,2015-02-05,2459773,3170,1304,Simon Cziommer,starting_lineup,Defensive Midfield,21,0
b700833542069c159af78c60e2891dbe,2015-02-08,2459781,3170,1304,Simon Cziommer,starting_lineup,Central Midfield,21,0
fb251e5095d2f3e5f60f8a85de8016ce,2015-02-14,2459785,3170,1304,Simon Cziommer,substitutes,Central Midfield,21,0
972654b4769e7313f2b506fdc1cec29f,2015-02-21,2459797,3170,1304,Simon Cziommer,substitutes,Attacking Midfield,21,0
f811027958ad07f6e3e8207110c0f163,2015-02-28,2459806,3170,1304,Simon Cziommer,substitutes,Central Midfield,21,0
1fd666e19cc7e8903b9b883f688ccd0f,2015-03-07,2459813,3170,1304,Simon Cziommer,substitutes,Central Midfield,21,0
363aed0466aefd85091d13b82746088a,2015-03-15,2459827,3170,1304,Simon Cziommer,starting_lineup,Central Midfield,21,0
a6c8fc41d9ada991bb603842517c7e74,2015-03-21,2459832,3170,1304,Simon Cziommer,starting_lineup,Central Midfield,21,0
18d3b80cadf4840a9d5332d6f0aafee0,2015-04-04,2459841,3170,1304,Simon Cziommer,starting_lineup,Central Midfield,21,0
82e9944620c334f7b539cbd06bf86fcb,2015-04-11,2459851,3170,1304,Simon Cziommer,starting_lineup,Defensive Midfield,21,0
d587e23d18c79bd74d0a0c19549920da,2015-04-19,2459862,3170,1304,Simon Cziommer,substitutes,Central Midfield,21,0
5768035db56c3315076cc1ba3a8cf2db,2015-05-17,2459889,3170,1304,Simon Cziommer,substitutes,Central Midfield,21,0
36a3acfbc474ae062b62838a5c39f255,2014-08-18,2460297,3160,631,John Terry,starting_lineup,Centre-Back,26,1
e46dd2a095fec04df5ea8206ea020e8c,2014-08-16,2460298,3291,29,Gareth Barry,starting_lineup,Defensive Midfield,18,0
e5a39c9cb3b2e9fa92c30cef20b290fe,2014-08-16,2460298,3296,1003,Paul Konchesky,starting_lineup,Left-Back,3,0
7678331d72e63ac304e91405c5e4183c,2014-08-16,2460298,3356,29,Sylvain Distin,starting_lineup,Centre-Back,15,0
dbfdaf81b3449fd763a41907974681c0,2014-08-17,2460299,3109,31,Steven Gerrard,starting_lineup,Central Midfield,8,1
aa8c09b09c2f5eaa24fe84dc8e6efb16,2014-08-17,2460299,3202,31,Kolo Touré,substitutes,Centre-Back,4,0
3d6137c0e69aca725507e878dc668c6e,2014-08-16,2460300,488,2288,Gerhard Tremmel,substitutes,Goalkeeper,25,0
426e1c5cd889248437a3defd4be05fe9,2014-08-16,2460300,3332,985,Wayne Rooney,starting_lineup,Centre-Forward,10,1
183cca74cccc1f8bbc8137ca5abdc735,2014-08-17,2460301,2963,281,Martín Demichelis,starting_lineup,Centre-Back,26,0
e2683a4bca9c34c9b9d32cc1ef8b6482,2014-08-17,2460301,3333,281,James Milner,substitutes,Right Midfield,7,0
339ec208560e959db771e0dd046896f8,2014-08-16,2460302,3235,1039,Rio Ferdinand,starting_lineup,Centre-Back,5,0
caae0be3f1befdf08861f8b523791a9b,2014-08-16,2460302,3292,1039,Joey Barton,starting_lineup,Defensive Midfield,8,1
086fbf7a3a4c592c391c02664763bf50,2014-08-16,2460304,3405,289,Wes Brown,starting_lineup,Right-Back,5,0
d34c86a99d6fe7cc69b769534458b47a,2014-08-16,2460305,1368,379,Guy Demel,substitutes,Right-Back,20,0
862a26f2f0a4cb29b5854fa5a5818fde,2014-08-16,2460305,3179,379,Carlton Cole,starting_lineup,Centre-Forward,24,0
1d07856d8b13ad2f7aae9c5115dc2a3d,2014-08-22,2460626,532,27,Claudio Pizarro,substitutes,Centre-Forward,14,0
5af66a42b0bb9c6e14d8880b64d98d81,2014-08-22,2460626,2219,27,Philipp Lahm,starting_lineup,Right-Back,21,1
a00029dc01936fede76eb3d7e97f80ed,2014-08-23,2460627,26,16,Roman Weidenfeller,substitutes,Goalkeeper,1,0
333409e24c168ae8d4327bfe4069dc20,2014-08-23,2460627,410,16,Sebastian Kehl,starting_lineup,Defensive Midfield,5,0
4082844ddf211b73328382bf1acf22af,2014-08-23,2460627,691,15,Simon Rolfes,starting_lineup,Defensive Midfield,6,1
791479fd24be073942ec7e18c1d63388,2014-08-24,2460628,568,18,Martin Stranzl,starting_lineup,Centre-Back,39,1
2eeaebcb6f2d1b2196f80c9df3b35f14,2014-08-24,2460628,1144,18,Christofer Heimeroth,substitutes,Goalkeeper,33,0
b0a5c6f760768ad4021ad475e9db0de0,2014-08-23,2460629,1791,167,Halil Altıntop,starting_lineup,Attacking Midfield,7,0
43f47ad031f64fcd4c7744bd4eb8a966,2014-08-23,2460629,1986,167,Markus Feulner,starting_lineup,Central Midfield,8,0
30df499d50649c59e616b73a79e7ed05,2014-08-23,2460630,1363,33,Christian Wetklo,substitutes,Goalkeeper,28,0
f6bce357f468659c5a0ee2c1f9c77cf3,2014-08-23,2460630,1586,42,Christian Schulz,starting_lineup,Centre-Back,19,1
b7ad826758aa934d557d2eae8581281c,2014-08-23,2460630,2805,42,Christian Pander,starting_lineup,Left-Back,24,0
ec6ea52b2d1bc0197b4e3c52e5fc3b3c,2014-08-23,2460630,2950,42,Robert Almer,substitutes,Goalkeeper,39,0
f4f3d348f847998a60da8ba781ad896a,2014-08-23,2460630,3114,42,Jan Schlaudraff,substitutes,Second Striker,13,0
1dd12ecc737aa15405c24d2d696adbff,2014-08-23,2460631,1277,86,Clemens Fritz,starting_lineup,Right-Back,8,1
64fce8615f8f5c1a2a781641de22af93,2014-08-23,2460631,2334,44,Marcel Ndjeng,substitutes,Right Midfield,8,0
7bd9e100571498191b725989521d2a31,2014-08-23,2460632,1565,24,Alexander Meier,substitutes,Second Striker,14,0
0aa02bf0b1e7c8835d61f2b42035149f,2014-08-23,2460632,2050,24,Nelson Valdez,starting_lineup,Right Winger,11,0
b114305ed4d8ebdaa15e144fbf61ad4b,2014-08-23,2460632,2767,24,Alexander Madlung,substitutes,Centre-Back,17,0
809040d4a47c56d2d19cb917ead269da,2014-08-23,2460633,1126,3,Matthias Lehmann,starting_lineup,Defensive Midfield,33,0
7170f7424a680690a001f0bfa1a52bac,2014-08-23,2460633,1726,41,Heiko Westermann,starting_lineup,Centre-Back,4,0
4dda6d18f3ee3caaa578aa02c106ffaa,2014-08-23,2460633,1784,41,René Adler,starting_lineup,Goalkeeper,15,0
2982b54ab6a0737f67b6bad2b9d35d07,2014-08-24,2460634,1139,39,Nikolce Noveski,starting_lineup,Centre-Back,4,1
0db7b6753cab1e5219619820e0a7da96,2014-08-24,2460634,2201,127,Lukas Kruse,starting_lineup,Goalkeeper,1,0
71952c5909a44e2f27b2714b9e75974d,2014-08-30,2460635,532,27,Claudio Pizarro,substitutes,Centre-Forward,14,0
3404e678559930708ba5d8a55a0c3338,2014-08-30,2460635,1363,33,Christian Wetklo,substitutes,Goalkeeper,28,0
3be6bac099919da2fadbf752957e6b5f,2014-08-30,2460635,2219,27,Philipp Lahm,starting_lineup,Right-Back,21,1
ee7f2c8dc24cd7335cde6129622d20cf,2014-08-30,2460636,691,15,Simon Rolfes,starting_lineup,Defensive Midfield,6,1
d84df75076930563ff6d840fc8596e27,2014-08-30,2460636,2334,44,Marcel Ndjeng,starting_lineup,Right-Back,8,0
f12bb66fb392b35ad7a9081b456bf2fb,2014-08-30,2460637,2050,24,Nelson Valdez,starting_lineup,Right Winger,11,0
b8c404dc65516355ad713438a1aa8d2e,2014-08-30,2460637,2767,24,Alexander Madlung,substitutes,Centre-Back,17,0
2373c777f868893ab76e94a30abb1351,2014-08-31,2460638,1586,42,Christian Schulz,starting_lineup,Centre-Back,19,1
016bbe457d8086e5e5945cddf4909a26,2014-08-31,2460638,2805,42,Christian Pander,starting_lineup,Left-Back,24,0
0ad322d752922593bf47a125398cecb0,2014-08-31,2460638,2950,42,Robert Almer,substitutes,Goalkeeper,39,0
1af1cbeecde905ff0f873831e09503a8,2014-08-31,2460638,3114,42,Jan Schlaudraff,substitutes,Second Striker,13,0
8541cce055d92d09a5512a3029781cbd,2014-08-29,2460639,26,16,Roman Weidenfeller,starting_lineup,Goalkeeper,1,1
eb0b3089c89c2bdbc5c9745ccd5c956f,2014-08-29,2460639,410,16,Sebastian Kehl,starting_lineup,Defensive Midfield,5,0
ea39185c1ce2bf26bbbef0a38d0db93c,2014-08-29,2460639,1791,167,Halil Altıntop,starting_lineup,Second Striker,7,0
aeb5c29986dc98f012585e1e8188b812,2014-08-29,2460639,1986,167,Markus Feulner,starting_lineup,Central Midfield,8,0
51f07efe867098a4860df2ed2813edb7,2014-08-30,2460640,1277,86,Clemens Fritz,starting_lineup,Right-Back,8,1
dce27628acf56314cc998aae62ba27f8,2014-08-31,2460641,568,18,Martin Stranzl,starting_lineup,Centre-Back,39,1
9a25f8a01d080fbcd9bdf5d40e4015ed,2014-08-30,2460642,1126,3,Matthias Lehmann,starting_lineup,Defensive Midfield,33,0
2631da2d01f40f24d1277fc4354aa76e,2014-08-30,2460643,1726,41,Heiko Westermann,starting_lineup,Centre-Back,4,0
fa96d6f2a042de1c2bea2e7f4e156109,2014-08-30,2460643,1784,41,René Adler,starting_lineup,Goalkeeper,15,0
adbbf0f9c7d4b78baca58daa2796b116,2014-08-30,2460643,2201,127,Lukas Kruse,starting_lineup,Goalkeeper,1,0
90949332710310336aa828d891922518,2014-09-13,2460644,80,27,Tom Starke,substitutes,Goalkeeper,22,0
44b1b26f9581aa015e256b26eb7f566f,2014-09-13,2460644,532,27,Claudio Pizarro,substitutes,Centre-Forward,14,0
dc7affa8340446a6fc0f7110f2f7a6fa,2014-09-13,2460644,2219,27,Philipp Lahm,starting_lineup,Right Midfield,21,1
f95d4dec3860b17acf80a3b061a473a0,2014-09-13,2460645,26,16,Roman Weidenfeller,starting_lineup,Goalkeeper,1,1
7f7e614c7d011226c45e2302272819d4,2014-09-13,2460645,410,16,Sebastian Kehl,starting_lineup,Defensive Midfield,5,0
eabbe7282c262010a82a13ffcc25114a,2014-09-12,2460646,1277,86,Clemens Fritz,starting_lineup,Right-Back,8,1
508d66b3c80082ccc7a62a85eebcfeee,2014-09-13,2460647,568,18,Martin Stranzl,starting_lineup,Centre-Back,39,1
7798879c74d3a828982a2944ea6b4a60,2014-09-13,2460647,1363,33,Christian Wetklo,substitutes,Goalkeeper,28,0
05074862b4b828df6fa47f493b5369e8,2014-09-13,2460648,1667,82,Diego Benaglio,starting_lineup,Goalkeeper,1,1
e2eb9e3d84f7f5317087d3fb6d3f0c40,2014-09-14,2460649,1586,42,Christian Schulz,starting_lineup,Centre-Back,19,1
5a78e8becc7f8656e83512aeeed0f40d,2014-09-14,2460649,1726,41,Heiko Westermann,substitutes,Centre-Back,4,0
fbc37aa0bba226787a0bcdb02d136324,2014-09-14,2460649,1784,41,René Adler,substitutes,Goalkeeper,15,0
4ddef4d09a0e546432e25c32c627c14f,2014-09-14,2460649,2950,42,Robert Almer,substitutes,Goalkeeper,39,0
a0b7c123aa1091d1aa69ad86131bdc62,2014-09-14,2460649,3114,42,Jan Schlaudraff,substitutes,Second Striker,13,0
20aaeebf35e3196c08a3def8aff2be97,2014-09-13,2460650,2334,44,Marcel Ndjeng,starting_lineup,Right-Back,8,0
138553a21754fe769b470a26ac92c971,2014-09-14,2460651,1565,24,Alexander Meier,substitutes,Attacking Midfield,14,0
e7fbadb84f1ad6898024ff0ffbeee2e5,2014-09-14,2460651,1791,167,Halil Altıntop,starting_lineup,Attacking Midfield,7,0
363cef1f07dd8af2f957ad53766e26d1,2014-09-14,2460651,1986,167,Markus Feulner,substitutes,Central Midfield,8,0
5584ba33db647b1f93212e2a4bef5845,2014-09-14,2460651,2767,24,Alexander Madlung,substitutes,Centre-Back,17,0
abdeac1387a9b966177b64723084d7c7,2014-09-13,2460652,1126,3,Matthias Lehmann,starting_lineup,Defensive Midfield,33,0
06c8a31598ce981265796a9e4b293dc6,2014-09-13,2460652,2201,127,Lukas Kruse,starting_lineup,Goalkeeper,1,0
5450dfad63beb44ca3c4c7b702461801,2014-09-20,2460653,1363,33,Christian Wetklo,substitutes,Goalkeeper,28,0
a007332c51e40c6174b04ef29d938ce9,2014-09-20,2460653,1565,24,Alexander Meier,starting_lineup,Centre-Forward,14,0
dfdf04eb9030e400f52eccbe605b8f5e,2014-09-21,2460654,1667,82,Diego Benaglio,starting_lineup,Goalkeeper,1,1
ab8a5310d6efcd06874bb78466dd6652,2014-09-21,2460654,3256,15,Roberto Hilbert,substitutes,Right-Back,13,0
9e3801874c89bf65b44328080dce24a3,2014-09-20,2460655,26,16,Roman Weidenfeller,starting_lineup,Goalkeeper,1,1
69a22fe79609550ad0a058261e8c406f,2014-09-20,2460656,1277,86,Clemens Fritz,starting_lineup,Right-Back,8,1
9fbd7791d5eab734c9033d2e2def1c2d,2014-09-20,2460656,1791,167,Halil Altıntop,starting_lineup,Attacking Midfield,7,0
93fad28a23dd0de3f4a2ed2caf647739,2014-09-20,2460656,1986,167,Markus Feulner,substitutes,Central Midfield,8,0
e6a7f62a869afe7c4c0a0fad05907825,2014-09-20,2460658,532,27,Claudio Pizarro,starting_lineup,Centre-Forward,14,0
fc7b3d3bcd42f45424b32d3caa3365bc,2014-09-20,2460658,1726,41,Heiko Westermann,starting_lineup,Centre-Back,4,0
37d646f3afdda9c179a3810497f6a79f,2014-09-20,2460658,1784,41,René Adler,substitutes,Goalkeeper,15,0
e026ac785345aa03c58613e8b3f79858,2014-09-20,2460658,2219,27,Philipp Lahm,starting_lineup,Defensive Midfield,21,1
f87aa4223de7a092e7e0977a6b18fc4d,2014-09-21,2460660,568,18,Martin Stranzl,starting_lineup,Centre-Back,39,1
c9aeb2ee4d77409522cb4d3d72909661,2014-09-21,2460660,1126,3,Matthias Lehmann,starting_lineup,Defensive Midfield,33,0
ccb1178644c179fa44ad75c61fe109e1,2014-09-21,2460660,1144,18,Christofer Heimeroth,substitutes,Goalkeeper,33,0
d051643c87bc01c52cedffea04b65a25,2014-09-20,2460661,1586,42,Christian Schulz,starting_lineup,Centre-Back,19,1
f28636b832723f743279c092c565c4a2,2014-09-20,2460661,2201,127,Lukas Kruse,starting_lineup,Goalkeeper,1,0
8f43ec25a5a8fff8d19d49d7273c4591,2014-09-20,2460661,2805,42,Christian Pander,starting_lineup,Left-Back,24,0
531d068929dc90b9e587fc441316ddde,2014-09-20,2460661,2950,42,Robert Almer,substitutes,Goalkeeper,39,0
8a2fb115da273528ada88318c657e012,2014-09-20,2460661,3114,42,Jan Schlaudraff,substitutes,Second Striker,13,0
88dd6461aeb7b42e21d8b181d840bf51,2014-09-23,2460662,532,27,Claudio Pizarro,substitutes,Centre-Forward,14,0
b24516a7f5f1b4a5a92f4c682adf6974,2014-09-23,2460662,2201,127,Lukas Kruse,starting_lineup,Goalkeeper,1,0
04fce0b47197678a07d6a85dc5d857b9,2014-09-23,2460662,2219,27,Philipp Lahm,starting_lineup,Defensive Midfield,21,1
910d7370ac984cad83856b834dff78ff,2014-09-24,2460663,26,16,Roman Weidenfeller,starting_lineup,Goalkeeper,1,1
51500f02c49ea8b638d1aa963dd54a16,2014-09-24,2460664,1791,167,Halil Altıntop,starting_lineup,Second Striker,7,0
28323fcd2b115ffe65088fecd30626aa,2014-09-24,2460664,3256,15,Roberto Hilbert,starting_lineup,Right-Back,13,0
649407ff3924a6466f8413655b347045,2014-09-24,2460665,568,18,Martin Stranzl,starting_lineup,Centre-Back,39,1
5001145869572ffb7b68a8e1fbdc9f08,2014-09-24,2460665,1144,18,Christofer Heimeroth,substitutes,Goalkeeper,33,0
95c2e4f74d3906ea3e0503cdf1445818,2014-09-24,2460665,1726,41,Heiko Westermann,starting_lineup,Centre-Back,4,0
369cc96919cfbcc7c0dbd7425ed5cfbb,2014-09-24,2460665,1784,41,René Adler,substitutes,Goalkeeper,15,0
784c024d877c375b6b36b8cf9e379bca,2014-09-23,2460666,1662,60,Sascha Riether,substitutes,Defensive Midfield,22,0
7545c821994dc388351d0acfa249ca11,2014-09-24,2460667,1126,3,Matthias Lehmann,starting_lineup,Defensive Midfield,33,0
f7388ee63bccc581e3a3d57656e2537b,2014-09-24,2460667,1586,42,Christian Schulz,starting_lineup,Centre-Back,19,1
477498f5a7902661d096464d334f4012,2014-09-24,2460667,2950,42,Robert Almer,substitutes,Goalkeeper,39,0
98af7cc68f82fd57567832133daba032,2014-09-24,2460667,3114,42,Jan Schlaudraff,substitutes,Second Striker,13,0
25851c237e120a11e40d556871c935d7,2014-09-24,2460668,1667,82,Diego Benaglio,starting_lineup,Goalkeeper,1,1
05047e05090dbf1992141ae74465daec,2014-09-24,2460668,2334,44,Marcel Ndjeng,starting_lineup,Right-Back,8,0
d84e85ae66506ae3475e4384fd64ee71,2014-09-23,2460670,1565,24,Alexander Meier,starting_lineup,Centre-Forward,14,0
42a330feb9c43783f39015ed1ef11d95,2014-09-23,2460670,2767,24,Alexander Madlung,substitutes,Centre-Back,17,0
017a76252a930663a23cf7921c8e8d27,2014-09-27,2460671,26,16,Roman Weidenfeller,starting_lineup,Goalkeeper,1,0
60f6dcf6b49dbe5f73448b370b1080ce,2014-09-27,2460671,1363,33,Christian Wetklo,substitutes,Goalkeeper,28,0
d790822977929fd35b8633e0369a848a,2014-09-27,2460672,1277,86,Clemens Fritz,substitutes,Right-Back,8,0
4fa6d9886ef002947aa4be5295857923,2014-09-27,2460672,1667,82,Diego Benaglio,starting_lineup,Goalkeeper,1,1
56670b8e947b4464acae0b0ae04a532b,2014-09-28,2460674,1791,167,Halil Altıntop,starting_lineup,Second Striker,7,0
51bd56f8c8dbfa26d44a21933a9ea475,2014-09-28,2460674,2334,44,Marcel Ndjeng,starting_lineup,Right-Back,8,0
a3c00f47da9960db5a64e3f17c00d118,2014-09-27,2460675,1662,60,Sascha Riether,substitutes,Right Midfield,22,0
8ed9f1f55bb29667be59ae4e10b1f659,2014-09-27,2460675,3256,15,Roberto Hilbert,starting_lineup,Right-Back,13,0
337e7cc99351e9b528b4f501b9a6ec07,2014-09-27,2460676,1586,42,Christian Schulz,starting_lineup,Centre-Back,19,1
066b1217f61788838f6acceccc536e13,2014-09-27,2460676,2950,42,Robert Almer,substitutes,Goalkeeper,39,0
a9887472609005326c053489946d5441,2014-09-28,2460677,598,24,Timo Hildebrand,substitutes,Goalkeeper,26,0
e1c1ca3f5676ac9806b1f18482e8baf7,2014-09-28,2460677,1565,24,Alexander Meier,starting_lineup,Second Striker,14,1
44fd3d0d90e741d66392a340e9b94be2,2014-09-28,2460677,1726,41,Heiko Westermann,starting_lineup,Right-Back,4,0
4d2e1164dcb5fa2b1144554177185d31,2014-09-28,2460677,1784,41,René Adler,substitutes,Goalkeeper,15,0
f75ae8c7fb4f3725fa26611038eeca00,2014-09-28,2460677,2767,24,Alexander Madlung,substitutes,Centre-Back,17,0
c666d3f397863e6cedfca27b7452a5a5,2014-09-27,2460678,532,27,Claudio Pizarro,substitutes,Centre-Forward,14,0
7038ab72eb78edd9159809b0a3d015da,2014-09-27,2460678,1126,3,Matthias Lehmann,starting_lineup,Defensive Midfield,33,0
16c0e3552ed7619f7b75c25cc9c41bda,2014-09-27,2460678,2219,27,Philipp Lahm,starting_lineup,Central Midfield,21,1
4ffb1d1cbcce96f47404572f05405d70,2014-09-27,2460679,568,18,Martin Stranzl,starting_lineup,Centre-Back,39,1
7fed8d71249d9a187dbcc5c26706c635,2014-09-27,2460679,2201,127,Lukas Kruse,starting_lineup,Goalkeeper,1,0
21a92831ad3bbd09cfc0cf2e9e60af2f,2014-10-04,2460680,532,27,Claudio Pizarro,substitutes,Centre-Forward,14,0
3988445bcbbb700707c6a14e1a11f2f4,2014-10-04,2460680,1586,42,Christian Schulz,starting_lineup,Centre-Back,19,1
f88e80924ff51cb1051fd5034a99ffd1,2014-10-04,2460680,2219,27,Philipp Lahm,starting_lineup,Defensive Midfield,21,1
3b48c18ffe4f89ef37c25f218e40e0e3,2014-10-04,2460680,2805,42,Christian Pander,substitutes,Left-Back,24,0
42f0c7ff917b279fa65de126658708dd,2014-10-04,2460680,2950,42,Robert Almer,substitutes,Goalkeeper,39,0
9c5b144565d2f5aea9b89031cec71f89,2014-10-04,2460680,3114,42,Jan Schlaudraff,substitutes,Second Striker,13,0
8ea290687283f2c31604a3e9197d7255,2014-10-04,2460681,26,16,Roman Weidenfeller,starting_lineup,Goalkeeper,1,0
cf2bae9ae5aade309c71a29746894c4b,2014-10-04,2460681,410,16,Sebastian Kehl,starting_lineup,Defensive Midfield,5,0
7c68e63a9bb2fbed828c73e6a893ad8d,2014-10-04,2460681,1726,41,Heiko Westermann,starting_lineup,Centre-Back,4,0
964f04833e62c8a948320a2703eea1b0,2014-10-04,2460682,2201,127,Lukas Kruse,starting_lineup,Goalkeeper,1,0
f038093013b2eac2921af66d2d3338ff,2014-10-04,2460682,3256,15,Roberto Hilbert,starting_lineup,Right-Back,13,0
bb0d0040292c3229da277de5fc8bd6ea,2014-10-05,2460683,1667,82,Diego Benaglio,starting_lineup,Goalkeeper,1,1
eafa8ae23c44b33265521c3b07d1a840,2014-10-05,2460683,1791,167,Halil Altıntop,starting_lineup,Second Striker,7,0
80bd6e1d78e5539c80c23fd8da664e5b,2014-10-05,2460684,568,18,Martin Stranzl,starting_lineup,Centre-Back,39,1
b349d574c2760c252f033c7c8c7b86e8,2014-10-04,2460688,598,24,Timo Hildebrand,substitutes,Goalkeeper,26,0
c10c0c0d8c2a625d8048bcfc2b0caf01,2014-10-04,2460688,1126,3,Matthias Lehmann,starting_lineup,Defensive Midfield,33,1
79ce5658f1770d402ed6e7085c4f50fd,2014-10-04,2460688,1565,24,Alexander Meier,starting_lineup,Centre-Forward,14,1
eae347f7c8d641151137d1eabaa97efa,2014-10-04,2460688,2767,24,Alexander Madlung,substitutes,Centre-Back,17,0
5d237e6f3bec8b76f0284b6fc383fb25,2014-10-18,2460689,80,27,Tom Starke,substitutes,Goalkeeper,22,0
cf4e0b72e60977cd944c63a3b7e7bd84,2014-10-18,2460689,1277,86,Clemens Fritz,starting_lineup,Right-Back,8,1
a891b284f72a4e6a68d7c62840704722,2014-10-18,2460689,2219,27,Philipp Lahm,starting_lineup,Central Midfield,21,1
dade35a5567cde7e3c02140cb68c5b40,2014-10-18,2460691,1791,167,Halil Altıntop,starting_lineup,Attacking Midfield,7,0
125348ada530a08d0173598dfae45e5e,2014-10-18,2460691,1986,167,Markus Feulner,substitutes,Central Midfield,8,0
00a7465a14ebe76def7f25e4d3b47ed0,2014-10-18,2460692,568,18,Martin Stranzl,starting_lineup,Centre-Back,39,1
6e378387051964da7b24a063377bc6d9,2014-10-18,2460692,1144,18,Christofer Heimeroth,substitutes,Goalkeeper,33,0
6534e00aec6e7d6404ef6532277727d6,2014-10-18,2460692,1586,42,Christian Schulz,starting_lineup,Centre-Back,19,1
3f1450c80c94d11ab045e3ba4d6400a9,2014-10-18,2460692,2805,42,Christian Pander,starting_lineup,Left-Back,24,0
4afbf0ad9bc611c9d6c72a9076e8be25,2014-10-18,2460692,2950,42,Robert Almer,substitutes,Goalkeeper,39,0
531fbe7ae60c7d3c77a26e7a40cad504,2014-10-18,2460692,3114,42,Jan Schlaudraff,substitutes,Second Striker,13,0
47235e43336ec4188ad09a64e09981bf,2014-10-18,2460693,1662,60,Sascha Riether,substitutes,Right-Back,22,0
254fd70b11d5083d092ee5d3ee46665c,2014-10-18,2460693,1667,82,Diego Benaglio,starting_lineup,Goalkeeper,1,1
2c1046437b90d2d8394d3d9e561f18b2,2014-10-18,2460694,3256,15,Roberto Hilbert,starting_lineup,Right-Back,13,0
bbe0dc9e3171b1adc93d3f7f35a265df,2014-10-19,2460695,1726,41,Heiko Westermann,starting_lineup,Centre-Back,4,0
f8396b82e5f21f848bfe0fa66cf5866d,2014-10-18,2460696,26,16,Roman Weidenfeller,starting_lineup,Goalkeeper,1,0
586c3484b6eb6ce651ce31849af44dcb,2014-10-18,2460696,410,16,Sebastian Kehl,starting_lineup,Defensive Midfield,5,0
3c632cdc3a298e9e66f519a498881094,2014-10-18,2460696,1126,3,Matthias Lehmann,starting_lineup,Defensive Midfield,33,1
b0f70b9bf04420e4b011119133cb09e4,2014-10-19,2460697,598,24,Timo Hildebrand,substitutes,Goalkeeper,26,0
3b4be3d471efbe2667cab3e77efe6dba,2014-10-19,2460697,1565,24,Alexander Meier,starting_lineup,Centre-Forward,14,1
21119d72b117c43e8bf48a68293703f7,2014-10-19,2460697,2201,127,Lukas Kruse,starting_lineup,Goalkeeper,1,0
3d7b800f55d398033edc41b45672cb00,2014-10-19,2460697,2767,24,Alexander Madlung,substitutes,Centre-Back,17,0
f37b2f7386dac2f527bfb77f3a34d2d7,2014-10-25,2460698,26,16,Roman Weidenfeller,starting_lineup,Goalkeeper,1,0
cccd606d78584d80c0d33bbda52085c8,2014-10-25,2460698,410,16,Sebastian Kehl,substitutes,Defensive Midfield,5,0
c8907e81a45c30e16725bfa833beff6c,2014-10-25,2460698,1586,42,Christian Schulz,starting_lineup,Left-Back,19,1
15e297da0729552cabbcbeb92074b311,2014-10-25,2460698,2950,42,Robert Almer,substitutes,Goalkeeper,39,0
d19a10c0e2085f1d1e43dd2864bb3060,2014-10-25,2460698,3114,42,Jan Schlaudraff,substitutes,Right Winger,13,0
abdd6cee651611981f9fe39806d4ef07,2014-10-25,2460699,1363,33,Christian Wetklo,substitutes,Goalkeeper,28,0
7844750f9136ed210f1778fb0423a51e,2014-10-25,2460699,3256,15,Roberto Hilbert,substitutes,Right Midfield,13,0
e0348aeff132399c9a882fca7bb3058c,2014-10-26,2460700,1667,82,Diego Benaglio,starting_lineup,Goalkeeper,1,1
87a03d0174f53bac56b2fe18b2cbc2e7,2014-10-26,2460701,532,27,Claudio Pizarro,substitutes,Centre-Forward,14,0
b4bba8c56d83ede3dcf2f7b070e227b1,2014-10-26,2460701,568,18,Martin Stranzl,starting_lineup,Centre-Back,39,1
40c2692df86be81c611cdae637056a01,2014-10-26,2460701,1144,18,Christofer Heimeroth,substitutes,Goalkeeper,33,0
eeda9b53a3603ff182731e01ff6afc15,2014-10-26,2460701,2219,27,Philipp Lahm,starting_lineup,Right Midfield,21,1
71c154043e69d4c185ca669ff4343ef1,2014-10-25,2460702,1662,60,Sascha Riether,substitutes,Right-Back,22,0
633e8ef2118d522c2e47a6c4225be683,2014-10-25,2460702,1791,167,Halil Altıntop,starting_lineup,Second Striker,7,0
ab70db53f74bd2972f553a46c1309dfe,2014-10-25,2460702,1986,167,Markus Feulner,substitutes,Right Midfield,8,0
f7cda9496bd823517c51964f3a2c0f2a,2014-10-25,2460703,2201,127,Lukas Kruse,starting_lineup,Goalkeeper,1,0
493522f60a7c9ffc943db1e9a4c14f95,2014-10-25,2460704,1726,41,Heiko Westermann,starting_lineup,Centre-Back,4,0
ec92de7e211c2ac0d7156af885a24101,2014-10-25,2460704,2334,44,Marcel Ndjeng,substitutes,Right-Back,8,0
b81409b297f60f4a300b757a044e693f,2014-10-24,2460705,1126,3,Matthias Lehmann,starting_lineup,Defensive Midfield,33,1
931131dd9a6bd09906d1f57553b860cd,2014-10-24,2460705,1277,86,Clemens Fritz,starting_lineup,Right-Back,8,1
cf1e61640633ef644bf5aa74227ec190,2014-10-25,2460706,598,24,Timo Hildebrand,substitutes,Goalkeeper,26,0
4e2f4b093d4badc011fe56f7d7856fe9,2014-10-25,2460706,1565,24,Alexander Meier,starting_lineup,Second Striker,14,1
d209ffcda374b67c797148d7179fcd30,2014-10-25,2460706,2767,24,Alexander Madlung,starting_lineup,Centre-Back,17,0
c11743c0c03d6e957e3ed468ea01416e,2014-11-01,2460707,26,16,Roman Weidenfeller,starting_lineup,Goalkeeper,1,0
cc185936f4ff296081c2b647264224c2,2014-11-01,2460707,410,16,Sebastian Kehl,starting_lineup,Defensive Midfield,5,0
9fecfe7e3cb875635fb17a5e2909b82e,2014-11-01,2460707,532,27,Claudio Pizarro,substitutes,Centre-Forward,14,0
302eb63ddba68315a65d161ffe4afc8e,2014-11-01,2460707,2219,27,Philipp Lahm,starting_lineup,Central Midfield,21,1
ca021f11dfbf5ea6dc232faadab1aadf,2014-10-31,2460708,1363,33,Christian Wetklo,substitutes,Goalkeeper,28,0
e2c84b03216f397e5e78b8093bf37ddb,2014-10-31,2460708,1791,167,Halil Altıntop,starting_lineup,Attacking Midfield,7,0
0a77a1f81a9031fe4f6d9bd771525f5c,2014-10-31,2460708,1986,167,Markus Feulner,substitutes,Central Midfield,8,0
796990da864d4269ab7257bcdf42f3cd,2014-11-02,2460709,568,18,Martin Stranzl,starting_lineup,Centre-Back,39,1
3df3136f76bd1ea44362a27375d628b6,2014-11-01,2460710,1277,86,Clemens Fritz,starting_lineup,Right Midfield,8,1
5bea0cc036ec1397163f53d38e2057af,2014-11-01,2460711,598,24,Timo Hildebrand,substitutes,Goalkeeper,26,0
2d1c455e916c72c622a71075bd5e9c85,2014-11-01,2460711,1565,24,Alexander Meier,starting_lineup,Centre-Forward,14,1
95d219257fa89b302794e7265a3966d7,2014-11-01,2460711,1586,42,Christian Schulz,starting_lineup,Centre-Back,19,1
bf595121fd45339b35fce6d6358cf4fb,2014-11-01,2460711,2767,24,Alexander Madlung,starting_lineup,Centre-Back,17,0
47fbcd33a64d288cd8476b996b29481e,2014-11-01,2460711,2950,42,Robert Almer,substitutes,Goalkeeper,39,0
7808a76c9462ba2f5e375cb609c0a674,2014-11-01,2460711,3114,42,Jan Schlaudraff,substitutes,Second Striker,13,0
11e59fafa990eac54b1e50ea73e32dc8,2014-11-01,2460712,1667,82,Diego Benaglio,starting_lineup,Goalkeeper,1,1
4c53bd4d2b6e67d29c26b8ad5c374769,2014-11-01,2460713,1726,41,Heiko Westermann,starting_lineup,Centre-Back,4,0
962bef17e62fb1a9b003ae879fe40643,2014-11-01,2460713,3256,15,Roberto Hilbert,substitutes,Right-Back,13,0
0f08e0e99439c21be7be9646e5fbb64c,2014-11-02,2460714,1126,3,Matthias Lehmann,starting_lineup,Defensive Midfield,33,1
7267b567344c015401881e786e06e622,2014-11-02,2460714,1662,60,Sascha Riether,starting_lineup,Right-Back,22,1
9043b07514e8b15b4378d93376146ea8,2014-11-02,2460715,2201,127,Lukas Kruse,starting_lineup,Goalkeeper,1,0
05c7556dd1a89c57e1cb1c163a30cf85,2014-11-02,2460715,2334,44,Marcel Ndjeng,starting_lineup,Right-Back,8,0
3e95bf521e872b468689ac19e77eea8e,2014-11-02,2460715,2453,127,Mahir Saglik,substitutes,Centre-Forward,10,0
fc700fa6729e9896df63e49f27a8c698,2014-11-09,2460716,26,16,Roman Weidenfeller,starting_lineup,Goalkeeper,1,1
c12f25b6d667b341afcabe95a6292af4,2014-11-09,2460716,410,16,Sebastian Kehl,starting_lineup,Defensive Midfield,5,0
ccc528fc46b0d3e43ec4d4c7261cb3da,2014-11-09,2460716,568,18,Martin Stranzl,starting_lineup,Centre-Back,39,1
dbee7fea167b75c5ae969436a59deb0c,2014-11-09,2460716,1144,18,Christofer Heimeroth,substitutes,Goalkeeper,33,0
3328f204ef9fe6fcc3d46d183e42e808,2014-11-09,2460718,1667,82,Diego Benaglio,starting_lineup,Goalkeeper,1,1
7d0f9a37bf126a286d146c0c92ced68f,2014-11-09,2460718,1726,41,Heiko Westermann,starting_lineup,Centre-Back,4,0
9a00d2607da08ab2cb1b42a31075e310,2014-11-08,2460719,1791,167,Halil Altıntop,starting_lineup,Second Striker,7,0
c71101e871e5b317df9c5f5eb868ec7e,2014-11-08,2460719,1986,167,Markus Feulner,starting_lineup,Central Midfield,8,0
8ad13afd5b6c6c11e3e020f2a1c3da5f,2014-11-08,2460719,2201,127,Lukas Kruse,starting_lineup,Goalkeeper,1,0
cf1e8aab50af71a1c83a204dfdf06781,2014-11-08,2460719,2453,127,Mahir Saglik,substitutes,Centre-Forward,10,0
ae213214d023888bac1bb427324206a0,2014-11-08,2460720,1126,3,Matthias Lehmann,starting_lineup,Defensive Midfield,33,0
a4f2b011c7b368efd39f72ca837dd35a,2014-11-07,2460721,1586,42,Christian Schulz,starting_lineup,Centre-Back,19,1
9297f3cfa76e57d2a66c54a3db99a2a0,2014-11-07,2460721,2334,44,Marcel Ndjeng,substitutes,Right Midfield,8,0
0509bf7955740b824c94575def3b45b1,2014-11-07,2460721,2950,42,Robert Almer,substitutes,Goalkeeper,39,0
dc0b4c8321278e8b57fe655c2752c6ea,2014-11-07,2460721,3114,42,Jan Schlaudraff,substitutes,Second Striker,13,0
eaa48ae57442d3fe707e81ac28f91363,2014-11-08,2460722,1277,86,Clemens Fritz,starting_lineup,Right Midfield,8,1
250de37a80eb2e7aaed9bd96bedce2e5,2014-11-08,2460723,598,24,Timo Hildebrand,substitutes,Goalkeeper,26,0
1594420437d27840fbcc8f0f4a8f3261,2014-11-08,2460723,1565,24,Alexander Meier,starting_lineup,Centre-Forward,14,1
bb2f4557411bab82a6f6e746ddeefc7a,2014-11-08,2460723,2219,27,Philipp Lahm,starting_lineup,Right Midfield,21,1
e0b132a1629833182721adda55ca81dc,2014-11-08,2460723,2767,24,Alexander Madlung,substitutes,Centre-Back,17,0
899db5b6fed3e8bbd06ac4c3ff377a6b,2014-11-08,2460724,1363,33,Christian Wetklo,substitutes,Goalkeeper,28,0
f77a846c5711b7e71d806820a102aa27,2014-11-08,2460724,1662,60,Sascha Riether,starting_lineup,Right-Back,22,1
997a2abf8b09974bf9e14036662ac82b,2014-11-22,2460725,2514,27,Bastian Schweinsteiger,substitutes,Attacking Midfield,31,0
59e6bc85eb8b9e35705464be98ad4864,2014-11-22,2460726,1363,33,Christian Wetklo,substitutes,Goalkeeper,28,0
6101b1fe8f65d7d8bb1ef4c09780de66,2014-11-22,2460726,1667,82,Diego Benaglio,starting_lineup,Goalkeeper,1,1
cf6c6bdd6fe9b3233f5b1a92387007fc,2014-11-22,2460727,598,24,Timo Hildebrand,substitutes,Goalkeeper,26,0
26ded13fdaea98367a03b2e473f5e9f4,2014-11-22,2460727,837,18,Thorben Marx,substitutes,Defensive Midfield,14,0
4d3474874e207521c60ea97ce62255e5,2014-11-22,2460727,1144,18,Christofer Heimeroth,substitutes,Goalkeeper,33,0
be0c21660828b9e50899eecc483b69e1,2014-11-22,2460727,1565,24,Alexander Meier,starting_lineup,Second Striker,14,1
aacab6f2d2fd499f7f84be6af9356702,2014-11-22,2460727,2767,24,Alexander Madlung,substitutes,Centre-Back,17,0
ba1442ca559e4186713554019dfe209a,2014-11-22,2460728,1139,39,Nikolce Noveski,substitutes,Centre-Back,4,0
9ded4d92db449cddebad955aaff5bf1d,2014-11-22,2460729,691,15,Simon Rolfes,starting_lineup,Defensive Midfield,6,1
833a3e61a90039c249da4ac9b4c9f443,2014-11-22,2460729,1586,42,Christian Schulz,starting_lineup,Centre-Back,19,0
dfdd5cc0b28c468278725e5494807a88,2014-11-22,2460729,2950,42,Robert Almer,substitutes,Goalkeeper,39,0
92d258e5464321d6385ef51afa185687,2014-11-22,2460729,3256,15,Roberto Hilbert,starting_lineup,Right-Back,13,0
2cef43d28cbf7fa7ffe93857fb0c4c58,2014-11-23,2460730,1791,167,Halil Altıntop,starting_lineup,Attacking Midfield,7,0
63dc35aa7b64d1f37be573fb8611e95e,2014-11-23,2460730,1986,167,Markus Feulner,starting_lineup,Central Midfield,8,0
a5c2091b1d47c40d260d49d85244d475,2014-11-23,2460731,1277,86,Clemens Fritz,starting_lineup,Central Midfield,8,1
2561e8cc0bd32d5e7aff30f527301ed2,2014-11-23,2460731,1726,41,Heiko Westermann,starting_lineup,Centre-Back,4,0
074bb93a2d0d57c519cb2cec4b11134f,2014-11-22,2460732,1126,3,Matthias Lehmann,starting_lineup,Defensive Midfield,33,0
86a88841c8cc9c178841813c019bf822,2014-11-22,2460732,2334,44,Marcel Ndjeng,starting_lineup,Right-Back,8,0
6578f4bee864aaa12a1f5ed2a69e2f21,2014-11-22,2460733,26,16,Roman Weidenfeller,starting_lineup,Goalkeeper,1,1
fa4475f7b6231b8153de2fbc895aa93a,2014-11-22,2460733,410,16,Sebastian Kehl,starting_lineup,Defensive Midfield,5,0
2e0034d1acdb92c5ac8f91dfadc72b4f,2014-11-22,2460733,2201,127,Lukas Kruse,starting_lineup,Goalkeeper,1,0
b28d9cb86281d1640047ced9fff780de,2014-11-22,2460733,2453,127,Mahir Saglik,substitutes,Centre-Forward,10,0
95fa9efef3df52826939d18796a43e3d,2014-11-29,2460735,691,15,Simon Rolfes,substitutes,Defensive Midfield,6,0
95db593f395b29d91e07aaa96eb177cc,2014-11-29,2460735,1126,3,Matthias Lehmann,starting_lineup,Defensive Midfield,33,0
1bdbe992ec1ccecb5535df72581f078b,2014-11-29,2460735,3256,15,Roberto Hilbert,starting_lineup,Right-Back,13,0
2c829671a7b6f8da9e10994bf06f5218,2014-11-30,2460736,837,18,Thorben Marx,substitutes,Defensive Midfield,14,0
0809ee2a5c277e12f58454b9dabaf85d,2014-11-30,2460736,1667,82,Diego Benaglio,starting_lineup,Goalkeeper,1,1
02f69223701c48cd03d324044062e3da,2014-11-29,2460737,1726,41,Heiko Westermann,starting_lineup,Centre-Back,4,0
d193980e3a7971427a438fecd3f6471c,2014-11-29,2460737,1791,167,Halil Altıntop,starting_lineup,Second Striker,7,0
2873861742d69738f7aa401b981fc54a,2014-11-29,2460737,1986,167,Markus Feulner,starting_lineup,Central Midfield,8,0
126d1a3e55445949a9c04f845b0c44dc,2014-11-29,2460738,1586,42,Christian Schulz,starting_lineup,Centre-Back,19,0
94529255efbba72e07a8306ef9bf8d88,2014-11-29,2460738,2950,42,Robert Almer,substitutes,Goalkeeper,39,0
a04e8cb72ffa3e84f46ee61fd393ab4d,2014-11-29,2460739,2334,44,Marcel Ndjeng,starting_lineup,Right-Back,8,0
056a4700a5a38f73aedad9bd00eff215,2014-11-29,2460739,2514,27,Bastian Schweinsteiger,substitutes,Attacking Midfield,31,0
772c4da1be6996ad05784fab832a0386,2014-11-29,2460740,2201,127,Lukas Kruse,starting_lineup,Goalkeeper,1,1
0cc332f454d89cd4eeee599ce898054f,2014-11-29,2460740,2453,127,Mahir Saglik,substitutes,Centre-Forward,10,0
be9a68f8ead65bdf746ca920493d90f5,2014-11-30,2460741,26,16,Roman Weidenfeller,starting_lineup,Goalkeeper,1,1
66e5dd695a3a198804e463edf0c951d7,2014-11-30,2460741,410,16,Sebastian Kehl,starting_lineup,Defensive Midfield,5,0
bae0e4dda3e2ab5ce2de4a43d10e8c43,2014-11-30,2460741,598,24,Timo Hildebrand,substitutes,Goalkeeper,26,0
2944bfc321faead3ff14088f3e7e3856,2014-11-30,2460741,1565,24,Alexander Meier,starting_lineup,Second Striker,14,1
e1d24e9f8314cd5f95eb94e076b0f54a,2014-11-30,2460741,2767,24,Alexander Madlung,substitutes,Centre-Back,17,0
51824d118882afcd609c34599d4b8a0f,2014-12-06,2460743,691,15,Simon Rolfes,substitutes,Defensive Midfield,6,0
657172d533eb700fcd8116fe44d71e1c,2014-12-06,2460743,2514,27,Bastian Schweinsteiger,substitutes,Central Midfield,31,0
7ed53fe938773b50782168d0c0788950,2014-12-06,2460743,3256,15,Roberto Hilbert,substitutes,Right-Back,13,0
090be5455b5cb749a7780998877ec8f0,2014-12-05,2460744,26,16,Roman Weidenfeller,substitutes,Goalkeeper,1,0
1634d8b818df3561024fdc3843b57f75,2014-12-05,2460744,410,16,Sebastian Kehl,starting_lineup,Defensive Midfield,5,0
ea78de7d62c0e37838fa3abea681d425,2014-12-06,2460746,1586,42,Christian Schulz,starting_lineup,Centre-Back,19,0
279148d988a0b4e324fa270df139ba8e,2014-12-06,2460746,1667,82,Diego Benaglio,starting_lineup,Goalkeeper,1,1
b454ca48541d775ec51d032a4d842856,2014-12-06,2460746,2950,42,Robert Almer,substitutes,Goalkeeper,39,0
a3c2b6cd5a09b6094fc84ba84b089a49,2014-12-07,2460747,598,24,Timo Hildebrand,substitutes,Goalkeeper,26,0
dba7cfac02e2b8fad63761baff62ef11,2014-12-07,2460747,1277,86,Clemens Fritz,starting_lineup,Right Midfield,8,1
04d1bda0bf200d4111b699e95c0bd168,2014-12-07,2460747,1565,24,Alexander Meier,starting_lineup,Centre-Forward,14,1
b11714ef5b224067fcf5166ee729497f,2014-12-07,2460749,1139,39,Nikolce Noveski,starting_lineup,Centre-Back,4,1
aa76bdbfa9ccf78e6221a0b20c9e03e9,2014-12-06,2460750,1791,167,Halil Altıntop,starting_lineup,Attacking Midfield,7,0
590b0f8879e37cfdaf0b5e5198d628b5,2014-12-06,2460750,1986,167,Markus Feulner,substitutes,Central Midfield,8,0
8839cb4b8d7b9a00379888ef4eaa257b,2014-12-06,2460751,2201,127,Lukas Kruse,starting_lineup,Goalkeeper,1,0
e59b31d9555215ee430e191e17d69a03,2014-12-06,2460751,2453,127,Mahir Saglik,starting_lineup,Centre-Forward,10,0
6a4cb5cf67b9e5f482458fc4c0d1b787,2014-12-13,2460752,1126,3,Matthias Lehmann,starting_lineup,Defensive Midfield,33,1
9d91deb0fb8ef91ae9a32061b73475aa,2014-12-14,2460753,691,15,Simon Rolfes,substitutes,Defensive Midfield,6,0
f22c8f12a9d0043d2475c2f489d0aaf7,2014-12-14,2460753,3256,15,Roberto Hilbert,substitutes,Right-Back,13,0
a66b0928e1de17fa5375570c7184ccb3,2014-12-14,2460754,1667,82,Diego Benaglio,starting_lineup,Goalkeeper,1,1
3ddb50800de24bf3a02fd3765d032297,2014-12-14,2460754,2201,127,Lukas Kruse,starting_lineup,Goalkeeper,1,0
1dfdb10b3e45a52f278fef5f6329bf0b,2014-12-14,2460754,2453,127,Mahir Saglik,substitutes,Centre-Forward,10,0
e645c2fd5d76100f322867f5e8b9597b,2014-12-13,2460755,1139,39,Nikolce Noveski,starting_lineup,Centre-Back,4,1
ed01e92fef7aad3f04accbb65ad6b735,2014-12-13,2460756,1791,167,Halil Altıntop,starting_lineup,Second Striker,7,0
4975f746620dfb27aa77eadddd4bec8f,2014-12-13,2460756,1986,167,Markus Feulner,starting_lineup,Central Midfield,8,0
c5e7fbd1a484b6155b8e93e0b7d557bb,2014-12-13,2460756,2514,27,Bastian Schweinsteiger,starting_lineup,Central Midfield,31,1
f24088d7f35a6bd8a819574f692c12a8,2014-12-12,2460757,598,24,Timo Hildebrand,starting_lineup,Goalkeeper,26,0
d516d5941362e2a6f46cc85887ed217c,2014-12-12,2460757,1565,24,Alexander Meier,starting_lineup,Centre-Forward,14,1
d24b560212c23e80b7ca9cb3e2672e1f,2014-12-12,2460757,2767,24,Alexander Madlung,substitutes,Centre-Back,17,0
00aed31c510323a5a936dd241c6503cd,2014-12-13,2460758,26,16,Roman Weidenfeller,substitutes,Goalkeeper,1,0
f97dc9a0d39cd625d60013f42f8d7a91,2014-12-13,2460758,410,16,Sebastian Kehl,starting_lineup,Defensive Midfield,5,0
8366a1b796976dc34c70fc6f404b1ae4,2014-12-13,2460758,2334,44,Marcel Ndjeng,substitutes,Right Midfield,8,0
03e2955f3bf9e411cc57537581aa2d86,2014-12-13,2460759,1277,86,Clemens Fritz,starting_lineup,Right Midfield,8,1
3731c9c80c58f79ad01afa06ba0b96cb,2014-12-13,2460759,1586,42,Christian Schulz,starting_lineup,Centre-Back,19,0
46d6fe8bb79f16f4560fccb5c04d5b74,2014-12-13,2460759,2805,42,Christian Pander,substitutes,Left-Back,24,0
5aeaf4e0db859821cd51c8b3dc616cdb,2014-12-13,2460759,2950,42,Robert Almer,substitutes,Goalkeeper,39,0
99adcf42dc05264df6087fcf08e71388,2014-12-13,2460760,1662,60,Sascha Riether,starting_lineup,Right-Back,22,1
0cd43aa10d095bb61a8de54917d6cabc,2014-12-16,2460761,1662,60,Sascha Riether,starting_lineup,Right-Back,22,0
148ea956d9fdf83db31c0b2c28f4c422,2014-12-16,2460761,2514,27,Bastian Schweinsteiger,substitutes,Central Midfield,31,0
472eb29022e258b93c8d34236428299a,2014-12-17,2460762,26,16,Roman Weidenfeller,substitutes,Goalkeeper,1,0
f2826fbcfcb14a0a05e10223c099ed39,2014-12-17,2460762,410,16,Sebastian Kehl,starting_lineup,Defensive Midfield,5,0
a9d75b1df2a478ab1bb6d97b02f2eccd,2014-12-17,2460762,1667,82,Diego Benaglio,starting_lineup,Goalkeeper,1,1
0385e4f51e14ddabd913e3327611e06e,2014-12-17,2460762,2150,16,Oliver Kirch,substitutes,Central Midfield,21,0
e8301a722a0165735d6ec89824aef43a,2014-12-17,2460763,1144,18,Christofer Heimeroth,substitutes,Goalkeeper,33,0
49fa71bff63b2fd20f7d368fec0d54db,2014-12-17,2460763,1277,86,Clemens Fritz,starting_lineup,Right Midfield,8,1
276539bf2a04f279490975edd2eea151,2014-12-17,2460764,691,15,Simon Rolfes,substitutes,Defensive Midfield,6,0
6c03360ce4ab2abd3185ba1337f02010,2014-12-17,2460764,3256,15,Roberto Hilbert,starting_lineup,Right-Back,13,0
500f2d0a8179d40af738becce2942e03,2014-12-16,2460765,1791,167,Halil Altıntop,starting_lineup,Attacking Midfield,7,0
b901fe12cc277087a9393d4d42f281c5,2014-12-16,2460765,1986,167,Markus Feulner,starting_lineup,Central Midfield,8,0
df8c7ed6618fec2ec3c29f9bc98c659a,2014-12-16,2460765,2805,42,Christian Pander,substitutes,Left-Back,24,0
c6b5fcc7469e40a9bd25255d126da5ce,2014-12-16,2460765,2950,42,Robert Almer,substitutes,Goalkeeper,39,0
ffebe455054ae631fcacdc5bacf6f9d2,2014-12-17,2460766,598,24,Timo Hildebrand,starting_lineup,Goalkeeper,26,0
bd70711e37752016057ea4bfe7068ef1,2014-12-17,2460766,1565,24,Alexander Meier,starting_lineup,Centre-Forward,14,1
b90084198212f4a0f25dc726a3b9ed2f,2014-12-17,2460766,2334,44,Marcel Ndjeng,substitutes,Right Midfield,8,0
e09b8d55d1c37782e6854aa9823e9044,2014-12-17,2460766,2767,24,Alexander Madlung,substitutes,Centre-Back,17,0
9aaa35ee1668ba8a2d0959a90ac199af,2014-12-16,2460768,1126,3,Matthias Lehmann,starting_lineup,Defensive Midfield,33,1
6ac61bffb228cc1a1ad6466afb6bbdf9,2014-12-17,2460769,2201,127,Lukas Kruse,starting_lineup,Goalkeeper,1,0
51cacf0dbaf5c64d93b2c314aad5cff0,2014-12-17,2460769,2453,127,Mahir Saglik,starting_lineup,Centre-Forward,10,0
fc29fe63cbbf68519d628e3faa5da7f7,2014-12-20,2460771,598,24,Timo Hildebrand,starting_lineup,Goalkeeper,26,0
49b8d4880f0d045293ef5b70ab828403,2014-12-20,2460771,691,15,Simon Rolfes,starting_lineup,Defensive Midfield,6,1
59280b648c579311f206f877c83d46d1,2014-12-20,2460771,1565,24,Alexander Meier,starting_lineup,Second Striker,14,1
57b645ab4b597ab0f23f442d9b7e9693,2014-12-20,2460771,2767,24,Alexander Madlung,starting_lineup,Centre-Back,17,0
dc93799cd59e8c15f3d54f8cac27f198,2014-12-20,2460771,3256,15,Roberto Hilbert,substitutes,Right-Back,13,0
5eb3c0754b654e0996001f6bc3dcc6a7,2014-12-20,2460772,1126,3,Matthias Lehmann,starting_lineup,Defensive Midfield,33,1
244681a065fe2db73e2c5bc85b058e59,2014-12-20,2460772,1667,82,Diego Benaglio,starting_lineup,Goalkeeper,1,1
03fe783b2a7784f5f833b519cea37db9,2014-12-19,2460773,532,27,Claudio Pizarro,substitutes,Centre-Forward,14,0
3855fca6aea8a341bbc9a1d2edc9fb7e,2014-12-19,2460773,2514,27,Bastian Schweinsteiger,starting_lineup,Defensive Midfield,31,1
11cf1881836841f726ebbecab078cb69,2014-12-20,2460774,568,18,Martin Stranzl,substitutes,Centre-Back,39,0
e34dba75761ea4137dfa46e3764abcfe,2014-12-20,2460774,1144,18,Christofer Heimeroth,substitutes,Goalkeeper,33,0
7e3325c3b5865a39ecbdf0f7e609ebd0,2014-12-20,2460774,1791,167,Halil Altıntop,starting_lineup,Attacking Midfield,7,0
7b1c9da0ec830664c438e41b6ba14010,2014-12-20,2460774,1986,167,Markus Feulner,starting_lineup,Central Midfield,8,0
c220e0ebdd66303eb4fbecba3f66b483,2014-12-21,2460775,2334,44,Marcel Ndjeng,starting_lineup,Right-Back,8,0
e4a20724ea7a2437beb361d831aba21a,2014-12-20,2460776,26,16,Roman Weidenfeller,substitutes,Goalkeeper,1,0
65d0ab4db6af9bb00c087ff1c550432a,2014-12-20,2460776,410,16,Sebastian Kehl,starting_lineup,Defensive Midfield,5,0
c9355fd16ffd1c10ce4916d86a6ff752,2014-12-20,2460776,1277,86,Clemens Fritz,starting_lineup,Right Midfield,8,1
522c011c66c6b178927667dd07c5e534,2014-12-20,2460776,2150,16,Oliver Kirch,starting_lineup,Central Midfield,21,0
5ec64c956880a7582323e2a4fd2671bb,2014-12-21,2460777,1662,60,Sascha Riether,starting_lineup,Right-Back,22,0
701becf2c0c3734b5e241b1af7099642,2014-12-21,2460777,2805,42,Christian Pander,substitutes,Left-Back,24,0
87db28b770b199d27ed75c1a76b2423b,2014-12-21,2460777,2950,42,Robert Almer,substitutes,Goalkeeper,39,0
9359ea5bc7c3a6bdb5562f7cb58d333c,2014-12-20,2460778,2201,127,Lukas Kruse,starting_lineup,Goalkeeper,1,0
34e69cef912bb4a138fb54c583152a8e,2014-12-20,2460778,2453,127,Mahir Saglik,substitutes,Centre-Forward,10,0
3a118e14795dc0fb552f90cf5a7820da,2015-01-31,2460779,1586,42,Christian Schulz,starting_lineup,Centre-Back,19,0
97831176f7181c6b60e8cdabf400cae6,2015-01-31,2460779,2805,42,Christian Pander,substitutes,Left-Back,24,0
03eb6cfd2becc4abdebb6da33dee6c6f,2015-01-31,2460779,2950,42,Robert Almer,substitutes,Goalkeeper,39,0
186001cce9b68723a17581f0b0cb5927,2015-01-31,2460780,26,16,Roman Weidenfeller,starting_lineup,Goalkeeper,1,0
3990de980c2dacba2497dce7a6da34c1,2015-01-31,2460780,691,15,Simon Rolfes,substitutes,Defensive Midfield,6,0
01bb08a46b42ed47bef813c31b904ce1,2015-01-31,2460780,2150,16,Oliver Kirch,substitutes,Defensive Midfield,21,0
45890a095eebc8bb14413ac4c6d039eb,2015-01-31,2460780,3256,15,Roberto Hilbert,starting_lineup,Right-Back,13,0
eaf0e9fbaa1afd2a05643cd9b337b844,2015-01-30,2460781,532,27,Claudio Pizarro,substitutes,Centre-Forward,14,0
efae261bcfe2046e14e14714160ceae0,2015-01-30,2460781,1667,82,Diego Benaglio,starting_lineup,Goalkeeper,1,1
8fcb76d890ac37a0982efd1834c5f13b,2015-01-30,2460781,2514,27,Bastian Schweinsteiger,starting_lineup,Central Midfield,31,1
10c8f4e53a7c3b24fa6f816c6578cde7,2015-01-31,2460782,2201,127,Lukas Kruse,starting_lineup,Goalkeeper,1,0
d2c4fbcdb94030bdf0196864a2cd416c,2015-01-31,2460782,2453,127,Mahir Saglik,substitutes,Centre-Forward,10,0
2ab2b04f5dac0491984449d40e81b25f,2015-02-01,2460783,1791,167,Halil Altıntop,starting_lineup,Second Striker,7,0
4b9b00d3636fab8fcec9232fff2c1ff4,2015-02-01,2460783,1986,167,Markus Feulner,starting_lineup,Left-Back,8,0
a9e16aed243b1b85a0704a56caa8b02f,2015-02-01,2460784,1277,86,Clemens Fritz,substitutes,Right Midfield,8,0
2e306ef3a0fa8355d38cc03917d6b412,2015-02-01,2460784,2334,44,Marcel Ndjeng,substitutes,Central Midfield,8,0
f02c79835911d5d6435229aa2994f85a,2015-01-31,2460785,1565,24,Alexander Meier,starting_lineup,Centre-Forward,14,0
dd990f67767013468d778920fba12561,2015-01-31,2460785,1662,60,Sascha Riether,starting_lineup,Right-Back,22,0
ae8aeb0877c57227b86bf1bdbd110d22,2015-01-31,2460785,2767,24,Alexander Madlung,substitutes,Centre-Back,17,0
31042e26d1541b641258b54cd20bf84e,2015-01-31,2460786,568,18,Martin Stranzl,starting_lineup,Centre-Back,39,1
b2ca7bfe66fdaf001c8f3598ac5c3c17,2015-01-31,2460787,1126,3,Matthias Lehmann,starting_lineup,Defensive Midfield,33,1
67a7425b8395647ac006bed38a5af31d,2015-01-31,2460787,1726,41,Heiko Westermann,starting_lineup,Defensive Midfield,4,0
66bf35dc16a062dee48a3bc8ddcebbee,2015-01-31,2460787,1784,41,René Adler,substitutes,Goalkeeper,15,0
9e7845f187bce22decdbe082f88ff8f0,2015-02-03,2460788,532,27,Claudio Pizarro,substitutes,Centre-Forward,14,0
a53fe70d2af4af55190ef6a7ea39b0f0,2015-02-03,2460788,2514,27,Bastian Schweinsteiger,starting_lineup,Defensive Midfield,31,1
4295d63ac9a3e2a9f9cde9ff1dfd8d10,2015-02-04,2460789,26,16,Roman Weidenfeller,starting_lineup,Goalkeeper,1,0
61b2cdaa726c96569e69bb088b88b5b5,2015-02-04,2460789,1791,167,Halil Altıntop,starting_lineup,Second Striker,7,0
da118207de14766579863e23bd85fc94,2015-02-04,2460789,1986,167,Markus Feulner,starting_lineup,Left-Back,8,0
9131423f4202c05fd61f6841cbccf143,2015-02-04,2460789,2150,16,Oliver Kirch,substitutes,Defensive Midfield,21,0
9e03e87c28e5c19a136d61ecf77cf360,2015-02-03,2460790,568,18,Martin Stranzl,starting_lineup,Centre-Back,39,1
0d8e6b090fbe8c34ecd708b8610c4835,2015-02-03,2460790,1662,60,Sascha Riether,substitutes,Right-Back,22,0
1f0dc7b751396d128b475baecb8820ba,2015-02-04,2460791,1277,86,Clemens Fritz,starting_lineup,Right Midfield,8,1
472f888851c6bfafd03d53e82927f8b4,2015-02-03,2460792,1586,42,Christian Schulz,starting_lineup,Centre-Back,19,0
cd50e61374cc103a8e5c41b0c713d757,2015-02-03,2460792,2805,42,Christian Pander,substitutes,Left-Back,24,0
1704067e8723a71974bf2f8636871a17,2015-02-03,2460792,2950,42,Robert Almer,substitutes,Goalkeeper,39,0
37caa35b2632d41c76d01819b240461d,2015-02-04,2460793,691,15,Simon Rolfes,substitutes,Defensive Midfield,6,0
91df62fde53669700a7f0a0802ad522e,2015-02-04,2460793,2334,44,Marcel Ndjeng,starting_lineup,Defensive Midfield,8,0
b335fada09f022238b0cd350e2470eb0,2015-02-04,2460793,3256,15,Roberto Hilbert,starting_lineup,Right-Back,13,0
f0ce05b447a0210a749e9b55d8f05fa8,2015-02-03,2460794,1565,24,Alexander Meier,starting_lineup,Centre-Forward,14,0
6bf97185ec15d2844dbbca9737a9197b,2015-02-03,2460794,1667,82,Diego Benaglio,starting_lineup,Goalkeeper,1,1
80a2ef6427751deef2f14e1e7fb48341,2015-02-03,2460794,2767,24,Alexander Madlung,substitutes,Centre-Back,17,0
5f17492295e0c0f78d7fbd755791a1e4,2015-02-04,2460795,1126,3,Matthias Lehmann,starting_lineup,Defensive Midfield,33,1
b6f315f1edacb3fb4ccda0938f15e489,2015-02-04,2460796,1726,41,Heiko Westermann,starting_lineup,Right-Back,4,0
47b218e8d07ca4933634871338846343,2015-02-04,2460796,1784,41,René Adler,substitutes,Goalkeeper,15,0
c7a6360fa95e2b7af138ce800ae3f638,2015-02-04,2460796,2201,127,Lukas Kruse,starting_lineup,Goalkeeper,1,0
2f1de21f704261ef3caa452ca43c79b8,2015-02-04,2460796,2453,127,Mahir Saglik,substitutes,Centre-Forward,10,0
f45795848fea6d998cb403df6320b4a2,2015-02-07,2460798,1667,82,Diego Benaglio,starting_lineup,Goalkeeper,1,1
dffe3659cc0df28d79525ea20c32c6d0,2015-02-08,2460800,1565,24,Alexander Meier,starting_lineup,Centre-Forward,14,0
255f8c80cbc0f479cba3f934fe8ec684,2015-02-08,2460800,1791,167,Halil Altıntop,starting_lineup,Attacking Midfield,7,0
f067052c88a3c0782bc8158d64569d3a,2015-02-08,2460800,1986,167,Markus Feulner,starting_lineup,Left-Back,8,0
ee218066ff1f46cfa78b289a86b11031,2015-02-08,2460800,2767,24,Alexander Madlung,substitutes,Centre-Back,17,0
8be5885c9ce120d67e277d4a8d1d355e,2015-02-08,2460801,691,15,Simon Rolfes,substitutes,Defensive Midfield,6,0
f2902adbd93c71fe8e7b9ff7375b1f43,2015-02-08,2460801,1277,86,Clemens Fritz,starting_lineup,Right Midfield,8,1
2d0a9d3f2e8c209f1654a15510674a5f,2015-02-08,2460801,3256,15,Roberto Hilbert,starting_lineup,Right-Back,13,0
ea8f7b2b6e56f95a7c8eb177f279816c,2015-02-07,2460802,26,16,Roman Weidenfeller,starting_lineup,Goalkeeper,1,0
327662c2482a5d7cfe3820971e541234,2015-02-07,2460802,1662,60,Sascha Riether,substitutes,Right-Back,22,0
5e5f39fd45d1b7600b8850fdb32ec208,2015-02-07,2460802,2150,16,Oliver Kirch,substitutes,Defensive Midfield,21,0
4ab5edf797a97ae7541f12c783cff229,2015-02-07,2460803,532,27,Claudio Pizarro,substitutes,Centre-Forward,14,0
1518b4098f6c48c6bd5a6408b6f98712,2015-02-07,2460803,2514,27,Bastian Schweinsteiger,starting_lineup,Central Midfield,31,1
aeb43397b25d54fea0eaee62d2846ace,2015-02-07,2460804,1586,42,Christian Schulz,starting_lineup,Centre-Back,19,0
c9aa3a9f18506cc76cea244c9e50a436,2015-02-07,2460804,1726,41,Heiko Westermann,starting_lineup,Right-Back,4,0
32887c980204d7897e18d7dcf0006967,2015-02-07,2460804,1784,41,René Adler,substitutes,Goalkeeper,15,0
40946a79d14f7db416716fa31ccf6e58,2015-02-07,2460804,2805,42,Christian Pander,substitutes,Left-Back,24,0
210460df2dd4e6948bf2a3d2dda960e7,2015-02-07,2460805,1126,3,Matthias Lehmann,starting_lineup,Defensive Midfield,33,1
8e54f3bbb418ebfd9737fd76182f5d49,2015-02-07,2460805,2201,127,Lukas Kruse,starting_lineup,Goalkeeper,1,0
ae3e513ad0c6dc2c7f2db6a824fcc556,2015-02-07,2460805,2453,127,Mahir Saglik,substitutes,Centre-Forward,10,0
ec795fe377e3ddf5657e1088c496497c,2015-02-14,2460806,532,27,Claudio Pizarro,substitutes,Centre-Forward,14,0
d2d7c5f684a50466d6d73225468ed8ce,2015-02-14,2460806,1726,41,Heiko Westermann,starting_lineup,Centre-Back,4,0
52906480fc7061d502d49bcaf00c5f34,2015-02-14,2460806,1784,41,René Adler,substitutes,Goalkeeper,15,0
3ac173b2771f2ee93a5422752a6fcbeb,2015-02-14,2460806,2514,27,Bastian Schweinsteiger,starting_lineup,Defensive Midfield,31,1
ef3d0631abf2e6d370b442824f27e3eb,2015-02-13,2460807,26,16,Roman Weidenfeller,starting_lineup,Goalkeeper,1,1
ae0feb3737f8a80558fced3c37a38c43,2015-02-13,2460807,2150,16,Oliver Kirch,substitutes,Defensive Midfield,21,0
67fe0d64f35064ea765fe56668eab6b3,2015-02-14,2460808,691,15,Simon Rolfes,substitutes,Defensive Midfield,6,0
45896537acd60392dee6b989d92b3f15,2015-02-14,2460808,1667,82,Diego Benaglio,starting_lineup,Goalkeeper,1,1
5b50ecc94f0a9a43943888d09c567839,2015-02-14,2460808,3256,15,Roberto Hilbert,starting_lineup,Right-Back,13,0
1bc608a5a5b8c7db320379eaa6a1dd7c,2015-02-14,2460809,568,18,Martin Stranzl,substitutes,Centre-Back,39,0
81210b8a0c493ec368aa6d7e7ff499d4,2015-02-14,2460809,1126,3,Matthias Lehmann,starting_lineup,Defensive Midfield,33,1
6f9aaa226bfea467f5f2ec63ec84e4a6,2015-02-14,2460809,1144,18,Christofer Heimeroth,substitutes,Goalkeeper,33,0
c745dc8a3b69ec0e58e9cb2f3382248b,2015-02-15,2460811,1586,42,Christian Schulz,starting_lineup,Centre-Back,19,0
934516f1e539845e954c908dd75f915e,2015-02-15,2460811,2201,127,Lukas Kruse,starting_lineup,Goalkeeper,1,0
daf0de8519481926113d6d76aa9fa375,2015-02-15,2460811,2453,127,Mahir Saglik,substitutes,Centre-Forward,10,0
d9be3c2492a6704de3a00cf32ddfa98b,2015-02-15,2460811,2805,42,Christian Pander,substitutes,Left-Back,24,0
69f8c59f52d8d454bb72da8263997137,2015-02-15,2460811,2950,42,Robert Almer,substitutes,Goalkeeper,39,0
ec6406f7cac24fff5793e2c2aaa13f8e,2015-02-15,2460812,1662,60,Sascha Riether,starting_lineup,Right-Back,22,0
e260c953d76fd838c6309c51ffd21a55,2015-02-15,2460812,2334,44,Marcel Ndjeng,substitutes,Right Midfield,8,0
154d5350a9f6924afb3ae8dd0a748479,2015-02-14,2460813,1277,86,Clemens Fritz,starting_lineup,Central Midfield,8,1
f99cc5b46b9df731a15cf3e4e136b083,2015-02-14,2460813,1791,167,Halil Altıntop,starting_lineup,Attacking Midfield,7,0
6608e456b8a98a0485ada4351dbcc50a,2015-02-14,2460813,1986,167,Markus Feulner,starting_lineup,Right-Back,8,0
fd30448436fcebe48b6513ef29bf4092,2015-02-14,2460814,1363,33,Christian Wetklo,substitutes,Goalkeeper,28,0
bb9365f2367b73a8f894d3c29d18b83d,2015-02-14,2460814,1565,24,Alexander Meier,starting_lineup,Centre-Forward,14,0
e30e3000294f325d999ba31da6204c0c,2015-02-14,2460814,2767,24,Alexander Madlung,starting_lineup,Centre-Back,17,0
afcbf27f0e1b73b4938c2b78992d8580,2015-02-21,2460815,1277,86,Clemens Fritz,starting_lineup,Right Midfield,8,1
5775ee82741ff47bd9cd1ec8d71141b9,2015-02-21,2460815,1363,33,Christian Wetklo,substitutes,Goalkeeper,28,0
72c14b5d83f40d682b4bd7d96c50cf6d,2015-02-22,2460816,1667,82,Diego Benaglio,starting_lineup,Goalkeeper,1,1
7da5f3673610c1b9608c9c980f0dec57,2015-02-22,2460816,2334,44,Marcel Ndjeng,starting_lineup,Right Midfield,8,0
b84da007aebed3b19a947704ef4c3f81,2015-02-21,2460817,1139,39,Nikolce Noveski,substitutes,Centre-Back,4,0
0d32a1e56453e5cacee313ef4f1ed2a2,2015-02-21,2460817,1565,24,Alexander Meier,starting_lineup,Centre-Forward,14,0
0816e810245edaebd1ca6e99056ef92b,2015-02-21,2460817,2767,24,Alexander Madlung,starting_lineup,Centre-Back,17,0
a1d66202874caf54dca2ce0f77a4a04d,2015-02-21,2460818,691,15,Simon Rolfes,starting_lineup,Defensive Midfield,6,1
d2e4c3f25428bae161d4a7bcdcd7d4e4,2015-02-21,2460818,1791,167,Halil Altıntop,starting_lineup,Second Striker,7,0
ad0e43899d5bba589d7d278076b53679,2015-02-21,2460818,3256,15,Roberto Hilbert,substitutes,Right-Back,13,0
99b91f1adc22eb0f983b8d2963c2231d,2015-02-21,2460819,1662,60,Sascha Riether,starting_lineup,Right-Back,22,0
cce8806903512950df75b25fb1ecffdb,2015-02-20,2460820,26,16,Roman Weidenfeller,starting_lineup,Goalkeeper,1,1
1bee8e0e8e91533074b4568682c642f0,2015-02-20,2460820,2150,16,Oliver Kirch,substitutes,Defensive Midfield,21,0
48d199ec3197151008f75751131b4ecf,2015-02-22,2460821,568,18,Martin Stranzl,starting_lineup,Centre-Back,39,0
b79bd7bd8bf84644787de293871c17d8,2015-02-22,2460821,1144,18,Christofer Heimeroth,substitutes,Goalkeeper,33,0
5784dfcb7c48e41c6306410fc8d4354c,2015-02-22,2460821,1726,41,Heiko Westermann,substitutes,Defensive Midfield,4,0
cd94916c18491b87a45faa6945286fc8,2015-02-22,2460821,1784,41,René Adler,substitutes,Goalkeeper,15,0
2e33a014bf4e02c81fdcfd0ed1124288,2015-02-21,2460822,1126,3,Matthias Lehmann,starting_lineup,Defensive Midfield,33,1
3bc4ac33225eb31fc693fbf6a801e837,2015-02-21,2460822,2805,42,Christian Pander,substitutes,Left-Back,24,0
e4d0a2b73a12ca94bb5243490ed3d18e,2015-02-21,2460823,532,27,Claudio Pizarro,substitutes,Centre-Forward,14,0
1a9c1c8baffeea59e80c1d8644a28702,2015-02-21,2460823,2201,127,Lukas Kruse,starting_lineup,Goalkeeper,1,0
5634225bc609cb56b8db7d3a5a46df69,2015-02-21,2460823,2514,27,Bastian Schweinsteiger,substitutes,Central Midfield,31,0
d3a590ae02b4084880c20d12c003ebde,2015-02-27,2460824,532,27,Claudio Pizarro,substitutes,Centre-Forward,14,0
2f3b66ec04ea0eb6d0b2c60f708a4064,2015-02-27,2460824,1126,3,Matthias Lehmann,starting_lineup,Defensive Midfield,33,0
99d7adb4962b5706177d6f26b9baaaec,2015-02-27,2460824,2514,27,Bastian Schweinsteiger,starting_lineup,Defensive Midfield,31,1
c90f566eab2bf73ccf563d561c50ea4c,2015-02-28,2460825,26,16,Roman Weidenfeller,starting_lineup,Goalkeeper,1,0
a1637a27c2fa8c058b628b03995b715b,2015-02-28,2460825,410,16,Sebastian Kehl,substitutes,Defensive Midfield,5,0
34d6145c0b586661519dfb7f06eacf67,2015-02-28,2460825,1363,33,Christian Wetklo,substitutes,Goalkeeper,28,0
c3e7d50629e88578050df7e026e7dc20,2015-02-28,2460825,2150,16,Oliver Kirch,starting_lineup,Right-Back,21,0
24f8c7960d76c19adf3780f86a12b2c2,2015-02-28,2460826,691,15,Simon Rolfes,starting_lineup,Defensive Midfield,6,1
bfd5581efb4b93df2a81c54a90792e04,2015-02-28,2460826,1662,60,Sascha Riether,starting_lineup,Right-Back,22,0
4bb1863195a090d6b4a0a35e14a5814b,2015-02-28,2460826,3256,15,Roberto Hilbert,starting_lineup,Right-Back,13,0
dc26618a4b1a7f34d491a46ead7c435e,2015-03-01,2460827,568,18,Martin Stranzl,starting_lineup,Centre-Back,39,1
3e93dd01c0b5366d1bfc78748dd878d7,2015-03-01,2460827,2201,127,Lukas Kruse,starting_lineup,Goalkeeper,1,0
109fc342d10deea54a294f7c68547a69,2015-02-28,2460829,1586,42,Christian Schulz,starting_lineup,Centre-Back,19,0
929846590e12281e79b72ff744b9006d,2015-02-28,2460829,2805,42,Christian Pander,substitutes,Left-Back,24,0
e22eba53b4f0cfadddc7dc56efe55a89,2015-02-28,2460830,1791,167,Halil Altıntop,starting_lineup,Second Striker,7,0
850fcd131593fd1ccce412eeff5c1a85,2015-02-28,2460830,1986,167,Markus Feulner,starting_lineup,Right-Back,8,0
a9a3bd92f5d8dde989b6cbb5540546ad,2015-02-28,2460830,2334,44,Marcel Ndjeng,substitutes,Right Midfield,8,0
4452fcf8f8312b18174e99728a266d00,2015-03-01,2460831,1277,86,Clemens Fritz,starting_lineup,Right Midfield,8,1
02d0b19b1a0b120b7335872ba125a233,2015-03-01,2460831,1667,82,Diego Benaglio,starting_lineup,Goalkeeper,1,1
b619807ce1ba62b753c5f87d1b1c256c,2015-02-28,2460832,1565,24,Alexander Meier,starting_lineup,Centre-Forward,14,0
71dfdf848dc73a74bc0fe410929e52e0,2015-02-28,2460832,1726,41,Heiko Westermann,substitutes,Centre-Back,4,0
b29a5cd0ff7f79801bd527ab8b2bd983,2015-02-28,2460832,2050,24,Nelson Valdez,substitutes,Centre-Forward,11,0
8cc90419ccba100f31555a0dea17bb74,2015-02-28,2460832,2767,24,Alexander Madlung,starting_lineup,Centre-Back,17,0
d69b45d39335b4939b8827d5d68eae25,2015-03-07,2460834,568,18,Martin Stranzl,starting_lineup,Centre-Back,39,1
b04a1853d1641c2a3ee7d20ac6a50c7a,2015-03-07,2460834,1144,18,Christofer Heimeroth,substitutes,Goalkeeper,33,0
9af937b525988f5c5f6e004f6d3881a4,2015-03-07,2460835,1667,82,Diego Benaglio,starting_lineup,Goalkeeper,1,1
e3989772fbc43c8908477bea051a7efb,2015-03-07,2460835,1791,167,Halil Altıntop,starting_lineup,Central Midfield,7,0
e99b304aab1109c432cc371d0bc97f66,2015-03-07,2460835,1986,167,Markus Feulner,starting_lineup,Right-Back,8,0
ebab9b6d0f2c7cf847289d6cab4df017,2015-03-07,2460836,532,27,Claudio Pizarro,substitutes,Centre-Forward,14,0
19115c9613b5544e49cae8b3130bfe0d,2015-03-07,2460836,1586,42,Christian Schulz,starting_lineup,Centre-Back,19,1
2e164a65c9380af54c99be410533e7d6,2015-03-07,2460836,2514,27,Bastian Schweinsteiger,substitutes,Central Midfield,31,0
7c83fd4dc7ee63d411e7d80f21d74248,2015-03-07,2460837,1277,86,Clemens Fritz,starting_lineup,Right Midfield,8,1
35a1444f428547817c4543ed562fe991,2015-03-07,2460837,1662,60,Sascha Riether,substitutes,Right-Back,22,0
602a330a9bdeffd2da3f1644c21fcabd,2015-03-07,2460839,26,16,Roman Weidenfeller,starting_lineup,Goalkeeper,1,0
1070c20c836b48e1e9b00cf4c4916565,2015-03-07,2460839,410,16,Sebastian Kehl,substitutes,Defensive Midfield,5,0
d9803fe2afa4cf4f7ec9ae21a52e2ef1,2015-03-07,2460839,1726,41,Heiko Westermann,starting_lineup,Left-Back,4,0
da1ac3637cdbae869ba5e7a57c65f425,2015-03-07,2460839,1784,41,René Adler,substitutes,Goalkeeper,15,0
afa6555f10dd768709d2c937bee245f9,2015-03-07,2460839,2150,16,Oliver Kirch,starting_lineup,Right-Back,21,0
3b6dfade8fd5fe507ddcdce0933d5ef3,2015-03-08,2460840,1126,3,Matthias Lehmann,starting_lineup,Defensive Midfield,33,1
ddcd467f66cf3afe5657cda476d147e5,2015-03-08,2460840,1565,24,Alexander Meier,starting_lineup,Second Striker,14,0
1747b316eabd24ff973eb2ee53fc4fb6,2015-03-08,2460840,2767,24,Alexander Madlung,substitutes,Centre-Back,17,0
b94feeea28deb9251cec6770a07d8790,2015-03-08,2460841,691,15,Simon Rolfes,substitutes,Defensive Midfield,6,0
9e0f7f98ef269e701557f255c89a72f0,2015-03-08,2460841,2201,127,Lukas Kruse,starting_lineup,Goalkeeper,1,0
fb0c31c2ce3517319ca3c7f154d7ba86,2015-03-08,2460841,3256,15,Roberto Hilbert,starting_lineup,Right-Back,13,0
02c8e6cfadaec8517b5d23ad5b1398f0,2015-03-14,2460842,26,16,Roman Weidenfeller,starting_lineup,Goalkeeper,1,0
c2bf1785865051f73b6372d5c946b52f,2015-03-14,2460842,410,16,Sebastian Kehl,starting_lineup,Defensive Midfield,5,0
d21cf4793f207af4cf5b605ef8a95503,2015-03-14,2460842,1126,3,Matthias Lehmann,starting_lineup,Defensive Midfield,33,1
e249297be7e1b088256fdb8bc1866848,2015-03-14,2460842,2150,16,Oliver Kirch,starting_lineup,Right-Back,21,0
a5e566cd424eb61732eb2d3de46d8aac,2015-03-13,2460843,691,15,Simon Rolfes,starting_lineup,Defensive Midfield,6,1
2b971e9fcd9f6fa60efa30a4cecaefc1,2015-03-13,2460843,3256,15,Roberto Hilbert,starting_lineup,Right-Back,13,0
4a9ded817d6eceb2e1a12ea0d858e57c,2015-03-15,2460844,1662,60,Sascha Riether,starting_lineup,Right-Back,22,0
df389713a2dea8712573331610c5dcfc,2015-03-15,2460844,1667,82,Diego Benaglio,starting_lineup,Goalkeeper,1,1
81372de3270825dd14f4b9b3061db767,2015-03-15,2460845,568,18,Martin Stranzl,starting_lineup,Centre-Back,39,1
9f482ed3cee99b9b6437f7a9006589a8,2015-03-15,2460845,1144,18,Christofer Heimeroth,substitutes,Goalkeeper,33,0
e53c9936ea3b238a75e6dded504486c4,2015-03-15,2460845,1586,42,Christian Schulz,starting_lineup,Centre-Back,19,1
b83e6fe8a7edb6e62214ad7188f8c00f,2015-03-15,2460845,2950,42,Robert Almer,substitutes,Goalkeeper,39,0
01ab17fda1c02120c51066f492ee793b,2015-03-15,2460845,3114,42,Jan Schlaudraff,substitutes,Second Striker,13,0
9d7804dd6e2501c577ef3e626f8ccab0,2015-03-14,2460846,1791,167,Halil Altıntop,starting_lineup,Second Striker,7,0
aa32b769e97994eed5ff11ff25e69da8,2015-03-14,2460846,1986,167,Markus Feulner,starting_lineup,Right-Back,8,0
3c913a07f905e554a5ab959d6653ee39,2015-03-14,2460847,1726,41,Heiko Westermann,starting_lineup,Centre-Back,4,0
6d7acdb0c70db26a2da13b7f8eca2ebe,2015-03-14,2460847,1784,41,René Adler,substitutes,Goalkeeper,15,0
6087bd0254f166ce598e74ecb99b3cf9,2015-03-14,2460849,80,27,Tom Starke,substitutes,Goalkeeper,22,0
5ed4328e117e7b95dbc18aeb8611408b,2015-03-14,2460849,1277,86,Clemens Fritz,starting_lineup,Central Midfield,8,1
cfdebbce96bbd23ea38671d8d0f60994,2015-03-14,2460849,2219,27,Philipp Lahm,substitutes,Defensive Midfield,21,0
50562483f52f0565e20da2786f9b447b,2015-03-14,2460849,2514,27,Bastian Schweinsteiger,starting_lineup,Defensive Midfield,31,1
ac04a5ff2d4c28f037397a8271b930cc,2015-03-14,2460850,1565,24,Alexander Meier,starting_lineup,Second Striker,14,0
5ff495c2b0bbbd94a5904209baa61055,2015-03-14,2460850,2050,24,Nelson Valdez,substitutes,Centre-Forward,11,0
c5ff86c32070e76c4fbbdab2f78a73cf,2015-03-14,2460850,2201,127,Lukas Kruse,starting_lineup,Goalkeeper,1,0
154530e94f854043f1d891b983fba745,2015-03-14,2460850,2453,127,Mahir Saglik,starting_lineup,Second Striker,10,0
c6a0950e9e5d2473abf84ff8773a1a38,2015-03-14,2460850,2767,24,Alexander Madlung,starting_lineup,Centre-Back,17,0
333577a2a55e3707130442395ac43278,2015-03-22,2460851,568,18,Martin Stranzl,starting_lineup,Centre-Back,39,1
7a778faf97465dccd08b0c7f3ba43651,2015-03-22,2460851,1144,18,Christofer Heimeroth,substitutes,Goalkeeper,33,0
2cc7bc4c8c42fb09916fc75b941cab04,2015-03-22,2460851,2219,27,Philipp Lahm,substitutes,Defensive Midfield,21,0
5d9889ea8f25ad2a58aef709d3d266e9,2015-03-22,2460851,2514,27,Bastian Schweinsteiger,starting_lineup,Central Midfield,31,1
9439078bce71ad28480d9e9e2f9f2e79,2015-03-21,2460852,691,15,Simon Rolfes,starting_lineup,Central Midfield,6,1
850c2f8bc9c5eea0ff14fddef641caa6,2015-03-21,2460852,1363,33,Christian Wetklo,substitutes,Goalkeeper,28,0
0259664a996c04bc6fd003e2110f9065,2015-03-21,2460852,3256,15,Roberto Hilbert,starting_lineup,Right-Back,13,0
edcea89a603fb1e6f1da731a1dfedcc3,2015-03-22,2460853,1139,39,Nikolce Noveski,substitutes,Centre-Back,4,0
55620b078d89fcb11d618b227f61fadd,2015-03-22,2460853,1667,82,Diego Benaglio,starting_lineup,Goalkeeper,1,1
9971fab0cbd6e6e7b9e3807fd9c5f8bb,2015-03-21,2460854,26,16,Roman Weidenfeller,starting_lineup,Goalkeeper,1,0
0ddee1ab8ff9e4e702620c141fde025a,2015-03-21,2460854,410,16,Sebastian Kehl,starting_lineup,Defensive Midfield,5,0
5476a25673e7f6435d072558dd8f9247,2015-03-21,2460854,1586,42,Christian Schulz,starting_lineup,Left-Back,19,0
f83bd1a83e549eac8c970c29bf89c4df,2015-03-21,2460854,2150,16,Oliver Kirch,starting_lineup,Right-Back,21,0
6528b02f8dfc6102c2344e69d74661fc,2015-03-21,2460854,2950,42,Robert Almer,substitutes,Goalkeeper,39,0
71d159c57797744bd933a350c936265f,2015-03-21,2460855,1662,60,Sascha Riether,starting_lineup,Right-Back,22,0
d4ea8a13fa3e2551121a996b793abf0b,2015-03-21,2460855,1986,167,Markus Feulner,starting_lineup,Right-Back,8,0
bddd9a9340d691e7567eaf3a9cbc177e,2015-03-21,2460856,1565,24,Alexander Meier,starting_lineup,Second Striker,14,0
6999f1133cfc2221354e50048cdb21eb,2015-03-21,2460856,2050,24,Nelson Valdez,substitutes,Centre-Forward,11,0
b0bee0db286fe6216be2ac3fbfe7744e,2015-03-21,2460856,2767,24,Alexander Madlung,starting_lineup,Centre-Back,17,0
4d3fe60b1f116c29e5e0d02a153b56f6,2015-03-20,2460857,1726,41,Heiko Westermann,starting_lineup,Left-Back,4,0
6f0535c42ca52ef39194623c60c2bed4,2015-03-20,2460857,1784,41,René Adler,starting_lineup,Goalkeeper,15,0
273612f9fb96ff40dda22656b040e3e4,2015-03-20,2460857,2334,44,Marcel Ndjeng,substitutes,Right Midfield,8,0
2fac3aabd5fa4d9a4d7bfdbd9dd0de24,2015-03-21,2460858,1126,3,Matthias Lehmann,starting_lineup,Defensive Midfield,33,1
8ac3205d8d76c9c2c3c4cd84d2de6c2a,2015-03-21,2460858,1277,86,Clemens Fritz,starting_lineup,Right Midfield,8,1
13b50ea23adbd9efbc405801078e6099,2015-03-21,2460859,2201,127,Lukas Kruse,starting_lineup,Goalkeeper,1,0
112c25b42f3b6643b00c197fd453de2c,2015-03-21,2460859,2453,127,Mahir Saglik,substitutes,Centre-Forward,10,0
19fd8809359ad56eff901d9053ab2b66,2015-04-04,2460860,26,16,Roman Weidenfeller,starting_lineup,Goalkeeper,1,0
b4c7ecb1d47adaf42f585bbeec64459b,2015-04-04,2460860,410,16,Sebastian Kehl,substitutes,Defensive Midfield,5,0
ee99228fd14af61b70fcee1843b8962c,2015-04-04,2460860,532,27,Claudio Pizarro,substitutes,Centre-Forward,14,0
b25000fd06365f6c35caf52e232dbe73,2015-04-04,2460860,2219,27,Philipp Lahm,starting_lineup,Central Midfield,21,1
7a07de502544f5b9459b89dd45b7a2a7,2015-04-04,2460860,2514,27,Bastian Schweinsteiger,starting_lineup,Central Midfield,31,0
aafe8512d522a3171145df58b12624de,2015-04-04,2460861,691,15,Simon Rolfes,starting_lineup,Defensive Midfield,6,1
9a12a6903060ad60db0a298980d56617,2015-04-04,2460861,1726,41,Heiko Westermann,starting_lineup,Centre-Back,4,0
6501d654a72a94a38c3c9c24dc1bbca9,2015-04-04,2460861,1784,41,René Adler,starting_lineup,Goalkeeper,15,0
ad5c714e455614f7fa349a194fb28bc4,2015-04-04,2460862,1667,82,Diego Benaglio,starting_lineup,Goalkeeper,1,1
2fe7ee2093272333ce8814ee1c0fe45d,2015-04-05,2460863,1986,167,Markus Feulner,starting_lineup,Left-Back,8,0
064c9a4cf3ba394779ec570cf7f7cac9,2015-04-05,2460865,2201,127,Lukas Kruse,starting_lineup,Goalkeeper,1,0
7a4a28fe96ffab02fbd4118e358d775b,2015-04-05,2460865,2334,44,Marcel Ndjeng,substitutes,Right-Back,8,0
d5ac0eb047026eaee8a4700ad22c5a35,2015-04-04,2460867,1565,24,Alexander Meier,starting_lineup,Second Striker,14,0
338bda748e527d01a70826d371649560,2015-04-04,2460867,1586,42,Christian Schulz,starting_lineup,Left-Back,19,0
573a62a8de2d656a38f080693fd1b466,2015-04-04,2460867,2050,24,Nelson Valdez,substitutes,Centre-Forward,11,0
f3cfeabfaf3abfac3dc8350546478ede,2015-04-04,2460867,2767,24,Alexander Madlung,starting_lineup,Centre-Back,17,0
bb05923610c246a12e04aeed37e605a5,2015-04-04,2460867,2950,42,Robert Almer,substitutes,Goalkeeper,39,0
907c74746da14e89c79043aba014c443,2015-04-04,2460867,3114,42,Jan Schlaudraff,substitutes,Second Striker,13,0
735ffbf1132b815c1140bfbb221a5daf,2015-04-04,2460868,1126,3,Matthias Lehmann,starting_lineup,Defensive Midfield,33,1
29a073c0f3f7b842f2ae62c793d9f8c9,2015-04-04,2460868,1662,60,Sascha Riether,starting_lineup,Right-Back,22,0
a5c8fa6414007819058d0d4f90b6d4da,2015-04-11,2460869,2050,24,Nelson Valdez,starting_lineup,Centre-Forward,11,0
2e00963f558949aa8749c43b13dc633f,2015-04-11,2460869,2219,27,Philipp Lahm,starting_lineup,Right Midfield,21,1
ad0f3d236958caaa7ce8364fe618d9d5,2015-04-11,2460869,2767,24,Alexander Madlung,starting_lineup,Centre-Back,17,0
dbf59fc64f1824b720dbd20ae5b0c370,2015-04-11,2460870,1662,60,Sascha Riether,starting_lineup,Right-Back,22,0
587c2555a6c80a23a73de364f126dfc1,2015-04-11,2460871,26,16,Roman Weidenfeller,starting_lineup,Goalkeeper,1,0
1aca052e11ddd8776031623476bdb75a,2015-04-11,2460871,410,16,Sebastian Kehl,starting_lineup,Defensive Midfield,5,0
6eddb2991a9b8ee98cc59be650fde1e7,2015-04-11,2460872,691,15,Simon Rolfes,substitutes,Defensive Midfield,6,0
6288977014d73b761260869ce4cc007f,2015-04-11,2460872,1139,39,Nikolce Noveski,substitutes,Centre-Back,4,0
b38731699b053005fc3d242fbe86fd0c,2015-04-11,2460872,3256,15,Roberto Hilbert,starting_lineup,Right-Back,13,0
3c66cf95a0ec8cc9df393367be9bd481,2015-04-10,2460873,1586,42,Christian Schulz,starting_lineup,Left-Back,19,0
c56d82402ebc7d9488d6b7e69e9efcf5,2015-04-10,2460873,2334,44,Marcel Ndjeng,substitutes,Right Midfield,8,0
20fdd764b6d8e9fa2ae02bb83ab6082e,2015-04-10,2460873,2950,42,Robert Almer,substitutes,Goalkeeper,39,0
1a693e5a94b01b487b700f79e37f0090,2015-04-10,2460873,3114,42,Jan Schlaudraff,substitutes,Second Striker,13,0
aa5da1271b4838d2145ae81ee8f3056d,2015-04-12,2460874,1277,86,Clemens Fritz,starting_lineup,Right Midfield,8,1
69979f99d56b00e11241ace578ba032f,2015-04-11,2460875,1667,82,Diego Benaglio,starting_lineup,Goalkeeper,1,1
50653e03f0fdc3fe21fb38b4b93ab74c,2015-04-11,2460875,1726,41,Heiko Westermann,starting_lineup,Right-Back,4,0
83535d52c1430c88e69e6d918328ca9f,2015-04-11,2460875,1784,41,René Adler,starting_lineup,Goalkeeper,15,0
e179de833804a0f98cd33c75b1a4fe8f,2015-04-12,2460876,1126,3,Matthias Lehmann,starting_lineup,Defensive Midfield,33,1
8e4553d0808fe1802e7bb8e0f0674877,2015-04-11,2460877,1986,167,Markus Feulner,substitutes,Central Midfield,8,0
a2a9fdd8275bebde8eeac4197074ff95,2015-04-11,2460877,2201,127,Lukas Kruse,starting_lineup,Goalkeeper,1,0
966674f3760be3e6fde2761af178c10e,2015-04-11,2460877,2453,127,Mahir Saglik,substitutes,Centre-Forward,10,0
cf5444d9d629438cde4ad631ea1af11f,2015-04-18,2460878,26,16,Roman Weidenfeller,starting_lineup,Goalkeeper,1,0
eb22701830b4834275ef6abf8ffea7b0,2015-04-18,2460878,2201,127,Lukas Kruse,starting_lineup,Goalkeeper,1,0
6f0b37798d24c91f187701e683cef047,2015-04-18,2460879,691,15,Simon Rolfes,substitutes,Defensive Midfield,6,0
75deeb6e1fed7fa73b8edf1cc8f4720f,2015-04-18,2460879,1586,42,Christian Schulz,starting_lineup,Left-Back,19,0
40a1723217396a32853b1c8f235aed74,2015-04-18,2460879,2950,42,Robert Almer,substitutes,Goalkeeper,39,0
ec956074a805a26a966d4674df442f51,2015-04-18,2460879,3114,42,Jan Schlaudraff,substitutes,Second Striker,13,0
019320eb4bd70baca258d6704cfdbc3d,2015-04-18,2460879,3256,15,Roberto Hilbert,starting_lineup,Right-Back,13,0
9111f6155b4371cce094d0eb11581a7d,2015-04-19,2460880,1667,82,Diego Benaglio,starting_lineup,Goalkeeper,1,1
8a16d7f353cd0abfef163e5b3e6731af,2015-04-18,2460881,1791,167,Halil Altıntop,substitutes,Attacking Midfield,7,0
84ffa4ed4986015b90ba3cbe0a737bda,2015-04-18,2460881,1986,167,Markus Feulner,starting_lineup,Central Midfield,8,0
7899cbbd1f30dc6ce1ff619b657d2d90,2015-04-18,2460882,532,27,Claudio Pizarro,substitutes,Centre-Forward,14,0
6a7feccbbeed4e3512738e0ee845eeef,2015-04-18,2460883,1126,3,Matthias Lehmann,starting_lineup,Defensive Midfield,33,0
8230c225ae3a2615c3b9f0082766e21e,2015-04-18,2460883,2334,44,Marcel Ndjeng,substitutes,Right Midfield,8,0
be569d6abc3397dd3f673255e8bbc860,2015-04-19,2460884,1277,86,Clemens Fritz,starting_lineup,Right Midfield,8,1
e2f393b4a83442f0b034cb65aaccce60,2015-04-19,2460884,1726,41,Heiko Westermann,starting_lineup,Right-Back,4,0
60f990dabfc12d4eaf63a4924b53a83f,2015-04-19,2460884,1784,41,René Adler,starting_lineup,Goalkeeper,15,0
0f12fedd21ffe8d9cac617cdb867a5a6,2015-04-17,2460885,1144,18,Christofer Heimeroth,substitutes,Goalkeeper,33,0
5630f531e036fb756a975c6d82258af0,2015-04-17,2460885,2050,24,Nelson Valdez,starting_lineup,Centre-Forward,11,0
c100f830a73f523660c61787b2f2fca1,2015-04-17,2460885,2767,24,Alexander Madlung,starting_lineup,Centre-Back,17,0
edd5aaa6966baaad7493ea69d9b3fa3d,2015-04-18,2460886,1139,39,Nikolce Noveski,starting_lineup,Centre-Back,4,1
796140f888788fff866d5ff3ed8e931b,2015-04-18,2460886,1662,60,Sascha Riether,starting_lineup,Right-Back,22,0
b0ced8badf612a49c1b5340dbc66dd60,2015-04-25,2460887,532,27,Claudio Pizarro,substitutes,Centre-Forward,14,0
50d3dad49492550a0e66d65d19aa027d,2015-04-25,2460887,2219,27,Philipp Lahm,starting_lineup,Central Midfield,21,1
89a657014f5c587ca48eb531c17279ac,2015-04-25,2460887,2334,44,Marcel Ndjeng,substitutes,Right Midfield,8,0
12b2f97ab7e00a4afd55d103a3bc92b2,2015-04-25,2460887,2514,27,Bastian Schweinsteiger,starting_lineup,Defensive Midfield,31,0
54e1efdfbeb76472ad6d9b9b6dfe63d8,2015-04-25,2460888,2050,24,Nelson Valdez,starting_lineup,Centre-Forward,11,0
f7e118aa4f0894f7e2289402c33c0a53,2015-04-25,2460888,2767,24,Alexander Madlung,starting_lineup,Centre-Back,17,0
72481a4dc1c923f55784cd68c24098ea,2015-04-26,2460889,1144,18,Christofer Heimeroth,substitutes,Goalkeeper,33,0
31ea03afe5cf1b72fffd1be0557d0638,2015-04-26,2460889,1667,82,Diego Benaglio,starting_lineup,Goalkeeper,1,1
fb4b42a7ca59a884b9c1a352959b451c,2015-04-24,2460890,1139,39,Nikolce Noveski,substitutes,Centre-Back,4,0
ae4b723b379983055ea6a90e4a373d71,2015-04-25,2460891,1586,42,Christian Schulz,starting_lineup,Centre-Back,19,0
95dd58efd2c91379f30a47ce9349ef5b,2015-04-25,2460891,2950,42,Robert Almer,substitutes,Goalkeeper,39,0
123ee537775321e077e8b17e765086a2,2015-04-25,2460891,3114,42,Jan Schlaudraff,substitutes,Second Striker,13,0
28768f66e35387552a673ddc5a134913,2015-04-25,2460892,1662,60,Sascha Riether,starting_lineup,Right-Back,22,0
8f163a4fdfea356fd5c57eb8c2d98631,2015-04-25,2460893,1726,41,Heiko Westermann,starting_lineup,Right-Back,4,0
528228f14cba93037c14e45f6570596a,2015-04-25,2460893,1784,41,René Adler,starting_lineup,Goalkeeper,15,0
94cb94e664d3b2e6f33a051831f36078,2015-04-25,2460893,1791,167,Halil Altıntop,starting_lineup,Second Striker,7,0
ff057c9af79a82d4fc99c85c397a3148,2015-04-25,2460893,1986,167,Markus Feulner,starting_lineup,Central Midfield,8,0
388c11adefa79300f4f3406ae5c4afe2,2015-04-25,2460894,691,15,Simon Rolfes,starting_lineup,Defensive Midfield,6,1
c9a2da08325896a874f798400004ccc5,2015-04-25,2460894,1126,3,Matthias Lehmann,starting_lineup,Defensive Midfield,33,0
2a4ae6993abe3ac07868a388710ac630,2015-04-25,2460894,3256,15,Roberto Hilbert,starting_lineup,Right-Back,13,0
9af44233f39a6dfcb578708a9fb4cf3e,2015-04-26,2460895,1277,86,Clemens Fritz,starting_lineup,Right Midfield,8,1
7e162003db52363f77727990ddc4d70f,2015-04-26,2460895,2201,127,Lukas Kruse,starting_lineup,Goalkeeper,1,0
1b9920a40af13f1f264b1bfb1b1ab20c,2015-04-26,2460895,2453,127,Mahir Saglik,substitutes,Centre-Forward,10,0
7007336796a70942326322fbaf914df4,2015-05-02,2460897,532,27,Claudio Pizarro,starting_lineup,Centre-Forward,14,0
99f21416bcfd573e999b5cd1b48af0e7,2015-05-02,2460897,691,15,Simon Rolfes,starting_lineup,Defensive Midfield,6,1
31d2577029d9cac9a0f8f383e73e5fd0,2015-05-02,2460897,2219,27,Philipp Lahm,starting_lineup,Defensive Midfield,21,1
7c30621e77083a7403598691fe8c8ade,2015-05-02,2460897,2514,27,Bastian Schweinsteiger,starting_lineup,Attacking Midfield,31,0
6bdc7f5ae8166c70dbe4e2d105ae5a54,2015-05-02,2460897,3256,15,Roberto Hilbert,starting_lineup,Right-Back,13,0
18cad05ec2b936d21ff413a69ed8815b,2015-05-02,2460898,1586,42,Christian Schulz,starting_lineup,Centre-Back,19,1
ea619f38f1b8c2941b985c1b5fd19f8d,2015-05-02,2460898,1667,82,Diego Benaglio,starting_lineup,Goalkeeper,1,1
8061a2cedd2b2622233ed0d393a46ebb,2015-05-02,2460898,2950,42,Robert Almer,substitutes,Goalkeeper,39,0
90a0e3ea96056d1465debaa66318f8f3,2015-05-02,2460898,3114,42,Jan Schlaudraff,substitutes,Second Striker,13,0
bb101727df4ca068ea1392d6fbc7265d,2015-05-03,2460899,1139,39,Nikolce Noveski,substitutes,Centre-Back,4,0
9b60510b2ddd50d37715b5e1252ae8b0,2015-05-03,2460899,1726,41,Heiko Westermann,starting_lineup,Right-Back,4,0
ef55eb6b45c0319e8b8faed81712ec2f,2015-05-03,2460899,1784,41,René Adler,starting_lineup,Goalkeeper,15,0
f46da7f692a6ec2602ab13b7ddc8a27e,2015-05-02,2460900,1126,3,Matthias Lehmann,starting_lineup,Defensive Midfield,33,0
2aee2f724a3043f5e6ccc19e0dfd0922,2015-05-02,2460900,1791,167,Halil Altıntop,starting_lineup,Second Striker,7,0
49b88dc353869d12805553d5b449d687,2015-05-02,2460900,1986,167,Markus Feulner,starting_lineup,Central Midfield,8,0
69ca94ab07ef90ac0ebc7fb5e6564cb4,2015-05-02,2460901,410,16,Sebastian Kehl,starting_lineup,Central Midfield,5,0
c7c895177afe29ad963bc604b017c7d6,2015-05-03,2460902,1144,18,Christofer Heimeroth,substitutes,Goalkeeper,33,0
10b8362bc429f03885b2382f2674062d,2015-05-03,2460902,2334,44,Marcel Ndjeng,starting_lineup,Right Midfield,8,0
09b3bd293d5a0183405a197503f22b0f,2015-05-02,2460903,1277,86,Clemens Fritz,starting_lineup,Defensive Midfield,8,1
e8071e716af537e91bdcf73227d65c04,2015-05-02,2460903,2050,24,Nelson Valdez,starting_lineup,Centre-Forward,11,0
9381db3e056160a2ee09dfdb43a0b391,2015-05-02,2460904,1662,60,Sascha Riether,starting_lineup,Right-Back,22,0
81fd628d7bd9c6fd707e624c45993b99,2015-05-02,2460904,2201,127,Lukas Kruse,starting_lineup,Goalkeeper,1,0
3d2697b20272284562a6c38c33b2f847,2015-05-02,2460904,2453,127,Mahir Saglik,substitutes,Centre-Forward,10,0
4210bd07833cb5ae63cfb8b09885eb5c,2015-05-09,2460905,532,27,Claudio Pizarro,substitutes,Centre-Forward,14,0
88704e9e72c2e9bb03404b97dcdcfab3,2015-05-09,2460905,1791,167,Halil Altıntop,starting_lineup,Attacking Midfield,7,0
13df49f89e32f457b2227d23684190b6,2015-05-09,2460905,1986,167,Markus Feulner,starting_lineup,Right Midfield,8,0
2932c0041e1dd783334171f0eafaf672,2015-05-09,2460905,2219,27,Philipp Lahm,starting_lineup,Defensive Midfield,21,1
b1bd713e87927ab29fce6cbfa9b70c59,2015-05-09,2460905,2514,27,Bastian Schweinsteiger,starting_lineup,Central Midfield,31,0
a754e52140f65b9bf51fa0d7418b5907,2015-05-09,2460906,26,16,Roman Weidenfeller,substitutes,Goalkeeper,1,0
850ef4c69037d61b02a117bdec9a6508,2015-05-09,2460906,410,16,Sebastian Kehl,starting_lineup,Defensive Midfield,5,0
75da5396a25f312b37caf127ce575e18,2015-05-09,2460906,2334,44,Marcel Ndjeng,substitutes,Right Midfield,8,0
522407c87a7d7dd4f0480bf09fd1e57a,2015-05-09,2460907,691,15,Simon Rolfes,starting_lineup,Defensive Midfield,6,1
3c3f8db623cc589bb5cc3659a9bd758f,2015-05-09,2460907,3256,15,Roberto Hilbert,starting_lineup,Right-Back,13,0
93f22281586946a32f674c2bd63e30aa,2015-05-09,2460908,1277,86,Clemens Fritz,starting_lineup,Defensive Midfield,8,1
e23c954708239002a103f9f0fa46c3a5,2015-05-09,2460908,1586,42,Christian Schulz,starting_lineup,Centre-Back,19,0
14d414064431ba32fc4fb0757191da11,2015-05-09,2460908,2950,42,Robert Almer,substitutes,Goalkeeper,39,0
127fd408a46d4d32b761ab50903db7df,2015-05-09,2460908,3114,42,Jan Schlaudraff,substitutes,Second Striker,13,0
8e33f5fb934e8cba192275dff26708f0,2015-05-09,2460910,1139,39,Nikolce Noveski,starting_lineup,Centre-Back,4,0
bb23b8cdd7b4f88aed77d910b6df3254,2015-05-08,2460911,1662,60,Sascha Riether,substitutes,Right-Back,22,0
aa777d4550f2173cd228ecb65ce0a98a,2015-05-08,2460911,1726,41,Heiko Westermann,starting_lineup,Right-Back,4,0
fdf5150920224de57b2fdf091efe74a2,2015-05-08,2460911,1784,41,René Adler,starting_lineup,Goalkeeper,15,0
bd15c6b6fc7f8914b03bb85be2cad31b,2015-05-10,2460912,1126,3,Matthias Lehmann,starting_lineup,Defensive Midfield,33,0
40ea616b7bef05069fa0e97dfd228de6,2015-05-10,2460913,1667,82,Diego Benaglio,starting_lineup,Goalkeeper,1,1
508f8c646eb2ab1623544e8f18770fb2,2015-05-10,2460913,2201,127,Lukas Kruse,starting_lineup,Goalkeeper,1,0
7d6085964ad82b2dc14cd2479d49b6ba,2015-05-10,2460913,2453,127,Mahir Saglik,substitutes,Centre-Forward,10,0
b2baf2a2b7b63813fc28b7973b4f1962,2015-05-16,2460914,2201,127,Lukas Kruse,starting_lineup,Goalkeeper,1,0
cdf499475eb365d7c4923fe57320caeb,2015-05-16,2460914,2453,127,Mahir Saglik,substitutes,Centre-Forward,10,0
99d215a970aaeb3211836f712b5f8634,2015-05-16,2460915,691,15,Simon Rolfes,starting_lineup,Defensive Midfield,6,1
3a3eb50227abdba72e98391c21e908ac,2015-05-16,2460915,3256,15,Roberto Hilbert,starting_lineup,Right-Back,13,0
58dba335566ee579babe14fd485ca2b9,2015-05-16,2460916,26,16,Roman Weidenfeller,substitutes,Goalkeeper,1,0
db25b3e78dacadf92d962040adb0a129,2015-05-16,2460916,410,16,Sebastian Kehl,starting_lineup,Defensive Midfield,5,0
785490936883e42fbfab12212206dbd7,2015-05-16,2460916,1667,82,Diego Benaglio,starting_lineup,Goalkeeper,1,1
6357efaf347e495ddd3edd6da906906b,2015-05-16,2460917,1139,39,Nikolce Noveski,starting_lineup,Centre-Back,4,1
9bb17b95a854d01dbca33e93f12d3da1,2015-05-16,2460918,1586,42,Christian Schulz,starting_lineup,Centre-Back,19,0
2831fce123b6c8e213cbba9fc59d9e48,2015-05-16,2460918,1791,167,Halil Altıntop,starting_lineup,Attacking Midfield,7,0
0c38f51fcdd31a0cdf60fb641b4c52a9,2015-05-16,2460918,1986,167,Markus Feulner,starting_lineup,Right Midfield,8,0
70484bc03a50ec1eba9cca2c77c92fb8,2015-05-16,2460918,2950,42,Robert Almer,substitutes,Goalkeeper,39,0
0097889b9e7f4fa27b3a4665242f8e6d,2015-05-16,2460918,3114,42,Jan Schlaudraff,substitutes,Second Striker,13,0
5d71222b50f903c0a6be2cc0107504af,2015-05-16,2460919,2050,24,Nelson Valdez,substitutes,Centre-Forward,11,0
0140df6edefec8cae6dac7fe76caf110,2015-05-16,2460919,2334,44,Marcel Ndjeng,substitutes,Right Midfield,8,0
7bf9d12308ac1cbc0925f49b8d3a0eff,2015-05-16,2460919,2767,24,Alexander Madlung,starting_lineup,Centre-Back,17,0
a96e1c61621e80f5c61d8af7deb41ebf,2015-05-16,2460921,532,27,Claudio Pizarro,substitutes,Centre-Forward,14,0
899b24461e7a5265fc3e7411f9f92775,2015-05-16,2460921,1662,60,Sascha Riether,substitutes,Right-Back,22,0
ab55731295f3a7b232569b0cd77492e3,2015-05-16,2460921,2219,27,Philipp Lahm,substitutes,Defensive Midfield,21,0
23eb67d1df7b70d4cb468af2cf132cbb,2015-05-16,2460921,2514,27,Bastian Schweinsteiger,starting_lineup,Central Midfield,31,1
d48c043f9cde7dd950a63e18ad68a828,2015-05-16,2460922,1726,41,Heiko Westermann,starting_lineup,Right-Back,4,0
b40a31731e25f0f02a8a106f18a67cb4,2015-05-16,2460922,1784,41,René Adler,starting_lineup,Goalkeeper,15,0
947bea6c1196252d2a06ef1ac9e8ac20,2015-05-23,2460923,532,27,Claudio Pizarro,substitutes,Centre-Forward,14,0
e823ebf4495478cff020da863fedb83d,2015-05-23,2460923,1139,39,Nikolce Noveski,starting_lineup,Centre-Back,4,1
423069c452a16518cce0a4fe56d976eb,2015-05-23,2460923,2219,27,Philipp Lahm,starting_lineup,Central Midfield,21,1
556acb2eb503d1e17a2e55784f153d8e,2015-05-23,2460923,2514,27,Bastian Schweinsteiger,starting_lineup,Central Midfield,31,0
1eebde28ac5f2b52ec336b9796a67c35,2015-05-23,2460924,26,16,Roman Weidenfeller,starting_lineup,Goalkeeper,1,0
1d12c7794fc3206b826bbce81024cf83,2015-05-23,2460924,410,16,Sebastian Kehl,starting_lineup,Defensive Midfield,5,1
0f1902731884583c4912c0e56b3bac5b,2015-05-23,2460925,837,18,Thorben Marx,substitutes,Defensive Midfield,14,0
33299c9801e447fc8909123a8ba2aa39,2015-05-23,2460925,1791,167,Halil Altıntop,starting_lineup,Centre-Forward,7,0
008444e99e1e0480ad1f60e6744cd76c,2015-05-23,2460925,1986,167,Markus Feulner,starting_lineup,Right-Back,8,0
65e5e487d31053c55316b0f7537afb15,2015-05-23,2460927,1586,42,Christian Schulz,starting_lineup,Centre-Back,19,0
c96919a1406d806418c6249b5927e4c6,2015-05-23,2460927,1662,60,Sascha Riether,substitutes,Right-Back,22,0
f8a14df6aad2f15594bf3c1e9cbcff1a,2015-05-23,2460927,2950,42,Robert Almer,substitutes,Goalkeeper,39,0
7d4d430a979ec0600cf292daf7529fa7,2015-05-23,2460927,3114,42,Jan Schlaudraff,substitutes,Second Striker,13,0
cf8c8c0adb661f961ec0a644d0090040,2015-05-23,2460928,691,15,Simon Rolfes,substitutes,Defensive Midfield,6,0
f45096f576a1efbb5afe55281a80e6a8,2015-05-23,2460928,2050,24,Nelson Valdez,substitutes,Left Winger,11,0
5d2927f2b77965b11be0f11321c717a3,2015-05-23,2460928,2767,24,Alexander Madlung,starting_lineup,Centre-Back,17,0
6c5b2d6abff18cd1d1d31050750e8991,2015-05-23,2460929,1726,41,Heiko Westermann,starting_lineup,Right-Back,4,0
62c07cd33634f35d1bed72af9dbc4867,2015-05-23,2460929,1784,41,René Adler,starting_lineup,Goalkeeper,15,0
8fb118525d4e02700a45762d6c968a8b,2015-05-23,2460930,1126,3,Matthias Lehmann,starting_lineup,Central Midfield,33,0
4be447d0236acb6ebfb5c58aad1db921,2015-05-23,2460931,2201,127,Lukas Kruse,starting_lineup,Goalkeeper,1,0
f5808dea654ebbd420995d49347a1c89,2015-05-23,2460931,2453,127,Mahir Saglik,substitutes,Centre-Forward,10,0
644bbb9c09a12bc4b4d93416da987ce8,2014-08-31,2469933,2587,524,Elyasa Süme,starting_lineup,Centre-Back,3,1
cfb4d65ad85806dd8341201123fa18e5,2014-08-29,2469935,1896,19771,Ahmet Cebe,starting_lineup,Right-Back,20,0
a47891fc2abb6d2500f336c5fdaea0b3,2014-08-30,2469936,597,2293,Aleksandr Hleb,starting_lineup,Attacking Midfield,10,1
8f0f58ef4b5b18fefa371844999a5184,2014-08-30,2469936,933,2293,Uğur İnceman,starting_lineup,Central Midfield,80,0
848bc4179505e4a5eba749afe83bd0cc,2014-09-13,2469943,597,2293,Aleksandr Hleb,starting_lineup,Attacking Midfield,10,1
6fcd28b00d279aaee045f40437267630,2014-09-13,2469943,933,2293,Uğur İnceman,substitutes,Central Midfield,80,0
dbbfbc8c84332e98ee678557811470b4,2014-09-14,2469944,2587,524,Elyasa Süme,starting_lineup,Centre-Back,3,1
ebabb7e6881a34ac6f6c2e8ea1cada25,2014-09-15,2469947,1896,19771,Ahmet Cebe,starting_lineup,Right-Back,20,0
388a8ba4dc36de102427e8121743de92,2014-09-21,2469950,2587,524,Elyasa Süme,starting_lineup,Centre-Back,3,1
3b5a36cc1e36af00067199b92387ac84,2014-09-20,2469953,1896,19771,Ahmet Cebe,starting_lineup,Right-Back,20,0
ff5d355a1f3194902b05e0b1b0ac0db1,2014-09-21,2469954,597,2293,Aleksandr Hleb,starting_lineup,Attacking Midfield,10,1
d98e85a524b8cd80c0e7e469f165808e,2014-09-28,2469958,597,2293,Aleksandr Hleb,starting_lineup,Attacking Midfield,10,1
ee85e7e345b5aeb813db86f0d0861c5b,2014-09-29,2469959,2587,524,Elyasa Süme,starting_lineup,Centre-Back,3,1
1c920fb9037dab193b5fe665d86ef5d5,2014-09-26,2469961,1792,141,Hamit Altıntop,substitutes,Right Midfield,4,0
f8f8dc80f1fc159c29f19f34eda8cc39,2014-09-28,2469962,1896,19771,Ahmet Cebe,starting_lineup,Right-Back,20,0
181084f4882e2c86e30ded2cb62e6524,2014-10-04,2469969,2587,524,Elyasa Süme,starting_lineup,Centre-Back,3,1
93bf005bf1c9103ad8aef4553611800d,2014-10-04,2469971,597,2293,Aleksandr Hleb,starting_lineup,Attacking Midfield,10,1
1811844976b97003f221cca263af894b,2014-10-04,2469971,933,2293,Uğur İnceman,substitutes,Central Midfield,80,0
5b9f454db1557a0db527a9b21db04835,2014-10-04,2469972,1792,141,Hamit Altıntop,substitutes,Right Midfield,4,0
27f1e6e7dfe4426dcafaa5200bda4499,2014-10-18,2469976,2587,524,Elyasa Süme,starting_lineup,Centre-Back,3,1
e96bbbe778b272dec44760bcc20805ae,2014-10-18,2469979,1792,141,Hamit Altıntop,substitutes,Central Midfield,4,0
a866f2ea933fda104374a9a484f6e9d5,2014-10-18,2469980,597,2293,Aleksandr Hleb,starting_lineup,Attacking Midfield,10,1
2f76b8223449906af71f58bde19a5e65,2014-10-18,2469980,933,2293,Uğur İnceman,substitutes,Central Midfield,80,0
3e2502491fe9b10c93473595b09c7feb,2014-10-19,2469981,1896,19771,Ahmet Cebe,starting_lineup,Right-Back,20,0
a0253888aea854ac454f7e39d903ae63,2014-10-26,2469987,2587,524,Elyasa Süme,starting_lineup,Centre-Back,3,1
c3b6e3963259756d8341228205cccde7,2014-10-24,2469991,1896,19771,Ahmet Cebe,starting_lineup,Right-Back,20,0
594cac7c0754ea869faee256d498e95c,2014-10-24,2469992,597,2293,Aleksandr Hleb,substitutes,Central Midfield,10,0
fbf18631ccb84df7f091592aa940e1b3,2014-10-24,2469992,933,2293,Uğur İnceman,starting_lineup,Central Midfield,80,0
03cc7a3942a792e04f32650b522b16aa,2014-11-03,2469995,597,2293,Aleksandr Hleb,starting_lineup,Attacking Midfield,10,1
a4cea3edb24becc2e4a2e6459ba4810e,2014-11-03,2469995,933,2293,Uğur İnceman,starting_lineup,Central Midfield,80,0
3ef7166f79cb13968bf4744d1af3adbd,2014-10-31,2469997,1792,141,Hamit Altıntop,starting_lineup,Central Midfield,4,0
38609059d88f3070b90bf12945cd2978,2014-11-01,2469998,1896,19771,Ahmet Cebe,starting_lineup,Right-Back,20,0
bf2be3102926f430cb1c5de7958d2e07,2014-11-02,2469999,2587,524,Elyasa Süme,starting_lineup,Centre-Back,3,1
9b82c8debb14c993c2687a538824eafa,2014-11-07,2470004,1896,19771,Ahmet Cebe,starting_lineup,Right-Back,20,0
f7b68b77fb98e4893e9971a3d848c0ef,2014-11-07,2470004,2587,524,Elyasa Süme,starting_lineup,Centre-Back,3,1
27541c402f55e11730fa9b661710863b,2014-11-09,2470009,597,2293,Aleksandr Hleb,starting_lineup,Attacking Midfield,10,1
081f6a6a711764bac419e48c5ef73194,2014-11-09,2470009,933,2293,Uğur İnceman,substitutes,Central Midfield,80,0
5512f04420a95853b70995bd82eb38d0,2014-11-08,2470010,1792,141,Hamit Altıntop,starting_lineup,Right Midfield,4,0
63aa0550288c678520abdb4d9aebe8a0,2014-11-23,2470016,597,2293,Aleksandr Hleb,starting_lineup,Attacking Midfield,10,1
2e216d19eea740b4bb222593d479cdc0,2014-11-23,2470016,933,2293,Uğur İnceman,starting_lineup,Central Midfield,80,0
f352fe137971eec653f7500cf7304b23,2014-11-23,2470016,2587,524,Elyasa Süme,starting_lineup,Centre-Back,3,1
d98f5928936578d732378904e677cb7f,2014-11-22,2470017,1896,19771,Ahmet Cebe,starting_lineup,Right-Back,20,0
80a3e832f5032e5758a16580928a7781,2014-11-29,2470021,1792,141,Hamit Altıntop,starting_lineup,Right Midfield,4,0
d2e3a00259f3b374001ee0e2906a8e9a,2014-11-28,2470027,597,2293,Aleksandr Hleb,starting_lineup,Attacking Midfield,10,1
ab5990e301c5f38241aa766e96743f9f,2014-11-28,2470027,933,2293,Uğur İnceman,starting_lineup,Central Midfield,80,0
f46ef8b69b53ecf25afe36d7a7329552,2014-11-28,2470027,1896,19771,Ahmet Cebe,starting_lineup,Right-Back,20,0
5a3b44e486334a696428b62a8b9df33c,2014-12-06,2470032,2587,524,Elyasa Süme,starting_lineup,Centre-Back,3,1
921ff7de39b0ec06646d823b03bba110,2014-12-06,2470034,1792,141,Hamit Altıntop,substitutes,Right Midfield,4,0
b6a8019ff73a78c223dcd21b61604547,2014-12-06,2470034,1896,19771,Ahmet Cebe,starting_lineup,Right-Back,20,0
6d2f70d38090d0a3232644be1a43d24e,2014-12-06,2470035,597,2293,Aleksandr Hleb,starting_lineup,Attacking Midfield,10,1
b1701495d7098838d978db7899dae95e,2014-12-06,2470035,933,2293,Uğur İnceman,starting_lineup,Central Midfield,80,0
93a88bd6579156897e986d9da5993bc3,2014-12-13,2470043,597,2293,Aleksandr Hleb,starting_lineup,Attacking Midfield,10,1
f8153739bace9fe991f10fb5df1b04f8,2014-12-13,2470043,933,2293,Uğur İnceman,starting_lineup,Central Midfield,80,0
566d54b805f64e4d1bd2548702552080,2014-12-13,2470043,1792,141,Hamit Altıntop,substitutes,Right Midfield,4,0
f0f0deb6c627f65883702db7ceede0cb,2014-12-13,2470044,1896,19771,Ahmet Cebe,starting_lineup,Right-Back,20,0
75c92acb55d5b44fb53ad049aa92366e,2014-12-14,2470045,2587,524,Elyasa Süme,starting_lineup,Centre-Back,3,1
96e7ec14fe44f62745d3eda373fedf86,2014-12-20,2470050,597,2293,Aleksandr Hleb,starting_lineup,Attacking Midfield,10,1
06013d4f6945f251058e1c1f40dedc4e,2014-12-20,2470050,933,2293,Uğur İnceman,starting_lineup,Central Midfield,80,0
f1f8051ab732ec19452ef6c4a33e7d99,2014-12-20,2470052,1792,141,Hamit Altıntop,substitutes,Right Midfield,4,0
6339252a7f8d2987fb106926b2a7f18f,2014-12-22,2470056,2587,524,Elyasa Süme,starting_lineup,Centre-Back,3,1
4c283f70928a90fef807e1b113802a73,2014-12-28,2470058,1896,19771,Ahmet Cebe,starting_lineup,Right-Back,20,0
7830678e4c7b0faf1c1234de844bb815,2014-12-28,2470061,933,2293,Uğur İnceman,starting_lineup,Central Midfield,80,0
a64e98de86afe9149135772aa8cd041a,2014-12-28,2470062,2587,524,Elyasa Süme,starting_lineup,Centre-Back,3,1
9d2605f505afd7484cc448630f9ee648,2014-12-26,2470065,1792,141,Hamit Altıntop,starting_lineup,Right Midfield,4,0
3ed077b9a809f820f08d9af19cb819ca,2015-01-04,2470069,1792,141,Hamit Altıntop,substitutes,Central Midfield,4,0
2a28a22bc8016175cd3ccd9bf3672786,2015-01-04,2470073,2587,524,Elyasa Süme,starting_lineup,Centre-Back,3,1
d2fc9bc7e823f468a2364810d35c9080,2015-01-03,2470074,933,2293,Uğur İnceman,starting_lineup,Central Midfield,80,0
cd24dd777ebceeb13a5068845df0bbe0,2015-01-25,2470078,1792,141,Hamit Altıntop,substitutes,Right Midfield,4,0
f3dd107a9b28ed842330b8caffd6a51b,2015-01-23,2470079,933,2293,Uğur İnceman,starting_lineup,Central Midfield,80,0
2d8d25ce7248db75389a80922de02e55,2015-01-24,2470080,1896,19771,Ahmet Cebe,starting_lineup,Right-Back,20,0
b53c08409470ff0c42ae063ea2beff0b,2015-01-31,2470086,2587,524,Elyasa Süme,starting_lineup,Centre-Back,3,1
e56873eaa4053477d8a60c252e1881a0,2015-02-01,2470089,933,2293,Uğur İnceman,starting_lineup,Central Midfield,80,0
8af7e875b8bd0b3d38de65c80210895c,2015-02-08,2470094,597,820,Aleksandr Hleb,substitutes,Attacking Midfield,13,0
b7964cfb9fd9c3c8b15b9b47f5e478bc,2015-02-08,2470096,933,2293,Uğur İnceman,starting_lineup,Central Midfield,80,0
5d51d1edf329f7cdd20a3ed0d223d79d,2015-02-07,2470097,2587,524,Elyasa Süme,starting_lineup,Centre-Back,3,1
7db9ec2ae1585e1b3adc63d42b9e26f1,2015-02-14,2470103,2587,524,Elyasa Süme,starting_lineup,Centre-Back,3,1
844813c089d4c264cb13f3dfd03c832d,2015-02-16,2470104,1792,141,Hamit Altıntop,substitutes,Right Midfield,4,0
0a01a5b3a918e9a2cd48044bbd737aea,2015-02-15,2470107,933,2293,Uğur İnceman,starting_lineup,Central Midfield,80,0
8c9f122b22d3a080ee148bf531152819,2015-02-16,2470110,597,820,Aleksandr Hleb,substitutes,Attacking Midfield,13,0
29021bb5036cefad8430c05d466fc56e,2015-02-20,2470239,933,2293,Uğur İnceman,starting_lineup,Defensive Midfield,80,0
c144fece3131b04fd414712b23c87010,2015-02-21,2470240,2587,524,Elyasa Süme,starting_lineup,Centre-Back,3,1
3bf445951c042e1999c07570bc5dd23a,2015-02-21,2470242,1792,141,Hamit Altıntop,starting_lineup,Central Midfield,4,0
305767fc3d18d1b7df80f586e02539e3,2015-02-22,2470246,597,820,Aleksandr Hleb,substitutes,Attacking Midfield,13,0
629a03381062d64db57193d903d90d29,2015-03-01,2470250,2587,524,Elyasa Süme,starting_lineup,Right-Back,3,1
dd20750b860d810b874176b0a7dfe410,2015-02-28,2470252,933,2293,Uğur İnceman,starting_lineup,Central Midfield,80,0
6e6b3eae3f684b8d89b5309a26b54c6e,2015-02-27,2470253,1792,141,Hamit Altıntop,starting_lineup,Central Midfield,4,0
e338274b13dca6ac492b68e674576ecd,2015-02-28,2470254,597,820,Aleksandr Hleb,substitutes,Attacking Midfield,13,0
d968f7a7855f83078b7882b5dd9fc63e,2015-03-08,2470257,2587,524,Elyasa Süme,starting_lineup,Centre-Back,3,1
a3dabac1b6869d520354f3c25f4d7655,2015-03-08,2470260,1792,141,Hamit Altıntop,starting_lineup,Central Midfield,4,0
aa330e98ad1770f865e62f5b376f1abc,2015-03-08,2470261,933,2293,Uğur İnceman,starting_lineup,Defensive Midfield,80,0
6453e982c81a4ae92c02cdc5dc63191b,2015-03-07,2470265,597,820,Aleksandr Hleb,starting_lineup,Attacking Midfield,13,0
de088b85059a6f63f04b289c7517e564,2015-03-14,2470266,1792,141,Hamit Altıntop,starting_lineup,Central Midfield,4,0
a8f8b7ed833a4012cb7c68d2c28eda24,2015-03-16,2470268,2587,524,Elyasa Süme,starting_lineup,Centre-Back,3,1
e42b29e4469f655577d78c854925d95a,2015-03-15,2470269,597,820,Aleksandr Hleb,starting_lineup,Attacking Midfield,13,0
4f19776f4b560599ff779b06c1b9dd4b,2015-03-13,2470273,933,2293,Uğur İnceman,starting_lineup,Central Midfield,80,0
68867654b436b731b8933adf08aae76c,2015-03-20,2470276,933,2293,Uğur İnceman,starting_lineup,Central Midfield,80,0
082c00388177da8e7a60b11382429a34,2015-03-21,2470278,1792,141,Hamit Altıntop,starting_lineup,Central Midfield,4,0
fc1cf97291b672153a3074fe74870fa2,2015-03-21,2470280,2587,524,Elyasa Süme,starting_lineup,Centre-Back,3,1
19207d6a44b7a0ee54d6ce2e5baa3aee,2015-03-22,2470283,597,820,Aleksandr Hleb,starting_lineup,Attacking Midfield,13,0
494877c9009dee288a3a0e4318b220b7,2015-04-05,2470285,1896,19771,Ahmet Cebe,substitutes,Right-Back,20,0
0f003256ee10f6a48c41d542850e42b6,2015-04-05,2470285,2587,524,Elyasa Süme,starting_lineup,Centre-Back,3,1
7fdb0be4b5a497b54c3f53237fc1ed27,2015-04-04,2470286,597,820,Aleksandr Hleb,starting_lineup,Attacking Midfield,13,0
3fd884332186febf564af0ce08d91850,2015-04-05,2470290,933,2293,Uğur İnceman,starting_lineup,Central Midfield,80,1
2131738ad9c416cba6238f1d81385db1,2015-04-05,2470291,1792,141,Hamit Altıntop,starting_lineup,Central Midfield,4,0
a7d94fda7bd35ba461f04076842089fe,2015-04-18,2470294,597,820,Aleksandr Hleb,starting_lineup,Attacking Midfield,13,0
e9373342c26e72ba3e816f369ce72b40,2015-04-19,2470296,1792,141,Hamit Altıntop,starting_lineup,Central Midfield,4,0
47823a825aa13dbe649206a36fa469fc,2015-04-17,2470297,933,2293,Uğur İnceman,starting_lineup,Central Midfield,80,1
f9fb36fbd071d45d0c05f208d89145c3,2015-04-17,2470297,2587,524,Elyasa Süme,starting_lineup,Centre-Back,3,1
b0d3a9c21216cb33c14e280e051d3d48,2015-04-26,2470302,2587,524,Elyasa Süme,starting_lineup,Centre-Back,3,1
b74feaaddb90050753bbca1d2fbe0258,2015-04-26,2470303,597,820,Aleksandr Hleb,substitutes,Attacking Midfield,13,0
33f7709c20630020d84c2685a1566bda,2015-05-03,2470313,597,820,Aleksandr Hleb,substitutes,Attacking Midfield,13,0
a523ed567704785d0775ca915c2f6ae2,2015-05-04,2470315,1896,19771,Ahmet Cebe,starting_lineup,Right-Back,20,0
dded0b1d4625c9f7be9e471389edd559,2015-05-08,2470324,933,2293,Uğur İnceman,substitutes,Central Midfield,80,0
64bbf992ec9441909a2c14c9663c652e,2015-05-09,2470325,597,820,Aleksandr Hleb,starting_lineup,Attacking Midfield,13,0
967d929451953681ead025da6a05252d,2015-05-09,2470325,1896,19771,Ahmet Cebe,substitutes,Right Midfield,20,0
b43424e95737bcd87b91ee8b4bf69981,2015-05-12,2470331,597,820,Aleksandr Hleb,starting_lineup,Attacking Midfield,13,0
83fbf3fa23e2f4f33a0e7ede7a0215c8,2015-05-12,2470331,933,2293,Uğur İnceman,starting_lineup,Central Midfield,80,0
ed4ec16dfc01c378211cb30a8c27f762,2015-05-14,2470332,1896,19771,Ahmet Cebe,substitutes,Right-Back,20,0
0f424788075d298ad2e82654d0945e2b,2015-05-18,2470339,1896,19771,Ahmet Cebe,substitutes,Right-Back,20,0
5f82ff685cfeedc9a6bc82939e143279,2015-05-16,2470346,597,820,Aleksandr Hleb,starting_lineup,Attacking Midfield,13,0
345e02e13bb544000697ce7b8889024f,2015-05-16,2470346,1792,141,Hamit Altıntop,substitutes,Central Midfield,4,0
70631d6a8a79b502f69f19dc7ace5592,2015-05-25,2470348,1896,19771,Ahmet Cebe,starting_lineup,Right-Back,20,0
817b92abe1b74bc10bb841820fa9d036,2015-05-22,2470349,597,820,Aleksandr Hleb,substitutes,Attacking Midfield,13,0
30c7ad513cc17a10549642c9fa8be002,2015-05-24,2470350,1792,141,Hamit Altıntop,starting_lineup,Central Midfield,4,0
ef6722213e3b6e9a4c7c91c55d7abb3e,2015-05-30,2470359,1792,141,Hamit Altıntop,starting_lineup,Central Midfield,4,0
dc8d19b06c653a879de2969e889fb61a,2015-05-29,2470361,1896,19771,Ahmet Cebe,starting_lineup,Right-Back,20,1
4aea8c37f9e2ef11f3dffe85651383b5,2014-08-13,2473697,80,27,Tom Starke,substitutes,Goalkeeper,22,0
5b555d732647b155c2cbced5b756bb5f,2014-08-13,2473697,410,16,Sebastian Kehl,starting_lineup,Defensive Midfield,5,1
29dfb473305d9757976f40178e5296d2,2014-08-13,2473697,532,27,Claudio Pizarro,substitutes,Centre-Forward,14,0
99fdf0312194927e8c7fe11cf8ab9594,2014-08-13,2473697,2150,16,Oliver Kirch,starting_lineup,Defensive Midfield,21,0
6b2305520714fc2d9dc5c08a1eeed66f,2014-08-13,2473697,2219,27,Philipp Lahm,substitutes,Defensive Midfield,21,0
126da658eba395458682e769f5bb1b07,2014-08-24,2475181,2923,3368,Andreas Ivanschitz,starting_lineup,Left Midfield,21,0
e92f4ff90651e40c31a5f2e006cdbd6d,2014-08-23,2475187,215,1084,Roque Santa Cruz,starting_lineup,Centre-Forward,9,0
4718f6bea003ca2f92c1b31aa5b40764,2014-08-29,2475190,215,1084,Roque Santa Cruz,starting_lineup,Centre-Forward,9,0
a0814d9bd21bffe32e9ba37ffb1f1be3,2014-09-13,2475209,215,1084,Roque Santa Cruz,starting_lineup,Centre-Forward,9,0
005f38faee2509a4fd174a33af2edc8d,2014-09-13,2475209,2923,3368,Andreas Ivanschitz,substitutes,Attacking Midfield,21,0
3393fb64cf9dfbc1092e352697cafdc6,2014-09-20,2475210,215,1084,Roque Santa Cruz,starting_lineup,Centre-Forward,9,0
373e413f853ecdbb430f7a383860ffa8,2014-09-21,2475219,2923,3368,Andreas Ivanschitz,substitutes,Attacking Midfield,21,0
ded163d13180063aa1c225d4cf53ee3a,2014-09-24,2475228,2923,3368,Andreas Ivanschitz,substitutes,Attacking Midfield,21,0
68fd798e85670acf168be55d516504bd,2014-09-28,2475230,215,1084,Roque Santa Cruz,starting_lineup,Centre-Forward,9,0
521ae4cc685bce3d3884e2cb2b1c8fe7,2014-09-27,2475238,2923,3368,Andreas Ivanschitz,starting_lineup,Left Winger,21,0
a96c1e4ea73bdf0e1677c3ca770f3343,2014-10-04,2475249,215,1084,Roque Santa Cruz,starting_lineup,Centre-Forward,9,0
8436c04e22ab84e9044610a1667af853,2014-10-24,2475266,2923,3368,Andreas Ivanschitz,starting_lineup,Attacking Midfield,21,0
c43bffe7d89e4633ab6731ab7cb4952f,2014-10-26,2475269,215,1084,Roque Santa Cruz,substitutes,Centre-Forward,9,0
ce55aa7091ba018eb931527e0d0483b1,2014-11-02,2475276,2923,3368,Andreas Ivanschitz,starting_lineup,Left Midfield,21,0
d00433f47232277333c4c1b7a86a204a,2014-11-09,2475285,2923,3368,Andreas Ivanschitz,starting_lineup,Left Midfield,21,0
0e8356ea3803e0c72f548c42f0826075,2014-11-22,2475290,215,1084,Roque Santa Cruz,starting_lineup,Centre-Forward,9,0
a20144476c56f30ade04fefeac923357,2014-11-23,2475295,2923,3368,Andreas Ivanschitz,starting_lineup,Left Midfield,21,0
d0bc61fb5541b40a26c512162befb3ba,2014-11-29,2475304,2923,3368,Andreas Ivanschitz,starting_lineup,Left Midfield,21,0
567c9458f8e9278a0c70be674abd391d,2014-11-29,2475309,215,1084,Roque Santa Cruz,starting_lineup,Centre-Forward,9,0
da0406e4f066569ab496500c8bcda7cd,2014-12-06,2475310,215,1084,Roque Santa Cruz,starting_lineup,Centre-Forward,9,0
782f49a764ab108c5f58378bb4abe07f,2014-12-08,2475314,2923,3368,Andreas Ivanschitz,starting_lineup,Left Midfield,21,0
c0efdc7c1748648774be684440dd93b3,2014-12-13,2475323,2923,3368,Andreas Ivanschitz,starting_lineup,Left Midfield,21,0
edd3dd7a21a72949b0846c1bac7c2953,2014-12-13,2475329,215,1084,Roque Santa Cruz,starting_lineup,Centre-Forward,9,0
473bbd4c8dcdeedb29b91cdb35dd2063,2014-12-21,2475330,215,1084,Roque Santa Cruz,starting_lineup,Centre-Forward,9,0
fb274d70e81df2899760c41ecdde6356,2014-12-20,2475333,2923,3368,Andreas Ivanschitz,starting_lineup,Left Midfield,21,0
ad561b1e1ef7700443f8d2aaaf933129,2015-01-03,2475342,2923,3368,Andreas Ivanschitz,starting_lineup,Left Midfield,21,0
c531e5de84b92e02a7aebeb1b560bb65,2015-01-09,2475352,2923,3368,Andreas Ivanschitz,starting_lineup,Left Midfield,21,0
794fbc3cd774d750a33c444a18a92d04,2015-01-18,2475361,2923,3368,Andreas Ivanschitz,substitutes,Attacking Midfield,21,0
9e898c7427d536df0de9738a5584bbb4,2015-01-24,2475371,2923,3368,Andreas Ivanschitz,starting_lineup,Left Midfield,21,0
4380bb4ca15d721eb104574c6aaa9095,2015-02-01,2475389,2923,3368,Andreas Ivanschitz,starting_lineup,Left Midfield,21,0
35bb34b725604b8cce6c75d2b0a75364,2015-04-04,2475466,2923,3368,Andreas Ivanschitz,starting_lineup,Left Midfield,21,0
b32beb52b7868a4d18f789a88dd685ba,2015-04-13,2475485,2923,3368,Andreas Ivanschitz,starting_lineup,Left Midfield,21,0
324266a7b823940315cdd7b46c5d7375,2015-05-10,2475532,2923,3368,Andreas Ivanschitz,substitutes,Attacking Midfield,21,0
b45316e1fe28e6d9fafa0c5667077cde,2014-07-30,2478430,2874,265,Mladen Petric,starting_lineup,Right Winger,33,0
a4986851a49a6a9cc19c733d9a696037,2014-08-05,2478444,2874,265,Mladen Petric,starting_lineup,Centre-Forward,33,0
a7dd1edc6f7b0213ddac20b466a97024,2014-08-23,2478480,3160,631,John Terry,starting_lineup,Centre-Back,26,1
04ba2678659bc1f38e807b083d3dbc58,2014-08-23,2478480,3296,1003,Paul Konchesky,starting_lineup,Left-Back,3,0
0192cba43467cdb009bcf43468f3fa3a,2014-08-23,2478481,1368,379,Guy Demel,substitutes,Right-Back,20,0
f705d9d12b5b567421a23c2277f068f3,2014-08-23,2478481,3179,379,Carlton Cole,starting_lineup,Centre-Forward,24,0
2cc2f3f7ee5ddbd5902fd44746e0d086,2014-08-23,2478484,132,11,Tomas Rosicky,substitutes,Attacking Midfield,7,0
e154b2208005e9573655fe6f1bc676ff,2014-08-23,2478484,3291,29,Gareth Barry,starting_lineup,Defensive Midfield,18,0
7e6f52d46b6714cd3b6f73e22fa9342d,2014-08-23,2478484,3356,29,Sylvain Distin,starting_lineup,Centre-Back,15,0
04024d64dac06a296ceee066e6f83725,2014-08-24,2478486,3235,1039,Rio Ferdinand,starting_lineup,Centre-Back,5,0
972b56d489b2bbff3866074d3c03c4ee,2014-08-24,2478486,3292,1039,Joey Barton,starting_lineup,Defensive Midfield,8,1
883c1473ef2108aa0779ede6c49f5b29,2014-08-24,2478487,3332,985,Wayne Rooney,starting_lineup,Centre-Forward,10,1
0853a6462041bc155f5404df25136f4d,2014-08-24,2478487,3405,289,Wes Brown,starting_lineup,Centre-Back,5,0
c95812870ec16937f2ee490ec8dc0b02,2014-08-25,2478488,2963,281,Martín Demichelis,starting_lineup,Centre-Back,26,0
21dc9073d29f0512a399c0a138c4741a,2014-08-25,2478488,3109,31,Steven Gerrard,starting_lineup,Defensive Midfield,8,1
0505644de3816866ae8357487a95642c,2014-08-25,2478488,3202,31,Kolo Touré,substitutes,Centre-Back,4,0
5ae9d87d1a9f0b95cf5d2d0db6fa2d55,2014-08-25,2478488,3333,281,James Milner,substitutes,Central Midfield,7,0
b009cbf446c7f3b237c6f266e187cbf7,2014-08-30,2478590,2865,506,Stephan Lichtsteiner,starting_lineup,Right Midfield,26,0
2b53d5811aedde40336d25049add3fff,2014-08-31,2478592,10,398,Miroslav Klose,starting_lineup,Centre-Forward,11,0
649c504a273c61b606f7447d16dd9a34,2014-08-30,2478594,3182,12,Ashley Cole,starting_lineup,Left-Back,3,0
a2f864baf1386bce1ce6524355c20dd0,2014-09-13,2478599,3182,12,Ashley Cole,starting_lineup,Left-Back,3,0
2a4d8daec247613ab2d78e74a5ef9f77,2014-09-13,2478603,2865,506,Stephan Lichtsteiner,starting_lineup,Right Midfield,26,0
27da2aba9262077f9c7345a684452643,2014-09-14,2478604,10,398,Miroslav Klose,substitutes,Centre-Forward,11,0
658e48e1be07cc3bef4a14577afc8bcf,2014-09-20,2478612,2865,506,Stephan Lichtsteiner,starting_lineup,Right Midfield,26,0
e8505a6e12c0cf4ea0c12753bdb83dda,2014-09-21,2478614,3182,12,Ashley Cole,starting_lineup,Left-Back,3,0
530bd0405e9bf99222ae2bde2047c57e,2014-09-24,2478623,2865,506,Stephan Lichtsteiner,starting_lineup,Right Midfield,26,0
abfed1546256a9f23f0d4e417222e1ac,2014-09-25,2478624,10,398,Miroslav Klose,starting_lineup,Centre-Forward,11,0
106f57c5be36df784c75948a64ad4ae6,2014-09-27,2478628,2865,506,Stephan Lichtsteiner,starting_lineup,Right Midfield,26,0
20bd46a4c50bb3eb65897e94d0ff4984,2014-09-27,2478634,3182,12,Ashley Cole,starting_lineup,Left-Back,3,0
b9b7d630b43bd071a482fca03bf688d6,2014-10-05,2478641,2865,506,Stephan Lichtsteiner,starting_lineup,Right Midfield,26,0
4e784995567492e411fd3f978f01df09,2014-10-05,2478641,3182,12,Ashley Cole,substitutes,Left-Back,3,0
e3461910f035401010e8156250a20f40,2014-10-05,2478642,10,398,Miroslav Klose,substitutes,Centre-Forward,11,0
ec9a7bc50c4966036a665c31bbdfdd61,2014-10-19,2478650,10,398,Miroslav Klose,substitutes,Centre-Forward,11,0
eceb1e658c74f40e38c4e507275bccd6,2014-10-18,2478655,3182,12,Ashley Cole,starting_lineup,Left-Back,3,0
9873eacb0b96e81b9057cd9ec490be44,2014-10-18,2478656,2865,506,Stephan Lichtsteiner,starting_lineup,Right Midfield,26,0
060984847e5a4d3ce39a32a508dac0f4,2014-10-26,2478661,2865,506,Stephan Lichtsteiner,substitutes,Right-Back,26,0
0c95f9e1676f9e7995a2dd30b41e77e4,2014-10-26,2478662,10,398,Miroslav Klose,substitutes,Centre-Forward,11,0
f89a7f9c16d0c6764b167ee47fbaada5,2014-10-29,2478671,2865,506,Stephan Lichtsteiner,starting_lineup,Right Midfield,26,0
9d4d7aad4ba13ac93b73b3387f0344d0,2014-10-30,2478672,10,398,Miroslav Klose,substitutes,Centre-Forward,11,0
9b41270c4a1c76e8e50610d455b16547,2014-10-30,2478672,2904,276,Rafa Márquez,starting_lineup,Centre-Back,4,0
00854141e2bd30b7fbafaf8b66d33b1f,2014-10-29,2478675,3182,12,Ashley Cole,starting_lineup,Left-Back,3,0
bca5cbd3b7c1833b792aa6ccafff9bd9,2014-11-01,2478680,2865,506,Stephan Lichtsteiner,substitutes,Right-Back,26,0
260dc6ad1536c0035ad1f27cdb33446e,2014-11-03,2478681,10,398,Miroslav Klose,starting_lineup,Centre-Forward,11,0
bca8848f236b9792984c1d9ab498f13a,2014-11-09,2478690,10,398,Miroslav Klose,substitutes,Centre-Forward,11,0
2e5f2ef2ab090d99a2e8a1024f397c88,2014-11-09,2478693,2865,506,Stephan Lichtsteiner,starting_lineup,Right-Back,26,0
8f3eb73756240e9ca38355dad2cee702,2014-11-09,2478695,3182,12,Ashley Cole,starting_lineup,Left-Back,3,0
1e939aa3554584a5b57bf54e03e6fccf,2014-11-22,2478698,3182,12,Ashley Cole,starting_lineup,Left-Back,3,0
be232c14f08a14105a8d1feac5a42520,2014-11-22,2478702,10,398,Miroslav Klose,starting_lineup,Centre-Forward,11,0
dfc4cc5693cdc7ff258bf2aa1f763a15,2014-11-22,2478702,2865,506,Stephan Lichtsteiner,starting_lineup,Right-Back,26,0
7aa37e6cb2c283e267e17d24924c8527,2014-11-29,2478710,10,398,Miroslav Klose,substitutes,Centre-Forward,11,0
d7faae31d63a39abbe5ff16d072eba31,2014-11-30,2478712,2865,506,Stephan Lichtsteiner,starting_lineup,Right-Back,26,0
bd7fbe68b8f82abab859d48595fa5dda,2014-12-07,2478725,10,398,Miroslav Klose,substitutes,Centre-Forward,11,0
fdbc99977a29aa9c954720170b983f4e,2014-12-14,2478732,2865,506,Stephan Lichtsteiner,starting_lineup,Right-Back,26,0
ff35e65bb8f36c688628ca7d916a4d46,2014-12-13,2478733,10,398,Miroslav Klose,substitutes,Centre-Forward,11,0
8417c265d531cef7691f25b0cb9aa611,2014-12-18,2478739,2865,506,Stephan Lichtsteiner,starting_lineup,Right-Back,26,0
7dbd4b87a5110d206e98fac64caa420c,2014-12-21,2478742,10,398,Miroslav Klose,starting_lineup,Centre-Forward,11,0
3f9c99839f92d5ff91a5d6089394baa0,2015-01-06,2478752,2865,506,Stephan Lichtsteiner,starting_lineup,Right-Back,26,0
4d97ecb5db381e630f9f26509d9a3bbf,2015-01-11,2478763,2865,506,Stephan Lichtsteiner,substitutes,Right-Back,26,0
a6d2ef1105e119492c8da0477a98b89d,2015-01-11,2478764,10,398,Miroslav Klose,substitutes,Centre-Forward,11,0
70e0becd96a0013b2a3b4be0909d665e,2015-01-11,2478764,3182,12,Ashley Cole,substitutes,Left-Back,3,0
f228cfcf1b567477eca0f900fbe8b5d0,2015-01-18,2478773,10,398,Miroslav Klose,substitutes,Centre-Forward,11,0
86fef448bddf0e8ffca20d53cbf324e6,2015-01-25,2478780,2865,506,Stephan Lichtsteiner,substitutes,Right Midfield,26,0
30924046268eb21cc95341fc47c31cb5,2015-01-24,2478782,10,398,Miroslav Klose,starting_lineup,Centre-Forward,11,0
c54051e39e006884713e8b052e755f42,2015-02-01,2478793,2865,506,Stephan Lichtsteiner,starting_lineup,Right Midfield,26,0
1079f8e2e34beae7d1510026f7e6a022,2015-02-01,2478794,10,398,Miroslav Klose,starting_lineup,Centre-Forward,11,0
3815e7b63180a553028d80ab1106297e,2015-02-09,2478801,10,398,Miroslav Klose,starting_lineup,Centre-Forward,11,0
2178b082ead7521a5bb06ffe5ca8d708,2015-02-15,2478813,2865,506,Stephan Lichtsteiner,starting_lineup,Right-Back,26,0
6f4afaf3f81d6a8f7cd1342b2c593fd0,2015-02-15,2478814,10,398,Miroslav Klose,starting_lineup,Centre-Forward,11,0
45f0a677dfac6b96e42b18d7c542af46,2015-02-15,2478816,3182,12,Ashley Cole,starting_lineup,Left-Back,3,0
161e4eced34946f5e8c56fdb5941fa40,2015-02-20,2478818,2865,506,Stephan Lichtsteiner,substitutes,Right-Back,26,0
e88f4359fa9348b065aa2ea9615ef726,2015-02-22,2478823,10,398,Miroslav Klose,starting_lineup,Centre-Forward,11,0
f68eb85000fd03b1e6548b282a73c1a2,2015-02-22,2478824,2904,276,Rafa Márquez,starting_lineup,Centre-Back,4,0
996ff830a48c6fb36546bbdef5464c83,2015-02-22,2478824,3182,12,Ashley Cole,starting_lineup,Left-Back,3,0
dc5228af8b0e6bf0dce5962c9ab8e6f0,2015-03-02,2478831,2865,506,Stephan Lichtsteiner,starting_lineup,Right Midfield,26,0
3a6eea4d803c508c04b6ef8ab87a756e,2015-03-02,2478831,3182,12,Ashley Cole,substitutes,Left-Back,3,0
c8b5dfae866f88de87ad695483e3cefe,2015-03-01,2478832,10,398,Miroslav Klose,substitutes,Centre-Forward,11,0
ea305ac0f7637ff282dbb06d04b5fe7d,2015-03-09,2478840,10,398,Miroslav Klose,starting_lineup,Centre-Forward,11,0
ef0b2ca145c4147dc5139029bc769d99,2015-03-08,2478845,3182,12,Ashley Cole,starting_lineup,Left-Back,3,0
bbce7abe8abab4a78237d59a60421222,2015-03-09,2478846,2865,506,Stephan Lichtsteiner,starting_lineup,Right-Back,26,0
05b4979457983d2c8cc3ea89bbf85113,2015-03-14,2478851,2865,506,Stephan Lichtsteiner,starting_lineup,Right Midfield,26,0
50b8dc2de3ee579e96923ab2f9b1114d,2015-03-16,2478852,10,398,Miroslav Klose,starting_lineup,Centre-Forward,11,0
4a23c1fc0948fa81d9bac42c381d1f9f,2015-03-22,2478861,2865,506,Stephan Lichtsteiner,starting_lineup,Right Midfield,26,0
7eac3e9fd3bdb5b9cb708e48465af920,2015-03-22,2478862,10,398,Miroslav Klose,starting_lineup,Centre-Forward,11,0
d2cc39c6939f991c7cdb9132bf03deae,2015-04-04,2478870,2865,506,Stephan Lichtsteiner,starting_lineup,Right Midfield,26,0
e61838e4ca0cbd44713d6b83d3b4c5e2,2015-04-04,2478871,10,398,Miroslav Klose,starting_lineup,Centre-Forward,11,0
d83b3e180e44e8719d1b2e52e3249e66,2015-04-12,2478880,10,398,Miroslav Klose,starting_lineup,Centre-Forward,11,0
0f8259834a370a8c84e250a3e3b5787d,2015-04-11,2478883,2865,506,Stephan Lichtsteiner,starting_lineup,Right-Back,26,0
c7a2f115ebbe4c8782bc323523be4aba,2015-04-18,2478892,10,398,Miroslav Klose,starting_lineup,Centre-Forward,11,0
8dad341f962fcedec79e5a10ca0fb426,2015-04-18,2478892,2865,506,Stephan Lichtsteiner,substitutes,Right-Back,26,0
7aa146bb45a2d6ff630257a97c883c2f,2015-04-26,2478900,10,398,Miroslav Klose,starting_lineup,Centre-Forward,11,0
a28340d2cc909d104c7ce0bb7244d934,2015-04-26,2478902,2865,506,Stephan Lichtsteiner,starting_lineup,Right-Back,26,0
d7560c9b74fec92d2dd28d0e7733e3a0,2015-04-29,2478910,2865,506,Stephan Lichtsteiner,starting_lineup,Right-Back,26,0
18c4c71b7790878fca0b738136409f2d,2015-04-29,2478915,10,398,Miroslav Klose,starting_lineup,Centre-Forward,11,0
232e66946b5f99be4288c6ba0e9060bc,2015-05-02,2478922,2865,506,Stephan Lichtsteiner,starting_lineup,Right-Back,26,0
e08c7e73b7bcefea3e9b67fd327eb025,2015-05-10,2478932,10,398,Miroslav Klose,starting_lineup,Centre-Forward,11,0
23984ed48c1de1998128931d5ca3c9a5,2015-05-16,2478942,2865,506,Stephan Lichtsteiner,starting_lineup,Right-Back,26,0
85475dfcc8ab41b4bd7b00d89a618f2f,2015-05-16,2478943,10,398,Miroslav Klose,starting_lineup,Centre-Forward,11,0
be24fc208f77336a5d2e68c1d9ed78eb,2015-05-25,2478954,10,398,Miroslav Klose,starting_lineup,Centre-Forward,11,0
73abc988b65d1f383038c0795e46afee,2015-05-25,2478954,3182,12,Ashley Cole,substitutes,Left-Back,3,0
47de5f9123f8b148c2e98a6a5e77b68b,2015-05-30,2478962,2865,506,Stephan Lichtsteiner,substitutes,Right-Back,26,0
b70092a39a37843a6ba7d75f7f464625,2015-05-30,2478962,2904,276,Rafa Márquez,starting_lineup,Centre-Back,4,0
b05acabe613b95f5f746301e21375757,2015-05-31,2478963,10,398,Miroslav Klose,substitutes,Centre-Forward,11,0
4debc5565dcda85767d75e2c1f186fbc,2014-07-31,2479051,1331,121,Kevin Kuranyi,starting_lineup,Centre-Forward,22,0
81632eba531ff4a62d11871129945976,2014-07-31,2479065,1139,39,Nikolce Noveski,starting_lineup,Centre-Back,4,1
e94c38e98d75b6ea6f216b9f6796319d,2014-07-31,2479067,3201,3060,Stathis Tavlaridis,starting_lineup,Centre-Back,4,0
f2b13c539225dc37cfeb7ebe8c5d2d91,2014-08-02,2479926,2138,3729,Mladen Kascelan,starting_lineup,Defensive Midfield,18,0
d0423a8de51b1d2542784a0721d64229,2014-08-03,2479928,1331,121,Kevin Kuranyi,starting_lineup,Centre-Forward,22,0
9df9bdca6385d231aac3536c4bab63fe,2014-08-07,2480856,1331,121,Kevin Kuranyi,starting_lineup,Centre-Forward,22,0
e0f3f03da6e1a19c7164863db1d5de7c,2014-08-07,2480864,3201,3060,Stathis Tavlaridis,starting_lineup,Centre-Back,4,0
179766cc2b27c51feffbdbfa67d6f45c,2014-08-07,2480867,1139,39,Nikolce Noveski,starting_lineup,Centre-Back,4,1
1e6b7e573acb510e619c97609e3346f1,2014-08-09,2482108,1423,855,Lars Jacobsen,starting_lineup,Right-Back,2,0
e67dd4e510b93e88711f5d554550315c,2014-08-10,2482114,65,162,Dimitar Berbatov,starting_lineup,Centre-Forward,15,0
7616d5751649d6ffb4e9fff045d214a8,2014-08-17,2482115,65,162,Dimitar Berbatov,starting_lineup,Centre-Forward,10,0
0a152429a42e30c6ccc3681ec4c6c848,2014-08-16,2482117,1423,855,Lars Jacobsen,starting_lineup,Right-Back,2,0
72a52b11c1b74a9cd56fde28096867f2,2014-08-23,2482127,1423,855,Lars Jacobsen,starting_lineup,Right-Back,2,0
d96e45146672a0c3904a9cf5df662862,2014-08-24,2482131,65,162,Dimitar Berbatov,substitutes,Centre-Forward,10,0
1877c54e5101bb202f9f01a9fc1ecd1a,2014-08-30,2482141,65,162,Dimitar Berbatov,starting_lineup,Centre-Forward,10,0
3666e7aea4cc24de55532e0cc5182d66,2014-09-12,2482149,65,162,Dimitar Berbatov,starting_lineup,Centre-Forward,10,0
1b104ee7b7be4a3ccef2e39d5f30ab05,2014-09-21,2482161,65,162,Dimitar Berbatov,starting_lineup,Centre-Forward,10,0
93f39c7fa26a88a5fa4515bc7f9ded22,2014-09-24,2482170,65,162,Dimitar Berbatov,starting_lineup,Centre-Forward,10,0
aa29168b5b1a993d698c145feca51d2f,2014-09-27,2482181,65,162,Dimitar Berbatov,starting_lineup,Centre-Forward,10,0
18babc0be00ca000bbc5b7487ece9630,2014-10-05,2482188,1423,855,Lars Jacobsen,starting_lineup,Right-Back,2,0
3b2ee8f5366ae8ae7cf357dc4f76cc8e,2014-11-22,2482236,1423,855,Lars Jacobsen,starting_lineup,Left-Back,2,0
49a0b7d017cfddb9010220ee6ed53b81,2014-11-22,2482241,65,162,Dimitar Berbatov,starting_lineup,Centre-Forward,9,0
26e49c35dbc7eb28d19d411f70c25298,2014-11-29,2482252,65,162,Dimitar Berbatov,starting_lineup,Centre-Forward,10,0
66d11a469909217a527f820262847d07,2014-12-03,2482256,1423,855,Lars Jacobsen,starting_lineup,Right-Back,2,0
929dea2675cabf15fc661bee89c89e77,2014-12-02,2482261,65,162,Dimitar Berbatov,starting_lineup,Centre-Forward,10,0
c73b52b0552185dc4c0de25758e22e8c,2014-12-07,2482271,1423,855,Lars Jacobsen,starting_lineup,Right-Back,2,0
298cfca570ba1cbbe3ce63205de1f189,2014-12-05,2482274,65,162,Dimitar Berbatov,starting_lineup,Centre-Forward,10,0
4c8da0a7bdedcd8bc6de32e59c30b9a6,2014-12-14,2482276,1423,855,Lars Jacobsen,starting_lineup,Right-Back,2,0
c05554579077885b786d8022866e1857,2014-12-20,2482294,1423,855,Lars Jacobsen,starting_lineup,Right-Back,2,0
9a078265f6aef5c4d0ca09ec65c08838,2015-01-11,2482295,65,162,Dimitar Berbatov,substitutes,Centre-Forward,9,0
8df3ebeb649fd62232c61e46f4e53ac6,2015-01-10,2482297,1423,855,Lars Jacobsen,starting_lineup,Right-Back,2,0
89dde380a9812b876827ed97746f71bd,2015-01-18,2482307,1423,855,Lars Jacobsen,starting_lineup,Right-Back,2,0
455317c30cd971b3290da388d312cfba,2015-01-17,2482311,65,162,Dimitar Berbatov,starting_lineup,Centre-Forward,10,0
8ff6f8f2f6a0180a47b742c20f328768,2015-01-24,2482318,1423,855,Lars Jacobsen,starting_lineup,Right-Back,2,0
ea494b652b2771f62fab4dd860e747a1,2015-01-24,2482321,65,162,Dimitar Berbatov,starting_lineup,Centre-Forward,10,0
f300790f746d8b9b7f1463c4898389b9,2015-02-01,2482327,1423,855,Lars Jacobsen,starting_lineup,Right-Back,2,0
795a3973721fb28e7511aa447aa2c65e,2015-02-01,2482329,65,162,Dimitar Berbatov,starting_lineup,Centre-Forward,10,0
f8c5dc148a4711ee4363ba07a9e74bbd,2015-02-08,2482341,65,162,Dimitar Berbatov,starting_lineup,Centre-Forward,10,0
cd6bc258367d4a892416ecab1ccffa34,2015-02-08,2482341,1423,855,Lars Jacobsen,starting_lineup,Right-Back,2,0
167f0c51aadd0f897f16aea3cd752d5a,2015-02-15,2482348,1423,855,Lars Jacobsen,starting_lineup,Right-Back,2,0
72321e06433bbd874e49714a502ead86,2015-04-07,2482350,65,162,Dimitar Berbatov,substitutes,Centre-Forward,10,0
e1eaa59c55dad92399be78c6debaff45,2015-02-20,2482361,65,162,Dimitar Berbatov,starting_lineup,Centre-Forward,10,0
f3dedc9db3304111d0c20900e5bc902b,2015-03-01,2482368,1423,855,Lars Jacobsen,starting_lineup,Right-Back,2,0
5d9e7e75dea5e1d93c720bbf3aab11b1,2015-03-01,2482371,65,162,Dimitar Berbatov,substitutes,Centre-Forward,9,0
85bd0397dde5716828b667ef048aa6d8,2015-03-08,2482377,1423,855,Lars Jacobsen,starting_lineup,Right-Back,2,0
4d8570de76620677c85c6c8644c9e08c,2015-03-07,2482381,65,162,Dimitar Berbatov,substitutes,Centre-Forward,10,0
ec961a4be6b9594b114457d2aca099f4,2015-03-13,2482385,65,162,Dimitar Berbatov,substitutes,Centre-Forward,10,0
4ebcf71de959e86163a72635655adb6a,2015-03-13,2482388,1423,855,Lars Jacobsen,starting_lineup,Right-Back,2,0
4e11831e4d54dfd1f2f7d50e99b45adf,2015-03-21,2482396,1423,855,Lars Jacobsen,starting_lineup,Right-Back,2,0
aa470dc9cb35593fbadb6fa0efa9afcf,2015-04-04,2482409,1423,855,Lars Jacobsen,substitutes,Right-Back,2,0
d5905483b5afea8187969ea1cb570b16,2015-04-03,2482413,65,162,Dimitar Berbatov,starting_lineup,Centre-Forward,10,0
04eec0d2793de438a3154bb344ba9c8c,2015-04-12,2482416,1423,855,Lars Jacobsen,starting_lineup,Right-Back,2,0
a8dbb4868972dff2b91e5447e8779152,2015-04-18,2482427,1423,855,Lars Jacobsen,starting_lineup,Right-Back,2,0
26239e1a57494e4745e97ce6eaf62bae,2015-04-18,2482432,65,162,Dimitar Berbatov,starting_lineup,Centre-Forward,10,0
48aa2527259755db2e166efeac6654ae,2015-04-26,2482441,65,162,Dimitar Berbatov,substitutes,Centre-Forward,10,0
5cfc1fda6568dfcf21317d8bd7a76f50,2015-05-08,2482456,1423,855,Lars Jacobsen,starting_lineup,Right-Back,2,0
e0103b77e74fa17bceaa8543b7bb9db0,2015-05-10,2482460,65,162,Dimitar Berbatov,substitutes,Centre-Forward,10,0
580416fa2eef7f43d7f2e36ba199b72e,2015-05-16,2482474,1423,855,Lars Jacobsen,starting_lineup,Right-Back,2,0
b2e6b5d8890990a4bdadbc56e4a5e8ba,2015-05-23,2482477,1423,855,Lars Jacobsen,starting_lineup,Right-Back,2,0
f0c17ec5ede3e77a0b11bde1fd646de1,2014-08-19,2483328,132,11,Tomas Rosicky,substitutes,Attacking Midfield,7,0
98f94764affb3fe7e60c64ebaf202db0,2014-08-19,2483330,691,15,Simon Rolfes,starting_lineup,Defensive Midfield,6,1
aade118ba301ffffbe5ae9dccb0c891f,2014-08-27,2483340,691,15,Simon Rolfes,starting_lineup,Defensive Midfield,6,1
79c22e4d9b479aa8805339486d47f0fe,2014-08-21,2483416,568,18,Martin Stranzl,starting_lineup,Centre-Back,39,1
a84524fc85ecbb9eaae7094d2b666900,2014-08-21,2483416,1144,18,Christofer Heimeroth,substitutes,Goalkeeper,33,0
3b9085cc9a2eb7367b6eea0f8ba42cff,2014-08-28,2483424,1331,121,Kevin Kuranyi,starting_lineup,Centre-Forward,22,0
5e5477e288ee1cda97f1399c97c68eb3,2014-08-21,2483428,2874,265,Mladen Petric,substitutes,Centre-Forward,33,0
6efe583adc3250c88b73812837bccf43,2014-08-28,2483444,3321,234,Luke Wilkshire,starting_lineup,Right-Back,2,0
39c9d4b40217c65c31b5f7346278ae55,2014-08-28,2483446,568,18,Martin Stranzl,starting_lineup,Centre-Back,39,1
ee2fe15eb4636e37dc1b757bebe4e182,2014-08-21,2483454,1331,121,Kevin Kuranyi,starting_lineup,Centre-Forward,22,0
a896dc2e21a9eaf9bf9c450be2bacd09,2014-08-21,2483474,3321,234,Luke Wilkshire,starting_lineup,Right-Back,2,0
4f5abdc8c7eaf3b664699e72e7934284,2014-08-10,2483942,1331,121,Kevin Kuranyi,starting_lineup,Centre-Forward,22,0
b5177d7207120b66f888b6abf14ed761,2014-08-10,2483944,2138,3729,Mladen Kascelan,starting_lineup,Defensive Midfield,18,0
075093987539c77ea81e2121a7123c5a,2014-12-22,2484243,2865,506,Stephan Lichtsteiner,starting_lineup,Right-Back,26,0
93b86d8e1b565b6b10ba724421061302,2014-08-13,2484582,1331,121,Kevin Kuranyi,substitutes,Centre-Forward,22,0
a58d62ed08d6cac119b4d9a853a5926d,2014-08-13,2484584,2138,3729,Mladen Kascelan,starting_lineup,Defensive Midfield,18,0
98353c0e4acf19014232bfef99928956,2014-08-16,2485834,1565,24,Alexander Meier,substitutes,Attacking Midfield,14,0
e6d06ec8732759bd9ba09a63bc34c5e2,2014-08-16,2485834,2050,24,Nelson Valdez,starting_lineup,Right Winger,11,0
2a6eb72c075fc4a9882c3b5699d3d521,2014-08-16,2485834,2767,24,Alexander Madlung,substitutes,Centre-Back,17,0
626c1141482589c4b97b6704795dc5a2,2014-08-17,2485967,1331,121,Kevin Kuranyi,starting_lineup,Centre-Forward,22,0
559ead4a0d481b557369836f2ff41b1e,2014-08-17,2485967,2138,3729,Mladen Kascelan,starting_lineup,Defensive Midfield,18,0
43e5d5e9ae2060b03cc4927074c88331,2014-08-24,2486234,10,398,Miroslav Klose,substitutes,Centre-Forward,11,0
ec3bf0c1d3060e88b62089769f2bb3d5,2014-08-30,2486489,3332,985,Wayne Rooney,starting_lineup,Centre-Forward,10,1
0869e465e9a1613a9cfadeef0968f3b7,2014-08-30,2486491,2963,281,Martín Demichelis,starting_lineup,Centre-Back,26,0
9d21aac3fe3712cc7c90c057274da1fb,2014-08-30,2486491,2998,512,Robert Huth,substitutes,Centre-Back,4,0
483783e9a94823eca11ae0fd049178bc,2014-08-30,2486491,3306,512,Jonathan Walters,starting_lineup,Right Winger,19,0
56ddfe230cdc053207c2685c22bbee48,2014-08-30,2486491,3333,281,James Milner,substitutes,Central Midfield,7,0
87cc583e18e86c3ce2743b4090ac0602,2014-08-30,2486493,3235,1039,Rio Ferdinand,starting_lineup,Centre-Back,5,0
aade10780276d3f9337d0e31c24bb2f5,2014-08-30,2486493,3292,1039,Joey Barton,starting_lineup,Defensive Midfield,8,1
99e03a9248000ef8540d49f79abc9689,2014-08-30,2486493,3405,289,Wes Brown,starting_lineup,Centre-Back,5,0
85d2cf9dc9e2bb2074421a09d6ae286c,2014-08-30,2486495,1368,379,Guy Demel,substitutes,Right-Back,20,0
c436567d95faeadd352d88ae4a176009,2014-08-30,2486495,3179,379,Carlton Cole,starting_lineup,Centre-Forward,24,0
9656ac9de68ec5f906b553f5393c312f,2014-08-30,2486496,3160,631,John Terry,starting_lineup,Centre-Back,26,1
6a6509fa6f1f041240e706377b687e78,2014-08-30,2486496,3291,29,Gareth Barry,starting_lineup,Defensive Midfield,18,0
ab0c5dbb5e7e3d590e855e033f4b5e19,2014-08-30,2486496,3356,29,Sylvain Distin,starting_lineup,Centre-Back,15,0
05bdb1a031f5766a2f652e701cc5bd32,2014-08-31,2486497,3109,31,Steven Gerrard,starting_lineup,Defensive Midfield,8,1
60eac2b072a84752d4763372ac30d913,2014-08-31,2486497,3202,31,Kolo Touré,substitutes,Centre-Back,4,0
32b4ef418db8471b3d71daa7607842a1,2014-08-31,2486498,132,11,Tomas Rosicky,substitutes,Attacking Midfield,7,0
cf4f65bb2f7d60a2c8282d5e83789e9c,2014-08-31,2486498,3296,1003,Paul Konchesky,starting_lineup,Left-Back,3,0
41118352a1fd3b17a074be6b99d982d6,2014-09-13,2486499,2963,281,Martín Demichelis,starting_lineup,Centre-Back,26,0
0e221cb04aa22811175b306ca24eea81,2014-09-13,2486499,3163,281,Frank Lampard,starting_lineup,Central Midfield,18,0
fe5337a40a52ac1252c86f1be1114e86,2014-09-13,2486499,3333,281,James Milner,starting_lineup,Left Midfield,7,0
1d1df962869e23fb29e35e69c0dfa71f,2014-09-13,2486500,488,2288,Gerhard Tremmel,substitutes,Goalkeeper,25,0
6533fdb66367944ff9e24fa7a4e788e9,2014-09-13,2486500,3160,631,John Terry,starting_lineup,Centre-Back,26,1
76ca09865f91c844a16d35ca0de64e66,2014-09-13,2486503,2998,512,Robert Huth,substitutes,Centre-Back,4,0
8307ef62bf3dee76d979544411d9469a,2014-09-13,2486503,3296,1003,Paul Konchesky,starting_lineup,Left-Back,3,0
9e8ba70d9c827cdc3a8f4595671708f5,2014-09-13,2486503,3306,512,Jonathan Walters,starting_lineup,Right Winger,19,0
cbfee83d1da2f7598b2096052eb4d8f7,2014-09-13,2486504,3405,289,Wes Brown,starting_lineup,Centre-Back,5,0
a1661dfd93f162dd388ffaa0e9f25aaf,2014-09-13,2486505,3291,29,Gareth Barry,starting_lineup,Defensive Midfield,18,0
02d005f9ffd43e8dc0b8e4088adc592f,2014-09-13,2486506,3109,31,Steven Gerrard,starting_lineup,Defensive Midfield,8,1
3dc0ac015edaae12c6eb831f8c336d4a,2014-09-13,2486506,3146,405,Shay Given,substitutes,Goalkeeper,31,0
7d0fc24b929a148a8f1bce89fa2b656b,2014-09-13,2486506,3202,31,Kolo Touré,substitutes,Centre-Back,4,0
ea5d405f30e1672ce098b289ad007031,2014-09-14,2486507,3235,1039,Rio Ferdinand,starting_lineup,Centre-Back,5,0
740938af09ad82cb0a73a5b23916ad4b,2014-09-14,2486507,3332,985,Wayne Rooney,starting_lineup,Centre-Forward,10,1
0cdc238f9fe9dc61f0d259e95b874a0d,2014-09-15,2486508,1368,379,Guy Demel,starting_lineup,Right-Back,20,0
d54c37e816c903eaa9654808fab48e13,2014-09-15,2486508,3179,379,Carlton Cole,substitutes,Centre-Forward,24,0
0871d2eac539d8c0efdaa85bc84f8469,2014-09-20,2486509,2998,512,Robert Huth,substitutes,Centre-Back,4,0
5e638f12e06e49f4e5750c0be19bed23,2014-09-20,2486509,3235,1039,Rio Ferdinand,starting_lineup,Centre-Back,5,0
0977fcd811a43d5430ee624714d5833a,2014-09-20,2486509,3292,1039,Joey Barton,starting_lineup,Central Midfield,8,1
b3c914ef1a98ae1cc62fde2fada33f9f,2014-09-20,2486510,132,11,Tomas Rosicky,substitutes,Right Midfield,7,0
737d0448fd0ef69f3de252b59f844c8d,2014-09-20,2486510,3146,405,Shay Given,substitutes,Goalkeeper,31,0
baa17536f39c6a1d3f432e9280561ef1,2014-09-20,2486511,3405,289,Wes Brown,starting_lineup,Centre-Back,5,0
155a93ce7491170e82287c51b044f466,2014-09-20,2486515,1368,379,Guy Demel,starting_lineup,Right-Back,20,0
f0cdccb2c0c45cbfb35e95cff6b9d93c,2014-09-20,2486515,3109,31,Steven Gerrard,starting_lineup,Defensive Midfield,8,1
f9b112cf70b0114baa3c1c163bb31aef,2014-09-20,2486515,3179,379,Carlton Cole,substitutes,Centre-Forward,24,0
f232c1d9e48134831810f94b7e47fd91,2014-09-20,2486515,3202,31,Kolo Touré,substitutes,Centre-Back,4,0
045df5a614fb2a8e710a17492ed5df15,2014-09-21,2486516,3296,1003,Paul Konchesky,starting_lineup,Left-Back,3,0
e90f658712060baae7351fc17ca3751c,2014-09-21,2486516,3332,985,Wayne Rooney,starting_lineup,Attacking Midfield,10,1
646fae052439aa9df8e2d385a049e401,2014-09-21,2486517,3291,29,Gareth Barry,starting_lineup,Defensive Midfield,18,0
48592faafe11f14d57cc70db8d7ac571,2014-09-21,2486517,3356,29,Sylvain Distin,starting_lineup,Centre-Back,15,0
5286e93838b660c851ad4bb0cdd53095,2014-09-21,2486518,2963,281,Martín Demichelis,substitutes,Centre-Back,26,0
f88f65c6778a40bd062b9220d81b3ba3,2014-09-21,2486518,3160,631,John Terry,starting_lineup,Centre-Back,26,1
fc024ec010e0f9c13d015f6bb9d28adb,2014-09-21,2486518,3163,281,Frank Lampard,substitutes,Central Midfield,18,0
e42c2441c6d3d6a0ed35ae33c3307aa6,2014-09-21,2486518,3333,281,James Milner,starting_lineup,Right Midfield,7,0
bf3c017e7373453c1aa163e6327b8749,2014-09-27,2486519,3109,31,Steven Gerrard,starting_lineup,Central Midfield,8,1
8139f0c16140dce847fe936d6e90ee56,2014-09-27,2486519,3202,31,Kolo Touré,substitutes,Centre-Back,4,0
65280bfc25109a7ac630c19355b75ce8,2014-09-27,2486519,3291,29,Gareth Barry,starting_lineup,Defensive Midfield,18,0
f6c0dfacbf19da34418d280c5a0a609a,2014-09-27,2486520,3146,405,Shay Given,substitutes,Goalkeeper,31,0
76b3d4ba51f7f94166488bf82a5b5ace,2014-09-27,2486520,3160,631,John Terry,starting_lineup,Centre-Back,26,1
3117ea1e804424d09453114db450861c,2014-09-27,2486521,3296,1003,Paul Konchesky,starting_lineup,Left-Back,3,0
b83aca2b56dae8ee75bfd417e10d1de5,2014-09-27,2486522,2963,281,Martín Demichelis,substitutes,Defensive Midfield,26,0
6d8ab81ce13683f2ed4b5e22e3cee649,2014-09-27,2486522,3163,281,Frank Lampard,substitutes,Central Midfield,18,0
b92b83f84b6d74ddfdc6c17f7760b4fa,2014-09-27,2486522,3333,281,James Milner,starting_lineup,Right Midfield,7,0
0b66aaac7f48402ff317206500aaad70,2014-09-27,2486523,1368,379,Guy Demel,starting_lineup,Right-Back,20,0
cafb72ef791b3b44e5c2c5829bb56d48,2014-09-27,2486523,3179,379,Carlton Cole,substitutes,Centre-Forward,24,0
a543299a2810d1ba55efe2313f353db7,2014-09-27,2486523,3332,985,Wayne Rooney,starting_lineup,Attacking Midfield,10,1
7286060aa2a14efc7b1eb59a957e2abc,2014-09-27,2486524,3235,1039,Rio Ferdinand,starting_lineup,Centre-Back,5,1
3df20af97de8d705c8ea5c1c7f07419b,2014-10-04,2486530,3296,1003,Paul Konchesky,starting_lineup,Left-Back,3,0
4078cf14cd482677199414adc746e60f,2014-10-04,2486531,3109,31,Steven Gerrard,starting_lineup,Defensive Midfield,8,1
a0bd17fb0a31d5b89464e1b5f24444fc,2014-10-04,2486531,3202,31,Kolo Touré,substitutes,Centre-Back,4,0
ef9200f9cd6a78b8a5e57d1cb5a5b292,2014-10-04,2486532,2998,512,Robert Huth,substitutes,Centre-Back,4,0
f90aebadadf04a70050f096f8c8ad229,2014-10-04,2486532,3306,512,Jonathan Walters,substitutes,Right Winger,19,0
d111c95a61cde4073ce190c9ceff76c1,2014-10-04,2486532,3405,289,Wes Brown,substitutes,Centre-Back,5,0
933ece9457c5af4e65e4632668167dc0,2014-10-04,2486535,2963,281,Martín Demichelis,substitutes,Centre-Back,26,0
f3a6f92308086d48202e07e6fccb29b3,2014-10-04,2486535,3146,405,Shay Given,substitutes,Goalkeeper,31,0
9c59228a7f58e45e4a621fa1653f3e2f,2014-10-04,2486535,3163,281,Frank Lampard,substitutes,Attacking Midfield,18,0
fea368c804d5fe053c50a768e4717814,2014-10-04,2486535,3333,281,James Milner,starting_lineup,Right Midfield,7,0
5cdf3a77a26b8acf3b839d74831fb45c,2014-10-05,2486536,3291,29,Gareth Barry,starting_lineup,Defensive Midfield,18,0
cab42d46ed18b3f56bcd7b04b77c8853,2014-10-05,2486537,132,11,Tomas Rosicky,substitutes,Central Midfield,7,0
64afad066cb82356876f6476f2a2ff85,2014-10-05,2486537,3160,631,John Terry,starting_lineup,Centre-Back,26,1
3c54042e59630c7d98a20f8df828d24d,2014-10-05,2486538,3179,379,Carlton Cole,substitutes,Centre-Forward,24,0
afa3c43c8cd7df4e4824def590f4b1fc,2014-10-05,2486538,3235,1039,Rio Ferdinand,starting_lineup,Centre-Back,5,0
1cfba8c2f8a7118ccb4d61c4606f3cf9,2014-10-18,2486539,2963,281,Martín Demichelis,starting_lineup,Centre-Back,26,0
323f84aa812e6316e382a5176d8821e9,2014-10-18,2486539,3163,281,Frank Lampard,starting_lineup,Central Midfield,18,0
de484d38c069778fc3a416912b7692c2,2014-10-18,2486539,3333,281,James Milner,starting_lineup,Left Midfield,7,0
5f7548265f33b74301fba813b66d62ef,2014-10-18,2486540,132,11,Tomas Rosicky,substitutes,Attacking Midfield,7,0
62c183f9f2696358fd5e6e67899a77d2,2014-10-18,2486540,2857,3008,Eldin Jakupović,substitutes,Goalkeeper,16,0
1121b7009e7b1d87638520ad23ec596b,2014-10-18,2486541,3179,379,Carlton Cole,substitutes,Centre-Forward,24,0
1c61aa2a86daf7508f0749c48bab9265,2014-10-18,2486542,3160,631,John Terry,starting_lineup,Centre-Back,26,1
8b6e3ed6bedd5f5d537e2c6dc7c5ea4b,2014-10-18,2486543,3146,405,Shay Given,substitutes,Goalkeeper,31,0
87e66fa28258de6632564b994bc80d80,2014-10-18,2486543,3291,29,Gareth Barry,starting_lineup,Defensive Midfield,18,0
ac59beb2c8090e7c6ecac6bc7fbc7667,2014-10-18,2486544,3296,1003,Paul Konchesky,starting_lineup,Left-Back,3,0
69f7afd6cc2c5fe71795353eebb0e981,2014-10-18,2486545,3405,289,Wes Brown,starting_lineup,Centre-Back,5,0
f4144531d1feff2026ab6e86247c8100,2014-10-19,2486546,3109,31,Steven Gerrard,starting_lineup,Attacking Midfield,8,1
8d5191216252c4dd3849353ffbaa883c,2014-10-19,2486546,3202,31,Kolo Touré,substitutes,Centre-Back,4,0
aef81a9b8fdf30b76e5c5ed4f6690eb6,2014-10-19,2486546,3235,1039,Rio Ferdinand,substitutes,Centre-Back,5,0
9d236dbea051773f5fd29820ed32095e,2014-10-19,2486547,488,2288,Gerhard Tremmel,substitutes,Goalkeeper,25,0
dcc18042b62032c91452ba0a33ef7bf3,2014-10-19,2486547,3306,512,Jonathan Walters,substitutes,Right Winger,19,0
b921f3a6f3b9ff0c2f7e8f390f0416a7,2014-10-25,2486550,2857,3008,Eldin Jakupović,starting_lineup,Goalkeeper,16,0
e6edc442b942f72ba81e423da0a9a7b6,2014-10-25,2486550,3109,31,Steven Gerrard,starting_lineup,Defensive Midfield,8,1
6e4895bd6e8869caa3331b5c18dd8be6,2014-10-25,2486550,3202,31,Kolo Touré,substitutes,Centre-Back,4,0
abc6fcfd7673859b8699608aa178d35b,2014-10-25,2486551,2998,512,Robert Huth,substitutes,Centre-Back,4,0
59c6ea94c313c3b2320676affb038293,2014-10-25,2486551,3306,512,Jonathan Walters,starting_lineup,Right Winger,19,0
dc928bf7308c55bfbc27ccf585aca61f,2014-10-25,2486552,132,11,Tomas Rosicky,substitutes,Attacking Midfield,7,0
d0d401d6546335b89d2a224fc5d04280,2014-10-25,2486552,3405,289,Wes Brown,starting_lineup,Centre-Back,5,0
767bbfbc6b89c7713517995d6188f9c3,2014-10-25,2486554,2963,281,Martín Demichelis,substitutes,Centre-Back,26,0
ac206229729f4034f2647363a8b556f3,2014-10-25,2486554,3179,379,Carlton Cole,substitutes,Centre-Forward,24,0
0835aa4db253fbcaa275496c99b82dcf,2014-10-25,2486554,3333,281,James Milner,substitutes,Central Midfield,7,0
09be50db1f8033ba342f45c6939fbb67,2014-10-25,2486555,488,2288,Gerhard Tremmel,substitutes,Goalkeeper,25,0
c064e9f59f1f2ddec5d7b2ac74707dc0,2014-10-25,2486555,3296,1003,Paul Konchesky,starting_lineup,Left-Back,3,0
e42a3ef329d11553e605e5fc0d56f60b,2014-10-26,2486556,3291,29,Gareth Barry,starting_lineup,Defensive Midfield,18,0
d2a4c8b86b7b3b289eb605f258081730,2014-10-26,2486557,3160,631,John Terry,starting_lineup,Centre-Back,26,1
c7aba5fa192f4c1940a692ace88e6a1d,2014-11-01,2486559,3109,31,Steven Gerrard,starting_lineup,Defensive Midfield,8,1
3b99dc1224db94df2993f4702e792ec2,2014-11-01,2486559,3202,31,Kolo Touré,substitutes,Centre-Back,4,0
17372e083170781e3278dfdc0e3fc5e2,2014-11-01,2486561,3160,631,John Terry,starting_lineup,Centre-Back,26,1
f2372f38b9c072d23cc73346261c3211,2014-11-01,2486562,488,2288,Gerhard Tremmel,substitutes,Goalkeeper,25,0
63a86f5e68219c51322dd630a6edc45d,2014-11-01,2486562,3291,29,Gareth Barry,starting_lineup,Defensive Midfield,18,0
b4b1919072878729f20a0769aea4e60b,2014-11-01,2486563,2857,3008,Eldin Jakupović,starting_lineup,Goalkeeper,16,0
1cd7145c9f3a48d4fb511cb7ff500773,2014-11-01,2486564,3296,1003,Paul Konchesky,starting_lineup,Left-Back,3,0
2b25a32d6ffa06c5c8ddc45e07ce7532,2014-11-01,2486565,3179,379,Carlton Cole,substitutes,Centre-Forward,24,0
f3987d717dc8503833d0507211ada7e4,2014-11-01,2486565,3306,512,Jonathan Walters,starting_lineup,Right Winger,19,0
3dd90c984c86b9334f89efc28ad1c3a2,2014-11-02,2486566,2963,281,Martín Demichelis,starting_lineup,Centre-Back,26,0
6aee7210b01ea98aaada415d3cea7112,2014-11-02,2486566,3332,985,Wayne Rooney,starting_lineup,Attacking Midfield,10,1
e8f3c9d3cd731f81d606d35a7420ebc4,2014-11-02,2486566,3333,281,James Milner,starting_lineup,Left Midfield,7,0
80dddc42cd12d9d4d4b36959664d223b,2014-11-03,2486568,3405,289,Wes Brown,substitutes,Centre-Back,5,0
09e4086962ba597a7b4a984b424168d1,2014-11-08,2486569,3109,31,Steven Gerrard,starting_lineup,Defensive Midfield,8,1
3b6c048d30b06dbd260e1d3dbf787e7a,2014-11-08,2486569,3160,631,John Terry,starting_lineup,Centre-Back,26,1
20b024f609948eac3ad246cb46d209b4,2014-11-08,2486569,3202,31,Kolo Touré,substitutes,Centre-Back,4,0
99aa688110e3ad38f2791b8e71a4d364,2014-11-08,2486571,3332,985,Wayne Rooney,starting_lineup,Attacking Midfield,10,1
b9d789fd71688670985db1803312c8d2,2014-11-08,2486572,2963,281,Martín Demichelis,starting_lineup,Centre-Back,26,0
0229f6d2cc6df8c0dde997ffb87d2c94,2014-11-08,2486572,3163,281,Frank Lampard,substitutes,Central Midfield,18,0
436d3ef76e73f65b610cf7be411fb230,2014-11-08,2486572,3292,1039,Joey Barton,substitutes,Central Midfield,8,0
42acf7d0fd5b0ed973e3465ff2984a3f,2014-11-08,2486572,3333,281,James Milner,substitutes,Central Midfield,7,0
d19d911f06cd6c8c5b2239b1084dc4fb,2014-11-09,2486574,3306,512,Jonathan Walters,starting_lineup,Right Winger,19,0
36fa4b591144d30837561858673a45de,2014-11-08,2486575,3146,405,Shay Given,substitutes,Goalkeeper,31,0
0afc2a6505fdc8cd0f8f8d2214dcc54a,2014-11-08,2486575,3179,379,Carlton Cole,substitutes,Centre-Forward,24,0
3f5423e7a79686d20deee812d04273b1,2014-11-09,2486576,3291,29,Gareth Barry,starting_lineup,Defensive Midfield,18,0
33aa94933c6e71d839573c3d90ecf25b,2014-11-09,2486576,3356,29,Sylvain Distin,starting_lineup,Centre-Back,15,0
177120a3895b40badc62ee149373131f,2014-11-09,2486576,3405,289,Wes Brown,starting_lineup,Centre-Back,5,0
a4a853a742e4a7abfa4f85c128338d24,2014-11-22,2486579,3160,631,John Terry,starting_lineup,Centre-Back,26,1
24d4792cf4d4fd3327d69f0f0a41dc28,2014-11-22,2486580,1368,379,Guy Demel,substitutes,Right-Back,20,0
02d722b7f1204b6ea9aa5e44dfbee7b4,2014-11-22,2486580,3179,379,Carlton Cole,starting_lineup,Centre-Forward,24,0
4016929dd97a98881120f89491a0b9f9,2014-11-22,2486580,3356,29,Sylvain Distin,starting_lineup,Centre-Back,15,0
b6c8fc550d7af587f133b8256143489b,2014-11-22,2486581,3296,1003,Paul Konchesky,starting_lineup,Left-Back,3,0
7dc19d93b7afb48a58b860cf0f678b21,2014-11-22,2486581,3405,289,Wes Brown,starting_lineup,Centre-Back,5,0
e57ae07ae0ea9477b6bae9536521a48d,2014-11-22,2486582,488,2288,Gerhard Tremmel,substitutes,Goalkeeper,25,0
a97ddcbdf0f83e220db3e865e91c5458,2014-11-22,2486582,2963,281,Martín Demichelis,starting_lineup,Centre-Back,26,0
73f5fbadcf1b77a7aeea319c9e51f63f,2014-11-22,2486582,3163,281,Frank Lampard,substitutes,Central Midfield,18,0
ddb54f7af9c225336f74727a8e0a2d4c,2014-11-22,2486582,3333,281,James Milner,substitutes,Central Midfield,7,0
e3aed008486973daf503b067637a519e,2014-11-22,2486583,3292,1039,Joey Barton,starting_lineup,Right Midfield,8,0
cfe734f2387113568c67e5697adf12f7,2014-11-22,2486584,3306,512,Jonathan Walters,starting_lineup,Right Winger,19,0
23741acd3b948e741668ffb546d0daf3,2014-11-22,2486585,132,11,Tomas Rosicky,substitutes,Attacking Midfield,7,0
eaaa8021a654d58c0fd00df00ae39523,2014-11-22,2486585,3332,985,Wayne Rooney,starting_lineup,Attacking Midfield,10,1
a53cb7611c3d607357002e549af49493,2014-11-23,2486586,3109,31,Steven Gerrard,starting_lineup,Defensive Midfield,8,1
e01f8a256d9ff18bdc7a7159d6088c95,2014-11-23,2486586,3202,31,Kolo Touré,substitutes,Centre-Back,4,0
a764226b4379f7fdb8f9c46ffa754827,2014-11-29,2486591,3109,31,Steven Gerrard,substitutes,Central Midfield,8,0
3eadf07303c40f2ab8f9e0e84674dfc2,2014-11-29,2486591,3202,31,Kolo Touré,starting_lineup,Centre-Back,4,0
323b7da2eca905a473158075f1cc7489,2014-11-29,2486591,3306,512,Jonathan Walters,starting_lineup,Right Winger,19,0
1464802a95d19cb76e4736a1c70fed10,2014-11-29,2486592,2857,3008,Eldin Jakupović,substitutes,Goalkeeper,16,0
b175d8a506205921af62c2c40330f8ea,2014-11-29,2486592,3332,985,Wayne Rooney,starting_lineup,Left Winger,10,1
5bf6e4997b9f8813e0e180378f76fdd6,2014-11-29,2486593,3235,1039,Rio Ferdinand,substitutes,Centre-Back,5,0
4ef34c619886f6c5da9321070d242a81,2014-11-29,2486593,3292,1039,Joey Barton,starting_lineup,Central Midfield,8,1
b2b4f14de176ee88be91d722ec60d710,2014-11-29,2486593,3296,1003,Paul Konchesky,starting_lineup,Left-Back,3,0
e6c1815516baeef5ca1ffcbef7a67819,2014-11-29,2486596,3160,631,John Terry,starting_lineup,Centre-Back,26,1
5641f276da14c151fcab737f56425a29,2014-11-29,2486596,3405,289,Wes Brown,starting_lineup,Centre-Back,5,0
d3db56e6a78d5e9f177d6b0c3ebeca77,2014-11-30,2486597,2963,281,Martín Demichelis,substitutes,Centre-Back,26,0
e581d3b4c4e6963266f090053475585f,2014-11-30,2486597,3163,281,Frank Lampard,substitutes,Attacking Midfield,18,0
85945c7b78fe525626912b26f201a1d4,2014-11-30,2486597,3333,281,James Milner,substitutes,Left Midfield,7,0
20a4c9f2c9e6a63a55daf17416b087f1,2014-11-30,2486598,3291,29,Gareth Barry,starting_lineup,Defensive Midfield,18,0
2da5b6478d191d598d4dd233223e4783,2014-11-30,2486598,3356,29,Sylvain Distin,starting_lineup,Centre-Back,15,0
ed2dac2353fd720f7ff6de8cce248713,2014-12-02,2486601,3109,31,Steven Gerrard,starting_lineup,Attacking Midfield,8,1
a03b2230731e35771ae7ff4ddb0c6eb4,2014-12-02,2486601,3202,31,Kolo Touré,starting_lineup,Centre-Back,4,0
1eace1759546b210614d6e67d907ae78,2014-12-02,2486601,3296,1003,Paul Konchesky,starting_lineup,Left-Back,3,0
56036e89e7432cfe0e253a13b8f19476,2014-12-02,2486603,488,2288,Gerhard Tremmel,substitutes,Goalkeeper,25,0
dad6d1f871457cd90fcb9e69eb6feb82,2014-12-02,2486603,3235,1039,Rio Ferdinand,substitutes,Centre-Back,5,0
8c80290159d286e0e3fe68a96418c8a9,2014-12-02,2486603,3292,1039,Joey Barton,starting_lineup,Central Midfield,8,1
497114bf36df65c9ceb8ac1a99b50806,2014-12-02,2486605,1368,379,Guy Demel,substitutes,Right-Back,20,0
8e1a211b880e62121d53b8fb474fa857,2014-12-02,2486605,3179,379,Carlton Cole,substitutes,Centre-Forward,24,0
1ee41a64a76b07b50310b3b19dd0cb11,2014-12-03,2486606,3160,631,John Terry,starting_lineup,Centre-Back,26,1
fbab1289faba2702d544b3e85e9a30c8,2014-12-03,2486607,2857,3008,Eldin Jakupović,substitutes,Goalkeeper,16,0
fa5b6c2453d6fbc9a68c27bf4f699057,2014-12-03,2486607,3291,29,Gareth Barry,starting_lineup,Defensive Midfield,18,0
9418058155a49283b967cb75c34735c4,2014-12-03,2486607,3356,29,Sylvain Distin,starting_lineup,Centre-Back,15,0
2a9946485ea10199c36f0a2ff32b0190,2014-12-03,2486608,2963,281,Martín Demichelis,starting_lineup,Centre-Back,26,0
156c8f91d5c5f4a348eacb94aa14539a,2014-12-03,2486608,3163,281,Frank Lampard,substitutes,Attacking Midfield,18,0
60b825c4551a5714ba5b0bbc4b4a5401,2014-12-03,2486608,3333,281,James Milner,substitutes,Attacking Midfield,7,0
4a40945e8cbf315188b670148c3e7463,2014-12-03,2486608,3405,289,Wes Brown,substitutes,Centre-Back,5,0
efa82b9804fe975c12878c9c80c9545d,2014-12-07,2486609,3146,405,Shay Given,substitutes,Goalkeeper,31,0
882868bc1639ec5e4c05347821e5a9fa,2014-12-07,2486609,3296,1003,Paul Konchesky,starting_lineup,Left-Back,3,0
c6aefbb91cbeec1ddae008dee80a7c25,2014-12-06,2486611,3109,31,Steven Gerrard,substitutes,Central Midfield,8,0
cbfce5f635899df1253725b8f0045507,2014-12-06,2486611,3202,31,Kolo Touré,starting_lineup,Centre-Back,4,0
b241661607b083ece9c198b352e9ebf2,2014-12-06,2486611,3405,289,Wes Brown,starting_lineup,Centre-Back,5,0
bccecdb6dbedee005cdc69d015281d1d,2014-12-06,2486612,2963,281,Martín Demichelis,starting_lineup,Centre-Back,26,0
4788d271bfab23da83ccfda3f30bd2f7,2014-12-06,2486612,3163,281,Frank Lampard,substitutes,Attacking Midfield,18,0
3ffd373b3a2832708894f7ccc80024c0,2014-12-06,2486612,3291,29,Gareth Barry,starting_lineup,Defensive Midfield,18,0
c6f723c22ed2477355435d78d6630264,2014-12-06,2486612,3333,281,James Milner,starting_lineup,Left Midfield,7,0
406f81c4a13516794656c9718a6a3a7b,2014-12-06,2486612,3356,29,Sylvain Distin,starting_lineup,Centre-Back,15,0
ec9470c8846b4e4982d72f70428679ba,2014-12-06,2486613,3160,631,John Terry,starting_lineup,Centre-Back,26,1
d2cc3d77c8df0eb8534b8091198df665,2014-12-06,2486614,3235,1039,Rio Ferdinand,substitutes,Centre-Back,5,0
d196559100c668256143ffcd70fb92d4,2014-12-06,2486614,3292,1039,Joey Barton,starting_lineup,Central Midfield,8,1
f779e0cf412e6f00c8da028b0902b5e8,2014-12-08,2486615,3332,985,Wayne Rooney,starting_lineup,Centre-Forward,10,1
fbaa65ac3481a383e34fe247af358c87,2014-12-06,2486616,2998,512,Robert Huth,substitutes,Centre-Back,4,0
b56054e74804104493c804df34b968be,2014-12-06,2486616,3306,512,Jonathan Walters,starting_lineup,Right Winger,19,0
3d2ec5abc0d1374e34d43f71c3a93ab5,2014-12-07,2486618,488,2288,Gerhard Tremmel,substitutes,Goalkeeper,25,0
5ca653836568a60bef66d5eae7b2f4ec,2014-12-07,2486618,3179,379,Carlton Cole,substitutes,Centre-Forward,24,0
b42f64c9db625e0d97b7e00dc158f641,2014-12-13,2486621,2857,3008,Eldin Jakupović,substitutes,Goalkeeper,16,0
e10bd62bb81820f7e2eeec49756ff750,2014-12-13,2486621,3160,631,John Terry,starting_lineup,Centre-Back,26,1
9d814719b854399cb8338351c9b3fd75,2014-12-13,2486621,3357,631,Mark Schwarzer,substitutes,Goalkeeper,23,0
07eeaa39540fb85f5acbdbc85defe949,2014-12-13,2486622,2998,512,Robert Huth,substitutes,Centre-Back,4,0
6d23d261a4da1e7e59b2c05744c521f8,2014-12-13,2486622,3306,512,Jonathan Walters,starting_lineup,Right Winger,19,0
98f98b6100ff5b47dca40a274610235a,2014-12-15,2486623,3235,1039,Rio Ferdinand,substitutes,Centre-Back,5,0
84e2c765da3543222a59af97711768a5,2014-12-15,2486623,3292,1039,Joey Barton,starting_lineup,Central Midfield,8,1
7727fddaf896072697571bc8c000f78f,2014-12-15,2486623,3356,29,Sylvain Distin,starting_lineup,Centre-Back,15,0
68e75f72fa49f0ccad67d0628526a43b,2014-12-13,2486624,2963,281,Martín Demichelis,substitutes,Centre-Back,26,0
352f7341c363af1743beee8978720e8f,2014-12-13,2486624,3163,281,Frank Lampard,starting_lineup,Central Midfield,18,0
e69467cbdb286046e810b3f98f05547d,2014-12-13,2486624,3296,1003,Paul Konchesky,starting_lineup,Left-Back,3,0
7cd4fb0e5ecd375eb4547248cb333e14,2014-12-13,2486624,3333,281,James Milner,substitutes,Central Midfield,7,0
58de95a8ae7bd9fdc83faf29c173d347,2014-12-14,2486625,3109,31,Steven Gerrard,starting_lineup,Central Midfield,8,1
79848c5a8de83ec75120b8ca402230c4,2014-12-14,2486625,3202,31,Kolo Touré,substitutes,Centre-Back,4,0
9c7ab1dc7a286af7eb5b2686e6e1fcb6,2014-12-14,2486625,3332,985,Wayne Rooney,starting_lineup,Attacking Midfield,10,1
79b996b3f45af5db87ac6cf851824ba7,2014-12-13,2486626,3179,379,Carlton Cole,substitutes,Centre-Forward,24,0
470a374e7282cbf91419900a94171203,2014-12-13,2486626,3405,289,Wes Brown,starting_lineup,Centre-Back,5,0
dbef1bfd0277df326de5d1d766dc298a,2014-12-14,2486627,488,2288,Gerhard Tremmel,starting_lineup,Goalkeeper,25,0
a03acf3d16ecb052eb3e08387b1440df,2014-12-20,2486629,3146,405,Shay Given,substitutes,Goalkeeper,31,0
33a1ef8cb38980f6b975d92200427322,2014-12-20,2486629,3332,985,Wayne Rooney,starting_lineup,Attacking Midfield,10,1
9e51106df2666ba3742b35bae2dbc222,2014-12-21,2486631,3109,31,Steven Gerrard,starting_lineup,Defensive Midfield,8,1
732a4abd83f2a9c0a47b464cadbc06cd,2014-12-21,2486631,3202,31,Kolo Touré,starting_lineup,Centre-Back,4,0
41212b1ba77317050696eacf8ecf4566,2014-12-20,2486632,2963,281,Martín Demichelis,starting_lineup,Centre-Back,26,0
600f00e3d24060498dbaf4967545c350,2014-12-20,2486632,3163,281,Frank Lampard,substitutes,Central Midfield,18,0
32846e0e01fe0bda31f6a14b7772b281,2014-12-20,2486632,3333,281,James Milner,starting_lineup,Centre-Forward,7,0
7502847787c6579f8ae5b8a387aa0f07,2014-12-21,2486633,3405,289,Wes Brown,starting_lineup,Centre-Back,5,0
353bcbd6ba82085e1ac099e7f53bbf2e,2014-12-20,2486634,3235,1039,Rio Ferdinand,substitutes,Centre-Back,5,0
59a4cc69f106d84153785aff73798b1b,2014-12-20,2486634,3292,1039,Joey Barton,starting_lineup,Central Midfield,8,1
c3c592a2e88ab9cb84bf2262a4710332,2014-12-20,2486635,3291,29,Gareth Barry,starting_lineup,Defensive Midfield,18,0
ec3079745c592a0db68b0f3dd935b1d7,2014-12-20,2486635,3356,29,Sylvain Distin,starting_lineup,Centre-Back,15,0
a4f8d5a06ba5738ff7c2c35f3bc2846a,2014-12-22,2486636,2998,512,Robert Huth,substitutes,Centre-Back,4,0
513acfa0eac28c768dafbba7f19cbc73,2014-12-22,2486636,3160,631,John Terry,starting_lineup,Centre-Back,26,1
bf41f1f22211ee7c960e72c04ccba946,2014-12-22,2486636,3306,512,Jonathan Walters,starting_lineup,Right Winger,19,0
539b03ceef9f4e715cbee2439181d396,2014-12-20,2486638,3179,379,Carlton Cole,substitutes,Centre-Forward,24,0
09d51e648e573221d14728f48d9d2464,2014-12-20,2486638,3296,1003,Paul Konchesky,starting_lineup,Left-Back,3,0
42cef5fcdc5f43454751edb42e4045a6,2014-12-26,2486639,132,11,Tomas Rosicky,starting_lineup,Central Midfield,7,0
b6f37e0211522a9c75298208890762dc,2014-12-26,2486639,3235,1039,Rio Ferdinand,starting_lineup,Centre-Back,5,1
559f941406998fb19582dc4a3637aa30,2014-12-26,2486640,3109,31,Steven Gerrard,starting_lineup,Central Midfield,8,1
44958f3063166a72b3dcc0eb922e2ecc,2014-12-26,2486640,3202,31,Kolo Touré,starting_lineup,Centre-Back,4,0
3d874a8d9bf43272377869dec6caef9c,2014-12-26,2486641,3160,631,John Terry,starting_lineup,Centre-Back,26,1
77e10ea80719f1969f7c47e6ae7d2949,2014-12-26,2486641,3179,379,Carlton Cole,substitutes,Centre-Forward,24,0
149a32e07117f7f1ffdb17c1afbafa30,2014-12-26,2486643,2998,512,Robert Huth,substitutes,Centre-Back,4,0
653c9d84396547934a1622c98862a487,2014-12-26,2486643,3291,29,Gareth Barry,starting_lineup,Defensive Midfield,18,0
1edbf146cc100b24096024152425f92b,2014-12-26,2486643,3306,512,Jonathan Walters,starting_lineup,Right Winger,19,0
9427ee59ddc6d6d8d2b092c0a92dd0ce,2014-12-26,2486643,3356,29,Sylvain Distin,substitutes,Centre-Back,15,0
1e86272c167ba8b564b57cd51b4753ee,2014-12-26,2486644,3296,1003,Paul Konchesky,starting_lineup,Left-Back,3,0
7927291ddd5a97b0197e80dbd1d1b37d,2014-12-26,2486645,3332,985,Wayne Rooney,starting_lineup,Attacking Midfield,10,1
a2f23003f3159dcb10933bd621024c47,2014-12-26,2486648,2963,281,Martín Demichelis,starting_lineup,Centre-Back,26,0
f1a614a9b2e6606334e7239d65c026cb,2014-12-26,2486648,3163,281,Frank Lampard,substitutes,Attacking Midfield,18,0
121a80a61e3e6ea179ee000d7b3dd7af,2014-12-26,2486648,3333,281,James Milner,starting_lineup,Centre-Forward,7,0
cd0b97902a44141dcf360752f72531de,2014-12-28,2486649,3146,405,Shay Given,substitutes,Goalkeeper,31,0
c029649dffa896be721dfc8c62c07c8b,2014-12-28,2486649,3405,289,Wes Brown,starting_lineup,Centre-Back,5,0
04b4a8aec609f3c57d9d330f7698d2b1,2014-12-28,2486650,3296,1003,Paul Konchesky,starting_lineup,Left-Back,3,0
07e5407dc37972cd4008701167cc2d28,2014-12-28,2486652,2963,281,Martín Demichelis,starting_lineup,Centre-Back,26,0
0058862cccfb5ade6d72e8c6bd46516a,2014-12-28,2486652,3163,281,Frank Lampard,substitutes,Central Midfield,18,0
fe4207a850ab09dda6d55615e919f652,2014-12-28,2486652,3333,281,James Milner,starting_lineup,Centre-Forward,7,0
5e98cf7919cf97b084ddad217f5e02b7,2014-12-28,2486653,3291,29,Gareth Barry,starting_lineup,Defensive Midfield,18,1
bec3d8c4ec7643db73416c61bca3e273,2014-12-28,2486653,3356,29,Sylvain Distin,starting_lineup,Centre-Back,15,0
8893a69fe6981a4f1ff15cc80e396927,2014-12-28,2486654,3235,1039,Rio Ferdinand,substitutes,Centre-Back,5,0
dfaa847eceee40e220a16a50eb0c25ae,2014-12-28,2486654,3292,1039,Joey Barton,starting_lineup,Central Midfield,8,0
c73e7dbcaed0903ebee0a1229780725f,2014-12-28,2486655,3160,631,John Terry,starting_lineup,Centre-Back,26,1
1057af53e83bed2e4079b59b2e9d7ac9,2014-12-28,2486656,2998,512,Robert Huth,substitutes,Centre-Back,4,0
158079ad380349e60ab1186862acc881,2014-12-28,2486656,3306,512,Jonathan Walters,substitutes,Right Winger,19,0
22bb17b0b06cd1d34b7c0bbc02ee2fe9,2014-12-28,2486657,3332,985,Wayne Rooney,starting_lineup,Attacking Midfield,10,1
67c364a01cefce7a50419f03c789f855,2014-12-28,2486658,1368,379,Guy Demel,substitutes,Right-Back,20,0
5ea027830b0e8ea3aa2292f3865fa6be,2014-12-28,2486658,3179,379,Carlton Cole,substitutes,Centre-Forward,24,0
5adb47d3207a432f58fac47e80eb4425,2015-01-01,2486660,3291,29,Gareth Barry,starting_lineup,Defensive Midfield,18,0
7030b4ed89ec9d81f83db11b11d0c890,2015-01-01,2486660,3356,29,Sylvain Distin,substitutes,Centre-Back,15,0
a22576e8a35a9c5f26adde549aa9045c,2015-01-01,2486661,3109,31,Steven Gerrard,starting_lineup,Central Midfield,8,1
8c96496d6b40a83274d829cabcfc910f,2015-01-01,2486661,3202,31,Kolo Touré,starting_lineup,Centre-Back,4,0
7e889aa1244155d3b4e4aeb9e1aa42ff,2015-01-01,2486662,2963,281,Martín Demichelis,starting_lineup,Centre-Back,26,0
4c7ebf090a2707f48fea31ff69dc9b9e,2015-01-01,2486662,3163,281,Frank Lampard,substitutes,Central Midfield,18,0
517ba610ea72521852defd18e7c7a9ae,2015-01-01,2486662,3333,281,James Milner,substitutes,Central Midfield,7,0
e77e1d074cd599ad4f33b39b0de5ca79,2015-01-01,2486662,3405,289,Wes Brown,starting_lineup,Centre-Back,5,0
f79658e3be1886202401e6c8ca4dda99,2015-01-01,2486664,488,2288,Gerhard Tremmel,substitutes,Goalkeeper,25,0
079e71d874eb4a3fd03eed9179cd7e4b,2015-01-01,2486664,3235,1039,Rio Ferdinand,substitutes,Centre-Back,5,0
e05fd2c7a1a7e70a592f354cc947fda4,2015-01-01,2486664,3292,1039,Joey Barton,starting_lineup,Central Midfield,8,1
a18617c4eb9b606d7db6f9c813f0014c,2015-01-01,2486665,132,11,Tomas Rosicky,starting_lineup,Left Midfield,7,0
86725fc0375fd8f846e4c262f09a5151,2015-01-01,2486666,2998,512,Robert Huth,substitutes,Centre-Back,4,0
029e85e87996a11e6251ab20768282dd,2015-01-01,2486666,3306,512,Jonathan Walters,starting_lineup,Right Winger,19,0
77b623a6dcc68acf53e4a325aaf2454f,2015-01-01,2486666,3332,985,Wayne Rooney,starting_lineup,Attacking Midfield,10,1
3eb8e6034effc40f8af9e813446a0970,2015-01-01,2486667,3160,631,John Terry,starting_lineup,Centre-Back,26,1
61834211be6a127b2fa4222effdaa0d3,2015-01-01,2486668,3179,379,Carlton Cole,substitutes,Centre-Forward,24,0
b291db55f1493977f76d1590ea518a6f,2015-01-11,2486669,132,11,Tomas Rosicky,starting_lineup,Central Midfield,7,0
d1b2ad3c1024dfd70bbe891a8fa9e4b1,2015-01-11,2486669,3306,512,Jonathan Walters,starting_lineup,Right Winger,19,0
4a0d9b759c4ed4103b11a7f77aacf27b,2015-01-10,2486670,3292,1039,Joey Barton,starting_lineup,Central Midfield,8,1
4d55578108d4d776d35d473226ac3c38,2015-01-10,2486671,3160,631,John Terry,starting_lineup,Centre-Back,26,1
45cc7db1d57a62e296878d47369c8e91,2015-01-10,2486673,2963,281,Martín Demichelis,starting_lineup,Centre-Back,26,0
845f287cc424b95d948c8958fecdfafa,2015-01-10,2486673,3163,281,Frank Lampard,substitutes,Central Midfield,18,0
9358831c3b52a8d28335cb9477a23e87,2015-01-10,2486673,3291,29,Gareth Barry,starting_lineup,Defensive Midfield,18,0
4cab7842744d4698dbfbe6140b6438c6,2015-01-10,2486674,3146,405,Shay Given,substitutes,Goalkeeper,31,0
d5fa27b0692cc8863156741fd09c85fc,2015-01-10,2486674,3296,1003,Paul Konchesky,starting_lineup,Left-Back,3,0
5eb96c2eb2c92cdf2922522278bb372b,2015-01-10,2486674,3357,1003,Mark Schwarzer,substitutes,Goalkeeper,32,0
b4b43039ab0c280eeb3e4323c691da28,2015-01-11,2486675,3332,985,Wayne Rooney,starting_lineup,Attacking Midfield,10,1
fbaf5817b23b6565572f4d85146cd2b8,2015-01-10,2486676,3109,31,Steven Gerrard,starting_lineup,Attacking Midfield,8,1
5185071021bba9bbb559951cbc4c5e98,2015-01-10,2486676,3405,289,Wes Brown,starting_lineup,Centre-Back,5,0
a1482ff89f9b8ea803a08a7d6024c0c9,2015-01-19,2486681,3291,29,Gareth Barry,starting_lineup,Defensive Midfield,18,0
d8b87b1d5a95e4f18fb507a3a8e41b22,2015-01-17,2486682,2998,512,Robert Huth,substitutes,Centre-Back,4,0
5122e128600df7b40f42b2761fdb57a6,2015-01-17,2486682,3296,1003,Paul Konchesky,starting_lineup,Left-Back,3,0
f5ff89301d491e3e8b21b30b692f7b8f,2015-01-17,2486682,3306,512,Jonathan Walters,starting_lineup,Centre-Forward,19,0
d3f3ed8fe923e6234715bb18757c6cea,2015-01-17,2486682,3357,1003,Mark Schwarzer,substitutes,Goalkeeper,32,0
45b885ceeefd519c3e9705f16ca216dc,2015-01-18,2486683,132,11,Tomas Rosicky,substitutes,Right Winger,7,0
f6994caa1ac3109d6916497214471cd9,2015-01-18,2486683,2963,281,Martín Demichelis,starting_lineup,Centre-Back,26,0
3bd2151e356406c7b1ee7111f69101ef,2015-01-18,2486683,3163,281,Frank Lampard,substitutes,Central Midfield,18,0
b650f28ce8b46643283f1e4c0b6461ca,2015-01-18,2486683,3333,281,James Milner,starting_lineup,Left Midfield,7,0
ad8868d4d90f3e2b5f05960f3fbc9f5d,2015-01-17,2486685,3235,1039,Rio Ferdinand,substitutes,Centre-Back,5,0
8cd36cb604b72f898d56361aeca0da0c,2015-01-17,2486685,3292,1039,Joey Barton,starting_lineup,Central Midfield,8,1
acba5cd753ff69dfc30b9520624f4ad3,2015-01-17,2486685,3332,985,Wayne Rooney,starting_lineup,Attacking Midfield,10,1
198a8b35d14075c87c734443914c2af6,2015-01-17,2486686,488,2288,Gerhard Tremmel,substitutes,Goalkeeper,25,0
cb8e1507cc3d7cc622e7a0b7761b0340,2015-01-17,2486686,3160,631,John Terry,starting_lineup,Centre-Back,26,1
e75061922064b8c66ce4c6965f323776,2015-01-17,2486687,3405,289,Wes Brown,starting_lineup,Centre-Back,5,0
5d03f8f585d7071d5d795451d584171d,2015-02-01,2486689,132,11,Tomas Rosicky,substitutes,Attacking Midfield,7,0
cfc1a48cb5132d721b418e3a9aa529b1,2015-02-01,2486689,3146,405,Shay Given,substitutes,Goalkeeper,31,0
35c368197a723dd4944eb9b8343a1dd2,2015-01-31,2486690,2963,281,Martín Demichelis,starting_lineup,Centre-Back,26,0
fa11814cd305dafef98664b4138da1f9,2015-01-31,2486690,3160,631,John Terry,starting_lineup,Centre-Back,26,1
fce96b2ac4c80f3dd3ec0320659dc437,2015-01-31,2486690,3163,281,Frank Lampard,substitutes,Central Midfield,18,0
f8f23800a6555e85cfe3bcbda011f506,2015-01-31,2486690,3333,281,James Milner,starting_lineup,Left Midfield,7,0
387dcdaf1dd877b06f1f3e1a3326d34c,2015-01-31,2486691,3291,29,Gareth Barry,starting_lineup,Defensive Midfield,18,0
fa82ed23ac9f260296772c6351963cd4,2015-01-31,2486691,3356,29,Sylvain Distin,substitutes,Centre-Back,15,0
049d09731bd77c01208f393ce4231872,2015-01-31,2486693,1368,379,Guy Demel,substitutes,Centre-Back,20,0
f973c9589e92ab23e42f183958d0cfd8,2015-01-31,2486693,3179,379,Carlton Cole,substitutes,Centre-Forward,24,0
e9afb4ed0d0cbfed0decbe84636b0583,2015-01-31,2486694,3273,1003,Matthew Upson,substitutes,Centre-Back,6,0
21849bcd7bbc660a1868d9b5777fd8f1,2015-01-31,2486694,3296,1003,Paul Konchesky,substitutes,Left-Back,3,0
741d6f1dfe6211004d7068511080c08a,2015-01-31,2486694,3332,985,Wayne Rooney,starting_lineup,Right Winger,10,1
b13bf22db0b09e06a409579d5d80e657,2015-01-31,2486694,3357,1003,Mark Schwarzer,starting_lineup,Goalkeeper,32,0
c512e7eece0f8e69f65a5fb353b27d12,2015-01-31,2486696,3292,1039,Joey Barton,starting_lineup,Central Midfield,8,1
b74733b9ad371ff3bf60c7f929acc0fe,2015-01-31,2486696,3306,512,Jonathan Walters,starting_lineup,Centre-Forward,19,0
8c353932275436cb2ce809545bd78a8d,2015-02-07,2486699,3146,405,Shay Given,substitutes,Goalkeeper,31,0
e8d92d8975db7c8c409b0a3ae2651b0d,2015-02-07,2486699,3160,631,John Terry,starting_lineup,Centre-Back,26,1
74bd7134be89c253181aad0261f24ee7,2015-02-07,2486701,3109,31,Steven Gerrard,starting_lineup,Attacking Midfield,8,1
dd4e725c52a81117262ed87cc6916bce,2015-02-07,2486701,3291,29,Gareth Barry,starting_lineup,Defensive Midfield,18,0
778fdb22f674454e1ed8d61ef8b87a6b,2015-02-07,2486702,3296,1003,Paul Konchesky,starting_lineup,Left-Back,3,0
6d45d443442658e1c3664805f73a7373,2015-02-07,2486702,3357,1003,Mark Schwarzer,starting_lineup,Goalkeeper,32,0
f3329a2b61157a85b9ac19f0e95fe3ac,2015-02-07,2486703,2963,281,Martín Demichelis,starting_lineup,Centre-Back,26,0
4e675b71e1dc48f65ccd9902952032b4,2015-02-07,2486703,3163,281,Frank Lampard,substitutes,Central Midfield,18,0
91c5ff75d01dcebe32dc8c9b97c08d93,2015-02-07,2486703,3333,281,James Milner,substitutes,Left Midfield,7,0
adf647db4d16e295203ddf1d9bffff3c,2015-02-08,2486704,3306,512,Jonathan Walters,starting_lineup,Centre-Forward,19,0
e5eecf6c5e0928cfc0e35a9dfe95616a,2015-02-07,2486705,3292,1039,Joey Barton,starting_lineup,Central Midfield,8,1
a69206f6dd1480e1ce33f604b34f4845,2015-02-07,2486707,132,11,Tomas Rosicky,substitutes,Attacking Midfield,7,0
1e22f7e60491d9f7fa07773977e5c9b3,2015-02-08,2486708,3179,379,Carlton Cole,substitutes,Centre-Forward,24,0
723a72d1a3f9a1f91c10f53d40140b18,2015-02-08,2486708,3332,985,Wayne Rooney,starting_lineup,Right Winger,10,1
77d453bd0eeef5c0f5e7c02a11eb537f,2015-02-10,2486709,132,11,Tomas Rosicky,starting_lineup,Central Midfield,7,0
8207b7ac0e1f36b7637cb8d5e2331c76,2015-02-10,2486709,2998,1003,Robert Huth,starting_lineup,Centre-Back,14,0
85f5018d34bb108a73ce103847107e13,2015-02-10,2486709,3273,1003,Matthew Upson,starting_lineup,Centre-Back,6,0
379765929961ec0c183149026efac14d,2015-02-10,2486709,3296,1003,Paul Konchesky,starting_lineup,Left-Back,3,0
4b89ba4269109064444fad4c4eebe54c,2015-02-10,2486709,3357,1003,Mark Schwarzer,starting_lineup,Goalkeeper,32,0
ab7b525692f6f016f9907755bddb650c,2015-02-11,2486711,3332,985,Wayne Rooney,starting_lineup,Attacking Midfield,10,1
2d730656ee1d3239f5b39ebe2ae42a5b,2015-02-11,2486712,3179,379,Carlton Cole,starting_lineup,Centre-Forward,24,0
403cce8bc25b1c78089f15afe0f694e8,2015-02-10,2486714,3109,31,Steven Gerrard,starting_lineup,Defensive Midfield,8,1
4a8ef16c0887c8513e3a0c45eb0a0c0b,2015-02-11,2486716,3160,631,John Terry,starting_lineup,Centre-Back,26,1
d7724ff5c4b7f474fc4324bbaf15fc73,2015-02-11,2486716,3291,29,Gareth Barry,starting_lineup,Defensive Midfield,18,0
d95e99bda59328f37f34ca8873659d27,2015-02-11,2486717,2963,281,Martín Demichelis,substitutes,Centre-Back,26,0
05b0009fdd53910a75ba1865f2737b61,2015-02-11,2486717,3163,281,Frank Lampard,substitutes,Attacking Midfield,18,0
3209cbdabe6b6e152083995702796024,2015-02-11,2486717,3333,281,James Milner,starting_lineup,Left Midfield,7,0
92e37ba16cafbcd721264b820429981c,2015-02-10,2486718,3235,1039,Rio Ferdinand,starting_lineup,Centre-Back,5,0
1498262777f95b48ede7f07cd708e27e,2015-02-10,2486718,3292,1039,Joey Barton,starting_lineup,Central Midfield,8,1
47ef6bc95c34c1563fa9b0e79128ce8e,2015-02-10,2486718,3405,289,Wes Brown,substitutes,Centre-Back,5,0
77b4adc39b1444c164f16f1d1b7b2485,2015-02-21,2486719,3146,405,Shay Given,substitutes,Goalkeeper,31,0
da94ee4af644ec21b67a28063131fc68,2015-02-21,2486719,3306,512,Jonathan Walters,starting_lineup,Centre-Forward,19,0
45029e62e15e562fd8b5852c0dbe1ea1,2015-02-21,2486720,3160,631,John Terry,starting_lineup,Centre-Back,26,1
10fe36fc6081ffb53a1617c1c33c689f,2015-02-21,2486721,132,11,Tomas Rosicky,substitutes,Attacking Midfield,7,0
96f9e7727b157b2be01a37c84219c461,2015-02-21,2486721,3276,873,Shola Ameobi,substitutes,Centre-Forward,23,0
612959c9c0ba9ef72efd21c69fcb8918,2015-02-22,2486722,2998,1003,Robert Huth,starting_lineup,Centre-Back,14,0
0683dabe2e5770476c7d9a954a83a846,2015-02-22,2486722,3273,1003,Matthew Upson,starting_lineup,Centre-Back,6,0
12a14ec201abf89eb120cb3afeead534,2015-02-22,2486722,3296,1003,Paul Konchesky,starting_lineup,Left-Back,3,0
c064efee1ef4b7931f465feb535d4b5f,2015-02-22,2486722,3357,1003,Mark Schwarzer,starting_lineup,Goalkeeper,32,0
7f4e5e9f34716bc228c11b051c6d871f,2015-02-21,2486723,3235,1039,Rio Ferdinand,starting_lineup,Centre-Back,5,0
0d7458a4108e8df5c05a78e71be60e0f,2015-02-21,2486723,3292,1039,Joey Barton,starting_lineup,Central Midfield,8,1
2d6c098013a91f8bedba1166b52a1a6c,2015-02-21,2486724,2963,281,Martín Demichelis,substitutes,Centre-Back,26,0
0601fe3c14216f72c227c44f0f121932,2015-02-21,2486724,3163,281,Frank Lampard,substitutes,Left Midfield,18,0
544c962400a2c4b223f13243dd43b955,2015-02-21,2486726,3405,289,Wes Brown,starting_lineup,Centre-Back,5,0
3b6bb881452bede9eb27c87ad8cd8bf8,2015-02-21,2486727,488,2288,Gerhard Tremmel,substitutes,Goalkeeper,25,0
301cc4300b1ae2813970d3a372cece4e,2015-02-21,2486727,3332,985,Wayne Rooney,starting_lineup,Centre-Forward,10,1
54ce3f88429c345dbce13c419436e8df,2015-02-22,2486728,1368,379,Guy Demel,substitutes,Right-Back,20,0
ad4820c986845162d51bbae1ca1f4796,2015-02-22,2486728,3179,379,Carlton Cole,substitutes,Centre-Forward,24,0
0726e4125b56ec0e503488c091548a39,2015-03-01,2486729,132,11,Tomas Rosicky,substitutes,Right Winger,7,0
186cc0d3e39e4458dc9a69683895a7e8,2015-03-01,2486729,3291,29,Gareth Barry,starting_lineup,Defensive Midfield,18,0
e46d7998c64adbd7c279e54bfed8a3ed,2015-04-29,2486731,2998,1003,Robert Huth,starting_lineup,Centre-Back,14,0
139f962034867abe3d5b63aa6d4a2b0b,2015-04-29,2486731,3160,631,John Terry,starting_lineup,Centre-Back,26,1
6b259373247c2bb9461d7730b07d7e88,2015-04-29,2486731,3296,1003,Paul Konchesky,starting_lineup,Left Midfield,3,0
7762494468a38c9959b4dc9c391a83e7,2015-04-29,2486731,3357,1003,Mark Schwarzer,substitutes,Goalkeeper,32,0
bc0fb596be65f35e04c99e638534cb02,2015-03-01,2486732,2963,281,Martín Demichelis,substitutes,Centre-Back,26,0
b05f5db09824b589a29ce1eeb6eaa37d,2015-03-01,2486732,3163,281,Frank Lampard,substitutes,Central Midfield,18,0
9415cb78bba3abeb23e7e4aa3a5f801c,2015-03-01,2486732,3202,31,Kolo Touré,substitutes,Centre-Back,4,0
42dd9f8e2864cc23fc922af84bb918f6,2015-03-01,2486732,3333,281,James Milner,substitutes,Central Midfield,7,0
5da3d688b6f99e38bda09e98c2a03c68,2015-02-28,2486733,3332,985,Wayne Rooney,starting_lineup,Second Striker,10,1
895fb5314328ccea439091988a31528c,2015-02-28,2486733,3405,289,Wes Brown,starting_lineup,Centre-Back,5,0
10a3633757e1f05f7d90a8b6956173a2,2015-03-07,2486735,3235,1039,Rio Ferdinand,starting_lineup,Centre-Back,5,0
3c7d7c2d5a319fb8de93f0bec399c54d,2015-02-28,2486736,3306,512,Jonathan Walters,starting_lineup,Right Winger,19,0
c4450521cec5840cb38a020ccc822899,2015-02-28,2486738,1368,379,Guy Demel,substitutes,Right-Back,20,0
c132ccce6d62f4edb374fa71e797d2e5,2015-02-28,2486738,3276,873,Shola Ameobi,substitutes,Centre-Forward,23,0
19f216c98c24dae29d4cca48ed6d7c3a,2015-03-03,2486740,3405,289,Wes Brown,starting_lineup,Centre-Back,5,0
3cd2e3f7b1233d7fb94de8e2c8138ff5,2015-03-04,2486741,132,11,Tomas Rosicky,starting_lineup,Right Winger,7,0
754d625034a0bb23dd4c2543edfd3a8e,2015-03-03,2486742,3276,873,Shola Ameobi,substitutes,Centre-Forward,23,0
a93d2828ee592a933e9d3f30558b2fed,2015-03-04,2486743,1368,379,Guy Demel,substitutes,Right-Back,20,0
86780f2108565a3dcc8169981946f784,2015-03-04,2486743,3160,631,John Terry,starting_lineup,Centre-Back,26,1
5abcb40c5d8792804f7ef32d44c00cea,2015-03-04,2486744,3202,31,Kolo Touré,substitutes,Centre-Back,4,0
d1ca269bd2a3c9fa98268e3ced7d678e,2015-03-04,2486745,2963,281,Martín Demichelis,starting_lineup,Centre-Back,26,0
7b1fccf0b0e2074692b834e62b842673,2015-03-04,2486745,2998,1003,Robert Huth,starting_lineup,Centre-Back,14,0
dfb06b5c38e07c397e6e7e9a9e3d39ed,2015-03-04,2486745,3163,281,Frank Lampard,substitutes,Central Midfield,18,0
90f8a18f524b6b6e254a22da61bb50da,2015-03-04,2486745,3273,1003,Matthew Upson,starting_lineup,Centre-Back,6,0
716a718261d3d40a24e13f78c7e9538c,2015-03-04,2486745,3296,1003,Paul Konchesky,starting_lineup,Left-Back,3,0
50b4c8134c4688ca3370e21cfd9bc581,2015-03-04,2486745,3333,281,James Milner,substitutes,Central Midfield,7,0
1634c62ad636dd319d04673f51ca539d,2015-03-04,2486745,3357,1003,Mark Schwarzer,starting_lineup,Goalkeeper,32,0
ae4294704871ed79196c5ff6f41b5c43,2015-03-04,2486746,3332,985,Wayne Rooney,starting_lineup,Centre-Forward,10,1
69089d0c1816b54a42a96971fd2eb4df,2015-03-04,2486747,3291,29,Gareth Barry,starting_lineup,Defensive Midfield,18,0
a64af6b0cdc03cab5d5b6e3f0b9902d2,2015-03-04,2486747,3306,512,Jonathan Walters,starting_lineup,Right Winger,19,0
552baf2c58189bf9be9554dd7814f8a5,2015-03-14,2486750,2963,281,Martín Demichelis,starting_lineup,Centre-Back,26,0
077c7165b84e73b13c373c7b83a22210,2015-03-14,2486750,3163,281,Frank Lampard,substitutes,Central Midfield,18,0
d99d4d679c149bed5dce33ee97d0f1a6,2015-03-15,2486751,3160,631,John Terry,starting_lineup,Centre-Back,26,1
babcfbceb15150914ac9f3668e889662,2015-03-14,2486754,2998,1003,Robert Huth,starting_lineup,Centre-Back,14,0
a97f3025d9656da47aeca33c7e58834f,2015-03-14,2486754,3273,1003,Matthew Upson,starting_lineup,Centre-Back,6,0
8237471ee7b3192089f1ebcde802f0de,2015-03-14,2486754,3357,1003,Mark Schwarzer,starting_lineup,Goalkeeper,32,0
6b899cc1a852704aec92e59fb6d5c67a,2015-03-15,2486755,3332,985,Wayne Rooney,starting_lineup,Centre-Forward,10,1
7c267b32a73eb3f9587cf1a55ca8d80e,2015-03-14,2486756,3146,405,Shay Given,substitutes,Goalkeeper,31,0
5e49dd1641c22ac4c26f4f5b3ac59a0e,2015-03-14,2486756,3405,289,Wes Brown,starting_lineup,Centre-Back,5,0
886052e4e62a6d41faa9633f91da68d0,2015-03-16,2486757,488,2288,Gerhard Tremmel,substitutes,Goalkeeper,25,0
396eb7333db0b21ed1da2059a371a25d,2015-03-16,2486757,3109,31,Steven Gerrard,substitutes,Defensive Midfield,8,0
452e2bb797e9b7e55fa69f02541f8c73,2015-03-16,2486757,3202,31,Kolo Touré,substitutes,Centre-Back,4,0
8460cf83aa251bf9ca819f35ad15b521,2015-03-14,2486758,3306,512,Jonathan Walters,starting_lineup,Right Winger,19,0
80945a4b8b9521b56827e80c6aa7c1d5,2015-03-22,2486760,3160,631,John Terry,starting_lineup,Centre-Back,26,1
c27c11950412133d25d36fd2dec0884a,2015-03-22,2486761,3109,31,Steven Gerrard,substitutes,Defensive Midfield,8,0
fe806ed4347f25c84ea0a3d3f0fbb501,2015-03-22,2486761,3202,31,Kolo Touré,substitutes,Centre-Back,4,0
476bbb3823b40ea7e8e22786e89eeab9,2015-03-22,2486761,3332,985,Wayne Rooney,starting_lineup,Centre-Forward,10,1
daf7d4d058f134981e76b1030f6c35c6,2015-03-21,2486762,2963,281,Martín Demichelis,substitutes,Centre-Back,26,0
1612d84f76ec431e3ea1135feada82e6,2015-03-21,2486762,3163,281,Frank Lampard,starting_lineup,Central Midfield,18,0
df1b19cb14ad8638b282306d5684788e,2015-03-21,2486762,3333,281,James Milner,substitutes,Central Midfield,7,0
69c22fe19e07ed4ac10e0b4196ff419f,2015-03-21,2486763,132,11,Tomas Rosicky,substitutes,Right Winger,7,0
66b32360663fedde344b156d15842b93,2015-03-22,2486764,3235,1039,Rio Ferdinand,substitutes,Centre-Back,5,0
aa2be51099fa6c0c1affc51a5b34d478,2015-03-22,2486764,3292,1039,Joey Barton,starting_lineup,Central Midfield,8,1
fe289dddd443483390d1d55e87f5d0ea,2015-03-21,2486766,3276,873,Shola Ameobi,substitutes,Centre-Forward,23,0
71defc1fe15cac569a640c37cdebc3e3,2015-03-21,2486766,3306,512,Jonathan Walters,substitutes,Right Winger,19,0
1f7264152e7c328e6906a19ad8c0dcbf,2015-03-21,2486767,2998,1003,Robert Huth,starting_lineup,Centre-Back,14,0
a4f6b9163d68c266955f3eb365314162,2015-03-21,2486767,3273,1003,Matthew Upson,starting_lineup,Centre-Back,6,0
be850cac4558542f8fa0b1362530fa5a,2015-03-21,2486767,3296,1003,Paul Konchesky,substitutes,Left-Back,3,0
d166d264052746c3178aa2a074fd595f,2015-03-21,2486767,3357,1003,Mark Schwarzer,substitutes,Goalkeeper,32,0
9bc9669f2fcd7b48bec43974fbcc6902,2015-03-21,2486768,1368,379,Guy Demel,substitutes,Right-Back,20,0
45db4fc2d650b2d9cc479fb69bba37ad,2015-03-21,2486768,3179,379,Carlton Cole,substitutes,Centre-Forward,24,0
fdf5772afae6a3ff862c9a4d01846e2b,2015-03-21,2486768,3405,289,Wes Brown,starting_lineup,Centre-Back,5,0
90784f987ec08864585194795f9a6192,2015-04-04,2486769,132,11,Tomas Rosicky,substitutes,Attacking Midfield,7,0
00b3c43d72917e4e4c85ccb478276539,2015-04-04,2486769,3202,31,Kolo Touré,starting_lineup,Centre-Back,4,0
ddd78dd107a8d860133717380f68ef6c,2015-04-04,2486771,3160,631,John Terry,starting_lineup,Centre-Back,26,1
b293c7d9c9dc177b8217d9efe5863869,2015-04-04,2486771,3306,512,Jonathan Walters,starting_lineup,Second Striker,19,0
e73e6b2c0039b81df35ddf3b4677e3ce,2015-04-06,2486772,2963,281,Martín Demichelis,starting_lineup,Centre-Back,26,0
c39a162ef32c7a237b791f64765e3639,2015-04-06,2486772,3163,281,Frank Lampard,substitutes,Attacking Midfield,18,0
ee2ea9053b08c74362ac36d1af3ec42e,2015-04-06,2486772,3276,873,Shola Ameobi,substitutes,Centre-Forward,23,0
51fc13d2ce975c05e5d00dad46d0355c,2015-04-06,2486772,3333,281,James Milner,substitutes,Central Midfield,7,0
fb71d3b474ba55dca03fc546874ec7d1,2015-04-04,2486773,3291,29,Gareth Barry,starting_lineup,Defensive Midfield,18,0
c2cab68abf1e3425a0f60cc9c84851c2,2015-04-04,2486774,1368,379,Guy Demel,substitutes,Right-Back,20,0
ed385c19b5d69adcab96dcccf1bf3623,2015-04-04,2486774,2998,1003,Robert Huth,starting_lineup,Centre-Back,14,0
a5925e6e4e5adb8ca25a94de2ab524a6,2015-04-04,2486774,3179,379,Carlton Cole,substitutes,Centre-Forward,24,0
65507a7440ca606b41445ca427dd1c04,2015-04-04,2486774,3296,1003,Paul Konchesky,substitutes,Left-Back,3,0
7a4b0027f50d719c161dc91ef4d88e21,2015-04-04,2486774,3357,1003,Mark Schwarzer,substitutes,Goalkeeper,32,0
e7d4b439e404383b811ad97a625e62d9,2015-04-04,2486775,3146,405,Shay Given,substitutes,Goalkeeper,31,0
b5fcfd96673315d8402e9e3f3ac5409d,2015-04-04,2486775,3332,985,Wayne Rooney,starting_lineup,Centre-Forward,10,1
613953107d79ab57afbebad723be262e,2015-04-04,2486778,3292,1039,Joey Barton,starting_lineup,Defensive Midfield,8,1
47075587e97dfe53664b1eb77fecfa34,2015-04-12,2486781,2963,281,Martín Demichelis,starting_lineup,Centre-Back,26,0
3ab4c73f4b294838befa29c655759907,2015-04-12,2486781,3163,281,Frank Lampard,substitutes,Attacking Midfield,18,0
b8f2e5a3a3eb6c037b23f56f6f51b8ce,2015-04-12,2486781,3332,985,Wayne Rooney,starting_lineup,Centre-Forward,10,1
9c5054d79397448be0aca553bd781605,2015-04-12,2486781,3333,281,James Milner,starting_lineup,Attacking Midfield,7,0
0369301602d960f618c7b14aa937c172,2015-04-12,2486782,3160,631,John Terry,starting_lineup,Centre-Back,26,1
aa57c54d7eda9bfc9dfa1ce4ab21544b,2015-04-12,2486782,3292,1039,Joey Barton,starting_lineup,Central Midfield,8,1
1d8fdf442881510a2177d84f2109659d,2015-04-11,2486785,488,2288,Gerhard Tremmel,substitutes,Goalkeeper,25,0
a341248f3cecdf5c9e257b8ecd723d8b,2015-04-11,2486785,3291,29,Gareth Barry,starting_lineup,Defensive Midfield,18,0
d246c30af054849dee5245be74b8546b,2015-04-11,2486787,2998,1003,Robert Huth,starting_lineup,Centre-Back,14,0
64e1bdcbe89273a4e9eb079f89cd8cc5,2015-04-11,2486787,3296,1003,Paul Konchesky,substitutes,Left-Back,3,0
ee1f8487ff7598e83ee3b0448db13374,2015-04-11,2486787,3357,1003,Mark Schwarzer,substitutes,Goalkeeper,32,0
22a9bffd6495cb5d77dee847df103f94,2015-04-11,2486788,3179,379,Carlton Cole,substitutes,Centre-Forward,24,0
2d03828e4c0bfe04af2979193df7e3c2,2015-04-11,2486788,3306,512,Jonathan Walters,starting_lineup,Centre-Forward,19,0
a58dec90dd5ae4022389bd5bcb5f3972,2015-05-20,2486789,132,11,Tomas Rosicky,substitutes,Attacking Midfield,7,0
f7c61caed14f819f9cc16cada2a313b4,2015-04-07,2486790,3146,405,Shay Given,substitutes,Goalkeeper,31,0
cc2f251cf5714590c92e22ee13c60098,2015-04-07,2486790,3292,1039,Joey Barton,starting_lineup,Central Midfield,8,1
949f0f7ebeb0e08c3dcf93cca2dd7f15,2015-04-18,2486791,3160,631,John Terry,starting_lineup,Centre-Back,26,1
4c544c8680bea3ea511df38ca6c4fad1,2015-04-18,2486791,3332,985,Wayne Rooney,starting_lineup,Attacking Midfield,10,1
d968b17f7ff9d01b138854f783c54c9a,2015-04-18,2486793,3291,29,Gareth Barry,starting_lineup,Defensive Midfield,18,0
825cc0c07c7c7713b292b027e26c566c,2015-04-18,2486795,488,2288,Gerhard Tremmel,substitutes,Goalkeeper,25,0
f5d1f0bb96042addedf2f20aef72dc42,2015-04-18,2486795,2998,1003,Robert Huth,starting_lineup,Centre-Back,14,0
3473b3d0e065d354bbdda1ca4f22fac7,2015-04-18,2486795,3296,1003,Paul Konchesky,substitutes,Left-Back,3,0
30b12272f1408e89a4a7ed30cc0adadd,2015-04-18,2486795,3357,1003,Mark Schwarzer,substitutes,Goalkeeper,32,0
d470c4992e1ae448960da4b06bf93a5b,2015-04-19,2486796,2963,281,Martín Demichelis,starting_lineup,Centre-Back,26,0
0d32feb96003408c94ecd595a47e0acd,2015-04-19,2486796,3163,281,Frank Lampard,starting_lineup,Central Midfield,18,0
75e389e835398f8311c7a7b68f38e41c,2015-04-19,2486796,3179,379,Carlton Cole,starting_lineup,Centre-Forward,24,0
94c2215825ce7cd7d4164bb44f293352,2015-04-18,2486798,3306,512,Jonathan Walters,starting_lineup,Right Winger,19,0
d27a9df11f12bf89444dead6ec0de380,2015-04-26,2486799,3160,631,John Terry,starting_lineup,Centre-Back,26,1
aae0cbf1cbdc853e047cfa21dbe53f55,2015-04-25,2486800,2998,1003,Robert Huth,starting_lineup,Centre-Back,14,0
60a6396cc6d1c9e50032043079430fa9,2015-04-25,2486800,3273,1003,Matthew Upson,substitutes,Centre-Back,6,0
5898e1c789fb76db07e490d093f1a4c5,2015-04-25,2486800,3296,1003,Paul Konchesky,starting_lineup,Left Midfield,3,0
9fdda954788944b3896a60d8c35bf134,2015-04-25,2486800,3357,1003,Mark Schwarzer,substitutes,Goalkeeper,32,0
2ea19800bf1853c35a4a7bbb7648d5ae,2015-04-26,2486802,3291,29,Gareth Barry,starting_lineup,Defensive Midfield,18,0
6ea4c88b3585840886fdece27bcd24e6,2015-04-26,2486802,3332,985,Wayne Rooney,starting_lineup,Centre-Forward,10,1
489f16c5e613d8722bf3c53682c2866d,2015-04-25,2486803,2963,281,Martín Demichelis,starting_lineup,Centre-Back,26,0
0e6595ccd8734ec221b61db9be6f4a7d,2015-04-25,2486803,3146,405,Shay Given,substitutes,Goalkeeper,31,0
75f887e7f032292c3b1523e04bcf169f,2015-04-25,2486803,3163,281,Frank Lampard,starting_lineup,Attacking Midfield,18,0
1acd8c5f60787103ff2f07f8be1b84af,2015-04-25,2486803,3333,281,James Milner,substitutes,Left Midfield,7,0
88a751fce0a49cfe146ff035ff511ceb,2015-04-25,2486805,3179,379,Carlton Cole,substitutes,Centre-Forward,24,0
0a44c43fba4d2bfe54404dac26f41a09,2015-04-25,2486805,3292,1039,Joey Barton,starting_lineup,Central Midfield,8,1
5541c3620665555e16b2da2ec7c684e8,2015-04-25,2486807,3306,512,Jonathan Walters,starting_lineup,Right Winger,19,0
bf438f1d863b4a2a3b510861562c40a0,2015-04-25,2486808,3109,31,Steven Gerrard,starting_lineup,Defensive Midfield,8,1
992e28e4f415052202090dfabb756552,2015-04-25,2486808,3202,31,Kolo Touré,substitutes,Centre-Back,4,0
adbfe3023353368383ef1b279aa8ad1a,2015-05-02,2486809,3146,405,Shay Given,starting_lineup,Goalkeeper,31,0
a1acc9fb0b0b41bff63d0f35d1f299f9,2015-05-02,2486809,3291,29,Gareth Barry,starting_lineup,Defensive Midfield,18,0
3ad568ad05653896074b314e1a45c660,2015-05-03,2486810,3160,631,John Terry,starting_lineup,Centre-Back,26,1
324ad780912089e15d61d0e4da8f6b2e,2015-05-02,2486812,2998,1003,Robert Huth,starting_lineup,Centre-Back,14,0
be87e3f9b9e3ef3c93d50b3681f3f5c4,2015-05-02,2486812,3296,1003,Paul Konchesky,substitutes,Left-Back,3,0
6acae3381b4570dbafdca8845304b866,2015-05-02,2486812,3357,1003,Mark Schwarzer,substitutes,Goalkeeper,32,0
28bcb4dc921428014abdfd0ddb2da224,2015-05-02,2486813,3109,31,Steven Gerrard,starting_lineup,Defensive Midfield,8,1
d3103df0d474a4de94dfc5dcb064ea0a,2015-05-02,2486813,3202,31,Kolo Touré,substitutes,Centre-Back,4,0
c1aec1e24877e080d0ecc19aef72119b,2015-05-02,2486813,3292,1039,Joey Barton,starting_lineup,Central Midfield,8,1
ad862f7e665b55cb09228d877f65b398,2015-05-02,2486814,3332,985,Wayne Rooney,starting_lineup,Attacking Midfield,10,1
f712c0319ba701087e468c7fbeab4b05,2015-05-02,2486816,488,2288,Gerhard Tremmel,substitutes,Goalkeeper,25,0
b47b787ee55b5631ca543d98f0649e62,2015-05-02,2486816,3306,512,Jonathan Walters,starting_lineup,Right Winger,19,0
81ee688c264ffeb72f3124fb572c729a,2015-05-03,2486817,2963,281,Martín Demichelis,starting_lineup,Centre-Back,26,0
fc92a2f42e6bb30559d0db39f1ad503d,2015-05-03,2486817,3163,281,Frank Lampard,starting_lineup,Attacking Midfield,18,0
d9e87fbf07fc732c0f98fe2b61d551b3,2015-05-03,2486817,3333,281,James Milner,starting_lineup,Right Midfield,7,0
7fa4014e6dfa5f5e6fcdeda44bf1552a,2015-05-02,2486818,3179,379,Carlton Cole,substitutes,Centre-Forward,24,0
c46c3024086d641c33b8c4c3331309b4,2015-05-09,2486820,3146,405,Shay Given,starting_lineup,Goalkeeper,31,0
da8ffe31df6df114f8157f3cca272ea7,2015-05-09,2486820,3179,379,Carlton Cole,substitutes,Centre-Forward,24,0
7c7c4f99c848b28762a37242a896cc0f,2015-05-10,2486821,3109,31,Steven Gerrard,starting_lineup,Defensive Midfield,8,1
31f0ea04fc146954d6ee6ab3c5fae20c,2015-05-10,2486821,3160,631,John Terry,starting_lineup,Centre-Back,26,1
592a259c951fe1613d64f52ed4275149,2015-05-10,2486821,3202,31,Kolo Touré,substitutes,Centre-Back,4,0
662c1c61408d53d0dc5e7d0c52a5492f,2015-05-09,2486822,3332,985,Wayne Rooney,starting_lineup,Centre-Forward,10,1
dc9f43622e7b40216df6e0551499841b,2015-05-09,2486823,3291,29,Gareth Barry,starting_lineup,Defensive Midfield,18,0
195f1050eb309efd1f9b86ef299f2ac5,2015-05-09,2486823,3405,289,Wes Brown,starting_lineup,Centre-Back,5,0
940ff661ac646bc7dde4654ca150a7c7,2015-05-09,2486825,2998,1003,Robert Huth,starting_lineup,Centre-Back,14,0
786912ce9afcb40fef1ff78215daf4dc,2015-05-09,2486825,3296,1003,Paul Konchesky,substitutes,Left-Back,3,0
257991fb050c6173c88b60f0f2f7e821,2015-05-09,2486825,3357,1003,Mark Schwarzer,substitutes,Goalkeeper,32,0
ae0334614f52547cde2d45f10572dfae,2015-05-10,2486826,2963,281,Martín Demichelis,starting_lineup,Centre-Back,26,0
b7c08844cf7c2f26d52431be42443718,2015-05-10,2486826,3163,281,Frank Lampard,starting_lineup,Attacking Midfield,18,0
a15a47f97d448c05d5b4c840efaed5d0,2015-05-10,2486826,3292,1039,Joey Barton,starting_lineup,Central Midfield,8,1
785a496ddf83a338a8874c3d36407ec6,2015-05-10,2486826,3333,281,James Milner,starting_lineup,Right Midfield,7,0
05e2489e3b0eca891fd0b752fbdf5791,2015-05-09,2486828,3306,512,Jonathan Walters,starting_lineup,Right Winger,19,0
be89f4dea349ae798e5f9fc313a0f00e,2015-05-16,2486829,3306,512,Jonathan Walters,starting_lineup,Right Winger,19,0
3739567a6cfd08e525f5056a814d1815,2015-05-16,2486830,3109,31,Steven Gerrard,starting_lineup,Defensive Midfield,8,1
4108184a089bbc91a75747a0a23dc378,2015-05-16,2486830,3202,31,Kolo Touré,substitutes,Centre-Back,4,0
9c6d80a3cc9a2481079c8c8fdad3c173,2015-05-16,2486832,3292,1039,Joey Barton,starting_lineup,Defensive Midfield,8,1
4ce4e1416dee5b85f6fa3071c3cd2c46,2015-05-16,2486833,3146,405,Shay Given,starting_lineup,Goalkeeper,31,0
7336d20a251f827729c389b2ab8e46f3,2015-05-16,2486834,2998,1003,Robert Huth,starting_lineup,Centre-Back,14,0
3e725b2705d0590ef1cf967b5e820ab6,2015-05-16,2486834,3296,1003,Paul Konchesky,substitutes,Left-Back,3,0
c9ef94b1e0f5f97144e4a8fddcb0ba18,2015-05-16,2486834,3357,1003,Mark Schwarzer,substitutes,Goalkeeper,32,0
4b17b7eb3d77c14927f9370cd942f8bf,2015-05-17,2486835,488,2288,Gerhard Tremmel,substitutes,Goalkeeper,25,0
9b31f81e7f476ecb3f168436169b7088,2015-05-17,2486835,2963,281,Martín Demichelis,starting_lineup,Centre-Back,26,0
8a8c968038f21f84a7fcbbbda435d656,2015-05-17,2486835,3163,281,Frank Lampard,starting_lineup,Attacking Midfield,18,0
240f1b586da34a9bfb9ae37695b4047b,2015-05-17,2486835,3333,281,James Milner,starting_lineup,Right Midfield,7,0
c3b1c2fb8c51642e2a19f118489e4b70,2015-05-18,2486837,3160,631,John Terry,starting_lineup,Centre-Back,26,1
e141ec21c759498b7566b62a09ac917f,2015-05-16,2486838,3179,379,Carlton Cole,starting_lineup,Centre-Forward,24,0
9872b134fe6b32a362e06eb15a970614,2015-05-16,2486838,3291,29,Gareth Barry,starting_lineup,Defensive Midfield,18,0
764ddcb91ebcdf40af5f546e225d1bb4,2015-05-24,2486841,3160,631,John Terry,starting_lineup,Centre-Back,26,0
fac7a2dcea5da708a1fd97b658d5b288,2015-05-24,2486843,3291,29,Gareth Barry,starting_lineup,Defensive Midfield,18,0
b6d73ba7521ec975f0662c6924d22d15,2015-05-24,2486843,3356,29,Sylvain Distin,substitutes,Left-Back,15,0
03adb477c053bed9ec9492786e2ca76b,2015-05-24,2486844,3332,985,Wayne Rooney,starting_lineup,Centre-Forward,10,1
f2c12f38e8a9bb025853c23ea1a4915b,2015-05-24,2486845,2998,1003,Robert Huth,starting_lineup,Centre-Back,14,0
5ba705ab8c7bea668c94a2978cd7ff4f,2015-05-24,2486845,3292,1039,Joey Barton,starting_lineup,Defensive Midfield,8,1
f8c406dca285d673628e70284b1727b8,2015-05-24,2486845,3296,1003,Paul Konchesky,substitutes,Left-Back,3,0
c0f91986df5f4c977907e577452ce8de,2015-05-24,2486845,3357,1003,Mark Schwarzer,substitutes,Goalkeeper,32,0
54901d5910000e72876baabe514c2d35,2015-05-24,2486846,2963,281,Martín Demichelis,starting_lineup,Centre-Back,26,0
f001414ce40fc421d85db027bc31f8d5,2015-05-24,2486846,3163,281,Frank Lampard,starting_lineup,Attacking Midfield,18,1
12deb0d04e2adfa08a991fcf8f93ec16,2015-05-24,2486846,3333,281,James Milner,starting_lineup,Right Midfield,7,0
7b9c751f2287c910a4bc0ebcc8f651e1,2015-05-24,2486847,3179,379,Carlton Cole,starting_lineup,Centre-Forward,24,0
e46f4a2ddc679a414888398a19e62ebe,2015-05-24,2486848,3109,31,Steven Gerrard,starting_lineup,Attacking Midfield,8,1
d59dbfe7577e8d82d269745f20bbad46,2015-05-24,2486848,3202,31,Kolo Touré,substitutes,Centre-Back,4,0
8373c7bb7ddc3b292fab9ca57cffd3cd,2015-05-24,2486848,3306,512,Jonathan Walters,starting_lineup,Right Winger,19,0
4e6b43a5dcf214fb592282dffac81de1,2014-08-22,2487344,2138,3729,Mladen Kascelan,starting_lineup,Defensive Midfield,18,0
7ed1949ce708461638cfe7ab8f0c346c,2014-10-29,2488525,3256,15,Roberto Hilbert,starting_lineup,Right-Back,13,0
3f8c98eb73514108c5dd86f6260b411a,2014-10-28,2488526,1277,86,Clemens Fritz,starting_lineup,Right Midfield,8,1
1858fee3a5923e9363fd8caf1f5d1026,2014-10-28,2488527,1095,10,Peer Kluge,starting_lineup,Central Midfield,24,0
a8e567fde86065253c076cddb5a51c04,2014-10-28,2488527,2334,44,Marcel Ndjeng,starting_lineup,Right-Back,8,0
04c203afc3cf6ad9f25959c9423b40eb,2014-10-28,2488530,1126,3,Matthias Lehmann,starting_lineup,Defensive Midfield,33,1
1663e5ce591998e74baf6183336df964,2014-10-29,2488532,1662,60,Sascha Riether,starting_lineup,Right-Back,22,1
581c5d0614dfcfc8174d7ddcae0b4c3d,2014-10-29,2488533,532,27,Claudio Pizarro,substitutes,Centre-Forward,14,0
057e2de0a470aeee1d264cc85d3bc410,2014-10-29,2488533,1726,41,Heiko Westermann,starting_lineup,Centre-Back,4,1
b638bce3a033e7decac26bd86c299559,2014-10-29,2488533,2219,27,Philipp Lahm,starting_lineup,Central Midfield,21,1
83763f6940d83bfff751c05f00692deb,2014-10-28,2488535,1586,42,Christian Schulz,starting_lineup,Left-Back,19,1
c7a0b328798ba11f03f3b6ac193119f7,2014-10-28,2488535,2950,42,Robert Almer,substitutes,Goalkeeper,39,0
b9fed7cf2b3224b79fe48fde175054af,2014-10-28,2488535,3114,42,Jan Schlaudraff,starting_lineup,Second Striker,13,0
d06f83ee1deef56833f360034bde6f0f,2014-10-29,2488537,1667,82,Diego Benaglio,starting_lineup,Goalkeeper,1,1
09743b6f73baededd967e38f914b2139,2014-10-28,2488539,26,16,Roman Weidenfeller,substitutes,Goalkeeper,1,0
b651ed1e90c3285c1b8796615ca5c9ef,2014-10-28,2488539,410,16,Sebastian Kehl,starting_lineup,Defensive Midfield,5,0
dd77515523e404d76d4952c1da781b26,2014-10-29,2488540,568,18,Martin Stranzl,starting_lineup,Centre-Back,39,1
8db2875b15e37db0e7fdc04926142613,2014-10-29,2488540,598,24,Timo Hildebrand,substitutes,Goalkeeper,26,0
e227c465cf6b54ee683ccf168246f79d,2014-10-29,2488540,2767,24,Alexander Madlung,starting_lineup,Centre-Back,17,0
36d466870feda5c0498f18bee61aa8ef,2014-08-30,2489339,2138,3729,Mladen Kascelan,starting_lineup,Defensive Midfield,18,0
15d5ca8b8069e3c1520524ba35e6aacb,2014-08-24,2489360,3201,3060,Stathis Tavlaridis,starting_lineup,Centre-Back,4,0
135a6912000e942b6fb99dd0c5f5d560,2014-08-31,2489368,3201,3060,Stathis Tavlaridis,starting_lineup,Centre-Back,4,0
8853537d0f65381151012d1681901f6f,2014-08-31,2489371,2874,265,Mladen Petric,starting_lineup,Centre-Forward,33,0
fb63d5620ada95c47688f20fb5a30064,2014-09-16,2490843,2865,506,Stephan Lichtsteiner,starting_lineup,Right Midfield,26,0
13941cfc1394d47eedaffe94221fe89f,2014-09-16,2490844,3109,31,Steven Gerrard,starting_lineup,Defensive Midfield,8,1
c072cba9bc9b81319e8b3529657f94ef,2014-09-16,2490844,3202,31,Kolo Touré,substitutes,Centre-Back,4,0
6f42856a1c9cd0a71bc22fdb5542d5c5,2014-09-16,2490846,65,162,Dimitar Berbatov,starting_lineup,Centre-Forward,9,0
9f6b5bfb24c0da93d9882b144145a6d3,2014-09-16,2490849,26,16,Roman Weidenfeller,starting_lineup,Goalkeeper,1,1
4eabf8dd127218256a2eb06d8cebaf83,2014-09-16,2490849,132,11,Tomas Rosicky,substitutes,Attacking Midfield,7,0
3315ed06cd5cf6cb818604b0242afe7e,2014-09-16,2490849,410,16,Sebastian Kehl,starting_lineup,Defensive Midfield,5,0
e566ee08c1e393c6f4babf300312dd21,2014-09-17,2490851,532,27,Claudio Pizarro,substitutes,Left Winger,14,0
694af9633b8133bb952f38fb9b1ee016,2014-09-17,2490851,2219,27,Philipp Lahm,starting_lineup,Defensive Midfield,21,1
c94ab4df4be640f7e2906fd3584f6481,2014-09-17,2490851,2963,281,Martín Demichelis,starting_lineup,Centre-Back,26,0
2dbeb436dc270d6878b3adeb658b5009,2014-09-17,2490851,3163,281,Frank Lampard,substitutes,Central Midfield,18,0
110fb8a5017c7dae484080b0b7504931,2014-09-17,2490851,3333,281,James Milner,substitutes,Left Midfield,7,0
9af5e5518d5396d8224db692b1de382d,2014-09-17,2490854,1363,33,Christian Wetklo,substitutes,Goalkeeper,28,0
2db6504bbb0fe37d44e97441b3ab84a9,2014-09-17,2490854,3160,631,John Terry,starting_lineup,Centre-Back,26,1
6b37ac4de7e93b5b1e9401535ae5f2c4,2014-09-18,2492348,568,18,Martin Stranzl,starting_lineup,Centre-Back,39,1
eae28bf4bd19197b1f211beb36e7e481,2014-09-18,2492348,1144,18,Christofer Heimeroth,substitutes,Goalkeeper,33,0
17e56645ef19d5172ed8a172b4a34767,2014-10-02,2492350,568,18,Martin Stranzl,starting_lineup,Centre-Back,39,1
67756e5261f5d2192dc67d83c049837f,2014-10-02,2492350,837,18,Thorben Marx,substitutes,Defensive Midfield,14,0
7d643fe2fddc54d4b12977d8d7eeaa4d,2014-10-23,2492353,568,18,Martin Stranzl,starting_lineup,Centre-Back,39,1
129c9c0b85fc271439d9cfd35dfa523a,2014-10-23,2492353,1144,18,Christofer Heimeroth,substitutes,Goalkeeper,33,0
08ee4dd56d8d0a121c29822f1d9c2edb,2014-11-06,2492355,568,18,Martin Stranzl,starting_lineup,Centre-Back,39,0
6dbca2f1678d7f6fb8818909ad86821c,2014-09-18,2492409,1331,121,Kevin Kuranyi,starting_lineup,Centre-Forward,22,1
7f1da020c3276f7c64b0785b54617010,2014-09-18,2492409,2874,265,Mladen Petric,substitutes,Centre-Forward,33,0
0f48513e3c7ff5f34247e5c9c5c7317e,2014-10-02,2492410,1331,121,Kevin Kuranyi,substitutes,Centre-Forward,22,0
44d2c663c92bbfb0b2aad9751abe3998,2014-10-02,2492411,2874,265,Mladen Petric,starting_lineup,Centre-Forward,33,0
1bd5021d79f1e3fd5ed2fa4c060240d1,2014-10-23,2492412,2874,265,Mladen Petric,substitutes,Centre-Forward,33,0
dae8c8b6dc077061bdf80d7be985f791,2014-10-23,2492413,1331,121,Kevin Kuranyi,substitutes,Centre-Forward,22,0
b0f538474565d9f8eb097d32fc70f23b,2014-11-06,2492414,1331,121,Kevin Kuranyi,substitutes,Centre-Forward,22,0
21f93dd3c5e6ed6c678a13649367cfe1,2014-11-06,2492415,2874,265,Mladen Petric,starting_lineup,Centre-Forward,33,0
265a90e48bcc41bcb5bc4e171267f3c9,2014-11-27,2492416,1331,121,Kevin Kuranyi,starting_lineup,Centre-Forward,22,1
05568ee99f5a00b62c219da0c314bb12,2014-11-27,2492416,2874,265,Mladen Petric,starting_lineup,Attacking Midfield,33,0
5348952f34979b72e9aec36c18b4cf32,2014-12-11,2492419,1331,121,Kevin Kuranyi,starting_lineup,Centre-Forward,22,1
06a25e30a16e66e8f92bfa025ec40db2,2014-10-02,2492423,1423,855,Lars Jacobsen,starting_lineup,Right-Back,2,0
0be8c8df25f46ffd6342af20907815ef,2014-10-23,2492425,1423,855,Lars Jacobsen,starting_lineup,Right-Back,2,0
bb604dec76a21b54aa97563d81c7f209,2014-11-27,2492428,1423,855,Lars Jacobsen,starting_lineup,Left-Back,2,0
39bf75109eeff5010c2f39941447ef5e,2014-12-11,2492430,1423,855,Lars Jacobsen,starting_lineup,Right-Back,2,0
9fff1e6ebc2d6e7619d42f55b0e7d2fe,2014-09-18,2492432,3321,234,Luke Wilkshire,starting_lineup,Right-Back,2,0
370aaf78a4010136822bb35845e05453,2014-10-02,2492435,3321,234,Luke Wilkshire,starting_lineup,Right-Back,2,0
f15fb8564bc0201b3724a1b116853b36,2014-10-23,2492437,3321,234,Luke Wilkshire,starting_lineup,Right-Back,2,0
056b6591bbf5cb1efcef08f799afa885,2014-11-06,2492439,3321,234,Luke Wilkshire,starting_lineup,Right-Back,2,0
9796a906993c8b46c6e4441b8d5c755b,2014-12-11,2492442,3321,234,Luke Wilkshire,substitutes,Right-Back,2,0
858244613040d0accd4593b88f81aac3,2014-09-18,2492444,1667,82,Diego Benaglio,starting_lineup,Goalkeeper,1,0
1d4667b153f564c90458e2936779ff77,2014-09-18,2492444,3291,29,Gareth Barry,starting_lineup,Defensive Midfield,18,0
1c4eb439678f1a755652a3db32adc58e,2014-10-02,2492446,3291,29,Gareth Barry,starting_lineup,Defensive Midfield,18,0
4c7f74f2de23701ece9856c4f9b65697,2014-10-02,2492447,1667,82,Diego Benaglio,starting_lineup,Goalkeeper,1,1
62b6c6272021fd6b6ee95485a8c31148,2014-10-23,2492448,1667,82,Diego Benaglio,starting_lineup,Goalkeeper,1,1
27dc63b998a1838b978085138b16709a,2014-10-23,2492449,3291,29,Gareth Barry,starting_lineup,Defensive Midfield,18,0
dc2438335a1b3fa4f8a98ac54d1f2bac,2014-10-23,2492449,3356,29,Sylvain Distin,starting_lineup,Centre-Back,15,0
5ee1c6d6c70fda272ac4b38dc06c103e,2014-11-06,2492450,3291,29,Gareth Barry,starting_lineup,Defensive Midfield,18,0
e5e87ec334d9333141cb8ef1e534df6c,2014-11-06,2492450,3356,29,Sylvain Distin,starting_lineup,Centre-Back,15,0
fb0ba6975d85eb53a3307e75b0fc1b02,2014-11-06,2492451,1667,82,Diego Benaglio,starting_lineup,Goalkeeper,1,1
61edb06e2eeec4c7f9a5e19ab497a16f,2014-11-27,2492453,1667,82,Diego Benaglio,starting_lineup,Goalkeeper,1,1
97f0b0be8948f56a5012f4e1577f1b21,2014-11-27,2492453,3356,29,Sylvain Distin,starting_lineup,Centre-Back,15,0
d5187bf9eb9ce717db3ebd71444d400d,2014-12-11,2492454,1667,82,Diego Benaglio,starting_lineup,Goalkeeper,1,1
a8c9dcf50fc9026bfa3899c9def0f6a3,2014-12-11,2492455,3291,29,Gareth Barry,starting_lineup,Centre-Back,18,0
f917db4671e5a16601ec34e90037d115,2014-09-25,2493706,1331,121,Kevin Kuranyi,substitutes,Centre-Forward,22,0
faf361dbfe7d50782ee258681d00cce1,2014-09-24,2493709,2138,3729,Mladen Kascelan,starting_lineup,Defensive Midfield,18,0
87f54bdb5e9a9c76e78e16e0820ac382,2014-09-13,2493786,1331,121,Kevin Kuranyi,starting_lineup,Centre-Forward,22,0
cce15d739814554c6e42e9e2b22aff1f,2014-09-13,2493787,2138,3729,Mladen Kascelan,starting_lineup,Central Midfield,18,0
91ab3da7a7183734ab0178d744935241,2014-09-14,2494326,3201,3060,Stathis Tavlaridis,starting_lineup,Centre-Back,4,0
f21b89a2c5ad463e58da7a63e157c72e,2014-09-14,2494329,2874,265,Mladen Petric,starting_lineup,Centre-Forward,33,0
5f89c807bbbced3c5bed5245e9255e2e,2014-09-20,2494335,3201,3060,Stathis Tavlaridis,starting_lineup,Centre-Back,4,0
2b8494ab283838b021c7d35a78f4a50b,2014-09-21,2494337,2874,265,Mladen Petric,starting_lineup,Centre-Forward,33,0
d3cb060e0ab4a84188649e942581cd60,2014-09-27,2494341,3201,3060,Stathis Tavlaridis,starting_lineup,Centre-Back,4,0
b3cc9dc13663f96cfc978e472a1bfb4c,2014-09-28,2494346,2874,265,Mladen Petric,substitutes,Centre-Forward,33,0
6f8fae0c2795ebc57c98f2b7d3555828,2014-12-04,2494351,2874,265,Mladen Petric,starting_lineup,Centre-Forward,33,0
85bb6ac1f1f3468598350426fb576de0,2014-10-19,2494361,2874,265,Mladen Petric,substitutes,Centre-Forward,33,0
65c015624f7dfefdd4e9be1f2e42c215,2014-10-19,2494366,3201,3060,Stathis Tavlaridis,starting_lineup,Centre-Back,4,0
dbd0fc19fd75a60ea0f73171e95e7dca,2014-10-26,2494373,2874,265,Mladen Petric,substitutes,Centre-Forward,33,0
892dba9da2b3ab6a4c6317d07e7de326,2014-11-02,2494382,2874,265,Mladen Petric,starting_lineup,Centre-Forward,33,0
c7dcf858b5235d6ac1416fdbcda16307,2014-11-02,2494382,3201,3060,Stathis Tavlaridis,starting_lineup,Centre-Back,4,0
aee926730b6480664b49a8d3dd6a05bd,2014-11-10,2494388,3201,3060,Stathis Tavlaridis,starting_lineup,Centre-Back,4,0
693d2cb49a1eb2eaec8a82df2445890d,2014-11-09,2494392,2874,265,Mladen Petric,substitutes,Centre-Forward,33,0
08b949d28dd243633aa2438f75755390,2015-01-11,2494400,2874,265,Mladen Petric,starting_lineup,Centre-Forward,33,0
699082bd88e2082a5bf81d2d11c913f8,2015-01-11,2494400,3201,265,Stathis Tavlaridis,starting_lineup,Centre-Back,20,0
50cb4eea7c9c027523cab7c49fb9b307,2014-11-30,2494410,2874,265,Mladen Petric,substitutes,Centre-Forward,33,0
ba3f32081fc2bd6e2458188fdc71b762,2014-12-07,2494415,2874,265,Mladen Petric,starting_lineup,Second Striker,33,0
8c3b5c632c84ada3960e6e3566c6693f,2014-12-14,2494427,2874,265,Mladen Petric,starting_lineup,Second Striker,33,0
173e722a89caa9c393bbcb9f33529db2,2014-12-18,2494431,2874,265,Mladen Petric,starting_lineup,Centre-Forward,33,0
6d7ba51afec6c3ca5154c3678953a7d1,2014-12-17,2494433,3201,3060,Stathis Tavlaridis,starting_lineup,Centre-Back,4,0
070ebd9125f1e0711ef9d0cf44264dc2,2014-12-22,2494445,2874,265,Mladen Petric,starting_lineup,Centre-Forward,33,0
c484199d314f250937cc0f08bf3cdc62,2014-12-21,2494447,3201,3060,Stathis Tavlaridis,starting_lineup,Centre-Back,4,0
f6d3413ceb21b7dd728d793d4ffabf50,2015-01-04,2494457,3201,265,Stathis Tavlaridis,starting_lineup,Centre-Back,20,0
294684cd42d77a061c798d9f0a475a50,2015-01-14,2494463,2874,265,Mladen Petric,starting_lineup,Left Winger,33,0
38d7e755404307ea34b266012bf3f02f,2015-01-14,2494463,3201,265,Stathis Tavlaridis,starting_lineup,Centre-Back,20,0
d0a07c6ca4004f9fcbb1ab14bafa6fbd,2015-01-17,2494481,2874,265,Mladen Petric,starting_lineup,Centre-Forward,33,0
69c924867b51c48bdb597a17fc837028,2015-01-17,2494481,3201,265,Stathis Tavlaridis,starting_lineup,Centre-Back,20,0
b1e7e019c683fc4b47dee3ef77d4864a,2015-01-24,2494488,2874,265,Mladen Petric,starting_lineup,Left Midfield,33,0
ea55920e9e7f8a2e9cfc2ac6802d6b59,2015-01-24,2494488,3201,265,Stathis Tavlaridis,starting_lineup,Centre-Back,20,0
23f67f0c38be7d3046b1607f0373d7e3,2015-02-01,2494498,2874,265,Mladen Petric,starting_lineup,Left Midfield,33,0
c273a98893b9522d2f7f48eefbaa593b,2015-02-01,2494498,3201,265,Stathis Tavlaridis,starting_lineup,Centre-Back,20,0
0bade4eddc2aab796d2e60bad2b41fdb,2014-09-30,2495294,532,27,Claudio Pizarro,substitutes,Centre-Forward,14,0
abdcf50c73f3ff1587acf7058b9ce8b3,2014-09-30,2495294,2219,27,Philipp Lahm,starting_lineup,Right Midfield,21,1
631dcbab7db5e3f6d9b78638b4649aec,2014-09-30,2495295,2963,281,Martín Demichelis,starting_lineup,Centre-Back,26,0
e5bf7f69cf0223c55cf48f5894f4e1c4,2014-09-30,2495295,3163,281,Frank Lampard,substitutes,Attacking Midfield,18,0
91d41ca07f9a7058fc22d47d7e6e3ea9,2014-09-30,2495295,3182,12,Ashley Cole,starting_lineup,Left-Back,3,0
f9783d18fa9243e815ba4b80aff71c78,2014-09-30,2495295,3333,281,James Milner,substitutes,Right Midfield,7,0
ffc91e222d3180de4bb6cb609fe306a6,2014-09-30,2495298,3160,631,John Terry,starting_lineup,Centre-Back,26,1
75dc6335092b68bb8cf4c9abb424a8be,2014-10-01,2495302,65,162,Dimitar Berbatov,starting_lineup,Centre-Forward,9,0
183b32d0c4b039aa85260e6ebf659fcc,2014-10-01,2495303,2865,506,Stephan Lichtsteiner,starting_lineup,Right Midfield,26,0
70dc337c8a64a158b1e6cfd24c9e1627,2014-10-01,2495306,3109,31,Steven Gerrard,starting_lineup,Defensive Midfield,8,1
36e5fedf385acdbc4e0057fb1f63c0f3,2014-10-01,2495306,3202,31,Kolo Touré,substitutes,Centre-Back,4,0
78f15850a5a3cd0dc0840baa7861e020,2014-10-01,2495307,3256,15,Roberto Hilbert,starting_lineup,Right-Back,13,0
cf8a1c66af79ba1d011e1f1904e1cc16,2014-10-01,2495308,26,16,Roman Weidenfeller,starting_lineup,Goalkeeper,1,1
54b109bb494d76ebed428e43c5356c61,2014-10-01,2495308,410,16,Sebastian Kehl,starting_lineup,Defensive Midfield,5,0
28ecad27373023019590181306bf9450,2014-10-01,2495309,132,11,Tomas Rosicky,substitutes,Attacking Midfield,7,0
b9d202b996dd0a9cb00f3a0b0b9ae3f3,2014-10-01,2495309,1792,141,Hamit Altıntop,substitutes,Right Midfield,4,0
09b1068bc3212afac915142865fb7d31,2014-10-21,2495310,2963,281,Martín Demichelis,substitutes,Centre-Back,26,0
cfe6b77d55893a5c2f8fa45bf0682754,2014-10-21,2495310,3333,281,James Milner,starting_lineup,Right Midfield,7,0
7e780b2b28ac2cdf05f777a26ba6e002,2014-10-21,2495311,532,27,Claudio Pizarro,substitutes,Centre-Forward,14,0
bb884d1ec5a5f1be0d41ca9af85667ae,2014-10-21,2495311,2219,27,Philipp Lahm,starting_lineup,Defensive Midfield,21,1
18f9dfa1d83f0726f29bb4309a3051ce,2014-10-21,2495311,3182,12,Ashley Cole,starting_lineup,Left-Back,3,0
e0954339be295a81e34fd3efd63dd982,2014-10-21,2495315,3160,631,John Terry,starting_lineup,Centre-Back,26,1
375335a6b62fdd5a95c4546f11340950,2014-10-22,2495318,2865,506,Stephan Lichtsteiner,starting_lineup,Right Midfield,26,0
8365a789571d32e8b93f215b98fdaf07,2014-10-22,2495320,3109,31,Steven Gerrard,starting_lineup,Defensive Midfield,8,1
9b35cb6fe4ee5e5f5397f954bc68c013,2014-10-22,2495320,3202,31,Kolo Touré,substitutes,Centre-Back,4,0
397457a18be0c51ab1c5bc44b27156d7,2014-10-22,2495322,65,162,Dimitar Berbatov,starting_lineup,Centre-Forward,9,0
0a0e15fb4c051ae04c31d7d7d78c92f0,2014-10-22,2495325,26,16,Roman Weidenfeller,starting_lineup,Goalkeeper,1,0
9147ee80152ecd16b6594e8fd327b847,2014-10-22,2495325,410,16,Sebastian Kehl,starting_lineup,Defensive Midfield,5,0
ea6f77e5bc010f4f1e730966aa3e036b,2014-10-22,2495325,1792,141,Hamit Altıntop,starting_lineup,Right Midfield,4,0
5717868e47452ccdadaf91eee70c5dda,2014-11-04,2495328,2865,506,Stephan Lichtsteiner,starting_lineup,Right-Back,26,0
4da86a733e1dae6ffd34bd428ae461d9,2014-11-04,2495329,3109,31,Steven Gerrard,substitutes,Defensive Midfield,8,0
2a783db6b7f3ee7d6075ac6b87295acf,2014-11-04,2495329,3202,31,Kolo Touré,starting_lineup,Centre-Back,4,0
fad1c2d86cfcfb33997c243074618051,2014-11-04,2495332,26,16,Roman Weidenfeller,starting_lineup,Goalkeeper,1,1
11451f7c4b93273ac3535d05f6f30353,2014-11-04,2495332,410,16,Sebastian Kehl,starting_lineup,Defensive Midfield,5,0
ac8b66bc1f5af80a8ed922f57b07262e,2014-11-04,2495332,1792,141,Hamit Altıntop,starting_lineup,Right Midfield,4,0
90488e1da12ee69933e207787a8f19be,2014-11-04,2495333,132,11,Tomas Rosicky,substitutes,Attacking Midfield,7,0
480d44a81d72c297c63e408d094db943,2014-11-05,2495334,2963,281,Martín Demichelis,starting_lineup,Centre-Back,26,0
1a4b3619b82544c205906a229600e40a,2014-11-05,2495334,3333,281,James Milner,starting_lineup,Left Midfield,7,0
bf5c5d9a5ebcfa4d84483f9aa503619c,2014-11-05,2495335,2219,27,Philipp Lahm,starting_lineup,Central Midfield,21,1
5ae704fdc81047691c0519e0fcbfb5d9,2014-11-05,2495335,3182,12,Ashley Cole,substitutes,Left-Back,3,0
2102a635b3271dcea196489d523ad824,2014-11-05,2495338,3160,631,John Terry,starting_lineup,Centre-Back,26,1
e0feec1b952be431840e62f585be1e0a,2014-11-25,2495344,2514,27,Bastian Schweinsteiger,substitutes,Central Midfield,31,0
6a5c5bfdf25b5f7b346e18fecde97784,2014-11-25,2495344,2963,281,Martín Demichelis,substitutes,Centre-Back,26,0
35af4db955e7f420d046685c69911420,2014-11-25,2495344,3163,281,Frank Lampard,starting_lineup,Attacking Midfield,18,0
ae94cb64c89791917ef49dc93e04bf05,2014-11-25,2495344,3333,281,James Milner,starting_lineup,Central Midfield,7,0
3df312f96bf6132480c784fac70d4f66,2014-11-25,2495347,1363,33,Christian Wetklo,substitutes,Goalkeeper,28,0
1736f540e71d948590061f266df3ac05,2014-11-25,2495347,3160,631,John Terry,starting_lineup,Centre-Back,26,1
72ecd5442e2ff32e45487df110c5dcf2,2014-11-26,2495351,2865,506,Stephan Lichtsteiner,starting_lineup,Right-Back,26,0
0863a1f5e4c24addff0cd0abecec2692,2014-11-26,2495354,3109,31,Steven Gerrard,starting_lineup,Defensive Midfield,8,1
b1eac2a610e1f9ebea05158043cb630f,2014-11-26,2495354,3202,31,Kolo Touré,starting_lineup,Centre-Back,4,0
d81e7097108c2581ec52a8e607b60f5b,2014-11-26,2495355,65,162,Dimitar Berbatov,starting_lineup,Centre-Forward,10,0
1357eb3b4af5d4883c68b009c69cbbda,2014-11-26,2495355,691,15,Simon Rolfes,substitutes,Defensive Midfield,6,0
f6e409a07940442be3d23efb3981bd04,2014-11-26,2495355,3256,15,Roberto Hilbert,substitutes,Right-Back,13,0
ea6148dac44edbdc2c1e355ad3949508,2014-11-26,2495356,26,16,Roman Weidenfeller,starting_lineup,Goalkeeper,1,1
ce9447023b04794ea3c00eef28a0efd0,2014-11-26,2495356,132,11,Tomas Rosicky,substitutes,Attacking Midfield,7,0
850aba04792939bdc483859d2bf30b1d,2014-11-26,2495356,410,16,Sebastian Kehl,substitutes,Defensive Midfield,5,0
837d567c6a49428b44320a8cd7ce8d66,2014-11-26,2495357,1792,141,Hamit Altıntop,starting_lineup,Right Midfield,4,0
29818646dc166749f2b1c8520c0186c9,2014-12-09,2495358,2865,506,Stephan Lichtsteiner,starting_lineup,Right-Back,26,0
d8654c895a362978eeff6138cc284680,2014-12-09,2495360,3109,31,Steven Gerrard,starting_lineup,Defensive Midfield,8,1
f8e7d52149bcd791894bae6457c12799,2014-12-09,2495362,65,162,Dimitar Berbatov,starting_lineup,Centre-Forward,9,0
8e3ae3d2647094fff23878c7cfc17622,2014-12-09,2495363,691,15,Simon Rolfes,starting_lineup,Defensive Midfield,6,1
e7b511c2aedcdf8b174b548b655be8d2,2014-12-09,2495363,3256,15,Roberto Hilbert,starting_lineup,Right-Back,13,0
22992f2cab787b7a6ec1d0583728c1b8,2014-12-09,2495364,1792,141,Hamit Altıntop,substitutes,Right-Back,4,0
1373722af3eaece54cc20dc444e6ef94,2014-12-09,2495365,26,16,Roman Weidenfeller,substitutes,Goalkeeper,1,0
2572af075eda6c317012ffe5387ec981,2014-12-09,2495365,2150,16,Oliver Kirch,substitutes,Defensive Midfield,21,0
7b91f32ba59e90e6f6b6eb1d7541f218,2014-12-10,2495366,2963,281,Martín Demichelis,starting_lineup,Centre-Back,26,0
fdd96eccebd17321a1f409815a73dfd4,2014-12-10,2495366,3163,281,Frank Lampard,substitutes,Central Midfield,18,0
c1e71b2bdddde2448ea007364b60eefd,2014-12-10,2495366,3333,281,James Milner,starting_lineup,Left Midfield,7,0
0c5aff36922f3834e4420f4d00a634fd,2014-12-10,2495367,2514,27,Bastian Schweinsteiger,starting_lineup,Defensive Midfield,31,1
72b6642d298ebacec2f6e34fc3f18a30,2014-10-19,2495680,1443,190,Christian Poulsen,substitutes,Defensive Midfield,29,0
4b2ede4994c48e26d0b05af9acf44833,2014-10-26,2495685,1443,190,Christian Poulsen,substitutes,Defensive Midfield,29,0
de08e0b835bdb5a1fca1634d04cf8f97,2014-11-02,2495691,1443,190,Christian Poulsen,substitutes,Defensive Midfield,29,0
f799155708b73d36391940c8cbaf25b1,2014-11-09,2495699,1443,190,Christian Poulsen,starting_lineup,Defensive Midfield,29,0
a2b94d7282ed4b38d5e1b6c78070c165,2014-12-07,2495716,1443,190,Christian Poulsen,substitutes,Defensive Midfield,29,0
a40719d7c082908e643c3679a26cc5dc,2014-09-24,2496933,3321,234,Luke Wilkshire,starting_lineup,Right-Back,2,0
9256c3d665b079d38bc5437cf2863ada,2014-09-22,2498470,1331,121,Kevin Kuranyi,starting_lineup,Centre-Forward,22,0
d6c3970a2897e97734ae9b81a07ed1b3,2014-09-28,2500262,1331,121,Kevin Kuranyi,starting_lineup,Centre-Forward,22,0
395b03393ea75684363d9c5560953555,2014-09-28,2500264,2138,3729,Mladen Kascelan,substitutes,Defensive Midfield,18,0
9e7b8992ab6ef3246b038cf956379ded,2014-10-28,2500754,3170,1304,Simon Cziommer,starting_lineup,Central Midfield,21,0
c31f016b14238c11bd8f6033d8f388ca,2014-10-19,2500984,2138,3729,Mladen Kascelan,starting_lineup,Defensive Midfield,18,0
2dcdabe7431955065985497be4dc333b,2014-10-30,2501154,1443,190,Christian Poulsen,starting_lineup,Defensive Midfield,29,0
f1af3c36d2594d0885624a8e574f63e0,2014-09-24,2501210,2874,265,Mladen Petric,starting_lineup,Centre-Forward,33,0
ce56e20ac7f33fef265a1c62cba71179,2014-08-02,2502472,1423,855,Lars Jacobsen,starting_lineup,Right-Back,2,0
7f505e8bb5f17eb71c9c5d08cd204e9b,2014-12-18,2505193,215,1084,Roque Santa Cruz,starting_lineup,Centre-Forward,9,0
5c43cf8c5f0249d6b61d64bf6b4deac8,2014-10-24,2506729,2138,3729,Mladen Kascelan,starting_lineup,Defensive Midfield,18,0
b646b6383bd6f76599aa7501ae60aa6b,2014-10-27,2506736,1331,121,Kevin Kuranyi,starting_lineup,Centre-Forward,22,0
8584d7d66083c3eafbce5b660bda7cfa,2014-10-29,2507221,2138,3729,Mladen Kascelan,starting_lineup,Defensive Midfield,18,0
10e9a2eaa4a574d23b0f833cd0273407,2014-10-29,2507241,3201,3060,Stathis Tavlaridis,starting_lineup,Centre-Back,4,0
69da86239c5d5e54f065c24eb06e0c12,2014-10-30,2507247,2874,265,Mladen Petric,starting_lineup,Centre-Forward,33,0
6208ff7ab33fbffd7d0b41314a25349a,2015-03-03,2507893,691,15,Simon Rolfes,starting_lineup,Defensive Midfield,6,1
2e42c7cdd01fc4137dfa524bd31e17e5,2015-03-03,2507893,3256,15,Roberto Hilbert,substitutes,Right-Back,13,0
c07416119296239d3f34d34ff2330fdd,2015-03-04,2507894,568,18,Martin Stranzl,starting_lineup,Centre-Back,39,1
6ee6d5f58de56de262f9d0457f692242,2015-03-04,2507895,532,27,Claudio Pizarro,substitutes,Centre-Forward,14,0
6012af87adf128351047d10217b8a856,2015-03-04,2507895,2386,23,Marjan Petkovic,substitutes,Goalkeeper,1,0
a6475728dba430c90780a30c5aa7955e,2015-03-04,2507895,2514,27,Bastian Schweinsteiger,starting_lineup,Central Midfield,31,1
dff95f8690318fbb042fc42c7fe5ec23,2015-03-04,2507897,1667,82,Diego Benaglio,starting_lineup,Goalkeeper,1,1
f2928d102a5b2c5c963e95d4b4df1e41,2015-03-04,2507898,1277,86,Clemens Fritz,starting_lineup,Right Midfield,8,1
f5af859cd18ce12e90a621dd7b13c846,2015-03-03,2507899,26,16,Roman Weidenfeller,substitutes,Goalkeeper,1,0
20210d0de0753c4ed9570d56cb4a0dbd,2015-03-03,2507899,410,16,Sebastian Kehl,starting_lineup,Defensive Midfield,5,0
a2ef9e91e24a9c09917b9fdf7d525b44,2015-03-03,2507899,2150,16,Oliver Kirch,starting_lineup,Right-Back,21,0
1a74d5aa09a19b093f81f41b2af074e5,2015-03-03,2507900,1126,3,Matthias Lehmann,starting_lineup,Defensive Midfield,33,0
1e75e188740eebabbedf618003a49680,2015-03-03,2507900,1662,60,Sascha Riether,substitutes,Defensive Midfield,22,0
e115aa4dd2f55ac0230bff6201bba703,2014-11-02,2508361,1331,121,Kevin Kuranyi,substitutes,Centre-Forward,22,0
8c9e20ea73532775bada9c0b81708409,2014-11-03,2508364,2138,3729,Mladen Kascelan,starting_lineup,Defensive Midfield,18,0
445ef8bfe499b23dab479c8f84275c3a,2014-12-04,2508406,1443,5777,Christian Poulsen,starting_lineup,Defensive Midfield,29,0
549c8f56f1f0db3bf26fa4b20ab4c9f0,2014-11-09,2509349,1331,121,Kevin Kuranyi,substitutes,Centre-Forward,22,0
ee8b6b2d878476121d8c488a35a2af01,2014-11-09,2509352,2138,3729,Mladen Kascelan,starting_lineup,Defensive Midfield,18,0
802580c43eb86c81574411b254927b30,2014-11-23,2512795,1331,121,Kevin Kuranyi,starting_lineup,Centre-Forward,22,0
e4bfe6ea9db4f5777616df396323ad18,2014-11-23,2512796,2138,3729,Mladen Kascelan,starting_lineup,Defensive Midfield,18,0
f370cadd8ef160975f645a442fb3f89a,2014-11-29,2514352,2138,3729,Mladen Kascelan,starting_lineup,Defensive Midfield,18,0
e6faf5428dce821ae8c19f965328ac43,2014-12-04,2514863,1331,121,Kevin Kuranyi,starting_lineup,Centre-Forward,22,1
4dcdb12872816752d9ce0bebb0825371,2015-03-05,2515952,1443,190,Christian Poulsen,starting_lineup,Defensive Midfield,29,0
891bea937399fa6d780aae095252d2b6,2015-01-14,2515981,10,398,Miroslav Klose,starting_lineup,Centre-Forward,11,0
e255b74fecdeb5b9733b3635c9aec17c,2015-01-20,2515984,3182,12,Ashley Cole,starting_lineup,Left-Back,3,0
0798db73d0e8eb5af87ebc6c6e8a145b,2015-01-15,2515986,2865,506,Stephan Lichtsteiner,starting_lineup,Right-Back,26,0
e93565546daf86dc25f67741ed52286d,2015-01-15,2515986,2904,276,Rafa Márquez,starting_lineup,Centre-Back,4,1
119501c6398d105491ba8e5a9911601d,2014-12-07,2515999,1331,121,Kevin Kuranyi,starting_lineup,Centre-Forward,22,1
ae371a053172ff9d9f3255307d407376,2014-12-08,2516002,2138,3729,Mladen Kascelan,starting_lineup,Defensive Midfield,18,0
06eca0d579f453176c47d13ced96b9f6,2015-01-04,2517320,132,11,Tomas Rosicky,starting_lineup,Central Midfield,7,0
05ff00f8a3b1434427e84892aa022eee,2015-01-04,2517322,2998,512,Robert Huth,starting_lineup,Centre-Back,4,0
9d8297e024c8c261e9b5f50e953a4c09,2015-01-04,2517322,3306,512,Jonathan Walters,substitutes,Centre-Forward,19,0
fc68f7a834ba5efb15815f49aabf2f74,2015-01-05,2517325,3109,31,Steven Gerrard,starting_lineup,Attacking Midfield,8,1
cb4afc45bf862fdd9da66fa49b5dab9e,2015-01-05,2517325,3202,31,Kolo Touré,substitutes,Centre-Back,4,0
c6292872463c1bc064a8a2c07ba60cb3,2015-01-04,2517326,2963,281,Martín Demichelis,substitutes,Centre-Back,26,0
b0493980eb4d6b2918c3b5e35692091c,2015-01-04,2517326,3163,281,Frank Lampard,starting_lineup,Attacking Midfield,18,0
9df878fa1cc8ffcae91d456dc66bc390,2015-01-04,2517326,3333,281,James Milner,starting_lineup,Left Midfield,7,0
c1061bb588a53f1791c536d032fa43c1,2015-01-03,2517338,3296,1003,Paul Konchesky,starting_lineup,Left-Back,3,0
774a1318b40f66ecc890e895db0a867b,2015-01-06,2517339,1368,379,Guy Demel,substitutes,Right-Back,20,0
83aed919e5d32c5b680626806224603a,2015-01-06,2517339,3179,379,Carlton Cole,substitutes,Centre-Forward,24,0
d5249493a6ea0631c5e20c59daba325e,2015-01-06,2517339,3291,29,Gareth Barry,starting_lineup,Defensive Midfield,18,0
9cecbbf1071cd8765f8d2c3243ee9236,2015-01-06,2517339,3356,29,Sylvain Distin,starting_lineup,Centre-Back,15,0
a7078ff9cc863c20454050ecd2a533e2,2015-01-04,2517348,3235,1039,Rio Ferdinand,starting_lineup,Centre-Back,5,1
28a28558e37755fcce9916eb18473d7b,2015-02-17,2517512,3160,631,John Terry,starting_lineup,Centre-Back,26,1
62c7d506fbec26a6df336959aba3d832,2015-02-24,2517513,2963,281,Martín Demichelis,starting_lineup,Centre-Back,26,0
3b8cc4deb73e9f8f9f999310ff612e50,2015-02-24,2517513,3163,281,Frank Lampard,substitutes,Central Midfield,18,0
0ab93b00a4e41caa660c84c33bedee02,2015-02-24,2517513,3333,281,James Milner,starting_lineup,Central Midfield,7,0
8c4d747a3d42ca43f2a923d01dfdd125,2015-02-25,2517514,691,15,Simon Rolfes,substitutes,Defensive Midfield,6,0
de3088aa024f5e939b8255b052fa3741,2015-02-25,2517514,3256,15,Roberto Hilbert,starting_lineup,Right-Back,13,0
3842cad999316d2d754f779cc335ad0e,2015-02-24,2517515,26,16,Roman Weidenfeller,starting_lineup,Goalkeeper,1,0
45808c1bb501dab93955d9b9d97325bd,2015-02-24,2517515,410,16,Sebastian Kehl,substitutes,Defensive Midfield,5,0
dcb0362d6f02c0d21822cd06b219317e,2015-02-24,2517515,2150,16,Oliver Kirch,substitutes,Defensive Midfield,21,0
d5a781acb555336c3fc85be018dcdd61,2015-02-24,2517515,2865,506,Stephan Lichtsteiner,starting_lineup,Right-Back,26,0
26d1c57cf8b81a9cc3ff6497f9cd0963,2015-02-17,2517517,80,27,Tom Starke,substitutes,Goalkeeper,22,0
bf492b31776102d87dcfa56c8faff2f8,2015-02-17,2517517,2514,27,Bastian Schweinsteiger,starting_lineup,Central Midfield,31,1
059682bba679c95ef895885db3153d40,2015-02-25,2517518,65,162,Dimitar Berbatov,starting_lineup,Centre-Forward,9,0
fc2b08372a26cc0834ced3913878d931,2015-02-25,2517518,132,11,Tomas Rosicky,substitutes,Central Midfield,7,0
f4a173f42e38dc39194b949287e069b2,2015-03-11,2517520,3160,631,John Terry,starting_lineup,Centre-Back,26,1
53936459f48adc44c2be786a0681fe67,2015-03-18,2517521,2963,281,Martín Demichelis,starting_lineup,Centre-Back,26,0
389d422bc4c1c77dfba4fcd19cf4a404,2015-03-18,2517521,3163,281,Frank Lampard,substitutes,Central Midfield,18,0
107f1425e5f44d526e66c72fe830de20,2015-03-18,2517521,3333,281,James Milner,starting_lineup,Left Midfield,7,0
2806e470f448a941e582304a8b94badb,2015-03-17,2517522,691,15,Simon Rolfes,substitutes,Defensive Midfield,6,0
79b085c9ea474d07dd9fd7147dfa39c5,2015-03-17,2517522,3256,15,Roberto Hilbert,starting_lineup,Right-Back,13,0
8e3a6a8f7dbb4f535448dfaf453d4997,2015-03-18,2517523,26,16,Roman Weidenfeller,starting_lineup,Goalkeeper,1,0
618fa61fbf6f3fbe37439d8df9f19d0c,2015-03-18,2517523,410,16,Sebastian Kehl,substitutes,Defensive Midfield,5,0
ab3ea27389752628af500d1d304dcb03,2015-03-18,2517523,2150,16,Oliver Kirch,substitutes,Defensive Midfield,21,0
9c9375d73f291cf4a02c4d504dba65ec,2015-03-18,2517523,2865,506,Stephan Lichtsteiner,starting_lineup,Right-Back,26,0
347e91ab3f91e995c6410c3043202e1f,2015-03-11,2517525,532,27,Claudio Pizarro,substitutes,Centre-Forward,14,0
ea4e6d2a31961b93a9d51989b8417bfc,2015-03-11,2517525,2219,27,Philipp Lahm,substitutes,Right-Back,21,0
e7205af246d1c1ef66c47ea0d6abd134,2015-03-11,2517525,2514,27,Bastian Schweinsteiger,starting_lineup,Defensive Midfield,31,1
67d867824377d0416067ab2eda21ba36,2015-03-17,2517526,65,162,Dimitar Berbatov,starting_lineup,Centre-Forward,9,0
8efd4b457d6c42012e7b644b2020240a,2015-02-19,2517528,3291,29,Gareth Barry,starting_lineup,Defensive Midfield,18,0
222fe7798c82fb3bcce44cb7c405d52b,2015-02-19,2517530,568,18,Martin Stranzl,starting_lineup,Centre-Back,39,1
5101dace8865a3145ca9625d7febcc4c,2015-02-19,2517530,1144,18,Christofer Heimeroth,substitutes,Goalkeeper,33,0
7c9381d501ba0386176bdae918eec02f,2015-02-19,2517531,1667,82,Diego Benaglio,starting_lineup,Goalkeeper,1,1
53df89a4825e16398afae7b62e524b2e,2015-02-19,2517534,1331,121,Kevin Kuranyi,starting_lineup,Centre-Forward,22,0
694eb40d0af334a489c257e84238dcf3,2015-02-19,2517537,1423,855,Lars Jacobsen,starting_lineup,Right-Back,2,0
6818137dd60ffa7c8b5f64e76d93c26f,2015-02-19,2517539,3321,234,Luke Wilkshire,starting_lineup,Right-Back,2,0
072a223e32ac23a8f54c3c32ee5c0203,2015-02-26,2517545,3202,31,Kolo Touré,starting_lineup,Right-Back,4,0
b4c52a41fc397ce456c012748fab2746,2015-01-03,2518105,488,2288,Gerhard Tremmel,starting_lineup,Goalkeeper,25,0
81b252739cf8bbec9af303118db6bd07,2015-01-04,2518107,3332,985,Wayne Rooney,starting_lineup,Attacking Midfield,10,1
985fb262da9d389d0059524a78275e3a,2015-02-08,2518597,2874,265,Mladen Petric,starting_lineup,Left Midfield,33,0
05b033f485e640d5dfceda76bab96a80,2015-02-08,2518597,3201,265,Stathis Tavlaridis,starting_lineup,Centre-Back,20,0
9df657b144551c5c3330e0c8f621a847,2015-02-15,2518604,2874,265,Mladen Petric,starting_lineup,Second Striker,33,0
a102363adebec35e66a9a099dce13fe3,2015-02-22,2518618,2874,265,Mladen Petric,starting_lineup,Attacking Midfield,33,0
2ed63547d8d91233087318b891cc187f,2015-02-22,2518618,3201,265,Stathis Tavlaridis,starting_lineup,Centre-Back,20,0
2592b8bd27b546838aaeac6e608102f9,2015-03-18,2518627,2874,265,Mladen Petric,starting_lineup,Left Winger,33,0
f6d27896b0fbe398bc67ab2f7bd27304,2015-03-18,2518627,3201,265,Stathis Tavlaridis,starting_lineup,Centre-Back,20,0
f042f6762c2d542aea658497a68b5290,2015-03-08,2518636,2874,265,Mladen Petric,starting_lineup,Left Winger,33,0
f3ff747f295a855802ab0a0b495f74ac,2015-03-08,2518636,3201,265,Stathis Tavlaridis,starting_lineup,Centre-Back,20,0
c031afd26c45b065afc082f42cd20cff,2015-03-14,2518640,2874,265,Mladen Petric,starting_lineup,Left Winger,33,0
8924aa49fb4c4a4fd7e01dc5cef31511,2015-03-14,2518640,3201,265,Stathis Tavlaridis,starting_lineup,Centre-Back,20,0
07b3f314a70fb1561887953d06f29f31,2015-03-22,2518654,2874,265,Mladen Petric,starting_lineup,Centre-Forward,33,0
413c26f9450aa702a87f2ccdba4c7051,2015-03-22,2518654,3201,265,Stathis Tavlaridis,starting_lineup,Centre-Back,20,0
9d99877642ee7b104709e51b86494d53,2015-04-04,2518658,2874,265,Mladen Petric,starting_lineup,Centre-Forward,33,0
168d559c3ff1775acc97513e4fa6733c,2015-04-04,2518658,3201,265,Stathis Tavlaridis,starting_lineup,Centre-Back,20,0
067f8355fb0ebd3d1d43c589b0754e8d,2015-04-19,2518668,2874,265,Mladen Petric,substitutes,Centre-Forward,33,0
cc0d9d2d86bd538c08f31f50da95ad52,2015-04-19,2518668,3201,265,Stathis Tavlaridis,starting_lineup,Centre-Back,20,0
d9e7ccceeda3eff2cc595047d448407d,2015-04-25,2518676,2874,265,Mladen Petric,starting_lineup,Centre-Forward,33,0
1f481cd76d61f12065f386a89d751622,2015-05-10,2518696,3201,265,Stathis Tavlaridis,substitutes,Centre-Back,20,0
a840e6060c523b4949550c2bde67c506,2015-01-04,2524277,3146,405,Shay Given,starting_lineup,Goalkeeper,31,0
1e97c2654d842b220c7bfcca1372d6e2,2015-01-13,2524883,3179,379,Carlton Cole,substitutes,Centre-Forward,24,0
17d3d6989f0e4482b44ff70f13c82c10,2015-01-13,2524883,3291,29,Gareth Barry,starting_lineup,Defensive Midfield,18,0
f567d0c113eab2b035263f8c2ea3ee71,2015-01-24,2527276,2963,281,Martín Demichelis,substitutes,Centre-Back,26,0
d07b97f12d8b4e9dc6a10e638706a8d1,2015-01-24,2527276,3163,281,Frank Lampard,substitutes,Central Midfield,18,0
b18b57f83b7ff3bd58caa5a7d13ab3d0,2015-01-24,2527276,3333,281,James Milner,starting_lineup,Central Midfield,7,0
7965042dce3158cd9be1ede6b8a2050c,2015-01-25,2527278,1368,379,Guy Demel,substitutes,Centre-Back,20,0
83fd9f3e0d3ff9cf314875b863971cef,2015-01-25,2527278,3179,379,Carlton Cole,substitutes,Centre-Forward,24,0
1dd56bee901c6153963b61af8a75caad,2015-01-25,2527279,3146,405,Shay Given,starting_lineup,Goalkeeper,31,0
81bc4792f0997d72339a356fb001810c,2015-01-25,2527280,132,11,Tomas Rosicky,starting_lineup,Attacking Midfield,7,1
e6847e8353df16afa8c90f030c4eed35,2015-01-26,2527281,3306,512,Jonathan Walters,starting_lineup,Centre-Forward,19,0
cb0b486a6c2f88c9c0a3c86f8e349bc6,2015-01-21,2527982,2874,265,Mladen Petric,substitutes,Centre-Forward,33,0
4f021eaabaad1f688e15a29973bbb828,2015-01-21,2527982,3201,265,Stathis Tavlaridis,starting_lineup,Centre-Back,20,0
c8b35af814e996ee24840a8affd37bd2,2015-01-29,2527994,2874,265,Mladen Petric,starting_lineup,Attacking Midfield,33,0
f5ab9950e6b0ce9a7a08f480e7722c7d,2015-01-29,2527994,3201,265,Stathis Tavlaridis,starting_lineup,Centre-Back,20,0
3928eb81ff9367aa8d2aac88d85e67c4,2015-01-24,2528146,3296,1003,Paul Konchesky,substitutes,Left-Back,3,0
93c4f0218364c0d580ce20c59ae4205d,2015-01-24,2528146,3357,1003,Mark Schwarzer,starting_lineup,Goalkeeper,32,0
684764253f64be35ade6481e090632ef,2015-01-27,2528963,10,398,Miroslav Klose,starting_lineup,Centre-Forward,11,0
2e5e2dd704ece7de8b78b465fe845383,2015-01-28,2528964,2865,506,Stephan Lichtsteiner,starting_lineup,Right-Back,26,0
f060870fad69bc0d6275db4643d0225c,2015-02-03,2529661,3182,12,Ashley Cole,starting_lineup,Left-Back,3,0
8ba154e06b17fcff6a2e9eb987c87084,2015-02-03,2530777,3405,289,Wes Brown,substitutes,Centre-Back,5,0
2809626b2c7ed1bbd086953281e8d2f6,2015-02-03,2530779,3332,985,Wayne Rooney,starting_lineup,Left Winger,10,1
551778c79082e3140a189b85fd731232,2015-02-04,2530780,3109,31,Steven Gerrard,starting_lineup,Defensive Midfield,8,1
4afa90f2aad5cd5c63d5a63de8f3ceb9,2015-02-04,2530780,3176,355,Eidur Gudjohnsen,starting_lineup,Centre-Forward,22,0
a063955e86c79fda9a7339a6f8f3f109,2015-02-15,2530788,132,11,Tomas Rosicky,substitutes,Attacking Midfield,7,0
0e75ff95833691a34c0886e16b9287c4,2015-02-15,2530789,3146,405,Shay Given,starting_lineup,Goalkeeper,31,0
284de38fa00520a669eae910a2c2a4f8,2015-02-15,2530789,3273,1003,Matthew Upson,starting_lineup,Centre-Back,6,0
2aef59aa3154083baf42c3bf04c1f56c,2015-02-15,2530789,3296,1003,Paul Konchesky,starting_lineup,Left-Back,3,0
cfa07b8f29300c6e07ce73984be23e37,2015-02-15,2530789,3357,1003,Mark Schwarzer,starting_lineup,Goalkeeper,32,0
a8f6b698cc66049e6193d6e876173c8e,2015-02-14,2530790,1368,379,Guy Demel,substitutes,Right-Back,20,0
e0bb69b744e20878aba80afe5fcf7d34,2015-02-14,2530790,3179,379,Carlton Cole,substitutes,Centre-Forward,24,0
90e301a0d2f41cce347f404d9b1812b3,2015-02-26,2531136,568,18,Martin Stranzl,starting_lineup,Centre-Back,39,1
bb679bc654be6e479619ae6221fff73e,2015-02-26,2531138,1331,121,Kevin Kuranyi,substitutes,Centre-Forward,22,0
0e31aecd72df355a99693ceba2759485,2015-02-26,2531139,1423,855,Lars Jacobsen,starting_lineup,Right-Back,2,0
c45e92dd38525667631db4ee2574eb86,2015-02-26,2531143,3291,29,Gareth Barry,starting_lineup,Defensive Midfield,18,0
f26e1833f8d7a5da45b48368f41870f1,2015-02-26,2531145,1667,82,Diego Benaglio,starting_lineup,Goalkeeper,1,1
dfe98a882f0491b5fd3fcc3d1faf87c8,2015-02-22,2532451,1443,190,Christian Poulsen,substitutes,Defensive Midfield,29,0
cf08b7313beb7105a39666c0aa15bee9,2015-03-08,2532462,1443,190,Christian Poulsen,substitutes,Defensive Midfield,29,0
ca2d0b3f56ee0ccc37b74f46370656ee,2015-03-15,2532469,1443,190,Christian Poulsen,substitutes,Defensive Midfield,29,0
7a9d8341dc4faa29aa901fa88b4981a8,2015-04-06,2532481,1443,190,Christian Poulsen,starting_lineup,Defensive Midfield,29,0
d5fd4eec8173642f9e496357fae216f7,2015-04-13,2532489,1443,190,Christian Poulsen,starting_lineup,Defensive Midfield,29,0
86ea07b2e090e2b95b395b2d0ab7beb8,2015-04-19,2532491,1443,190,Christian Poulsen,starting_lineup,Defensive Midfield,29,0
77882b2dab114aed2f7243d679cf833b,2015-05-17,2532514,1443,190,Christian Poulsen,starting_lineup,Defensive Midfield,29,0
e7c54258a04fa79196b6d3e64bfb0aa8,2015-05-20,2532521,1443,190,Christian Poulsen,starting_lineup,Centre-Back,29,0
f06f03d2ae2b2e0e1ee97526ff4f1851,2015-05-25,2532526,1443,190,Christian Poulsen,starting_lineup,Defensive Midfield,29,0
e3527c5753e251155aa343843100ce0b,2015-05-31,2532534,1443,190,Christian Poulsen,starting_lineup,Centre-Back,29,0
e012c522e76d7a970488500b8f0797f6,2015-06-07,2532542,1443,190,Christian Poulsen,starting_lineup,Defensive Midfield,29,0
a49b438e1edd47b912b6799524cc4b58,2015-02-15,2532796,3322,1027,Ben Williams,starting_lineup,Goalkeeper,12,0
fbe6c460e8b7894a769cfa15f6c303ee,2015-02-15,2532796,3405,289,Wes Brown,starting_lineup,Centre-Back,5,0
8306449e84c9ca5e869698da14fe5bd6,2015-02-16,2532797,2583,466,Thorsten Stuckmann,starting_lineup,Goalkeeper,21,0
489e757aabdef714eb5486871d946f8a,2015-02-16,2532797,3332,985,Wayne Rooney,starting_lineup,Centre-Forward,10,1
dd2b72944e8cc0f58de78bff9c495b65,2015-03-04,2532968,10,398,Miroslav Klose,starting_lineup,Centre-Forward,11,0
8a70748d69b19bbedaad7f4128f8a503,2015-04-08,2532970,10,398,Miroslav Klose,starting_lineup,Centre-Forward,11,0
6a1fddb5c41260523ab82bac1a25b8ea,2015-03-08,2537192,1331,121,Kevin Kuranyi,substitutes,Centre-Forward,22,0
d3c2badd3e7f01325b6f623d49d9f0df,2015-03-09,2537195,2138,3729,Mladen Kascelan,starting_lineup,Defensive Midfield,18,0
e24aa0e6171c875e9018f7b7dc688d56,2015-03-14,2537210,2138,3729,Mladen Kascelan,starting_lineup,Defensive Midfield,18,0
09f053361a06260d76a55d15374d2860,2015-03-15,2537211,1331,121,Kevin Kuranyi,starting_lineup,Centre-Forward,22,1
15f42d0ac45532e5b29552bc70f781a2,2015-03-03,2537256,2138,3729,Mladen Kascelan,starting_lineup,Defensive Midfield,18,0
daad311ea88a82688f445e4779edb001,2015-03-12,2538955,3291,29,Gareth Barry,starting_lineup,Defensive Midfield,18,0
81509b541fb97172baf7eb25d7a170bf,2015-03-12,2538958,1667,82,Diego Benaglio,starting_lineup,Goalkeeper,1,1
dbee88194e1764d0333d3b8ac3a0aa70,2015-03-12,2538960,1331,121,Kevin Kuranyi,starting_lineup,Centre-Forward,22,0
36290834892841cc2e4925d9322e826c,2015-03-19,2538963,3291,29,Gareth Barry,starting_lineup,Defensive Midfield,18,0
d55efed8eb6265c232faaa8ca6a7abb1,2015-03-19,2538966,1667,82,Diego Benaglio,starting_lineup,Goalkeeper,1,1
12412207107e40124e86bd4b5daaf5d6,2015-03-19,2538968,1331,121,Kevin Kuranyi,starting_lineup,Centre-Forward,22,0
48f399288a983dd1248addb3a2630013,2015-03-07,2540193,3146,405,Shay Given,starting_lineup,Goalkeeper,31,0
76e2813c25e9c87207140e52d726ba48,2015-03-08,2540194,3202,31,Kolo Touré,substitutes,Centre-Back,4,0
c286b58a2263250727d0b3c5ba912907,2015-03-09,2540195,3332,985,Wayne Rooney,starting_lineup,Centre-Forward,10,1
2a049407686d8d3ad4526622f3c06e97,2015-04-08,2544474,532,27,Claudio Pizarro,substitutes,Centre-Forward,14,0
59638eb4db6a058093ffe90027462f85,2015-04-08,2544474,691,15,Simon Rolfes,starting_lineup,Defensive Midfield,6,1
873a2d64269dc3fcb3456b41f5160fde,2015-04-08,2544474,2219,27,Philipp Lahm,starting_lineup,Defensive Midfield,21,1
40bb1cc4ce709d0dfeaa65343e1478c8,2015-04-08,2544474,3256,15,Roberto Hilbert,starting_lineup,Right-Back,13,0
171245dfc7b82030867f1845fab576b6,2015-04-07,2544475,26,16,Roman Weidenfeller,substitutes,Goalkeeper,1,0
63b4d41b43acec5b398622a2acb2dd13,2015-04-07,2544475,410,16,Sebastian Kehl,substitutes,Defensive Midfield,5,0
2b945570db6fa7e7971c2bd4ba279db5,2015-04-07,2544476,1667,82,Diego Benaglio,starting_lineup,Goalkeeper,1,1
e9fb27e4167a400882e8e493da118741,2015-04-16,2544482,1443,190,Christian Poulsen,substitutes,Defensive Midfield,29,0
4310208d642b47a527d658745a1bf473,2015-04-08,2545446,3202,31,Kolo Touré,substitutes,Centre-Back,4,0
db565418ace91cf4842de5f8a6711f96,2015-04-15,2547351,532,27,Claudio Pizarro,substitutes,Centre-Forward,14,0
9e1f82407fa6ed545c9ecd52768910a8,2015-04-15,2547351,2219,27,Philipp Lahm,starting_lineup,Right Midfield,21,1
a43cbef1947d563d61323dd95e6213e4,2015-04-14,2547352,65,162,Dimitar Berbatov,substitutes,Centre-Forward,9,0
7de5932a8f8e9833faa395de0745f56d,2015-04-14,2547352,2865,506,Stephan Lichtsteiner,starting_lineup,Right-Back,26,0
9ca96cfe5ea321a947588578ba793992,2015-04-16,2547356,1667,82,Diego Benaglio,starting_lineup,Goalkeeper,1,1
6e98dba6f1d3a35b959d242368d3c1e5,2015-04-21,2547382,532,27,Claudio Pizarro,substitutes,Centre-Forward,14,0
bb3f54c8fc5a84cb8776513cc56db066,2015-04-21,2547382,2219,27,Philipp Lahm,starting_lineup,Right Midfield,21,1
5cc2b23979400f8ae6428a2af8e12616,2015-04-21,2547382,2514,27,Bastian Schweinsteiger,substitutes,Central Midfield,31,0
1d6ddd6bfd78620036d3c3fb2924b05d,2015-04-23,2547388,1667,82,Diego Benaglio,starting_lineup,Goalkeeper,1,1
589fadd305fb31a35092be0f8c3c3f6b,2015-04-23,2547388,2358,82,Patrick Ochs,substitutes,Right-Back,2,0
fc5e0e31ce50db2c8fc37c52de91e6cc,2015-04-22,2549774,65,162,Dimitar Berbatov,substitutes,Centre-Forward,9,0
97658e07452daf92c9d1e808f69d452b,2015-04-22,2549774,2865,506,Stephan Lichtsteiner,starting_lineup,Right Midfield,26,0
7cfabb86c4ec50358c00f9d2afd74824,2015-04-04,2550036,1331,121,Kevin Kuranyi,starting_lineup,Centre-Forward,22,1
4b0e3bbbf01fa5d97259cf99b9e4783f,2015-04-05,2550042,2138,3729,Mladen Kascelan,starting_lineup,Defensive Midfield,18,0
89de3eb62c3bd41ac0593b6bbe30b6a4,2015-04-08,2551059,1331,121,Kevin Kuranyi,starting_lineup,Centre-Forward,22,1
2c2eedcd855b3ab41f55f0952f5a08d4,2015-04-09,2551060,2138,3729,Mladen Kascelan,starting_lineup,Defensive Midfield,18,0
9d94731719a5c6ff11510d3337670957,2015-04-28,2551355,410,16,Sebastian Kehl,substitutes,Defensive Midfield,5,0
2fa9aa9c6070ece9872c5e4c597ff48c,2015-04-28,2551355,532,27,Claudio Pizarro,substitutes,Centre-Forward,14,0
17715fc83e9822cac4f5ddf8f7da3750,2015-04-28,2551355,2219,27,Philipp Lahm,starting_lineup,Attacking Midfield,21,1
e3bf3832caf66b457fdc92b82ce11ae7,2015-04-28,2551355,2514,27,Bastian Schweinsteiger,substitutes,Central Midfield,31,0
1099315ef242485e127c1179269dbed0,2015-04-29,2551356,1667,82,Diego Benaglio,starting_lineup,Goalkeeper,1,1
03a78fadcf4f7c913a0c67756e348763,2015-04-12,2551368,2138,3729,Mladen Kascelan,starting_lineup,Defensive Midfield,18,0
082e3686be0014e95d2aa8ff6bb0d47a,2015-04-12,2551369,1331,121,Kevin Kuranyi,starting_lineup,Centre-Forward,22,0
86d192f795aab39f2a98e379f296c424,2015-04-19,2551385,3109,31,Steven Gerrard,starting_lineup,Attacking Midfield,8,0
311f7256477c85d176ef290829d4708c,2015-04-19,2551385,3146,405,Shay Given,starting_lineup,Goalkeeper,31,0
c94e9fd51758dd3ed0c13959859ed280,2015-04-19,2551385,3202,31,Kolo Touré,substitutes,Centre-Back,4,0
56a71299a0b8c41b1072aaceb2a56904,2015-05-20,2551386,10,398,Miroslav Klose,starting_lineup,Centre-Forward,11,0
e6b49f4192268db455d99127f851e71f,2015-05-20,2551386,2865,506,Stephan Lichtsteiner,starting_lineup,Right Midfield,26,0
620a771f412a7600d6a777ddff6cda7b,2015-04-19,2557036,1331,121,Kevin Kuranyi,starting_lineup,Centre-Forward,22,0
433143ea51fd5bd9d95ae63601068967,2015-04-20,2557038,2138,3729,Mladen Kascelan,starting_lineup,Defensive Midfield,18,0
ac02a375e89caa83c820197fea125254,2015-04-26,2559093,1331,121,Kevin Kuranyi,substitutes,Centre-Forward,22,0
33dd327c6bb01c6248af1f1ba91ec11b,2015-04-26,2559094,2138,3729,Mladen Kascelan,starting_lineup,Defensive Midfield,18,0
b2d7b14bbc9fe74f46ccc3bc7db27f9e,2015-05-04,2559096,2138,3729,Mladen Kascelan,starting_lineup,Defensive Midfield,18,0
d3ab17b4f0c984030a622369960cd403,2015-05-03,2559100,1331,121,Kevin Kuranyi,starting_lineup,Centre-Forward,22,1
a6dac1146b60c0ce9f9f3ca37bc5795f,2015-05-10,2559103,1331,121,Kevin Kuranyi,starting_lineup,Centre-Forward,22,1
1b52b0e20f60522a41a41f35c594e2ad,2015-05-16,2559112,2138,3729,Mladen Kascelan,starting_lineup,Defensive Midfield,18,0
2e9a7530b1a2bea1bb8b9d33e892223c,2015-05-18,2559118,1331,121,Kevin Kuranyi,substitutes,Centre-Forward,22,0
d58d47904391944d756b530b3c945d8e,2015-05-30,2559128,1331,121,Kevin Kuranyi,starting_lineup,Centre-Forward,22,1
736ce81796c518ae073e6dfb7818598b,2015-05-30,2559131,2138,3729,Mladen Kascelan,starting_lineup,Defensive Midfield,18,0
684d4e9b5bea3f37ed34a488faf9e122,2015-05-05,2560715,2865,506,Stephan Lichtsteiner,starting_lineup,Right-Back,26,0
1ae8419f6117cb67cd7603da8099934d,2015-05-06,2560716,532,27,Claudio Pizarro,substitutes,Centre-Forward,14,0
aad39e5126477b97efd656cb60b15bb5,2015-05-06,2560716,2219,27,Philipp Lahm,starting_lineup,Defensive Midfield,21,1
ccb36020eb372383e15910c2a6217381,2015-05-06,2560716,2514,27,Bastian Schweinsteiger,starting_lineup,Attacking Midfield,31,0
012533c5d8fea4ee999eede19e98103c,2015-05-12,2560717,532,27,Claudio Pizarro,substitutes,Centre-Forward,14,0
751f8da738ab832581e9f3a95d8daa27,2015-05-12,2560717,2219,27,Philipp Lahm,starting_lineup,Right Midfield,21,1
5cdea716545e56436260ad41c806b5ef,2015-05-12,2560717,2514,27,Bastian Schweinsteiger,starting_lineup,Left Midfield,31,0
443b25d11ea7a21e774f9b5ab1629356,2015-05-13,2560718,2865,506,Stephan Lichtsteiner,starting_lineup,Right-Back,26,0
a64683c52661cb19bb1979bf09869bc3,2015-05-30,2561228,3146,405,Shay Given,starting_lineup,Goalkeeper,31,0
6b098a2afe1a791e72b5a67996c92df6,2015-05-14,2561320,1443,190,Christian Poulsen,substitutes,Defensive Midfield,29,0
777592d9ba50e481f8f1f65b6a86e8d8,2015-05-30,2561745,26,16,Roman Weidenfeller,substitutes,Goalkeeper,1,0
976bd2a69bc2ee6896d204eb4686a1f5,2015-05-30,2561745,410,16,Sebastian Kehl,starting_lineup,Defensive Midfield,5,0
7b5357d9da8e47963e4b19719a379f51,2015-05-30,2561745,1667,82,Diego Benaglio,starting_lineup,Goalkeeper,1,1
38e93a54aece1758aea22dd1643e94f3,2015-06-06,2567502,2865,506,Stephan Lichtsteiner,starting_lineup,Right-Back,26,0
9187c0dab08f52a7ee2545b6746df021,2015-05-24,2568466,2138,3729,Mladen Kascelan,starting_lineup,Defensive Midfield,18,0
7901aee810d8ac55874cef4dc89222de,2015-08-01,2576512,2219,27,Philipp Lahm,starting_lineup,Right-Back,21,1
2967a3d4880371f9d8ea06a9aef6e561,2015-08-09,2576658,1784,41,René Adler,starting_lineup,Goalkeeper,15,1
7dd272e863ee1b52ae40bbf58bd4b42d,2015-08-08,2576670,3256,15,Roberto Hilbert,starting_lineup,Right-Back,13,0
fc2c4b32f006235d1a0ff415391f6b15,2015-08-07,2576681,1791,167,Halil Altıntop,starting_lineup,Attacking Midfield,7,0
d2e74c1f54b6365c0524a9d215c90ce4,2015-08-07,2576681,1986,167,Markus Feulner,starting_lineup,Central Midfield,8,0
61d8d30c5ffe11b7afd3caed8c5e4c10,2015-08-09,2576682,2219,27,Philipp Lahm,starting_lineup,Right Midfield,21,1
5a48d32c4d140f16bb643219f882c188,2015-08-09,2576684,1586,42,Christian Schulz,starting_lineup,Centre-Back,19,1
790e4b6311d32b394f929741c27723d2,2015-08-08,2576686,1331,533,Kevin Kuranyi,substitutes,Centre-Forward,22,0
d6e58a523f60a4e0d1bb71dfcd743bfa,2015-08-08,2577858,3160,631,John Terry,starting_lineup,Centre-Back,26,1
cffe2b88491abfb021529f8dee0ef775,2015-08-08,2577860,2514,985,Bastian Schweinsteiger,substitutes,Central Midfield,31,0
28f0b3efa4453a4938c41c74c03a1a2c,2015-08-08,2577860,3332,985,Wayne Rooney,starting_lineup,Centre-Forward,10,1
3ce9e92fe76f9cc3f893e28dee7fed30,2015-08-08,2577861,2998,1003,Robert Huth,starting_lineup,Centre-Back,6,0
81897d2698ed385472d8a23961a6bc23,2015-08-08,2577861,3357,1003,Mark Schwarzer,substitutes,Goalkeeper,32,0
6fec2ccfcc1cbafa21291531407b0e39,2015-08-09,2577864,3146,512,Shay Given,substitutes,Goalkeeper,24,0
bcaebe4bd3dbe6d39496305792df2764,2015-08-09,2577864,3202,31,Kolo Touré,substitutes,Centre-Back,4,0
b5977c95fa2e9838cc6303ed0add44b0,2015-08-09,2577864,3306,512,Jonathan Walters,starting_lineup,Right Winger,19,0
16fef9be6cc8cb18e62b332571e3b819,2015-08-09,2577864,3333,31,James Milner,starting_lineup,Central Midfield,7,0
abea71d48ce6f98178e482b19c4b275b,2015-08-08,2577865,3291,29,Gareth Barry,starting_lineup,Defensive Midfield,18,0
63fb4fa6e2b7abb5700e983f80c95ffc,2015-08-10,2577866,2963,281,Martín Demichelis,substitutes,Centre-Back,26,0
9d4d25b5a402b518d9f0339c033aa631,2015-08-15,2577884,3291,29,Gareth Barry,starting_lineup,Defensive Midfield,18,0
d35ff0891815c17c68e8852b72aac6e6,2015-08-14,2577885,2514,985,Bastian Schweinsteiger,substitutes,Central Midfield,31,0
7b46bcbf8e1003c3bc9394ba4cb52aac,2015-08-14,2577885,3332,985,Wayne Rooney,starting_lineup,Centre-Forward,10,1
0ef60248c624fddbbdbda95c476adf8c,2015-08-17,2577886,3202,31,Kolo Touré,substitutes,Centre-Back,4,0
0016bf2a9669598ef87998b7f5ba32ff,2015-08-17,2577886,3333,31,James Milner,starting_lineup,Central Midfield,7,0
a50a575d5da76f2d3a73893468ecefa9,2015-08-17,2577886,3356,989,Sylvain Distin,substitutes,Centre-Back,25,0
74cf853e2c6c0d35913cb1f267d40f45,2015-08-16,2577887,2963,281,Martín Demichelis,substitutes,Centre-Back,26,0
41678d07a940e2f91c6a2f90ebceb555,2015-08-16,2577887,3160,631,John Terry,starting_lineup,Centre-Back,26,1
08ee72dcb3db1d971bea40a4c7a67fae,2015-08-15,2577890,3146,512,Shay Given,substitutes,Goalkeeper,24,0
9d40aa44937f59c6b70663e57ccd8e6a,2015-08-15,2577890,3306,512,Jonathan Walters,starting_lineup,Right Winger,19,0
3ec3a8b9c8506a97db1f024a8d388f58,2015-08-15,2577891,2998,1003,Robert Huth,starting_lineup,Centre-Back,6,0
094df4acab234aecaeaad3b9b8785f40,2015-08-24,2577893,3333,31,James Milner,starting_lineup,Central Midfield,7,1
876928fdda50c65ffce85ad222fcfeea,2015-08-23,2577894,3160,631,John Terry,starting_lineup,Centre-Back,26,1
81141e505c62466494ab04636c7e70af,2015-08-23,2577896,2963,281,Martín Demichelis,substitutes,Centre-Back,26,0
f122f1814c53c69d2b8ec17c62d294d0,2015-08-23,2577896,3291,29,Gareth Barry,starting_lineup,Defensive Midfield,18,0
003c273e660545495a977b0916c55a06,2015-08-22,2577899,2514,985,Bastian Schweinsteiger,starting_lineup,Central Midfield,31,0
97ba1aaa33f9cc4e9893e678f07af6bf,2015-08-22,2577899,3332,985,Wayne Rooney,starting_lineup,Centre-Forward,10,1
060f49d85880e1c400c163326731e81d,2015-08-22,2577902,2998,1003,Robert Huth,starting_lineup,Centre-Back,6,0
266dc5cd6206d5c561e8d7dfba515c0a,2015-08-22,2577902,3357,1003,Mark Schwarzer,substitutes,Goalkeeper,32,0
d2961d2ca727128981807124b841e031,2015-08-29,2577939,2998,1003,Robert Huth,starting_lineup,Centre-Back,6,0
031fb5ddf9c5855bb6b81b9a246dbd0e,2015-08-29,2577939,3356,989,Sylvain Distin,substitutes,Centre-Back,25,0
8fc03f7421eaf7643b5d794690148d7e,2015-08-29,2577939,3357,1003,Mark Schwarzer,substitutes,Goalkeeper,32,0
df3e51ee079ac048e84aec456ecbabc1,2015-08-30,2577944,2514,985,Bastian Schweinsteiger,starting_lineup,Defensive Midfield,31,0
3d7ba9d061f13367a97973706c1aa932,2015-08-30,2577944,3332,985,Wayne Rooney,starting_lineup,Centre-Forward,10,1
c0c2d676fc5443d8020e4c9b01e87fb2,2015-08-29,2577947,3333,31,James Milner,starting_lineup,Central Midfield,7,1
eb8f2ecfc3fe88b2fae69c502c460ce9,2015-08-29,2577949,3291,29,Gareth Barry,starting_lineup,Defensive Midfield,18,0
543169743570804425deed7009c37246,2015-09-12,2577950,3160,631,John Terry,starting_lineup,Centre-Back,26,1
a18c54b5744b9f203ee930e69fb6f097,2015-09-12,2577950,3291,29,Gareth Barry,starting_lineup,Defensive Midfield,18,0
6bf28f82c81e974a5e08b504dfda5627,2015-09-12,2577952,2963,281,Martín Demichelis,substitutes,Centre-Back,26,0
b4c9b23d98c7522f7c7a0f8451a1c225,2015-09-13,2577955,2998,1003,Robert Huth,starting_lineup,Centre-Back,6,0
0e1338882dc8d0da1291685f2b8dd60c,2015-09-13,2577955,3357,1003,Mark Schwarzer,substitutes,Goalkeeper,32,0
1a2b85a0309a2536694ba3773fec391e,2015-09-12,2577958,2514,985,Bastian Schweinsteiger,starting_lineup,Defensive Midfield,31,0
63c1869726ee3ba3adb6c65b84ef2c91,2015-09-12,2577958,3202,31,Kolo Touré,substitutes,Centre-Back,4,0
a2f0edc7607d990b3f8d9e55d8e24fd0,2015-09-12,2577958,3333,31,James Milner,starting_lineup,Central Midfield,7,1
571e6bd26376ce08a1edba5c3075b4ae,2015-09-26,2577961,3202,31,Kolo Touré,substitutes,Centre-Back,4,0
84b266ae24b67470496022539d427410,2015-09-26,2577961,3333,31,James Milner,starting_lineup,Central Midfield,7,1
6e43f0a8f51a63ff9c2bfcc4a3fd56df,2015-09-20,2577963,3333,31,James Milner,starting_lineup,Central Midfield,7,1
9340801f9ff7c3f8061200dea5018970,2015-09-19,2577964,2998,1003,Robert Huth,starting_lineup,Centre-Back,6,0
9d0717d1bc0005bdabfb79e257c147c8,2015-09-19,2577964,3146,512,Shay Given,substitutes,Goalkeeper,24,0
e3abb4dba5f767167aeb1bef14838629,2015-09-19,2577964,3306,512,Jonathan Walters,starting_lineup,Centre-Forward,19,0
3610e6e9d66735b2445b6f62c5945d77,2015-09-19,2577964,3357,1003,Mark Schwarzer,substitutes,Goalkeeper,32,0
e8762972a8e062171e399c419821fdae,2015-09-19,2577965,2963,281,Martín Demichelis,substitutes,Centre-Back,26,0
0a1b1bc8dfcdd5c62225dbdd6974a222,2015-09-20,2577966,2514,985,Bastian Schweinsteiger,substitutes,Central Midfield,31,0
36f1a82a49106318b068841805c3183b,2015-09-20,2577966,3332,985,Wayne Rooney,starting_lineup,Second Striker,10,1
bc28996f124dcb566a47706fbe6cc53c,2015-09-19,2577968,3356,989,Sylvain Distin,starting_lineup,Centre-Back,25,0
94f8b305ca688aa971507ab0e2f5e632,2015-09-26,2577969,2963,281,Martín Demichelis,starting_lineup,Centre-Back,26,0
4121c6d6a8955837bfeb31403f0d47d4,2015-09-26,2577970,3146,512,Shay Given,substitutes,Goalkeeper,24,0
8959fe79b2240ebd5a4183db5b5fcfdb,2015-09-26,2577970,3306,512,Jonathan Walters,starting_lineup,Centre-Forward,19,0
039808bc3dcbf67d9d7c09c128da4c25,2015-09-26,2577970,3356,989,Sylvain Distin,starting_lineup,Centre-Back,25,0
44e6e231be0e640b2f6b7df86a38f535,2015-09-26,2577971,2998,1003,Robert Huth,starting_lineup,Centre-Back,6,0
a66b757170b53711a0a804f3011dbff3,2015-09-26,2577971,3357,1003,Mark Schwarzer,substitutes,Goalkeeper,32,0
745f966a943046c825ca3f683c1ff5ee,2015-09-19,2577973,3291,29,Gareth Barry,starting_lineup,Defensive Midfield,18,0
6547b7f662626428d528bb054fcd9dfd,2015-10-04,2577974,2514,985,Bastian Schweinsteiger,starting_lineup,Central Midfield,31,0
8aff3a5ce38c450d43def1c617cde9d2,2015-10-04,2577974,3332,985,Wayne Rooney,starting_lineup,Second Striker,10,1
972e4c63f053f2d81211a4d3772e6370,2015-10-03,2577975,3160,631,John Terry,starting_lineup,Centre-Back,26,1
2f8000fa860e507ca9fe8d8a57f11be7,2015-09-26,2577977,2514,985,Bastian Schweinsteiger,substitutes,Central Midfield,31,0
07e7177e33554ace3a38f92f741a2f4b,2015-09-26,2577977,3332,985,Wayne Rooney,starting_lineup,Second Striker,10,1
f0f3575d415e68b0ad7187d6632593a9,2015-10-03,2577979,2998,1003,Robert Huth,starting_lineup,Centre-Back,6,0
9b8332c8ea3a17a5b06d745f575e0ae3,2015-10-03,2577979,3357,1003,Mark Schwarzer,substitutes,Goalkeeper,32,0
72f2df80c5fbb991bc208925356c412b,2015-10-03,2577980,3146,512,Shay Given,substitutes,Goalkeeper,24,0
aa093b5c689af8bb81d6376f8fb103e0,2015-10-03,2577980,3306,512,Jonathan Walters,starting_lineup,Centre-Forward,19,0
7edd06f0e793d6bae2bbe6ae43266a37,2015-10-03,2577981,3356,989,Sylvain Distin,starting_lineup,Centre-Back,25,0
4ca3d4eab2f265d3d4a93f8416f1ee4e,2015-10-17,2577982,2963,281,Martín Demichelis,substitutes,Centre-Back,26,0
576118c4e8f035bbd8d48cf92c64ca1b,2015-10-17,2577982,3356,989,Sylvain Distin,starting_lineup,Centre-Back,25,0
961fa66e42cd354215061dc6947f1929,2015-10-17,2577983,2998,1003,Robert Huth,starting_lineup,Centre-Back,6,0
bba4b10f670a933e915d8324d1421cdc,2015-10-17,2577983,3357,1003,Mark Schwarzer,substitutes,Goalkeeper,32,0
87f209a58166247d6e79a6055a40d16a,2015-10-17,2577984,2514,985,Bastian Schweinsteiger,starting_lineup,Central Midfield,31,0
dced18efdb8417ad16448143aefb0d56,2015-10-17,2577984,3291,29,Gareth Barry,starting_lineup,Defensive Midfield,18,0
530ab2f5a989df766136d8536766031f,2015-10-17,2577984,3332,985,Wayne Rooney,starting_lineup,Centre-Forward,10,1
4a6fe7c5c19b0908d230567351f8217a,2015-09-28,2577986,3291,29,Gareth Barry,starting_lineup,Defensive Midfield,18,0
1f9f9ed18984578fb89f2d4c22260041,2015-10-04,2577989,3291,29,Gareth Barry,starting_lineup,Defensive Midfield,18,0
9e223d23b019a2da56fda06162aaac01,2015-10-04,2577989,3333,31,James Milner,starting_lineup,Central Midfield,7,1
453dbf5cc57976b29c908197d82b9c01,2015-10-17,2577991,3160,631,John Terry,starting_lineup,Centre-Back,26,1
11d4c2661405f94fd7ac877b8459d206,2015-10-17,2577993,3202,31,Kolo Touré,substitutes,Centre-Back,4,0
47e6e6003cbd909d591d3fb383a976ca,2015-10-17,2577993,3333,31,James Milner,starting_lineup,Right Midfield,7,1
d330eb570b7e4e8f46de60a8b8372b50,2015-10-25,2577996,3356,989,Sylvain Distin,starting_lineup,Centre-Back,25,0
0f322344e68effaf527ab6d6525cef9c,2015-10-25,2577998,2514,985,Bastian Schweinsteiger,starting_lineup,Central Midfield,31,0
48666d4394ec4bdb746f794111a50655,2015-10-25,2577998,2963,281,Martín Demichelis,substitutes,Defensive Midfield,26,0
fe2cc0279fc68b4bd41d3063553426c7,2015-10-25,2577998,3332,985,Wayne Rooney,starting_lineup,Centre-Forward,10,1
13e2e47a4e67888354d25143f725290c,2015-10-24,2577999,3146,512,Shay Given,substitutes,Goalkeeper,24,0
e1d378f52cafbed0e3a2ac8190b1ac1d,2015-10-24,2577999,3306,512,Jonathan Walters,substitutes,Right Winger,19,0
beef1fc1461d56aa30356252bc3ee1ea,2015-10-25,2578000,3202,31,Kolo Touré,substitutes,Centre-Back,4,0
ba8f84a2aa786ac5ee16ce1f28830d35,2015-10-25,2578000,3333,31,James Milner,starting_lineup,Right Midfield,7,1
a913ebd084236f3a0001b0362a6b49e8,2015-10-24,2578002,3291,29,Gareth Barry,starting_lineup,Defensive Midfield,18,0
60c16eabb741274ef212ab78dd334621,2015-10-31,2578003,3160,631,John Terry,starting_lineup,Centre-Back,26,1
dc1231f13878139010231d29589886f6,2015-10-31,2578003,3333,31,James Milner,starting_lineup,Right Midfield,7,1
62eb9e5fb0b2753dbd5641efe9074345,2015-10-24,2578005,2998,1003,Robert Huth,starting_lineup,Centre-Back,6,0
0d5d8389ca10d5c3e4b5f5ac81c8f918,2015-10-24,2578005,3357,1003,Mark Schwarzer,substitutes,Goalkeeper,32,0
ee7a5a3855025d7908cfbfd12f771a6c,2015-10-24,2578006,3160,631,John Terry,starting_lineup,Centre-Back,26,1
63109433807931364055486caf0e3b7d,2015-11-01,2578009,3291,29,Gareth Barry,starting_lineup,Defensive Midfield,18,1
2921eb4dc72a4acd9d3f0d7ad886fcd1,2015-11-01,2578009,3405,289,Wes Brown,starting_lineup,Centre-Back,5,0
c05fe7f75e18acb9e9910b47bee0aa7e,2015-10-31,2578010,2514,985,Bastian Schweinsteiger,starting_lineup,Central Midfield,31,0
bb322dae3656c3ed45e4b9d3933c1726,2015-10-31,2578010,3332,985,Wayne Rooney,starting_lineup,Centre-Forward,10,1
2654cb7e27590ec784a9bb1a6719e8ef,2015-10-31,2578012,2998,1003,Robert Huth,starting_lineup,Centre-Back,6,0
8a59af7a0a3ca28f846e68efbf9da378,2015-10-31,2578012,3357,1003,Mark Schwarzer,substitutes,Goalkeeper,32,0
8b313495ba80352196f3f432bfdcd79b,2015-10-31,2578014,2963,281,Martín Demichelis,substitutes,Centre-Back,26,0
c4f426327cac12023a1a2888eb6b050f,2015-10-31,2578015,3306,512,Jonathan Walters,starting_lineup,Centre-Forward,19,0
c54c2885ee26cda2d0cef8ec85735d27,2015-11-01,2578017,3356,989,Sylvain Distin,starting_lineup,Centre-Back,25,0
21d130c87226ce28c37d6ee750649f11,2015-11-07,2578022,2998,1003,Robert Huth,starting_lineup,Centre-Back,6,0
49984354326f7dd2da63aa786ca36833,2015-11-07,2578022,3357,1003,Mark Schwarzer,substitutes,Goalkeeper,32,0
830ea03d3e6af4976a8e27f5ebcd9716,2015-11-07,2578023,3291,29,Gareth Barry,starting_lineup,Defensive Midfield,18,1
f0b9a43be40186c4f49d2841c3ccbd28,2015-11-07,2578024,3356,989,Sylvain Distin,starting_lineup,Centre-Back,25,0
fe4fdd1fcbcab99269dd7669ff52e58b,2015-11-21,2578025,3160,631,John Terry,starting_lineup,Centre-Back,26,1
e4e36f83af0e302a23691a2a8dca3aef,2015-11-21,2578028,488,2288,Gerhard Tremmel,substitutes,Goalkeeper,25,0
b6e48a17301ea65d9e4c377af3571812,2015-11-21,2578028,3356,989,Sylvain Distin,starting_lineup,Centre-Back,25,0
984b6a406ba06c17e85798dd3e14cbbd,2015-11-21,2578029,3306,512,Jonathan Walters,starting_lineup,Centre-Forward,19,0
368c8ff1cb0eae6db06a3e08141f1727,2015-11-28,2578031,2514,985,Bastian Schweinsteiger,starting_lineup,Defensive Midfield,31,0
65f744d9d89a1889535236eb5f8dcfa7,2015-11-28,2578031,2998,1003,Robert Huth,starting_lineup,Centre-Back,6,0
11b60f0fc1b99b9e12c8ba5fdba37da7,2015-11-28,2578031,3332,985,Wayne Rooney,starting_lineup,Centre-Forward,10,1
c3ed082ffffec7748c8d526efde27c53,2015-11-28,2578031,3357,1003,Mark Schwarzer,substitutes,Goalkeeper,32,0
aa030233f5d184e249477476352113e3,2015-11-28,2578032,3291,29,Gareth Barry,starting_lineup,Defensive Midfield,18,1
e06efb138cb6895c7d249f0348421de7,2015-11-28,2578032,3356,989,Sylvain Distin,starting_lineup,Centre-Back,25,0
9b2d0680f880f7308f846ed86c364eb5,2015-11-07,2578033,2514,985,Bastian Schweinsteiger,starting_lineup,Defensive Midfield,31,0
391608794e55af53ebca2d464a3922f6,2015-11-07,2578033,3332,985,Wayne Rooney,starting_lineup,Second Striker,10,1
b37f8223d6ea147b90562f8139b5d0e2,2015-11-21,2578035,2998,1003,Robert Huth,starting_lineup,Centre-Back,6,0
ee05a0c9a0a851bf13892b3c76897fe7,2015-11-21,2578035,3357,1003,Mark Schwarzer,substitutes,Goalkeeper,32,0
5695eff317a6aff32ee7e47dab10b3be,2015-11-07,2578036,3160,631,John Terry,starting_lineup,Centre-Back,26,1
928fc17d2fb7eae22ca272fedc571b6e,2015-11-07,2578036,3306,512,Jonathan Walters,starting_lineup,Centre-Forward,19,0
260e13088e19bffaf4622f2d480709a7,2015-11-21,2578037,2963,281,Martín Demichelis,starting_lineup,Centre-Back,26,0
3ca58601f9aa452453638dce29b236ed,2015-11-21,2578037,3202,31,Kolo Touré,substitutes,Centre-Back,4,0
9f49543b2cab0db8f9b9823125d81b85,2015-11-21,2578037,3333,31,James Milner,starting_lineup,Right Midfield,7,1
7191637797e676cc414c1e9f7d2c7c33,2015-11-21,2578038,2514,985,Bastian Schweinsteiger,starting_lineup,Central Midfield,31,0
4bb47d2fd35e68b87730b9bdd4c48839,2015-11-28,2578041,2963,281,Martín Demichelis,starting_lineup,Centre-Back,26,0
46dca56587a32d86ec04cb6a1f60a52c,2015-11-21,2578042,3291,29,Gareth Barry,starting_lineup,Defensive Midfield,18,0
7ceeaacb1de6e1f6c8fd488ad53f210c,2015-11-28,2578046,3306,512,Jonathan Walters,starting_lineup,Centre-Forward,19,0
9fbdd423851fd6eb7914f23f366ed815,2015-12-05,2578047,2514,985,Bastian Schweinsteiger,starting_lineup,Central Midfield,31,0
3178846f8b8cc76fca204a157e7d15af,2015-12-07,2578048,3291,29,Gareth Barry,starting_lineup,Defensive Midfield,18,1
7eeae7e4b385fcf5026cda007e68dfb0,2015-12-05,2578054,2998,1003,Robert Huth,starting_lineup,Centre-Back,6,0
b4bfcf5ff0b7edb68ff1ab92e61b59b9,2015-12-05,2578054,3357,1003,Mark Schwarzer,substitutes,Goalkeeper,32,0
598fe378b9c5d3b9e927f0f3459d1326,2015-11-29,2578055,3202,31,Kolo Touré,substitutes,Centre-Back,4,0
815f91cd7ccab4197118ac7a83748291,2015-11-29,2578055,3333,31,James Milner,starting_lineup,Central Midfield,7,1
77973c536155c5e73f5cb330c4864e19,2015-12-06,2578056,3202,31,Kolo Touré,substitutes,Centre-Back,4,0
cb2128318fc547158bf38b15c5b00df6,2015-12-06,2578056,3333,31,James Milner,starting_lineup,Left Midfield,7,0
ee05d913bacdd4c24dca38b9ff10a922,2015-12-13,2578060,3202,31,Kolo Touré,substitutes,Centre-Back,4,0
c245abd7adeba777fab0d3460d578890,2015-12-13,2578060,3333,31,James Milner,starting_lineup,Left Midfield,7,0
40636d34d15d8c878331ae860ae5555b,2015-12-14,2578065,2998,1003,Robert Huth,starting_lineup,Centre-Back,6,0
6070963aa84c0abcaac3bf6e48589899,2015-12-14,2578065,3160,631,John Terry,starting_lineup,Centre-Back,26,1
01c66acc882de520a8fe44ee6c073ce5,2015-12-14,2578065,3357,1003,Mark Schwarzer,substitutes,Goalkeeper,32,0
a8a665c4f2a2b0c207cad4b129fe7a93,2015-12-12,2578066,3306,512,Jonathan Walters,substitutes,Right Winger,19,0
1f91c1c4505f22c2f55217cc26e8ffdf,2015-12-05,2578067,2963,281,Martín Demichelis,starting_lineup,Centre-Back,26,0
0f954912da0ec5fa7641fa2a24dde819,2015-12-05,2578067,3306,512,Jonathan Walters,substitutes,Right Winger,19,0
305cbd3f84625a0f75b1a1fe694087cc,2015-12-19,2578068,3291,29,Gareth Barry,starting_lineup,Defensive Midfield,18,1
3586fe741bbce7837b6192b70c43b67a,2015-12-19,2578068,3357,1003,Mark Schwarzer,substitutes,Goalkeeper,32,0
e460065212505ca9f700889fb40666d3,2015-12-12,2578069,3291,29,Gareth Barry,starting_lineup,Defensive Midfield,18,0
2c23a5179c39753d0b8e033922bcb3c1,2015-12-19,2578070,3160,631,John Terry,starting_lineup,Centre-Back,26,1
3e8bd475dc3470dcd769a4d2abdd84ba,2015-12-19,2578072,3306,512,Jonathan Walters,substitutes,Centre-Forward,19,0
65fd4d3ad807555fcf3419e86540ee3b,2015-12-26,2578075,2963,281,Martín Demichelis,substitutes,Centre-Back,26,0
b10cda2fd2006c623d7f4ea3167aa66a,2015-12-26,2578075,3405,289,Wes Brown,substitutes,Centre-Back,5,0
6673b5366fe518ad71ccaa6316a12430,2015-12-26,2578077,2998,1003,Robert Huth,starting_lineup,Centre-Back,6,0
081e5a57e019ff7c809996a2bbc6e762,2015-12-26,2578077,3202,31,Kolo Touré,substitutes,Centre-Back,4,0
95a5e097da91ee23910c874b682c4b34,2015-12-26,2578077,3357,1003,Mark Schwarzer,substitutes,Goalkeeper,32,0
38cf86bb9d64ae5e8e65e24a19f4ad4c,2015-12-19,2578078,3332,985,Wayne Rooney,starting_lineup,Centre-Forward,10,1
7e9621030683a4348cbb8f783b1641fd,2015-12-26,2578080,3160,631,John Terry,starting_lineup,Centre-Back,26,1
db570f08f5ce2b98207b1fda6ecb1f5a,2016-01-13,2578084,3160,631,John Terry,starting_lineup,Centre-Back,26,1
9b28b706c86c6b75118e708605f5bfd7,2016-01-13,2578085,3405,289,Wes Brown,starting_lineup,Centre-Back,5,0
78bf89ad6a9dcf2d6dc9d5b234eac40c,2015-12-26,2578086,3306,512,Jonathan Walters,substitutes,Right Winger,19,0
1bdc9ecb4037b057e1d8d271e8c7bb9e,2015-12-26,2578086,3332,985,Wayne Rooney,substitutes,Centre-Forward,10,0
259fd790555f8d9a2f6410882f3cb772,2015-12-26,2578090,3291,29,Gareth Barry,starting_lineup,Defensive Midfield,18,0
fd06873fb27432d2c7ef2064abed0762,2016-01-12,2578092,3332,985,Wayne Rooney,starting_lineup,Centre-Forward,10,1
1bc81b2e7d9543a643f1720e1c513bb8,2016-01-13,2578094,2963,281,Martín Demichelis,starting_lineup,Centre-Back,26,0
c2f7637a06533f6b44fe1bbb15f57808,2016-01-13,2578094,3291,29,Gareth Barry,starting_lineup,Defensive Midfield,18,0
cce93f2db7a4f2149f571f184d518fc4,2016-01-16,2578095,2998,1003,Robert Huth,starting_lineup,Centre-Back,6,0
f347b98b7dd00ef30317f700b1147c6a,2016-01-16,2578095,3357,1003,Mark Schwarzer,substitutes,Goalkeeper,32,0
a44af6894717507095dbcebb9645086a,2016-01-17,2578097,3202,31,Kolo Touré,starting_lineup,Centre-Back,4,0
2898c25282a7ae8701504ffea79c9318,2016-01-17,2578097,3332,985,Wayne Rooney,starting_lineup,Centre-Forward,10,1
feff908d5d9dc6ddf651ae622dd4fdd3,2016-01-17,2578097,3333,31,James Milner,starting_lineup,Right Midfield,7,0
261bb16720faf6550e650907a9eea8e4,2016-01-13,2578099,3306,512,Jonathan Walters,starting_lineup,Right Winger,19,0
89e369cac34c74b60fe8d64aca82ae4d,2016-01-13,2578102,2998,1003,Robert Huth,starting_lineup,Centre-Back,6,0
93898cf888fc96aef9b4fabb0dc93372,2016-01-13,2578102,3357,1003,Mark Schwarzer,substitutes,Goalkeeper,32,0
40a47cbace7d30976203a478c7a745c8,2016-01-17,2578103,3306,512,Jonathan Walters,starting_lineup,Right Winger,19,0
4f14ba55afc903d6cf945f9230d32c8e,2016-01-13,2578104,3202,31,Kolo Touré,starting_lineup,Centre-Back,4,0
97de52c71d424c08e6ce5ad8d4368fcf,2016-01-13,2578104,3333,31,James Milner,starting_lineup,Left Midfield,7,0
0130de0caf1dfe477509eea638fec467,2016-01-16,2578106,3160,631,John Terry,starting_lineup,Centre-Back,26,1
faeb37ada7f42d8f7adc3c7c2d56d689,2016-01-16,2578106,3291,29,Gareth Barry,starting_lineup,Defensive Midfield,18,0
0e4b9b0a7fe54565f6ea53cc1e3a3b2d,2016-01-23,2578107,2998,1003,Robert Huth,starting_lineup,Centre-Back,6,0
0ddba6fb4f9742fd3048da233e4cf0d7,2016-01-23,2578107,3306,512,Jonathan Walters,starting_lineup,Second Striker,19,0
51dcd5cd81baf9944f7e8eaf8e56c89b,2016-01-23,2578107,3357,1003,Mark Schwarzer,substitutes,Goalkeeper,32,0
c3ce31b9f6f6bc4f29950e3e8993ab88,2016-01-24,2578108,3291,29,Gareth Barry,starting_lineup,Defensive Midfield,18,1
065541ae0b010614913fab4cc04608f7,2016-01-16,2578109,3405,289,Wes Brown,starting_lineup,Centre-Back,5,0
2150f4faea087183de696ac080f36fa5,2016-01-23,2578110,3202,31,Kolo Touré,starting_lineup,Centre-Back,4,0
68e7a4b552a38c942fe83c174cb4d99e,2016-01-23,2578110,3333,31,James Milner,starting_lineup,Right Midfield,7,0
4efe469d86a0ebf5023c2a27161275b1,2016-01-24,2578111,3160,631,John Terry,starting_lineup,Centre-Back,26,1
02c7f005c7874023d7ca7a4a3904c098,2016-01-23,2578115,2963,281,Martín Demichelis,starting_lineup,Centre-Back,26,0
3773f8f55f252a2b0585298e4748a6a6,2016-01-16,2578117,2963,281,Martín Demichelis,starting_lineup,Centre-Back,26,0
a0af328ce7c8eee915df0572dad85a7b,2016-01-23,2578118,3332,985,Wayne Rooney,starting_lineup,Centre-Forward,10,1
0459868a8ebe15568785f4a80bd7af4c,2016-02-02,2578119,2963,281,Martín Demichelis,starting_lineup,Centre-Back,26,0
b1b53603886f39bfdf9b307093ecf10e,2016-02-02,2578119,3405,289,Wes Brown,substitutes,Centre-Back,5,0
236ee806f47d5873a866749585bae6f9,2016-02-02,2578122,3356,989,Sylvain Distin,substitutes,Centre-Back,25,0
4624f79a331469e3048a07891883bb98,2016-02-02,2578123,2998,1003,Robert Huth,starting_lineup,Centre-Back,6,0
a28b1129683fad8c8075f84471ea1a2b,2016-02-02,2578123,3202,31,Kolo Touré,substitutes,Centre-Back,4,0
96e4c929d6fc487d81837aaa0f0af60e,2016-02-02,2578123,3333,31,James Milner,starting_lineup,Left Midfield,7,0
a566ea92b51426d72708573a080999bb,2016-02-02,2578123,3357,1003,Mark Schwarzer,substitutes,Goalkeeper,32,0
bbee9b220e14d4ccca23c7419314dc15,2016-02-03,2578125,3291,29,Gareth Barry,starting_lineup,Defensive Midfield,18,0
874bd1930a340894ac20a4341a49c216,2016-02-02,2578126,3306,512,Jonathan Walters,starting_lineup,Right Winger,19,0
3ea5fbad0bbc35db6d465a21ff259187,2016-02-02,2578126,3332,985,Wayne Rooney,starting_lineup,Centre-Forward,10,1
de0959c7b3200cfd4ea7cb6b6c278ff2,2016-01-23,2578128,3356,989,Sylvain Distin,substitutes,Centre-Back,25,0
4f1336951c94d18648104bd49ce14d68,2016-01-23,2578128,3405,289,Wes Brown,starting_lineup,Centre-Back,5,0
34c9bf6b0d90b7a80583f7f6589d9f84,2016-02-06,2578129,3291,29,Gareth Barry,starting_lineup,Central Midfield,18,0
bb8f0f202dbe07dbd00eb11933a26add,2016-02-07,2578130,3160,631,John Terry,starting_lineup,Centre-Back,26,1
a7012c385b419f21fc461d1071fc65c8,2016-02-07,2578130,3332,985,Wayne Rooney,starting_lineup,Centre-Forward,10,1
6a1e10a38a3f59ace893f615f1c78447,2016-02-03,2578131,3160,631,John Terry,starting_lineup,Centre-Back,26,1
d8622c520e0076e6d1e947750b78f3dd,2016-02-06,2578134,3202,31,Kolo Touré,substitutes,Centre-Back,4,0
b058da1f213248874ef7a0830b5cb59b,2016-02-06,2578134,3333,31,James Milner,starting_lineup,Right Midfield,7,0
24005c7eccb2d8b4659332e7e3025d14,2016-02-06,2578134,3405,289,Wes Brown,substitutes,Centre-Back,5,0
eb237e8decd081d3b338712d249ca47b,2016-02-13,2578135,3160,631,John Terry,starting_lineup,Centre-Back,26,1
f9f047af5cc90f85d3d35d8138de2f40,2016-02-13,2578140,3332,985,Wayne Rooney,starting_lineup,Centre-Forward,10,1
8ae304b4d3ab0ecfb8e42dd9df4114f6,2016-02-13,2578140,3405,289,Wes Brown,substitutes,Centre-Back,5,0
20f41f49dfeb540fd0661979f6fd59ce,2016-02-06,2578141,2963,281,Martín Demichelis,starting_lineup,Centre-Back,26,0
0cbf6910642c77fcf8cfbaf9309c41eb,2016-02-06,2578141,2998,1003,Robert Huth,starting_lineup,Centre-Back,6,0
84a7c06b055ba4d1368e03bf59006628,2016-02-06,2578141,3357,1003,Mark Schwarzer,substitutes,Goalkeeper,32,0
0d56b0eb8ad80e2e438ec64395760df2,2016-04-20,2578142,3202,31,Kolo Touré,substitutes,Centre-Back,4,0
42dd6c6a21ca3fc35bfac3cc65004de3,2016-04-20,2578142,3291,29,Gareth Barry,starting_lineup,Central Midfield,18,1
08154ff9b94b7f8a827047e62e98f85d,2016-04-20,2578142,3333,31,James Milner,starting_lineup,Right Midfield,7,1
cc1561ff375531ed7865b52465bf5174,2016-02-14,2578143,3202,31,Kolo Touré,starting_lineup,Centre-Back,4,0
d3bb592ad541406084c409c2fa754e32,2016-02-14,2578143,3333,31,James Milner,starting_lineup,Right Midfield,7,0
70707d93e72a73993e340596ab4e3eb2,2016-02-14,2578144,2998,1003,Robert Huth,starting_lineup,Centre-Back,6,0
283213fe08f1282fa6eb8d97de20561e,2016-02-14,2578144,3357,1003,Mark Schwarzer,substitutes,Goalkeeper,32,0
0d24fd0f18da3bd53c4e030652916fb0,2016-02-13,2578146,3291,29,Gareth Barry,starting_lineup,Defensive Midfield,18,0
861daab45f136d94b4646fe9b2c48ff7,2016-02-27,2578151,3306,512,Jonathan Walters,starting_lineup,Centre-Forward,19,0
4177f5245f929c0cd850900bf7e3ba74,2016-02-13,2578152,3306,512,Jonathan Walters,starting_lineup,Centre-Forward,19,0
f8e15d25dc56ffcab076774c745bc383,2016-02-13,2578152,3356,989,Sylvain Distin,substitutes,Centre-Back,25,0
1faac7c9979881c52429bb2e91f609cb,2016-02-27,2578154,2998,1003,Robert Huth,starting_lineup,Centre-Back,6,0
4504a4f984e280a4f1984240026e03f2,2016-02-27,2578154,3357,1003,Mark Schwarzer,substitutes,Goalkeeper,32,0
eceee2430ba709b625723b340c0393df,2016-03-01,2578157,2998,1003,Robert Huth,starting_lineup,Centre-Back,6,0
f31437936125b12af55bc2575d2f8247,2016-03-01,2578157,3357,1003,Mark Schwarzer,substitutes,Goalkeeper,32,0
e5bae75752312e5d8a41edde1be268a1,2016-03-01,2578166,3291,29,Gareth Barry,starting_lineup,Defensive Midfield,18,0
aa9b4cbf5464954a9ee8d3874b3cef80,2016-03-05,2578169,3291,29,Gareth Barry,substitutes,Defensive Midfield,18,0
28ecfbeb537652416e7ccf8cc19f90ac,2016-03-02,2578170,3306,512,Jonathan Walters,starting_lineup,Centre-Forward,19,0
0e49654a5ff4c6490b93ad2aa402f961,2016-03-05,2578172,2998,1003,Robert Huth,starting_lineup,Centre-Back,6,0
df07104971d68c2226916fad49f0dfa1,2016-03-05,2578172,3357,1003,Mark Schwarzer,substitutes,Goalkeeper,32,0
d36086f74f9b71b292f4de4bd14908b0,2016-03-06,2578173,3202,31,Kolo Touré,substitutes,Centre-Back,4,0
bc5395f367bd04a868a8907bf632792d,2016-03-06,2578173,3333,31,James Milner,starting_lineup,Right Midfield,7,0
cfa3a0e1df963cac94d07f29279735bb,2016-04-20,2578176,3332,985,Wayne Rooney,starting_lineup,Attacking Midfield,10,1
fb9657166c47ac35528e92e4d66bb7a6,2016-03-02,2578178,2963,281,Martín Demichelis,substitutes,Centre-Back,26,0
106c519a50ec4491bee32e70484a1026,2016-03-02,2578178,3202,31,Kolo Touré,starting_lineup,Centre-Back,4,0
53492347ffe5d790a65090e424048d8f,2016-03-02,2578178,3333,31,James Milner,starting_lineup,Right Midfield,7,0
73c6111bf763ceea2f2ab1feca490810,2016-03-05,2578179,3356,989,Sylvain Distin,substitutes,Centre-Back,25,0
4b5526286c8a15d03916f971534ed577,2016-03-12,2578180,3306,512,Jonathan Walters,substitutes,Right Winger,19,0
fc0046bdef94a7cd470a45b8ad314d6e,2016-05-11,2578181,3202,31,Kolo Touré,starting_lineup,Centre-Back,4,0
e08e703ad9e5cb5b3782d7a4c3d407e8,2016-05-11,2578181,3333,31,James Milner,starting_lineup,Left Midfield,7,1
0024cf44da081315f18a1faa0cb388b8,2016-03-19,2578183,2998,1003,Robert Huth,starting_lineup,Centre-Back,6,0
a70158634301980352ede39618feaa72,2016-03-19,2578183,3357,1003,Mark Schwarzer,substitutes,Goalkeeper,32,0
324e5ec48ca376bb7366447caf5fe4f6,2016-03-19,2578190,3160,631,John Terry,starting_lineup,Centre-Back,26,1
3ef537133f1fcc9e3d7661e61689a0d0,2016-03-14,2578192,2998,1003,Robert Huth,starting_lineup,Centre-Back,6,0
0cf662d41bd79913e4d5e87df02021d6,2016-03-14,2578192,3357,1003,Mark Schwarzer,substitutes,Goalkeeper,32,0
f824eebb5e2bcabfe702d8da3feff1e9,2016-04-03,2578198,2998,1003,Robert Huth,starting_lineup,Centre-Back,6,0
fd24c076738ce92ed66c099de486fdf4,2016-04-03,2578198,3357,1003,Mark Schwarzer,substitutes,Goalkeeper,32,0
211bd3b0f8035edec5f39f2ef097d330,2016-04-02,2578199,3202,31,Kolo Touré,substitutes,Centre-Back,4,0
2ad5dca3ea4221956b88ef35fc1d9eda,2016-04-02,2578199,3333,31,James Milner,starting_lineup,Right Midfield,7,0
357ce3928651834f62e4dd7ae289ea35,2016-05-11,2578200,3291,29,Gareth Barry,starting_lineup,Defensive Midfield,18,1
c496221cba6ab374ed480ef8e09b43c8,2016-03-19,2578201,3306,512,Jonathan Walters,starting_lineup,Right Winger,19,0
4cf517f76e08aad9e988ec7d0c55438b,2016-03-20,2578202,2514,985,Bastian Schweinsteiger,substitutes,Central Midfield,31,0
cdd285583c1d3d35a3a1aef5776eae03,2016-03-20,2578202,2963,281,Martín Demichelis,starting_lineup,Centre-Back,26,0
d214d9a44487a5e4f43c595ca648c2f1,2016-04-10,2578211,2998,1003,Robert Huth,starting_lineup,Centre-Back,6,0
971542702afc582100bbea7409cab886,2016-04-10,2578211,3357,1003,Mark Schwarzer,substitutes,Goalkeeper,32,0
b614d2304a01274e1573e58921a90e8f,2016-04-09,2578215,3291,29,Gareth Barry,starting_lineup,Defensive Midfield,18,0
7230495ca15274a62c52adec13be1547,2016-04-10,2578217,3146,512,Shay Given,substitutes,Goalkeeper,24,0
3feea1522471ec89ade89a641dbf3413,2016-04-10,2578217,3202,31,Kolo Touré,starting_lineup,Centre-Back,4,0
97c66376a292ab253a98a321617c834a,2016-04-10,2578217,3333,31,James Milner,starting_lineup,Right Midfield,7,1
90edcbde4d1944addcf931f01cdcce5f,2016-01-02,2578222,2998,1003,Robert Huth,starting_lineup,Centre-Back,6,0
744686da69a7b3d1cbd2215ae9afc11e,2016-01-02,2578222,3356,989,Sylvain Distin,substitutes,Centre-Back,25,0
bde3b34d3215fdb8ea66a8bc4226b5a7,2016-01-02,2578222,3357,1003,Mark Schwarzer,substitutes,Goalkeeper,32,0
0063980ee16a65fe43410b3612c15b65,2016-01-03,2578223,3160,631,John Terry,starting_lineup,Centre-Back,26,1
2afef20cfdb240381d8b424eae40461a,2015-12-30,2578224,3202,31,Kolo Touré,substitutes,Centre-Back,4,0
409689a0fe2adc78b0de17dc3b3a13cf,2015-12-30,2578224,3405,289,Wes Brown,starting_lineup,Centre-Back,5,0
4835f529532b79aaf615bf8ba4533fb4,2015-12-28,2578227,3291,29,Gareth Barry,starting_lineup,Defensive Midfield,18,1
67aee664be7293288094d90c8327b907,2015-12-28,2578227,3306,512,Jonathan Walters,substitutes,Right Winger,19,0
1f70a5b25d7545b6a454608a88b9239c,2016-01-02,2578228,3306,512,Jonathan Walters,substitutes,Right Winger,19,0
1228f508286201fbd54caee1dde2d9d9,2016-01-03,2578229,3291,29,Gareth Barry,starting_lineup,Defensive Midfield,18,1
98d0a79304117d30dcd8d5da55bac568,2015-12-29,2578230,2963,281,Martín Demichelis,substitutes,Centre-Back,26,0
905499747fce3e96767f00b6922804e7,2015-12-29,2578230,2998,1003,Robert Huth,starting_lineup,Centre-Back,6,0
05ec99d663af0b8744c3e30c480e9c40,2015-12-29,2578230,3357,1003,Mark Schwarzer,substitutes,Goalkeeper,32,0
48ca574f7b35447411beeeaaf9332a54,2016-04-23,2578231,2963,281,Martín Demichelis,substitutes,Defensive Midfield,26,0
a6e5f0baf0c8d28e3dd9a4fe7fea537b,2016-04-23,2578231,3146,512,Shay Given,starting_lineup,Goalkeeper,24,0
0499e7b9c2627634093af38f1adbaa78,2016-04-16,2578232,3332,985,Wayne Rooney,starting_lineup,Second Striker,10,1
10e9cad899ce1564af0aba5e2e94f493,2016-01-02,2578233,2514,985,Bastian Schweinsteiger,starting_lineup,Central Midfield,31,0
3fef59bf2d314598cb341dad9c0cbe05,2016-01-02,2578233,3332,985,Wayne Rooney,starting_lineup,Centre-Forward,10,1
2e21e78c5d0f92c4a3f942cfbc021e51,2016-04-17,2578235,2998,1003,Robert Huth,starting_lineup,Centre-Back,6,0
d136a53620b2e8ee2117a8390f0e1df6,2016-04-17,2578235,3357,1003,Mark Schwarzer,substitutes,Goalkeeper,32,0
85d9202c8b010884becd476a3ba51877,2015-12-28,2578236,2514,985,Bastian Schweinsteiger,starting_lineup,Central Midfield,31,0
ed2789ec9859dede04b0ce081a0c800a,2015-12-28,2578236,3160,631,John Terry,starting_lineup,Centre-Back,26,1
459af4d0229dae204fb6b011f1581be7,2015-12-28,2578236,3332,985,Wayne Rooney,starting_lineup,Centre-Forward,10,1
6e49191da35ef227966ea7cc9e921c56,2016-05-10,2578237,3332,985,Wayne Rooney,starting_lineup,Attacking Midfield,10,1
89a4380080086c906ceb9de31b561985,2016-01-02,2578239,2963,281,Martín Demichelis,substitutes,Centre-Back,26,0
8ba47dbe447500939ed9802f4a79f1cb,2016-01-02,2578247,3405,289,Wes Brown,starting_lineup,Centre-Back,5,0
f7c4b0628b4fefeae228fe831a3a5b89,2016-04-17,2578249,3202,31,Kolo Touré,starting_lineup,Centre-Back,4,0
af0343faa87e5e4fcac55393cec00fad,2016-04-17,2578249,3333,31,James Milner,substitutes,Central Midfield,7,0
8a6a6af84190d767d943471681dc0454,2016-05-15,2578252,3146,512,Shay Given,starting_lineup,Goalkeeper,24,0
aba2d2b6c43e7c2d2e20cddd6fa001f4,2016-05-15,2578252,3306,512,Jonathan Walters,starting_lineup,Right Winger,19,0
ab7df48c4aaf0066a8452f3f1aba5c72,2016-04-18,2578258,3146,512,Shay Given,starting_lineup,Goalkeeper,24,0
9dd5086fc460f106cbd95096e557fd7c,2016-05-17,2578259,3332,985,Wayne Rooney,starting_lineup,Attacking Midfield,10,1
95c1554327f67ff1a2bf8e696a3c7f99,2016-05-02,2578262,3160,631,John Terry,starting_lineup,Centre-Back,26,1
431c62ca1fabb21cfca80a5192a4af9a,2016-04-13,2578263,3291,29,Gareth Barry,starting_lineup,Defensive Midfield,18,1
01a488593791b51af05fcfbf501a97ac,2016-05-15,2578267,3291,29,Gareth Barry,starting_lineup,Defensive Midfield,18,0
5e9832af48c0d98617de3c624e383aab,2016-05-07,2578268,3332,985,Wayne Rooney,starting_lineup,Centre-Forward,10,1
28957ea7324a58efee549ccbc3b2ea21,2016-05-07,2578269,3306,512,Jonathan Walters,substitutes,Right Winger,19,0
8cb843a8c1080be7c90120e38dde6ec1,2016-04-23,2578273,3202,31,Kolo Touré,starting_lineup,Centre-Back,4,0
b133a58817bbc85ae550fd111346d0a1,2016-04-23,2578273,3333,31,James Milner,starting_lineup,Central Midfield,7,1
89feab0b033aaba2e757609b3e0ae0a6,2016-04-24,2578280,2998,1003,Robert Huth,starting_lineup,Centre-Back,6,0
e7926fca7389c469274ed736ac182435,2016-04-24,2578280,3357,1003,Mark Schwarzer,substitutes,Goalkeeper,32,0
4591b85a52dc3a477c16f72647baa516,2016-04-30,2578281,3306,512,Jonathan Walters,substitutes,Left Winger,19,0
42ea4e850dabcb9796303b66e5b59fc5,2016-05-01,2578283,2998,1003,Robert Huth,starting_lineup,Centre-Back,6,0
fa920d2c497385077ed671504ea60dbf,2016-05-01,2578283,3332,985,Wayne Rooney,starting_lineup,Attacking Midfield,10,1
affd8eeea98181fa7e307a9768dec100,2016-05-01,2578283,3357,1003,Mark Schwarzer,substitutes,Goalkeeper,32,0
5c1ae97715cb707fe43cd546e4963a8a,2016-05-01,2578285,2963,281,Martín Demichelis,substitutes,Defensive Midfield,26,0
51a89c3295da5c3e508c0ca88b574176,2016-05-07,2578288,3160,631,John Terry,starting_lineup,Centre-Back,26,1
289a596b170aa325613c7d94acd6354f,2015-11-29,2579970,3179,371,Carlton Cole,substitutes,Centre-Forward,24,0
48ed9e8d27ae2c53ed970864d87c35da,2016-01-19,2579974,3179,371,Carlton Cole,substitutes,Centre-Forward,24,0
2a7d95285a6d07b0a464d7613a8cd65d,2015-08-14,2581147,1784,41,René Adler,starting_lineup,Goalkeeper,15,0
b33b9df7a38d83eb763336fc4cf7e319,2015-08-14,2581147,2219,27,Philipp Lahm,starting_lineup,Right Midfield,21,1
58ec80492157ec423028d43bb5b0ad35,2015-08-15,2581149,1277,86,Clemens Fritz,starting_lineup,Right Midfield,8,1
03c1fb25e454f2b8f9f99f84c3c66176,2015-08-15,2581149,1662,33,Sascha Riether,starting_lineup,Right-Back,27,0
1973380ac474ec7eb760a569f6e2aa32,2015-08-15,2581150,1331,533,Kevin Kuranyi,starting_lineup,Centre-Forward,22,0
6c679e29f5d7b476fe6608896795cccb,2015-08-15,2581150,3256,15,Roberto Hilbert,starting_lineup,Right-Back,13,0
a4b654c630539d629f04e56c8edd2125,2015-08-16,2581152,1126,3,Matthias Lehmann,starting_lineup,Defensive Midfield,33,1
5a6d9ad72173a494cbbc6c2c5a4e5a8c,2015-08-15,2581153,1586,42,Christian Schulz,starting_lineup,Centre-Back,19,1
6355076c80972b911c97dec79a9d351f,2015-08-15,2581153,2926,105,György Garics,substitutes,Right-Back,13,0
eced6be353a9da112c185b737efff9ce,2015-08-15,2581155,1791,167,Halil Altıntop,starting_lineup,Attacking Midfield,7,0
9a0c521d3e8fa2f694d81b602f1fef47,2015-08-15,2581155,1986,167,Markus Feulner,starting_lineup,Left-Back,8,0
51600e598c0ada67626ee85646f84b12,2015-08-22,2581174,1662,33,Sascha Riether,substitutes,Right-Back,27,0
5c6fab5d8dea5fa42c98271eb5ebce1e,2015-08-22,2581174,2926,105,György Garics,starting_lineup,Right-Back,13,0
c47e01d158f62ed68b8b4e1e2bba8591,2015-08-22,2581176,1784,41,René Adler,starting_lineup,Goalkeeper,15,0
15d40379455f7fbb7760085c00032a9b,2015-08-22,2581177,1791,167,Halil Altıntop,starting_lineup,Attacking Midfield,7,0
cc95aa33548cd4fe1499e60041552c1c,2015-08-22,2581177,1986,167,Markus Feulner,substitutes,Right Midfield,8,0
b0ce23ee5d653a13a1b7bf869d2965e2,2015-08-22,2581178,1126,3,Matthias Lehmann,starting_lineup,Defensive Midfield,33,1
1c6b38a070a60bb6c5d81233a5da546f,2015-08-22,2581179,1586,42,Christian Schulz,starting_lineup,Centre-Back,19,1
e8dc82f0a15ea38e1fdd7ed43357ff0e,2015-08-22,2581179,3256,15,Roberto Hilbert,starting_lineup,Right-Back,13,0
f12f63ec9210438b3a1a1ffc1c1703f1,2015-08-21,2581180,1277,86,Clemens Fritz,starting_lineup,Central Midfield,8,1
513fe668c59045fe77c52dd166e191c0,2015-08-22,2581181,1331,533,Kevin Kuranyi,starting_lineup,Centre-Forward,22,0
5b7e17f46c922e5ebb6298fb5f9d70b9,2015-08-22,2581181,2219,27,Philipp Lahm,starting_lineup,Right Midfield,21,1
a0f90ea1a6d9fb4698e1b7dfec81e33f,2015-08-29,2581183,2219,27,Philipp Lahm,starting_lineup,Centre-Back,21,1
943d3cb73a1a76b794adc2bd78e4cf9d,2015-08-29,2581183,3256,15,Roberto Hilbert,starting_lineup,Right-Back,13,0
ef5d6944e8737be9308a3762d91e2562,2015-08-28,2581185,1662,33,Sascha Riether,starting_lineup,Right-Back,27,0
d3e77ccd4cdcb6d436b02eeded3c08aa,2015-08-30,2581187,1277,86,Clemens Fritz,starting_lineup,Right Midfield,8,1
c8baa02a04a634e396f9c12e3bbd8ca4,2015-08-29,2581188,1126,3,Matthias Lehmann,starting_lineup,Defensive Midfield,33,1
40b8cb0d429e92bab0cfecd162e7766a,2015-08-29,2581188,1784,41,René Adler,starting_lineup,Goalkeeper,15,1
9229ef913d89c1bff9e34c85c4b6d476,2015-08-29,2581189,1586,42,Christian Schulz,starting_lineup,Centre-Back,19,1
5d608f2eb8bf6065ffb3a9e16a8c68ce,2015-08-29,2581190,1331,533,Kevin Kuranyi,starting_lineup,Centre-Forward,22,0
cf5e27a7181a85f4e5afeb9203e8942e,2015-08-29,2581190,2926,105,György Garics,starting_lineup,Right-Back,13,0
bb217303b5e9dd45485c70085557acad,2015-08-29,2581191,1791,167,Halil Altıntop,starting_lineup,Attacking Midfield,7,0
f216ef55a99314c924b8287cb5d94517,2015-08-29,2581191,1986,167,Markus Feulner,substitutes,Central Midfield,8,0
7a7f8ea71d29029e61674d74919e0fa9,2015-09-12,2581192,1791,167,Halil Altıntop,substitutes,Second Striker,7,0
f9f4d585f9caa4347b60d34c02827325,2015-09-12,2581192,1986,167,Markus Feulner,starting_lineup,Left-Back,8,0
ef87dc79a3472141b976c49349475ec3,2015-09-12,2581192,2219,27,Philipp Lahm,starting_lineup,Right Midfield,21,1
ab5d9c00acec3a4645d138d9baa00bf3,2015-09-12,2581192,2623,167,Piotr Trochowski,substitutes,Attacking Midfield,15,0
e48a44b428a00c768b5cc65a8c000d80,2015-09-12,2581194,2926,105,György Garics,starting_lineup,Right-Back,13,0
d105b201620c667f350b91f1262fe051,2015-09-12,2581194,3256,15,Roberto Hilbert,starting_lineup,Right-Back,13,0
6b774d62cf2ab2b94a3d6bb824591245,2015-09-11,2581195,568,18,Martin Stranzl,starting_lineup,Centre-Back,39,1
7cd91d8ce1610bbe7da3a8f45169010d,2015-09-12,2581196,1126,3,Matthias Lehmann,starting_lineup,Defensive Midfield,33,1
6b2d26dc2bc2477fdddb8dc2c8004273,2015-09-12,2581196,1565,24,Alexander Meier,starting_lineup,Attacking Midfield,14,1
70d34808376f63ceaaea1a1965c271a1,2015-09-13,2581199,532,86,Claudio Pizarro,substitutes,Centre-Forward,14,0
0d5fd7b47216c6881fe1236d47ce0e83,2015-09-13,2581199,1277,86,Clemens Fritz,starting_lineup,Right Midfield,8,1
d989309629d8be969097d30101d0153c,2015-09-13,2581199,1331,533,Kevin Kuranyi,starting_lineup,Centre-Forward,22,0
930ae1e90b8a4c77a93b39ba0f4c3ab3,2015-09-12,2581200,1667,82,Diego Benaglio,starting_lineup,Goalkeeper,1,1
1c4dce04d0771e4c4aec8d6c96c20648,2015-09-19,2581634,1667,82,Diego Benaglio,starting_lineup,Goalkeeper,1,1
8df715e627593644a6f5ea97a601d675,2015-09-19,2581635,1565,24,Alexander Meier,starting_lineup,Attacking Midfield,14,1
0e46393af024833020c71301727784d7,2015-09-19,2581635,1784,41,René Adler,substitutes,Goalkeeper,15,0
e03620a6cdd861edc7309f69ea4a7105,2015-09-20,2581637,1586,42,Christian Schulz,starting_lineup,Centre-Back,19,1
03fd2c2f9b4f1d5a73857da99076f321,2015-09-20,2581637,1791,167,Halil Altıntop,starting_lineup,Attacking Midfield,7,0
cce91b081a0005a1c65ec3f3247f1320,2015-09-20,2581637,1986,167,Markus Feulner,substitutes,Central Midfield,8,0
23893079c75dc35768bc07f3f89e938c,2015-09-20,2581637,2623,167,Piotr Trochowski,substitutes,Attacking Midfield,15,0
271f8775a450d1325c4a9b2780a5682f,2015-09-19,2581638,532,86,Claudio Pizarro,substitutes,Centre-Forward,14,0
0ebc025bad175f126e41464ba33cd759,2015-09-19,2581638,1277,86,Clemens Fritz,starting_lineup,Right Midfield,8,1
64200145cc08162a1e638aba2f1c6337,2015-09-19,2581639,1126,3,Matthias Lehmann,starting_lineup,Defensive Midfield,33,1
3e4b40e062738083afa381dc5df506fa,2015-09-18,2581640,1331,533,Kevin Kuranyi,substitutes,Centre-Forward,22,0
efa1c328f5472de09ceeda729ff32748,2015-09-19,2581641,2219,27,Philipp Lahm,substitutes,Right-Back,21,0
c6d3d76f5ff1b713fc6efec735fff0a9,2015-09-19,2581641,2926,105,György Garics,starting_lineup,Right-Back,13,0
4d8c7906b90a9109cea86aa9de11daf5,2015-09-22,2581642,1667,82,Diego Benaglio,starting_lineup,Goalkeeper,1,1
192e0a753851229f8c98e90174bf6b4b,2015-09-22,2581642,2219,27,Philipp Lahm,starting_lineup,Right-Back,21,1
fc8e7f50e3601d782caa203c4ca765f1,2015-09-23,2581643,1565,24,Alexander Meier,starting_lineup,Attacking Midfield,14,1
7ebf10f0e0525ba2df6e13dbde300ae9,2015-09-23,2581643,1662,33,Sascha Riether,starting_lineup,Right-Back,27,0
24b801d854414d840546504c16fd14d9,2015-09-23,2581645,1791,167,Halil Altıntop,substitutes,Attacking Midfield,7,0
ef6ddc19db34d8f9488847f46ff7ac23,2015-09-23,2581645,1986,167,Markus Feulner,substitutes,Left-Back,8,0
82d2a04a214f967f1e482369dab9a13d,2015-09-23,2581645,2623,167,Piotr Trochowski,substitutes,Attacking Midfield,15,0
badf6bf8cd97ad4d02f3172c81d78419,2015-09-23,2581646,1586,42,Christian Schulz,starting_lineup,Centre-Back,19,1
9d120e024a5d807df7b7812bf0466aed,2015-09-22,2581647,1126,3,Matthias Lehmann,starting_lineup,Defensive Midfield,33,1
e7bc28d6ac543106126f9d75058880a3,2015-09-23,2581648,26,16,Roman Weidenfeller,substitutes,Goalkeeper,1,0
b529068c930d04b42ea65379f7560031,2015-09-23,2581648,1331,533,Kevin Kuranyi,substitutes,Centre-Forward,22,0
3fd5a043f7a7128b8ee6a29e631969cb,2015-09-22,2581650,532,86,Claudio Pizarro,substitutes,Centre-Forward,14,0
e46c89ab846578567e05b67440bdb449,2015-09-22,2581650,1277,86,Clemens Fritz,starting_lineup,Defensive Midfield,8,1
463503f0f0b328f337af7488070bbd52,2015-09-22,2581650,2926,105,György Garics,starting_lineup,Right-Back,13,0
157d69aeb06d266300a7270bc9199a79,2015-09-27,2581651,26,16,Roman Weidenfeller,substitutes,Goalkeeper,1,0
6fc7c47de2dde18cb99cfd6eddce80a9,2015-09-27,2581651,2926,105,György Garics,starting_lineup,Right-Back,13,0
66fd42ae64bcb315e5cad1c3dc56956a,2015-09-26,2581652,1586,42,Christian Schulz,starting_lineup,Centre-Back,19,1
984bf27a8e3b8d6cc795a9d5483e145b,2015-09-26,2581652,1667,82,Diego Benaglio,starting_lineup,Goalkeeper,1,1
5087f83be40797aa7a7a5feddfdebddf,2015-09-26,2581655,1331,533,Kevin Kuranyi,substitutes,Centre-Forward,22,0
bab2a29f33ce84450ef402d46df303df,2015-09-26,2581655,1791,167,Halil Altıntop,starting_lineup,Second Striker,7,0
fcf2e04121507f0f50e178838ec4e950,2015-09-26,2581655,1986,167,Markus Feulner,substitutes,Central Midfield,8,0
e7a675642da0fddc6ecb2f376fc44007,2015-09-26,2581655,2623,167,Piotr Trochowski,substitutes,Central Midfield,15,0
8fbe6315755e2d12530b1a3e6173aef5,2015-09-26,2581656,532,86,Claudio Pizarro,starting_lineup,Second Striker,14,0
495602595e4f8f92f061139063107531,2015-09-26,2581656,1277,86,Clemens Fritz,starting_lineup,Right Midfield,8,1
d90e30105c5b77d4219e978b6c4a89a1,2015-09-27,2581657,1565,24,Alexander Meier,starting_lineup,Attacking Midfield,14,1
0684ac670284143c0270ee7eea1960ae,2015-09-25,2581658,1126,3,Matthias Lehmann,starting_lineup,Defensive Midfield,33,1
d0719c840ecf78c17d8e7533d5524f0b,2015-09-26,2581659,2219,27,Philipp Lahm,starting_lineup,Right-Back,21,1
533a47bd796f6b881bbb8237fcba4621,2015-10-04,2581666,26,16,Roman Weidenfeller,substitutes,Goalkeeper,1,0
77dde5c136cf845ae53f4e2b374c666a,2015-10-04,2581666,2219,27,Philipp Lahm,starting_lineup,Central Midfield,21,1
d2e4cb3111e25a0f1bcb7381760a6e03,2015-10-04,2581667,1126,3,Matthias Lehmann,starting_lineup,Defensive Midfield,33,1
a696f6551258cd44ce1640e21a99d563,2015-10-04,2581667,1662,33,Sascha Riether,substitutes,Right-Back,27,0
f94ef02655caaa568b2d8cb446264e4d,2015-10-04,2581668,1791,167,Halil Altıntop,starting_lineup,Second Striker,7,0
8d9f9aeae22dcae09097fa9a4da95433,2015-10-04,2581668,1986,167,Markus Feulner,substitutes,Central Midfield,8,0
87f8db383d39947f201dc67fa3285123,2015-10-04,2581668,2623,167,Piotr Trochowski,substitutes,Attacking Midfield,15,0
8c7554a35a837ff52bbec04d75b4558c,2015-10-03,2581669,1144,18,Christofer Heimeroth,substitutes,Goalkeeper,33,0
459edb445c5a2e7d3d8bc8eaa034d428,2015-10-03,2581669,1667,82,Diego Benaglio,starting_lineup,Goalkeeper,1,1
d0bf18466e69ae87e4c7f773e5cba4ff,2015-10-03,2581670,532,86,Claudio Pizarro,substitutes,Centre-Forward,14,0
fd83e3deb06fb21742c05e5e7d8479f9,2015-10-03,2581670,1277,86,Clemens Fritz,starting_lineup,Defensive Midfield,8,1
37b3f68c77b95a5ffc504dd82219ba66,2015-10-03,2581670,1586,42,Christian Schulz,starting_lineup,Centre-Back,19,1
b293c7b607105a5c580ceeedb1923bbe,2015-10-03,2581672,1331,533,Kevin Kuranyi,substitutes,Centre-Forward,22,0
3cd845e9e6535e8f424bc587cf85798e,2015-10-03,2581673,1565,24,Alexander Meier,starting_lineup,Attacking Midfield,14,1
1a1e63fa7407fc6948b6ddd994e2a3e4,2015-10-02,2581674,2926,105,György Garics,starting_lineup,Right-Back,13,0
eddf751cfa6254db81cc8240c2e7becd,2015-10-17,2581675,1662,33,Sascha Riether,starting_lineup,Right-Back,27,0
760786e618c7115a64db7b6e4fc282f2,2015-10-17,2581676,1331,533,Kevin Kuranyi,substitutes,Centre-Forward,22,0
7e5b93371fedb99826452ecfdc1e292a,2015-10-17,2581676,1667,82,Diego Benaglio,starting_lineup,Goalkeeper,1,1
8c02180770b1d90af191f2fcbe1376e3,2015-10-17,2581677,1784,41,René Adler,starting_lineup,Goalkeeper,15,0
0477da48aded19569dfbff4ce1931b9c,2015-10-17,2581679,1791,167,Halil Altıntop,starting_lineup,Attacking Midfield,7,0
ee67cd7dad5bba3bbe3d9da3b7e20820,2015-10-17,2581679,1986,167,Markus Feulner,substitutes,Central Midfield,8,0
5a4225b743225e884e2dade899377cb6,2015-10-17,2581679,2623,167,Piotr Trochowski,substitutes,Central Midfield,15,0
158766261143f62418d614778c1d747c,2015-10-17,2581679,2926,105,György Garics,starting_lineup,Right-Back,13,0
7c779afdf7cfc23d13249a9d70424c82,2015-10-17,2581680,532,86,Claudio Pizarro,substitutes,Centre-Forward,14,0
5bfddeced2e9a482286d4c9c3a74fcba,2015-10-17,2581680,1277,86,Clemens Fritz,starting_lineup,Central Midfield,8,1
89af4831f243ee4c2b3cf4c821f69630,2015-10-17,2581680,2219,27,Philipp Lahm,starting_lineup,Right Midfield,21,1
891751c124c5b9b161b10614a9d3ea45,2015-10-17,2581681,1565,24,Alexander Meier,starting_lineup,Attacking Midfield,14,1
fe4d3cf21443a2272a17fb6580dbe06c,2015-10-18,2581682,1126,3,Matthias Lehmann,starting_lineup,Defensive Midfield,33,1
e601da2078a351c938f6e209d4b1fbb0,2015-10-18,2581682,1586,42,Christian Schulz,starting_lineup,Centre-Back,19,1
178c019dcce59f960036c32a41a0d2ed,2015-10-24,2581690,1126,3,Matthias Lehmann,starting_lineup,Defensive Midfield,33,1
6ddd0c7e27b9bc02cf5565e2c8eb7e5f,2015-10-24,2581690,2219,27,Philipp Lahm,starting_lineup,Right-Back,21,1
3c5c651f10e13facd71944f2a66dfdd7,2015-10-25,2581691,26,16,Roman Weidenfeller,substitutes,Goalkeeper,1,0
888a23110725bf675d2ec872612b2dce,2015-10-25,2581691,1791,167,Halil Altıntop,substitutes,Attacking Midfield,7,0
5aa2755e1ad298fe29ebf3c9c15abca4,2015-10-25,2581691,1986,167,Markus Feulner,starting_lineup,Right-Back,8,0
f0081b53b44a5643b6d11ad779e7f4d9,2015-10-25,2581691,2623,167,Piotr Trochowski,starting_lineup,Central Midfield,15,0
df15bab5b273a1220aa03a831406c583,2015-10-25,2581693,1144,18,Christofer Heimeroth,substitutes,Goalkeeper,33,0
a58bf00500443fb4864907eba0ffad32,2015-10-25,2581693,1662,33,Sascha Riether,starting_lineup,Right-Back,27,0
498b86eea34feadf21cf95696e5a0fcf,2015-10-24,2581694,1565,24,Alexander Meier,starting_lineup,Second Striker,14,1
7e2e13569ace541c2808af5cf5a1c8c5,2015-10-24,2581694,1586,42,Christian Schulz,starting_lineup,Centre-Back,19,1
33f5968f52d3d8fd94b1f88600ace8ec,2015-10-23,2581695,1331,533,Kevin Kuranyi,substitutes,Centre-Forward,22,0
22b8bf5ccc33724e27e475a04134d566,2015-10-23,2581695,1784,41,René Adler,starting_lineup,Goalkeeper,15,0
79450de5410ae35f6f13147ec6417354,2015-10-24,2581696,532,86,Claudio Pizarro,substitutes,Centre-Forward,14,0
59eb9ff401480a8f3d021a1a9dd1cb7d,2015-10-24,2581696,1277,86,Clemens Fritz,starting_lineup,Central Midfield,8,1
21648f2752c603e61a241dec2789ee4e,2015-10-24,2581698,1667,82,Diego Benaglio,starting_lineup,Goalkeeper,1,1
2d52b43ab024603636ee7dd88675f2a2,2015-10-24,2581698,2926,105,György Garics,starting_lineup,Right-Back,13,0
160061b9c428af7d6697f6bada7dd529,2015-10-31,2581700,1667,82,Diego Benaglio,starting_lineup,Goalkeeper,1,1
27f53f63881ffaa4e1a9a6ec6681de6d,2015-11-01,2581701,1586,42,Christian Schulz,starting_lineup,Centre-Back,19,1
0e540907ed78b08b56c6669c2fdf8ba5,2015-11-01,2581701,1784,41,René Adler,starting_lineup,Goalkeeper,15,0
65e7585da5ddf32dbc78697d30c532d6,2015-11-01,2581702,2926,105,György Garics,starting_lineup,Right-Back,13,0
2b4fa19ab2416db47a8cf7b394067c89,2015-10-31,2581703,1986,167,Markus Feulner,starting_lineup,Left-Back,8,0
788b7a8593d4980f99b1efecf09eeb02,2015-10-31,2581703,2623,167,Piotr Trochowski,substitutes,Attacking Midfield,15,0
45dc4f658e8f0ee51f5a6786670ebc11,2015-10-31,2581704,26,16,Roman Weidenfeller,substitutes,Goalkeeper,1,0
9da573575b7f61ab1a6c39a1a910e715,2015-10-31,2581704,532,86,Claudio Pizarro,substitutes,Second Striker,14,0
60762b8cb64452e572096470da751eb4,2015-10-31,2581704,1277,86,Clemens Fritz,starting_lineup,Central Midfield,8,1
7e303fd380dddad56fcff4c160f6be74,2015-10-30,2581705,1565,24,Alexander Meier,starting_lineup,Centre-Forward,14,1
f59ae4f3e97857c0cde439b43271f961,2015-10-30,2581705,2219,27,Philipp Lahm,starting_lineup,Right-Back,21,1
eb57206e09b2105786ddd50488313d1a,2015-10-31,2581706,1126,3,Matthias Lehmann,starting_lineup,Defensive Midfield,33,1
9c37cf754a77fd132661a5508d19f523,2015-10-31,2581706,1331,533,Kevin Kuranyi,substitutes,Centre-Forward,22,0
8dda487109c7627b9916cfe2c246b676,2015-11-07,2581716,1126,3,Matthias Lehmann,starting_lineup,Defensive Midfield,33,1
5480d6bb839e23db742e34ca28cbeda6,2015-11-08,2581718,532,86,Claudio Pizarro,substitutes,Centre-Forward,14,0
18e339a3ffc38d7313cb0a49a9527a12,2015-11-08,2581718,1986,167,Markus Feulner,substitutes,Central Midfield,8,0
1d9a315d585238b2c30ed1126d579ba2,2015-11-06,2581719,1586,42,Christian Schulz,starting_lineup,Centre-Back,19,1
651bf73bdc99006e2f9cbb0b847ae5d6,2015-11-07,2581720,1331,533,Kevin Kuranyi,starting_lineup,Centre-Forward,22,0
e6075acaf7e5e728c87793bd78b02bde,2015-11-07,2581720,1565,24,Alexander Meier,starting_lineup,Second Striker,14,1
aa99a714454ce8dc862f2494e0042ee6,2015-11-07,2581721,1667,82,Diego Benaglio,starting_lineup,Goalkeeper,1,1
2516f2778cb1179a47574cd8d677fb03,2015-11-07,2581722,1784,41,René Adler,starting_lineup,Goalkeeper,15,0
fe2ac5efa53668263584af89dbccd5e4,2015-11-07,2581722,2926,105,György Garics,starting_lineup,Right-Back,13,0
4c4f4c6c6b3d28b31ff4ba1a25070412,2015-11-21,2581723,1662,33,Sascha Riether,starting_lineup,Right-Back,27,0
4fa86491bb8eb1eed79ec5d93596c1a8,2015-11-21,2581723,2219,27,Philipp Lahm,starting_lineup,Right-Back,21,1
c7f364d0a0d59687d6a1dcbe4b128d5e,2015-11-21,2581724,1586,42,Christian Schulz,starting_lineup,Centre-Back,19,1
3284fc93c7fffbb71ce7fcd0574bdfce,2015-11-21,2581725,532,86,Claudio Pizarro,substitutes,Centre-Forward,14,0
0c05cd98bf1c0c04cc1aae78e6c1f06d,2015-11-21,2581725,1277,86,Clemens Fritz,starting_lineup,Central Midfield,8,1
24c5dd3df964eb091116d9523d108084,2015-11-21,2581725,1667,82,Diego Benaglio,starting_lineup,Goalkeeper,1,1
1097a86eb0b7bf4ee7ef8c0837b2f257,2015-11-20,2581726,26,16,Roman Weidenfeller,substitutes,Goalkeeper,1,0
9d01b6a526652c6b40affb83005b057d,2015-11-20,2581726,1784,41,René Adler,starting_lineup,Goalkeeper,15,0
a41423e5cac360e3de88d0ab42f7843e,2015-11-21,2581727,1791,167,Halil Altıntop,substitutes,Attacking Midfield,7,0
0e6250c29d20f41daf2fdb9fab932413,2015-11-21,2581728,1565,24,Alexander Meier,starting_lineup,Second Striker,14,1
ae578e7d59d85b8ea4bbffe4606f310f,2015-11-21,2581729,1126,3,Matthias Lehmann,starting_lineup,Defensive Midfield,33,1
5a57b0193df80507951dce4bd158f027,2015-11-22,2581730,1331,533,Kevin Kuranyi,substitutes,Centre-Forward,22,0
15412334989950d4538976da950f24f3,2015-11-22,2581731,2926,105,György Garics,starting_lineup,Right-Back,13,0
b66736911edd14bba2318dac540eaf4b,2015-11-28,2581738,2219,27,Philipp Lahm,starting_lineup,Right-Back,21,1
cf53a0cd218484e91966525d103e3787,2015-11-29,2581740,1662,33,Sascha Riether,starting_lineup,Right-Back,27,0
fcce8b401464923460a89ac43d0c0321,2015-11-29,2581741,1667,82,Diego Benaglio,starting_lineup,Goalkeeper,1,1
efff51b0ff7716e46c5af83fa4bdbb7f,2015-11-29,2581741,1791,167,Halil Altıntop,substitutes,Attacking Midfield,7,0
3c699cd8cb88f7f6c21718e411ec1f19,2015-11-29,2581741,2623,167,Piotr Trochowski,substitutes,Attacking Midfield,15,0
bfbb3dd66a442b8e2e0fce7b7ccb57fc,2015-11-28,2581742,532,86,Claudio Pizarro,starting_lineup,Centre-Forward,14,0
0e23f17681f80d9d57649259ecef822a,2015-11-28,2581742,1784,41,René Adler,starting_lineup,Goalkeeper,15,0
f0115a57f4d44706223080015821b2fd,2015-11-28,2581743,1586,42,Christian Schulz,starting_lineup,Centre-Back,19,1
df4ab6e51fcfe1542405746812bc5636,2015-11-28,2581745,1565,24,Alexander Meier,starting_lineup,Second Striker,14,1
e9275c5d30b0f63875b2ada1c5455800,2015-11-27,2581746,1126,3,Matthias Lehmann,starting_lineup,Defensive Midfield,33,1
c9ecefd32f8c4306066e416ecb840d13,2015-11-27,2581746,2926,105,György Garics,starting_lineup,Right-Back,13,0
83f6b3afd18f3d7d716bf1ca41b40086,2015-12-04,2581753,1586,42,Christian Schulz,starting_lineup,Centre-Back,19,1
25b98151562426a7750b1118927a4561,2015-12-04,2581753,1662,33,Sascha Riether,starting_lineup,Right-Back,27,0
2e1bec0a3572b0e59e8c0382cd849a5b,2015-12-05,2581754,2219,27,Philipp Lahm,starting_lineup,Right-Back,21,1
063fe773c418c02031a73d2ee83c5082,2015-12-05,2581755,26,16,Roman Weidenfeller,substitutes,Goalkeeper,1,0
8960bd40b79fa2d6040df344a853c9d2,2015-12-05,2581755,1667,82,Diego Benaglio,starting_lineup,Goalkeeper,1,1
f3657cb43581ff691c8441e404f2267f,2015-12-06,2581757,532,86,Claudio Pizarro,substitutes,Centre-Forward,14,0
7e46435cca62cb787c76d7491f6b1799,2015-12-06,2581757,1277,86,Clemens Fritz,starting_lineup,Central Midfield,8,1
d8d6f3af50f46050e5474d68adb4891d,2015-12-05,2581759,1126,3,Matthias Lehmann,starting_lineup,Defensive Midfield,33,1
6901e343f27f151807888012b26496b3,2015-12-05,2581759,1791,167,Halil Altıntop,substitutes,Attacking Midfield,7,0
83f6522a8cba926d4a57c19480812e9d,2015-12-05,2581759,1986,167,Markus Feulner,substitutes,Central Midfield,8,0
c840a371692bac426c55745438e7018e,2015-12-05,2581759,2623,167,Piotr Trochowski,substitutes,Attacking Midfield,15,0
33a53f442d3c34f8d34767ec73e0467d,2015-12-05,2581760,3256,15,Roberto Hilbert,substitutes,Right-Back,13,0
270b66848245da3cec8da07979408023,2015-12-05,2581761,1331,533,Kevin Kuranyi,substitutes,Centre-Forward,22,0
ca50730499f11339c38f0f5828945311,2015-12-12,2581762,2219,27,Philipp Lahm,starting_lineup,Right-Back,21,1
f76f5f7b3c5b72a7b049f7a7d5dd8222,2015-12-13,2581763,26,16,Roman Weidenfeller,substitutes,Goalkeeper,1,0
5e9397742513504537d277cfdd3d91c9,2015-12-13,2581763,1565,24,Alexander Meier,starting_lineup,Attacking Midfield,14,1
5eacdaf79ca0ebb7e773290c1a5739c9,2015-12-12,2581764,3256,15,Roberto Hilbert,starting_lineup,Right-Back,13,0
e11d7143542159b91092218754f0d326,2015-12-12,2581765,1667,82,Diego Benaglio,starting_lineup,Goalkeeper,1,1
717660800eb4255399e57cf7bbdf256d,2015-12-12,2581765,1784,41,René Adler,starting_lineup,Goalkeeper,15,1
e3ecc5510a62daecebe4aafd62a5bc63,2015-12-13,2581766,1662,33,Sascha Riether,starting_lineup,Right-Back,27,0
2443d47f23e68ff1784c8dba75699371,2015-12-13,2581766,1791,167,Halil Altıntop,substitutes,Attacking Midfield,7,0
ebbc1bf4d06e91c10ad85d1ce829ead1,2015-12-13,2581766,1986,167,Markus Feulner,starting_lineup,Right-Back,8,0
4effb95c88a71a36b42813339810826d,2015-12-13,2581766,2623,167,Piotr Trochowski,substitutes,Attacking Midfield,15,0
cbb79d1f1c66346a27c4303f830fe3c9,2015-12-12,2581767,532,86,Claudio Pizarro,substitutes,Centre-Forward,14,0
6bc086001ea6f77ccca17c8a703f262c,2015-12-12,2581767,1126,3,Matthias Lehmann,starting_lineup,Defensive Midfield,33,1
f8c7b1d607c529879114b2cc71b39d9a,2015-12-12,2581767,1277,86,Clemens Fritz,starting_lineup,Central Midfield,8,1
2aae322c80a8cf1bdee1efbdd811aedc,2015-12-12,2581768,1586,42,Christian Schulz,starting_lineup,Centre-Back,19,1
e67dc1a168129d15c65d8fa4f94a9b7f,2015-12-12,2581770,2926,105,György Garics,starting_lineup,Right-Back,13,0
d666b380ec86e6aae7f48715ee480666,2015-12-18,2581777,1662,33,Sascha Riether,starting_lineup,Right-Back,27,0
6b9932b7e54f1b8c950954b5f57227cb,2015-12-20,2581778,2926,105,György Garics,starting_lineup,Right-Back,13,0
016f9a8f08ef0b5a668a0aed438daaca,2015-12-19,2581779,1784,41,René Adler,starting_lineup,Goalkeeper,15,0
682610dff4efff9ac30123244335dfca,2015-12-19,2581779,1791,167,Halil Altıntop,substitutes,Attacking Midfield,7,0
b31f380d37acea51f3837b91c18fa95d,2015-12-19,2581779,1986,167,Markus Feulner,starting_lineup,Central Midfield,8,0
ee8ba34fc9e5f3948f6e1af79ed14a7c,2015-12-19,2581779,2623,167,Piotr Trochowski,substitutes,Attacking Midfield,15,0
9d86076e38ed58090c6eb0d9280773fa,2015-12-19,2581780,1667,82,Diego Benaglio,starting_lineup,Goalkeeper,1,1
7448072033c2a842d67a7e5cb157c781,2015-12-19,2581781,532,86,Claudio Pizarro,starting_lineup,Second Striker,14,0
4e6204676f2dd5305953724fdedf9bc9,2015-12-19,2581781,1277,86,Clemens Fritz,starting_lineup,Central Midfield,8,1
fe6a038ae312cc49f8c96e4f1cacf0a8,2015-12-19,2581781,1565,24,Alexander Meier,starting_lineup,Second Striker,14,1
c4ea333eeec3e079f2a3cd364a34703b,2015-12-19,2581782,26,16,Roman Weidenfeller,substitutes,Goalkeeper,1,0
48400ce4a2fcc2f8bd17cc48929ad271,2015-12-19,2581782,1126,3,Matthias Lehmann,starting_lineup,Central Midfield,33,1
eeb9779fca64e8531b29f16ab6eb6f3e,2015-12-19,2581783,1586,42,Christian Schulz,starting_lineup,Centre-Back,19,1
c2067b6a08da2e4b8e67ab0e1288a6c3,2016-01-24,2581786,532,86,Claudio Pizarro,starting_lineup,Second Striker,14,0
a554d09a3cbb6ede92600d2ea431b49c,2016-01-24,2581786,1277,86,Clemens Fritz,starting_lineup,Central Midfield,8,1
662c7d281cdb6961b6e4a66750f5f8fc,2016-01-24,2581786,1662,33,Sascha Riether,substitutes,Right-Back,27,0
68d512f78aa861eca91ca128789d0670,2016-01-22,2581788,80,27,Tom Starke,substitutes,Goalkeeper,22,0
4749e678cd18f037bfeda667bea3cef3,2016-01-22,2581788,1784,41,René Adler,starting_lineup,Goalkeeper,15,0
b7e104f4aa01fdf9b51fa8f81492639b,2016-01-22,2581788,2219,27,Philipp Lahm,starting_lineup,Defensive Midfield,21,1
faba486fd14db8a3fd7e7df162751db3,2016-01-24,2581789,1565,24,Alexander Meier,starting_lineup,Second Striker,14,1
84cea8c462d6d550f6ea579ae4b1d5c5,2016-01-24,2581789,1667,82,Diego Benaglio,starting_lineup,Goalkeeper,1,1
c655953d4fea413a2e14877b341d327c,2016-01-23,2581790,1126,3,Matthias Lehmann,starting_lineup,Central Midfield,33,1
786cabf8ccb46130366a6839f0da6820,2016-01-23,2581791,1586,42,Christian Schulz,starting_lineup,Centre-Back,19,1
bef01577d04ee2a685a4c5b1408a7ad2,2016-01-23,2581791,2926,105,György Garics,starting_lineup,Right-Back,13,0
2ad89343edd7b3f2285b0a342616f1eb,2016-01-23,2581792,1791,167,Halil Altıntop,substitutes,Attacking Midfield,7,0
8df8ad65e684034cc9e261544dd0e83b,2016-01-23,2581792,1986,167,Markus Feulner,substitutes,Central Midfield,8,0
4bbc1129c88403da533eec6aa269d77b,2016-01-23,2581792,2623,167,Piotr Trochowski,substitutes,Attacking Midfield,15,0
262e41086104f13b03501e748c706657,2016-01-31,2581807,80,27,Tom Starke,substitutes,Goalkeeper,22,0
0474516a8d8b3f0b1d6fa9f0c52a02a2,2016-01-31,2581807,2219,27,Philipp Lahm,starting_lineup,Right-Back,21,1
3dc9c3537c7f7bd926a0ce9d4c848d3b,2016-01-30,2581809,3256,15,Roberto Hilbert,starting_lineup,Right-Back,13,0
b97f5ed367cae52e53f6828ffc4f05bb,2016-01-31,2581810,1126,3,Matthias Lehmann,starting_lineup,Defensive Midfield,33,1
cf4295f352935a3898b70633c4de0815,2016-01-31,2581810,1667,82,Diego Benaglio,starting_lineup,Goalkeeper,1,1
011815dd5faca9d14a57e51b6b27445f,2016-01-30,2581811,1784,41,René Adler,starting_lineup,Goalkeeper,15,0
35c377be9b4da3076d483b6295c333c9,2016-01-30,2581812,1565,24,Alexander Meier,starting_lineup,Centre-Forward,14,1
3699c9e289c034cdc61d32017aa4d95a,2016-01-30,2581812,1791,167,Halil Altıntop,substitutes,Attacking Midfield,7,0
81e3ae7b781f07e4117e5fd7bb3a65ad,2016-01-30,2581812,1986,167,Markus Feulner,substitutes,Central Midfield,8,0
f940d0f057545ab90386612ff1f4be90,2016-01-30,2581812,2623,167,Piotr Trochowski,substitutes,Attacking Midfield,15,0
5644c8e2f9e162ccf85d73cbe9110732,2016-01-30,2581813,488,86,Gerhard Tremmel,substitutes,Goalkeeper,18,0
81dbc6d15db7af4fd67f9a6d9ea82f07,2016-01-30,2581813,532,86,Claudio Pizarro,starting_lineup,Second Striker,14,0
0f393a8a8ab85bd829820458de5f7dce,2016-01-30,2581813,1277,86,Clemens Fritz,starting_lineup,Central Midfield,8,1
ea914cbaac0f752cf7c00733ef8dc305,2016-01-30,2581815,1662,33,Sascha Riether,substitutes,Right-Back,27,0
fe611fc8d560e6da4118df6230cc3e91,2016-01-30,2581815,2926,105,György Garics,starting_lineup,Right-Back,13,0
a24f1fc674152991c6e7fc263bb74281,2016-02-06,2581822,1662,33,Sascha Riether,substitutes,Right-Back,27,0
e38fe9fc97d27e898666b37e97746a0d,2016-02-06,2581822,1667,82,Diego Benaglio,starting_lineup,Goalkeeper,1,1
d3d6089dc1c0550a0340b1f1216a4909,2016-02-06,2581823,80,27,Tom Starke,substitutes,Goalkeeper,22,0
24a04381d1797ec0894e9f2d3f21636c,2016-02-06,2581823,2219,27,Philipp Lahm,starting_lineup,Right-Back,21,1
d4defde9be2c8a4923c606a8a49ff8f7,2016-02-06,2581823,3256,15,Roberto Hilbert,substitutes,Right-Back,13,0
632843052d9e71c8c1a0558c9f838e38,2016-02-05,2581824,488,86,Gerhard Tremmel,substitutes,Goalkeeper,18,0
530d2be9223643e845612037f78cb5ac,2016-02-05,2581824,532,86,Claudio Pizarro,starting_lineup,Second Striker,14,0
3d8ba42df7ff4a36ce50f8830be9ace8,2016-02-05,2581824,568,18,Martin Stranzl,substitutes,Centre-Back,39,0
f109c9d5ba9b4a0dda3b0cda5f0194c2,2016-02-05,2581824,1277,86,Clemens Fritz,starting_lineup,Central Midfield,8,1
c05d46a6a7479beee09c8a3a813b6e98,2016-02-07,2581825,1784,41,René Adler,starting_lineup,Goalkeeper,15,0
b7c2b4004d508215d6ed5a7d03bb1a7d,2016-02-06,2581826,1565,24,Alexander Meier,starting_lineup,Centre-Forward,14,1
087cc201d6ca36a216379421134f35a2,2016-02-06,2581827,1586,42,Christian Schulz,starting_lineup,Centre-Back,19,1
0ce3a9ceed0f08b972b30ed0490855fe,2016-02-07,2581829,1331,533,Kevin Kuranyi,substitutes,Centre-Forward,22,0
b9015cb4311d25f9e36a36f5ad26c89e,2016-02-06,2581830,1791,167,Halil Altıntop,substitutes,Attacking Midfield,7,0
d7bea381b641fb247df79361cc76137c,2016-02-06,2581830,1986,167,Markus Feulner,substitutes,Central Midfield,8,0
b655cdbfb94b2e8239accb032b47d146,2016-02-06,2581830,2623,167,Piotr Trochowski,substitutes,Attacking Midfield,15,0
3cb7da3908d5559c4410e34a8fe31152,2016-02-14,2581845,1784,41,René Adler,starting_lineup,Goalkeeper,15,1
2cf729a04cb05e12a9401bdccedf0f64,2016-02-14,2581847,80,27,Tom Starke,substitutes,Goalkeeper,22,0
5d3bc8d1b95d1b040d937e5cba6df960,2016-02-14,2581847,1791,167,Halil Altıntop,substitutes,Attacking Midfield,7,0
25d55c901a0d20f61502aaa51b4dd18a,2016-02-14,2581847,1986,167,Markus Feulner,substitutes,Central Midfield,8,0
981556a81b21e5a5049bc0bec5806101,2016-02-14,2581847,2219,27,Philipp Lahm,starting_lineup,Right-Back,21,1
5dadc11252a107b721ad0559cb6930c5,2016-02-14,2581847,2623,167,Piotr Trochowski,starting_lineup,Central Midfield,15,0
6e39f2ec7cd1c35af36380580ff96c17,2016-02-13,2581848,488,86,Gerhard Tremmel,substitutes,Goalkeeper,18,0
7010168fdacb611117705c4b0b8503f8,2016-02-13,2581848,532,86,Claudio Pizarro,starting_lineup,Second Striker,14,0
137fc4e7b09c6c9f1eebac46371fbf7f,2016-02-13,2581848,1277,86,Clemens Fritz,starting_lineup,Central Midfield,8,1
fc63e408f754267c02745caa45ac58e0,2016-02-13,2581849,1126,3,Matthias Lehmann,substitutes,Defensive Midfield,33,0
c348021a43d0618bc346e99dc9911948,2016-02-13,2581849,1565,24,Alexander Meier,starting_lineup,Centre-Forward,14,1
48c7959a15a6cdc9afed083114cb5a61,2016-02-12,2581850,1662,33,Sascha Riether,substitutes,Right-Back,27,0
d63d30e56ba5b1ddc2e1475819299e59,2016-02-20,2581852,2926,105,György Garics,starting_lineup,Right-Back,13,0
08e63cb8e00d6c42e209ecdc8f482c47,2016-02-21,2581854,26,16,Roman Weidenfeller,substitutes,Goalkeeper,1,0
dc828fa464b615d6f3ad16caeef05bcb,2016-02-21,2581854,3256,15,Roberto Hilbert,substitutes,Right-Back,13,0
3c3f3e136e888917ba6b6bd96625d0d8,2016-02-20,2581855,1126,3,Matthias Lehmann,starting_lineup,Defensive Midfield,33,1
664bd963fdde4a69dc1309b61def067c,2016-02-19,2581856,1565,24,Alexander Meier,starting_lineup,Centre-Forward,14,1
6ff9ef44b48fa19787d510261839fd78,2016-02-19,2581856,1784,41,René Adler,starting_lineup,Goalkeeper,15,0
22f99192fc36462eacd89f73386e83f1,2016-02-21,2581857,1586,42,Christian Schulz,substitutes,Centre-Back,19,0
f9819b96b4cf343eee64521db17fcd91,2016-02-21,2581857,1791,167,Halil Altıntop,substitutes,Attacking Midfield,7,0
432384ab3ae19dbee1ae4a913c09c394,2016-02-21,2581857,1986,167,Markus Feulner,starting_lineup,Central Midfield,8,0
ff5351b00e6658dcc07cba2a76ca69ee,2016-02-20,2581860,488,86,Gerhard Tremmel,substitutes,Goalkeeper,18,0
507e0bf0d4d93b4b268b0725d94f0233,2016-02-20,2581860,532,86,Claudio Pizarro,starting_lineup,Attacking Midfield,14,0
5dfb23b7e5290a2b2a56baf535997a6c,2016-02-27,2581868,2219,27,Philipp Lahm,starting_lineup,Right-Back,21,1
00b7cf63b9ad2ea82826eadceee2fb29,2016-02-27,2581869,1784,41,René Adler,starting_lineup,Goalkeeper,15,0
405899445d609af1c3c64ddd791bc162,2016-02-27,2581870,1586,42,Christian Schulz,starting_lineup,Centre-Back,19,1
6c11d7a4c909896fbb17e574d9ebe8af,2016-02-28,2581871,1791,167,Halil Altıntop,starting_lineup,Attacking Midfield,7,0
96c6422900c4a1712ec3928e61f77af1,2016-02-27,2581872,488,86,Gerhard Tremmel,substitutes,Goalkeeper,18,0
4e4d3a5abfd5da211c115c650cfa58bf,2016-02-27,2581872,532,86,Claudio Pizarro,starting_lineup,Centre-Forward,14,0
92d896ac7229533fea1434c3e0d0c277,2016-02-28,2581873,1565,24,Alexander Meier,starting_lineup,Second Striker,14,1
836259b28c7864b4143d062196af37a7,2016-02-28,2581873,1662,33,Sascha Riether,starting_lineup,Right-Back,27,0
b993a3f53ac22ee04d687cb341505409,2016-02-26,2581874,1126,3,Matthias Lehmann,starting_lineup,Defensive Midfield,33,1
6cad3eb83c1db6fa62e8ce7c0d852bb5,2016-02-28,2581875,3256,15,Roberto Hilbert,starting_lineup,Right-Back,13,0
a98a8376dd0e920341fbf0e002dbb2eb,2016-03-02,2581889,1662,33,Sascha Riether,substitutes,Right-Back,27,0
3fcbe0763e674497ee36b3a4968d9ecd,2016-03-02,2581889,1784,41,René Adler,starting_lineup,Goalkeeper,15,0
7989a227a9a6b6805b8deb41c23ad1cd,2016-03-02,2581890,488,86,Gerhard Tremmel,substitutes,Goalkeeper,18,0
0f8aaf4e8e6f4025ac326ba828bbd50a,2016-03-02,2581890,532,86,Claudio Pizarro,starting_lineup,Centre-Forward,14,0
ac00bbedd73b70015dbc5e62455fdc06,2016-03-02,2581890,1277,86,Clemens Fritz,starting_lineup,Central Midfield,8,1
839c0d9be62a52027d6c9261e395117c,2016-03-02,2581890,3256,15,Roberto Hilbert,starting_lineup,Right-Back,13,0
6c5ee5b3756f9f8d0f4e0115ea7a819b,2016-03-01,2581892,1586,42,Christian Schulz,starting_lineup,Centre-Back,19,1
21302e16e761fa6825ff87f9194b355f,2016-03-02,2581894,1791,167,Halil Altıntop,starting_lineup,Attacking Midfield,7,0
dc2419da403892ae8cb25b363d72bf62,2016-03-01,2581895,1126,3,Matthias Lehmann,starting_lineup,Defensive Midfield,33,1
cfea0a99ea4bd5fd02efdf07501c71f4,2016-03-02,2581896,26,16,Roman Weidenfeller,starting_lineup,Goalkeeper,1,0
2d4ee6e69f83d8c1e0b11890dd50264c,2016-03-05,2581903,26,16,Roman Weidenfeller,substitutes,Goalkeeper,1,0
2c77c224fd6ec30801506203e590623a,2016-03-05,2581903,2219,27,Philipp Lahm,starting_lineup,Right-Back,21,1
add19343a2fdd380b7e4230ace9c9e92,2016-03-06,2581905,1784,41,René Adler,starting_lineup,Goalkeeper,15,1
63ddf3ef4ff9ae3bdb3f807fb89c9815,2016-03-05,2581908,488,86,Gerhard Tremmel,substitutes,Goalkeeper,18,0
e5f4fcc4b7994cb14aeb32f5cdc9519c,2016-03-05,2581908,532,86,Claudio Pizarro,starting_lineup,Centre-Forward,14,0
5afb8e57c9441ccc218e4bd53b21cade,2016-03-05,2581908,1277,86,Clemens Fritz,starting_lineup,Central Midfield,8,1
08dd2633907d6069e4becd586171ac09,2016-03-05,2581908,1586,42,Christian Schulz,starting_lineup,Centre-Back,19,1
fab119b9f592b4903415a84c7b5c0c1b,2016-03-05,2581910,1126,3,Matthias Lehmann,starting_lineup,Defensive Midfield,33,1
ee3aea6853b032c7306cf59ea868430d,2016-03-05,2581910,1662,33,Sascha Riether,substitutes,Right-Back,27,0
7c358972d120308e51583b9782635109,2016-03-12,2581918,488,86,Gerhard Tremmel,substitutes,Goalkeeper,18,0
471f9737b131a558f0ed7467b3905aa3,2016-03-12,2581918,2219,27,Philipp Lahm,starting_lineup,Right-Back,21,1
3f1b930c224d9b65caff7b66695cc2e1,2016-03-13,2581920,1784,41,René Adler,starting_lineup,Goalkeeper,15,0
196b7e83f4155d7ce1b8bd86db457f33,2016-03-12,2581922,1126,3,Matthias Lehmann,starting_lineup,Defensive Midfield,33,1
78b907d5e57c41648bfe99c1f6a2b9b5,2016-03-12,2581922,1586,42,Christian Schulz,starting_lineup,Centre-Back,19,1
308e3d3b312d0eea64890369b252e719,2016-03-12,2581926,1791,167,Halil Altıntop,substitutes,Centre-Forward,7,0
8bd61794357357647f3aee3e7e85ade1,2016-03-12,2581926,1986,167,Markus Feulner,starting_lineup,Right-Back,8,0
01b0a089b43bbd604da4b32157be20f8,2016-03-18,2581933,1662,33,Sascha Riether,starting_lineup,Right-Back,27,0
c3637af0a83cd812196d2bbdfcff7872,2016-03-19,2581935,1784,41,René Adler,starting_lineup,Goalkeeper,15,1
132478603d1dec37c5d31394800acde3,2016-03-20,2581937,26,16,Roman Weidenfeller,substitutes,Goalkeeper,1,0
48531cd5a8dcfa7a592b873d6cc3f01e,2016-03-20,2581937,1791,167,Halil Altıntop,substitutes,Attacking Midfield,7,0
6a57269a30b2a51058615665bf4e2d0c,2016-03-20,2581937,1986,167,Markus Feulner,substitutes,Central Midfield,8,0
6fa9d97e9a2b949c9cf9a4496e1e1d69,2016-03-19,2581938,488,86,Gerhard Tremmel,substitutes,Goalkeeper,18,0
08c41234500d9bc1e2c7765c605b9e05,2016-03-19,2581938,532,86,Claudio Pizarro,starting_lineup,Centre-Forward,14,0
ef68f99645c1a50e20a07d5ea586eab4,2016-03-19,2581938,1277,86,Clemens Fritz,starting_lineup,Central Midfield,8,1
d122833100879e2b4b6c34fba39e01ff,2016-03-19,2581939,1586,42,Christian Schulz,starting_lineup,Centre-Back,19,1
bac6d4d22911b54cbe9405dc5aa2ecd5,2016-03-19,2581940,1126,3,Matthias Lehmann,starting_lineup,Defensive Midfield,33,1
e910b71d38cdf8829533fa0c1d06700b,2016-03-19,2581940,2219,27,Philipp Lahm,substitutes,Defensive Midfield,21,0
7fde903a0eae4b7e467085de72586cf4,2016-04-02,2581942,2219,27,Philipp Lahm,starting_lineup,Right-Back,21,1
79b979ad415d18d20f65a4d5a3ad509a,2016-04-02,2581943,26,16,Roman Weidenfeller,substitutes,Goalkeeper,1,0
94b66316da1160009d7de49d37c6ebda,2016-04-02,2581943,488,86,Gerhard Tremmel,substitutes,Goalkeeper,18,0
feb01a7dcc6cf32692fbcd98cd5195ca,2016-04-02,2581943,1277,86,Clemens Fritz,starting_lineup,Defensive Midfield,8,1
5ccb0c58e1d3757d1375e507aec9a9bf,2016-04-01,2581944,1667,82,Diego Benaglio,starting_lineup,Goalkeeper,1,1
30e38b6f1992d21e61c53370f38ae2c6,2016-04-02,2581946,1586,42,Christian Schulz,starting_lineup,Centre-Back,19,1
dd99141cda78f077f3739b9351481fb7,2016-04-02,2581946,1784,41,René Adler,starting_lineup,Goalkeeper,15,1
8b2f78cdcd94dcf2c0e1a980bfe6d888,2016-04-03,2581947,1126,3,Matthias Lehmann,starting_lineup,Defensive Midfield,33,1
18702baecf3abcf982ad3528898ae03b,2016-04-02,2581948,1791,167,Halil Altıntop,substitutes,Second Striker,7,0
6591ed60eaeccaa658b0517c7f8d6e43,2016-04-02,2581948,1986,167,Markus Feulner,starting_lineup,Right-Back,8,0
a7b0c863ddcbd2d1b2f9fd56170fb2cb,2016-04-10,2581951,26,16,Roman Weidenfeller,substitutes,Goalkeeper,1,0
5239990922b9b973f6793092b309b290,2016-04-10,2581951,1662,33,Sascha Riether,starting_lineup,Centre-Back,27,0
4f5d25794f010b0ff91cabf724c29fbd,2016-04-09,2581953,1784,41,René Adler,starting_lineup,Goalkeeper,15,1
8865f2c25595b4668de0890f378508a6,2016-04-09,2581953,2926,105,György Garics,substitutes,Right-Back,13,0
1aae7803e10b3358b6f034b06dede042,2016-04-09,2581955,488,86,Gerhard Tremmel,substitutes,Goalkeeper,18,0
d1fde4728993f7d62cb81198c605a755,2016-04-09,2581955,1277,86,Clemens Fritz,starting_lineup,Central Midfield,8,1
c06230fa0abb7582bcd81c0102e1171e,2016-04-09,2581955,1791,167,Halil Altıntop,starting_lineup,Attacking Midfield,7,0
1b27fb85ce7b804c7b79248ca21d29bb,2016-04-10,2581957,1126,3,Matthias Lehmann,starting_lineup,Defensive Midfield,33,1
c3aaf2a4e589acf413200a31f59b3bce,2016-04-16,2581960,1662,33,Sascha Riether,starting_lineup,Centre-Back,27,0
e3cb5d9e742aafc7f520739b28ccca74,2016-04-16,2581960,2219,27,Philipp Lahm,starting_lineup,Central Midfield,21,1
306abda42718e0d2c50d7b102b0f91c8,2016-04-17,2581961,26,16,Roman Weidenfeller,substitutes,Goalkeeper,1,0
4a4d08091903bbeea69ac4d02ccce4b3,2016-04-17,2581961,1784,41,René Adler,starting_lineup,Goalkeeper,15,1
acb15df66a73a8609251bf555bc61804,2016-04-16,2581963,1791,167,Halil Altıntop,starting_lineup,Attacking Midfield,7,0
38805f8fe00e8cad476ffec93dfe6fb0,2016-04-16,2581963,1986,167,Markus Feulner,substitutes,Central Midfield,8,0
3d717f746017e6dc35d81d9033f46f23,2016-04-16,2581964,488,86,Gerhard Tremmel,substitutes,Goalkeeper,18,0
f4ea166610b4af90b0d6e082787cf06d,2016-04-16,2581964,532,86,Claudio Pizarro,starting_lineup,Centre-Forward,14,0
cb6163a8dd21a7779ae7f19fb310ef88,2016-04-16,2581964,1277,86,Clemens Fritz,starting_lineup,Central Midfield,8,1
fbf29550dce0d813337a1e0c1923de5a,2016-04-16,2581964,1667,82,Diego Benaglio,starting_lineup,Goalkeeper,1,1
7633e8c41ff617c5450071a097dc8a38,2016-04-15,2581965,568,18,Martin Stranzl,starting_lineup,Centre-Back,39,1
8a1dfb86f21dea7cda3e47367b984acc,2016-04-15,2581965,1586,42,Christian Schulz,substitutes,Centre-Back,19,0
fa153f68daeb136f5d2db47404e9eb8a,2016-04-17,2581967,1126,3,Matthias Lehmann,starting_lineup,Defensive Midfield,33,1
411d52c2c34ab60c7b7d497d488933db,2016-04-23,2581971,1667,82,Diego Benaglio,starting_lineup,Goalkeeper,1,1
f000c034bce4ad1992ba42f2cd52e2f4,2016-04-23,2581971,1791,167,Halil Altıntop,starting_lineup,Attacking Midfield,7,0
920bf27e05562649ae4c26818045491c,2016-04-23,2581971,1986,167,Markus Feulner,substitutes,Central Midfield,8,0
035909444bf731e08acc69002cf2bee0,2016-04-22,2581972,488,86,Gerhard Tremmel,substitutes,Goalkeeper,18,0
62403da3036bd5032a6b3ce2d998db89,2016-04-22,2581972,532,86,Claudio Pizarro,starting_lineup,Centre-Forward,14,0
4e2dd6425be97365f85ba71eb1a786c0,2016-04-22,2581972,1277,86,Clemens Fritz,starting_lineup,Central Midfield,8,1
d3004da9feb3965c5b27bef4f45e17a8,2016-04-23,2581975,1126,3,Matthias Lehmann,starting_lineup,Defensive Midfield,33,1
c2afef637c6b0ae2e6cca714c401e855,2016-04-23,2581975,2926,105,György Garics,substitutes,Right-Back,13,0
9bddbf38eb9c10a9137c640bf56a6abc,2016-04-30,2581979,26,16,Roman Weidenfeller,substitutes,Goalkeeper,1,0
73d22a93b27a86694650bb9b403efccb,2016-04-30,2581979,1667,82,Diego Benaglio,starting_lineup,Goalkeeper,1,1
06720e3717673ab1c1fccd90b656db71,2016-04-29,2581981,1126,3,Matthias Lehmann,starting_lineup,Defensive Midfield,33,1
e6637606bac8a89fa3dd7c173da87d7d,2016-04-29,2581981,1791,167,Halil Altıntop,starting_lineup,Second Striker,7,0
cfc19d8efb2ff014706c89247aac2f6c,2016-04-29,2581981,1986,167,Markus Feulner,starting_lineup,Right-Back,8,0
506775944af71095eb71b37d07aec127,2016-05-02,2581982,488,86,Gerhard Tremmel,substitutes,Goalkeeper,18,0
e9b6f74d1586107fe153ac1a072bf154,2016-05-02,2581982,532,86,Claudio Pizarro,starting_lineup,Centre-Forward,14,0
846f18df73756c8f6c01719af4efbb34,2016-05-02,2581982,1277,86,Clemens Fritz,starting_lineup,Central Midfield,8,1
755298fdab743a89effa72ad7393dfb0,2016-04-30,2581983,1586,42,Christian Schulz,substitutes,Centre-Back,19,0
097f18f1cb52f73bb02ad55635b32627,2016-04-30,2581983,1662,33,Sascha Riether,substitutes,Right-Back,27,0
b657a2c997dacce057736a32adcc233a,2016-05-07,2581987,1791,167,Halil Altıntop,starting_lineup,Centre-Forward,7,0
df978d6644b5aea46d84528c5b61fe11,2016-05-07,2581988,568,18,Martin Stranzl,substitutes,Centre-Back,39,0
fd72058203970a12b0a2c8a96f8144af,2016-05-07,2581992,488,86,Gerhard Tremmel,substitutes,Goalkeeper,18,0
9bc70aa883e2068a696e238b14fa6080,2016-05-07,2581992,532,86,Claudio Pizarro,starting_lineup,Centre-Forward,14,0
48fc8229711e61ec0608dfd4f4206607,2016-05-07,2581992,1277,86,Clemens Fritz,starting_lineup,Central Midfield,8,1
d2fd70791729c1d0c772432d0cd9f5ac,2016-05-07,2581993,1331,533,Kevin Kuranyi,substitutes,Centre-Forward,22,0
064ac2c7368d7552c6c1e6fd35a11b07,2016-05-07,2581993,1586,42,Christian Schulz,substitutes,Defensive Midfield,19,0
3d62e2cf54705fcb045a662aec25535a,2016-05-07,2581994,2926,105,György Garics,starting_lineup,Right-Back,13,0
2819bd75bc1951da43a264f5ba116284,2016-05-07,2581995,2219,27,Philipp Lahm,starting_lineup,Right-Back,21,1
92454194d20f6fa71eb46386f2792920,2016-05-14,2581996,1586,42,Christian Schulz,substitutes,Centre-Back,19,0
6bebbd213d197de27a51242a68bbacdf,2016-05-14,2581996,2219,27,Philipp Lahm,starting_lineup,Right-Back,21,1
2c78e9ea2acdb8a0b065c093308b7b2a,2016-05-14,2581997,26,16,Roman Weidenfeller,substitutes,Goalkeeper,1,0
82f12ba81455430aaeaa2f93347d2e82,2016-05-14,2581997,1126,3,Matthias Lehmann,starting_lineup,Defensive Midfield,33,1
c6c2affe8fa8e651cb0ced77e9b2b86e,2016-05-14,2581998,3256,15,Roberto Hilbert,starting_lineup,Right-Back,13,0
18776a76a89c34ac072470db5501bd47,2016-05-14,2582000,1791,167,Halil Altıntop,starting_lineup,Attacking Midfield,7,0
7a1ac08baffa0be8110fc49a15aeb88b,2016-05-14,2582000,1986,167,Markus Feulner,substitutes,Central Midfield,8,0
f6abfcced8f1854748ebd40b862fd521,2016-05-14,2582001,488,86,Gerhard Tremmel,substitutes,Goalkeeper,18,0
cf881c9a0418cb44828d10a3e948a195,2016-05-14,2582001,532,86,Claudio Pizarro,starting_lineup,Centre-Forward,14,0
19937ff49c55a99295a7531298306635,2016-05-14,2582001,1277,86,Clemens Fritz,starting_lineup,Central Midfield,8,1
3da1d568f35469d938d01613fccf463c,2016-05-14,2582001,1565,24,Alexander Meier,substitutes,Second Striker,14,0
0f15d1f4de0cdd3e481db007cccfd71a,2016-05-14,2582002,1331,533,Kevin Kuranyi,substitutes,Centre-Forward,22,0
cc173f54013df6e7eac671f1e408bdd6,2016-05-14,2582002,1662,33,Sascha Riether,substitutes,Right-Back,27,0
556e8150877c8af223fa9587275f8985,2016-05-14,2582004,2926,105,György Garics,starting_lineup,Right-Back,13,0
63ba8a417a7fb1c72a06b1a8ce7376de,2015-08-08,2586769,1423,855,Lars Jacobsen,starting_lineup,Right-Back,2,0
e34b99c732368442de264ab721274d1d,2015-08-15,2586780,1423,855,Lars Jacobsen,starting_lineup,Right-Back,2,0
509045a3a5ce807849bc8080ac56c683,2015-08-28,2586799,1423,855,Lars Jacobsen,starting_lineup,Right-Back,2,0
f0b8d1b7e275b01386a6f4fe367f1f87,2015-09-12,2586810,1423,855,Lars Jacobsen,starting_lineup,Right-Back,2,0
9e7ea38c2d7ec6f06134dc6da014aa84,2015-09-19,2586843,1423,855,Lars Jacobsen,starting_lineup,Right-Back,2,0
6f53756d0e66c7eae7bbe28825cc7274,2015-09-22,2586877,1423,855,Lars Jacobsen,starting_lineup,Right-Back,2,0
50457debb0104d8a5bc037ce52c4a52b,2015-09-27,2586903,1423,855,Lars Jacobsen,starting_lineup,Right-Back,2,0
29a51a60430e877ae563298482601e23,2015-10-03,2586910,1423,855,Lars Jacobsen,starting_lineup,Right-Back,2,0
857881b8c5fdf604aa6220d3f1311c44,2015-10-17,2586937,1423,855,Lars Jacobsen,starting_lineup,Right-Back,2,0
5a1385e6132014199370df86a2ef72dc,2015-10-24,2586970,1423,855,Lars Jacobsen,starting_lineup,Right-Back,2,0
406b998415e5fe6d5f262dd4631a1bf7,2015-10-31,2586982,1423,855,Lars Jacobsen,starting_lineup,Right-Back,2,0
a8618422154fd944d5a9fb25bb6216a4,2015-11-07,2586998,1423,855,Lars Jacobsen,starting_lineup,Right-Back,2,0
11cb43e0d7349b8d6869a987a436fc0a,2015-11-21,2587007,1423,855,Lars Jacobsen,starting_lineup,Right-Back,2,0
061aed4d001f8b15d448f6208b5af312,2015-11-29,2587018,1423,855,Lars Jacobsen,starting_lineup,Right-Back,2,0
d6ceacd49c39cfc417b7d1805e72a4f5,2016-01-23,2589056,933,192,Uğur İnceman,starting_lineup,Defensive Midfield,31,0
5dd2005270a30945b4af5998f93e2e44,2016-01-28,2589069,933,192,Uğur İnceman,starting_lineup,Defensive Midfield,31,0
f69ef5d682015ddc65d05f417331298e,2016-01-31,2589076,933,192,Uğur İnceman,starting_lineup,Central Midfield,31,0
870dedd5994aee6c9cea19fc709bb762,2016-02-06,2589081,933,192,Uğur İnceman,starting_lineup,Central Midfield,31,0
4a84c4032aac7665df45ccef5a3c71b2,2016-02-13,2589092,933,192,Uğur İnceman,starting_lineup,Defensive Midfield,31,0
77196c0021c8e26a7e41e9c1d4ceb487,2016-02-21,2589106,933,192,Uğur İnceman,starting_lineup,Defensive Midfield,31,0
f4ed75433d5571d6ad65c1ad87f37945,2016-02-28,2589112,933,192,Uğur İnceman,starting_lineup,Defensive Midfield,31,0
f045445d404f2ff70fae42d691ba2dc6,2016-03-06,2589123,933,192,Uğur İnceman,starting_lineup,Defensive Midfield,31,0
dbe4a10b5837edec2748ab985aea8286,2016-03-11,2589125,933,192,Uğur İnceman,starting_lineup,Central Midfield,31,0
953a573c9dc1f9cd656081fecaedd1f0,2016-03-19,2589138,933,192,Uğur İnceman,starting_lineup,Defensive Midfield,31,0
575175b3ec560b14e50aebfde619852f,2016-04-03,2589149,933,192,Uğur İnceman,starting_lineup,Defensive Midfield,31,0
a225d82968fc1c21db7fa852a41cbf44,2016-04-08,2589152,933,192,Uğur İnceman,starting_lineup,Defensive Midfield,31,1
8cd334f8ce42a7eb44b2a2885b825b51,2016-04-16,2589165,933,192,Uğur İnceman,starting_lineup,Central Midfield,31,0
ac6f6126c4f00dad1c99b37418e193fa,2016-04-19,2589170,933,192,Uğur İnceman,starting_lineup,Defensive Midfield,31,0
9f22610c65f280b46caf1a801b2fb072,2016-05-01,2589187,933,192,Uğur İnceman,starting_lineup,Central Midfield,31,0
23a7986f09f48a7544676433ef71e6f1,2016-05-08,2589193,933,192,Uğur İnceman,starting_lineup,Defensive Midfield,31,0
c59b9d0d52a1d55d3c0b01764e00465e,2015-08-16,2589247,2587,524,Elyasa Süme,starting_lineup,Centre-Back,3,1
fa702dba68806d7b25c1c5960b075a3e,2015-08-16,2589251,933,2293,Uğur İnceman,starting_lineup,Attacking Midfield,80,1
4228f30fbb413df473ca3d4dc56217ea,2015-08-16,2589251,1896,19771,Ahmet Cebe,starting_lineup,Right-Back,20,0
5c1a3ecfa76802f8f07ebaac050d7c15,2015-08-16,2589252,2148,2944,Erdal Kilicaslan,starting_lineup,Second Striker,11,0
a5d1b5c753557a5ff482446688e1417f,2015-08-22,2590401,1896,19771,Ahmet Cebe,starting_lineup,Right-Back,20,0
2b1fa2f38b68c9b6d9491d2cc9eeb0ac,2015-08-24,2590407,2148,2944,Erdal Kilicaslan,substitutes,Second Striker,11,0
5465fc643a4d3b8fc737771c338900d1,2015-08-30,2590408,2148,2944,Erdal Kilicaslan,substitutes,Left Winger,11,0
2fbc282fdd8b91431d1d80d700575289,2015-08-30,2590410,1896,19771,Ahmet Cebe,starting_lineup,Right-Back,20,0
0ed9e955ebc1bf5f34c5248f531625f7,2015-09-13,2590592,933,2293,Uğur İnceman,starting_lineup,Central Midfield,80,1
161f552df6ef1ac6480a4f5b04f62937,2015-09-13,2590592,2148,2944,Erdal Kilicaslan,starting_lineup,Left Winger,11,0
5755194f1d245ba80613b88f39faaa29,2015-09-12,2590593,1896,19771,Ahmet Cebe,starting_lineup,Right-Back,20,0
e3dd53ac300b943d335d017654698f5c,2015-09-12,2590593,2587,524,Elyasa Süme,starting_lineup,Centre-Back,3,1
b9e1652d10eeff68bb0520f7989f5760,2015-09-19,2590602,933,2293,Uğur İnceman,substitutes,Central Midfield,80,0
9fefe4b236d6c314dcaf9af6f46d21d8,2015-09-18,2590604,1896,19771,Ahmet Cebe,starting_lineup,Right-Back,20,0
5d9f823a4eeea048e7a76d25bf6c1fee,2015-09-20,2590605,2587,524,Elyasa Süme,starting_lineup,Centre-Back,3,1
fd9df0f3a51644be445d5264736bf50c,2015-09-18,2590607,2148,2944,Erdal Kilicaslan,starting_lineup,Left Winger,11,0
d66f09502d7350b9c147af6e0e34e0de,2015-09-26,2590610,2587,524,Elyasa Süme,starting_lineup,Centre-Back,3,1
2dcaf93028b263350762dbf081df61fa,2015-09-26,2590611,1896,19771,Ahmet Cebe,starting_lineup,Right-Back,20,0
318e438cbbe90dd678c35b187447c7b0,2015-09-26,2590615,2148,2944,Erdal Kilicaslan,starting_lineup,Left Winger,11,0
c4bf1940a230e4ee299021a7784819dd,2015-10-04,2590617,1896,19771,Ahmet Cebe,starting_lineup,Right-Back,20,0
e3ec64eecf4f66491dea3b4c7a235954,2015-10-03,2590618,2148,2944,Erdal Kilicaslan,starting_lineup,Left Winger,11,0
3ed9dcc466d494fd12d8f458400b3dba,2015-10-03,2590618,2587,524,Elyasa Süme,starting_lineup,Centre-Back,3,1
46165db9dbeaf0e20bc2f7296ef6c42b,2015-10-02,2590622,933,2293,Uğur İnceman,substitutes,Central Midfield,80,0
87ce984d34f10ddc6d748de12f31d9e4,2015-08-08,2590636,10,398,Miroslav Klose,starting_lineup,Centre-Forward,11,0
54d1b271f09b29347b2dae019dacf7b9,2015-08-08,2590636,2865,506,Stephan Lichtsteiner,starting_lineup,Right Midfield,26,0
c11b17ca6684f9a7e1e3be3e08537ddd,2015-10-19,2593956,2148,2944,Erdal Kilicaslan,starting_lineup,Left Winger,11,0
085ee720112ea48604847828e68c347b,2015-10-18,2593957,1896,19771,Ahmet Cebe,starting_lineup,Right-Back,20,0
46d06a039e956df24e3ff50836891d15,2015-10-17,2593961,933,2293,Uğur İnceman,substitutes,Central Midfield,80,0
9b61830836d4e5b8fd3d0198b8352e59,2015-10-17,2593961,2587,524,Elyasa Süme,starting_lineup,Centre-Back,3,1
51767ca02e2da436f737c5ef1611e11a,2015-10-25,2593963,933,2293,Uğur İnceman,substitutes,Central Midfield,80,0
7ae74141fe11cc29a33d4c78b26871e6,2015-10-24,2593967,2148,2944,Erdal Kilicaslan,starting_lineup,Second Striker,11,1
c85bfd2c269d6c46e635966e6d450df2,2015-10-24,2593968,2587,524,Elyasa Süme,starting_lineup,Centre-Back,3,1
7ea4ca00f0018c725183b6767cf23d6c,2015-10-23,2593970,1896,19771,Ahmet Cebe,starting_lineup,Right-Back,20,0
c989ff7a114fd1e3ca474b72a05981c9,2015-10-28,2593978,2587,524,Elyasa Süme,starting_lineup,Centre-Back,3,1
28b28905ef75d76355d8ac39153e41cc,2015-10-29,2593980,2148,2944,Erdal Kilicaslan,starting_lineup,Left Winger,11,1
fe937262aba1937d0eeff9d64b100259,2015-11-07,2593991,1896,19771,Ahmet Cebe,starting_lineup,Right-Back,20,0
d1d834e5940f8cb9c2513fc08063046c,2015-11-08,2593993,2587,524,Elyasa Süme,starting_lineup,Centre-Back,3,1
f2f3b867fe7a71eb29f3c297e623bb18,2015-11-08,2593994,933,2293,Uğur İnceman,starting_lineup,Central Midfield,80,1
24009d8c89d204c0b47ba7ebb5f83ae5,2015-11-06,2593999,2148,2944,Erdal Kilicaslan,starting_lineup,Left Winger,11,1
bded9548f2c179de8d90a2a2d10a60f1,2015-11-21,2594004,1896,19771,Ahmet Cebe,starting_lineup,Right-Back,20,0
e01d4a59fa5d4d2bd2a29000c6e2e5d3,2015-11-23,2594006,2587,524,Elyasa Süme,starting_lineup,Centre-Back,3,1
eac52cefd94c866d972d28cf7ba905c8,2015-11-22,2594008,2148,2944,Erdal Kilicaslan,starting_lineup,Left Winger,11,0
ec7c6d50d5703c2c12073d0d819d7709,2015-11-27,2594010,2148,2944,Erdal Kilicaslan,substitutes,Left Winger,11,0
dcdbf7ebe2e81e2367c91506ece69d67,2015-11-27,2594011,933,2293,Uğur İnceman,starting_lineup,Central Midfield,80,1
e9f4f4d34dc4b788b1dad48d61ab3c65,2015-11-29,2594012,2587,524,Elyasa Süme,starting_lineup,Centre-Back,3,1
9e877fb0dc3e3c7ecf5357f82d0e6647,2015-11-29,2594013,1896,19771,Ahmet Cebe,starting_lineup,Right-Back,20,0
61c94e24e31ce059bff155aca5435c61,2015-12-06,2594019,2587,524,Elyasa Süme,starting_lineup,Centre-Back,3,1
3ea31d7ccfecadbfa21d58f46a00c559,2015-12-07,2594022,1896,19771,Ahmet Cebe,starting_lineup,Right-Back,20,0
119138d91a8ad5af919dde84957055dc,2015-12-05,2594025,933,2293,Uğur İnceman,substitutes,Central Midfield,80,0
090a7ad8c7b2cc70299ffad57ce3050d,2015-12-05,2594026,2148,2944,Erdal Kilicaslan,substitutes,Left Winger,11,0
19e7751107e1373b68722d201060addd,2015-12-12,2594034,2587,524,Elyasa Süme,starting_lineup,Centre-Back,3,1
1229fa7eb1cff546c31eb556982d68cb,2015-12-13,2594035,1896,19771,Ahmet Cebe,starting_lineup,Right-Back,20,0
2567848b8ccaad5049ee0e097cadea5b,2015-12-19,2594036,2587,524,Elyasa Süme,starting_lineup,Centre-Back,3,1
dad52e87cc0643ffe5eab6a56a77eaa7,2015-12-19,2594037,933,2293,Uğur İnceman,starting_lineup,Central Midfield,80,1
5331e89cfd8e6d07e62ea40cf453dd2d,2015-12-20,2594039,1896,19771,Ahmet Cebe,starting_lineup,Right-Back,20,0
f9fc08a235974d262565c3b061299cc8,2015-12-21,2594044,2148,2944,Erdal Kilicaslan,substitutes,Left Winger,11,0
0edefbcd6462f7bbf208e5f686c4c0a1,2015-12-27,2594048,2148,2944,Erdal Kilicaslan,starting_lineup,Left Winger,11,1
443bb08efdf95f4d8bce76c18395f26a,2015-12-27,2594049,933,2293,Uğur İnceman,starting_lineup,Central Midfield,80,1
929048897939bae0fb140df9e0557f46,2015-12-26,2594051,2587,524,Elyasa Süme,starting_lineup,Centre-Back,3,0
bbef87928cc16a296717c6fba1306abf,2016-01-16,2594056,2587,524,Elyasa Süme,starting_lineup,Centre-Back,3,1
1b9682396905762464d7aa4cfa334d6b,2016-01-17,2594057,597,820,Aleksandr Hleb,starting_lineup,Attacking Midfield,13,0
162e5364b95a379a0bee550adc914076,2016-01-16,2594060,1896,19771,Ahmet Cebe,starting_lineup,Right-Back,20,0
17a9a784ae7b7865e483bc27d843850f,2015-09-12,2594498,1726,150,Heiko Westermann,starting_lineup,Centre-Back,17,0
1e65a9a0f383843abca193f6a753cd5b,2015-09-19,2594509,1726,150,Heiko Westermann,starting_lineup,Centre-Back,17,0
1b8b625be81e17ddb788688ac7fffb5b,2015-09-24,2594519,1726,150,Heiko Westermann,starting_lineup,Centre-Back,17,0
bed63f8b11b154a8a9d0aeebca902840,2015-09-27,2594530,1726,150,Heiko Westermann,starting_lineup,Centre-Back,17,0
ff125d222707ae65d6133cc134d148e1,2015-10-04,2594540,1726,150,Heiko Westermann,starting_lineup,Centre-Back,17,0
150ca97fea23f0f7692ad6670a361025,2015-10-17,2594550,1726,150,Heiko Westermann,starting_lineup,Centre-Back,17,0
bcf93a89916ce6ec2850d8a50e2abfde,2015-10-24,2594559,1726,150,Heiko Westermann,starting_lineup,Centre-Back,17,0
5867eacdcd2e479653a731c605012dd6,2015-11-07,2594578,1726,150,Heiko Westermann,starting_lineup,Centre-Back,17,0
212bceda7245d1c1697b6ce58622a308,2015-11-22,2594588,1726,150,Heiko Westermann,starting_lineup,Centre-Back,17,0
97828e4d6ae821adacfa0a2fde734cbc,2015-11-27,2594597,1726,150,Heiko Westermann,starting_lineup,Centre-Back,17,0
fef76a6344f53a7d93371d6ad1f65a36,2015-11-28,2594599,215,1084,Roque Santa Cruz,substitutes,Centre-Forward,24,0
b7d434c1c3606098edf5457bb48c7704,2015-12-05,2594607,1726,150,Heiko Westermann,starting_lineup,Centre-Back,17,0
b30b2d1c5fa745aef2266faa05c7dfb9,2015-12-06,2594610,215,1084,Roque Santa Cruz,substitutes,Centre-Forward,24,0
64a51215ee85d2e61450a4755db6450f,2015-12-12,2594616,1726,150,Heiko Westermann,starting_lineup,Centre-Back,17,0
a9f5ef348c2a7fb1d30eb97047b7d737,2015-12-19,2594626,1726,150,Heiko Westermann,starting_lineup,Centre-Back,17,0
89a5548a545460257faacabdb8fcfece,2015-12-20,2594630,215,1084,Roque Santa Cruz,substitutes,Centre-Forward,24,0
54206607491b95d57882b27dace685fa,2015-12-30,2594635,1726,150,Heiko Westermann,starting_lineup,Centre-Back,17,0
af20466e2f241aee9f6ab2ab61955c39,2016-01-10,2594658,215,1084,Roque Santa Cruz,starting_lineup,Centre-Forward,24,0
8bca3eb4f7451731402a1cb8d11f1583,2016-01-16,2594662,215,1084,Roque Santa Cruz,substitutes,Centre-Forward,24,0
6fdc42b50f7ecbae64d628823786bfcc,2016-01-23,2594674,215,1084,Roque Santa Cruz,substitutes,Centre-Forward,24,0
dfc7dfe8b3199adab545257af53abe3b,2016-01-30,2594684,215,1084,Roque Santa Cruz,substitutes,Centre-Forward,24,0
e03ec660eed080cd5b317cb5d4926fa0,2016-02-05,2594695,215,1084,Roque Santa Cruz,substitutes,Centre-Forward,24,0
3d0f8e08d85ac3be76f06fd68f178492,2016-02-13,2594705,215,1084,Roque Santa Cruz,substitutes,Centre-Forward,24,0
8b0daee5f3f0c604e8b5099ddf36d2ea,2016-02-13,2594709,1726,150,Heiko Westermann,starting_lineup,Centre-Back,17,0
c710281bf757670feaeb1e74d870ba57,2016-02-21,2594716,215,1084,Roque Santa Cruz,substitutes,Centre-Forward,24,0
af984f16383dadbc1a85b9eccda2f2ae,2016-02-27,2594726,215,1084,Roque Santa Cruz,substitutes,Centre-Forward,24,0
da07eb7cf312e4de836eb5f93706e758,2016-03-02,2594737,215,1084,Roque Santa Cruz,substitutes,Centre-Forward,24,0
92810fec0b2f71e117f400a3b59b8a18,2016-03-05,2594747,215,1084,Roque Santa Cruz,starting_lineup,Centre-Forward,24,0
6ce1fd5afb62a3edef049bf9980a530f,2016-03-19,2594768,1726,150,Heiko Westermann,starting_lineup,Centre-Back,17,0
7f89e177f3d3e834e1160b1b50723848,2016-04-02,2594778,1726,150,Heiko Westermann,starting_lineup,Centre-Back,17,0
d6dac0643d1943d91eb4c5b119a9fd21,2016-04-08,2594789,215,1084,Roque Santa Cruz,starting_lineup,Centre-Forward,24,0
284c155e0b6e8572d647b80818adb284,2016-04-17,2594800,215,1084,Roque Santa Cruz,substitutes,Centre-Forward,24,0
5658e88cc528f4958158cab5e9ee952c,2016-04-20,2594810,215,1084,Roque Santa Cruz,substitutes,Centre-Forward,24,0
0e97ccadb43420b3201658ca9af05e95,2016-04-24,2594816,1726,150,Heiko Westermann,starting_lineup,Centre-Back,17,0
72a5ebe3f1d14710cf6036be1c39a236,2016-04-23,2594820,215,1084,Roque Santa Cruz,substitutes,Centre-Forward,24,0
de84f3d25373682204e9f038277d4d7d,2016-04-30,2594825,1726,150,Heiko Westermann,starting_lineup,Centre-Back,17,0
9f6e1dbcbf6c3cae16051f210b43aeaa,2016-05-15,2594844,1726,150,Heiko Westermann,starting_lineup,Centre-Back,17,0
6097ac2d228eaaba6eff02e3542e82fb,2016-01-24,2598031,597,820,Aleksandr Hleb,starting_lineup,Attacking Midfield,13,0
68666c68717256545ea113a0d28d148c,2016-01-23,2598033,1896,19771,Ahmet Cebe,starting_lineup,Right-Back,20,0
bfc82c51d2f4ef9b86e686294fdb6824,2016-01-24,2598038,2587,524,Elyasa Süme,starting_lineup,Centre-Back,3,1
c047e8be6abd1bd022b914d7df458d97,2016-01-23,2598039,2148,2944,Erdal Kilicaslan,substitutes,Left Winger,11,0
40f809d0fd0491bc6ccf6263770995f3,2016-02-05,2598050,2148,2944,Erdal Kilicaslan,starting_lineup,Right Winger,11,1
f047115e11f09fc95728859a819f9f52,2016-02-08,2598051,597,820,Aleksandr Hleb,starting_lineup,Attacking Midfield,13,0
e0eeaad8439dbfc50875d301035206c4,2016-02-07,2598052,1896,19771,Ahmet Cebe,starting_lineup,Right-Back,20,0
4bf3f641c52126968c62b0770be59963,2016-02-07,2598055,2587,524,Elyasa Süme,starting_lineup,Centre-Back,3,1
168afa0d2274fdc3f1e982b027fa77a6,2015-12-02,2600611,1423,855,Lars Jacobsen,starting_lineup,Right-Back,2,0
8ce6940af95771ff646cd0b324804028,2015-12-12,2600628,1423,855,Lars Jacobsen,starting_lineup,Right-Back,2,0
02bad7f472afb7ce667fbf0c728b1cb4,2015-07-28,2602556,2874,265,Mladen Petric,substitutes,Centre-Forward,33,0
a7de5275ff2f71b184395e5fb3f49feb,2015-07-28,2602556,3201,265,Stathis Tavlaridis,starting_lineup,Centre-Back,20,0
921ba3771ebf1e730d809d7d8fef9509,2015-08-05,2602557,2874,265,Mladen Petric,substitutes,Centre-Forward,33,0
fd16bc21034ef9e0a4eeb65b3d90e23e,2015-08-05,2602557,3201,265,Stathis Tavlaridis,starting_lineup,Centre-Back,20,0
1358a31d044f497bc8c31cd1ea7422c9,2015-08-06,2602884,26,16,Roman Weidenfeller,starting_lineup,Goalkeeper,1,0
8cc85e845d1c8f8ff0fa1adaaa519988,2015-08-22,2603977,2904,276,Rafa Márquez,starting_lineup,Centre-Back,4,0
0fa3eb003b68d05db30d9600d15a14b6,2015-08-23,2603979,2865,506,Stephan Lichtsteiner,starting_lineup,Right Midfield,26,0
f373cd5928eaed0198b64abcdadd211f,2015-08-30,2603988,2904,276,Rafa Márquez,starting_lineup,Centre-Back,4,0
a40ea1f33cf8b23f3bd416e0576312aa,2015-08-30,2603991,2865,506,Stephan Lichtsteiner,starting_lineup,Right Midfield,26,0
bdf10edc54f3f1d948dba2f4a9384ab0,2015-09-13,2603997,2904,276,Rafa Márquez,starting_lineup,Centre-Back,4,0
f3ad956c9f469e83fbcc9b323f143f4f,2015-09-20,2604004,2904,276,Rafa Márquez,starting_lineup,Centre-Back,4,0
0448a4b2067f0d57ac5e0c6766c3e869,2015-09-20,2604008,2865,506,Stephan Lichtsteiner,starting_lineup,Right-Back,26,0
2cb8e4ce44fc4d2a1f3316755967becf,2015-09-23,2604018,2865,506,Stephan Lichtsteiner,starting_lineup,Right-Back,26,0
46f948e8f7248657022318d0862524b8,2015-10-18,2604048,2904,276,Rafa Márquez,starting_lineup,Centre-Back,4,0
9d25cdbc1fafde57c8cfc19da46f4ed1,2015-10-18,2604052,10,398,Miroslav Klose,starting_lineup,Centre-Forward,11,1
7bc2b10c20e9d9774e5afbe4d230c600,2015-10-25,2604059,10,398,Miroslav Klose,starting_lineup,Centre-Forward,11,0
6b2530b62a548f29f71fcad455d34d33,2015-10-25,2604062,2904,276,Rafa Márquez,starting_lineup,Centre-Back,4,0
165c89bcc2432d9ed5c12ac51c597c21,2015-10-28,2604064,10,398,Miroslav Klose,substitutes,Centre-Forward,11,0
a4d6355e906a21a7d9e47f612cd009e3,2015-10-28,2604067,2904,276,Rafa Márquez,starting_lineup,Centre-Back,4,0
d308d367f744989fd614eb8ea838c80e,2015-11-01,2604075,2904,276,Rafa Márquez,starting_lineup,Centre-Back,4,1
dde723d503137122df9cbec1e5918642,2015-11-01,2604081,10,398,Miroslav Klose,starting_lineup,Centre-Forward,11,0
bc4244974978e9389e0b7729d36c51ac,2015-11-08,2604084,2865,506,Stephan Lichtsteiner,starting_lineup,Right-Back,26,0
24cfea855963e72b0c65a64ccf0acf10,2015-11-08,2604090,10,398,Miroslav Klose,substitutes,Centre-Forward,11,0
d4d0d81f43e903e421bbe9a9cbe5f203,2015-11-21,2604101,2865,506,Stephan Lichtsteiner,starting_lineup,Right-Back,26,0
6a7432b8e22494aed44c0dbc852f79f0,2015-11-29,2604105,10,398,Miroslav Klose,substitutes,Centre-Forward,11,0
e0ff91c9fd032e1b0f692e8841d79e55,2015-11-29,2604110,2865,506,Stephan Lichtsteiner,substitutes,Right Midfield,26,0
3fb01a390c9faf451d39457b342214cf,2015-12-04,2604121,10,398,Miroslav Klose,starting_lineup,Centre-Forward,11,0
b3afd964023a09e28dc54fcadac1b96b,2015-12-04,2604121,2865,506,Stephan Lichtsteiner,starting_lineup,Right Midfield,26,0
968f28713b847ced82b0a9573a0e6417,2015-12-14,2604128,10,398,Miroslav Klose,starting_lineup,Centre-Forward,11,0
53aaa7832291dfc704eb4020cc081d1e,2015-12-13,2604129,2904,276,Rafa Márquez,starting_lineup,Centre-Back,4,0
5b6b80de2317fdbda1c907045eef5674,2015-12-20,2604136,2865,506,Stephan Lichtsteiner,substitutes,Right-Back,26,0
1e948076d5b6ea354f5a503d0b3ea55b,2016-01-06,2604147,2865,506,Stephan Lichtsteiner,starting_lineup,Right Midfield,26,0
14cfc72755ee59db30f78681a1d59ba3,2016-01-06,2604148,10,398,Miroslav Klose,substitutes,Centre-Forward,11,0
14088aca0dfb3d36ef9c4eef17da3539,2016-01-10,2604162,2865,506,Stephan Lichtsteiner,starting_lineup,Right Midfield,26,0
d9c2cf82b57a0da4a466b493a3c42412,2016-01-17,2604169,2865,506,Stephan Lichtsteiner,starting_lineup,Right Midfield,26,0
35bb61816abe7a83745394cce760ff5a,2016-01-17,2604170,10,398,Miroslav Klose,substitutes,Centre-Forward,11,0
a9e795bea948e235b4a114d0d00f2f27,2016-01-24,2604177,10,398,Miroslav Klose,substitutes,Centre-Forward,11,0
8392b60d72022d2571907e8eb3a00a7f,2016-01-24,2604181,2865,506,Stephan Lichtsteiner,starting_lineup,Right Midfield,26,0
c2918651978ec74630635db3f680da83,2016-01-31,2604189,2865,506,Stephan Lichtsteiner,starting_lineup,Right Midfield,26,0
8421bc5c306733083b3b0054f3e1bf0d,2016-01-31,2604190,10,398,Miroslav Klose,substitutes,Centre-Forward,11,0
1c522a3b80ed37a0ae50af34389d56b3,2016-02-03,2604200,10,398,Miroslav Klose,starting_lineup,Centre-Forward,11,1
2277d0683e5c051aeeb3e71ad109272a,2016-02-11,2604218,10,398,Miroslav Klose,substitutes,Centre-Forward,11,0
d19f94ed9d57e540c8f497f8b0bf969b,2016-02-13,2604220,2865,506,Stephan Lichtsteiner,starting_lineup,Right-Back,26,0
c6aef1a6864c8c6e71f609243e5e9fff,2016-02-19,2604228,2865,506,Stephan Lichtsteiner,starting_lineup,Right-Back,26,0
3d9e2aa2a97d5c09a4682214e53bf505,2016-02-21,2604229,10,398,Miroslav Klose,substitutes,Centre-Forward,11,0
2f9b54fa939d919b58c01adf16cb2f6d,2016-02-28,2604239,2865,506,Stephan Lichtsteiner,starting_lineup,Right Midfield,26,0
e7850586aa6839ac36489d56a2b3715b,2016-02-29,2604242,10,398,Miroslav Klose,starting_lineup,Centre-Forward,11,0
8a858169aec3ab2f1366780283169556,2016-03-06,2604248,2865,506,Stephan Lichtsteiner,starting_lineup,Right-Back,26,0
c8dfeda5e7c5eba80b09cec363ae0952,2016-03-06,2604249,10,398,Miroslav Klose,starting_lineup,Centre-Forward,11,0
c360d75e8695ad9348320195a7870ef7,2016-03-13,2604254,10,398,Miroslav Klose,starting_lineup,Centre-Forward,11,1
8a43a465535b8a48972cd2509c8adefd,2016-03-11,2604262,2865,506,Stephan Lichtsteiner,substitutes,Right-Back,26,0
08e523d027a2c581330c84cf27ce6a72,2016-03-20,2604265,2865,506,Stephan Lichtsteiner,starting_lineup,Right Midfield,26,0
de3d6f16c02217db30d5735c6b1f30b3,2016-04-02,2604274,2865,506,Stephan Lichtsteiner,starting_lineup,Right Midfield,26,0
ae8b9543c5c890a21447795720788a6b,2016-04-03,2604280,10,398,Miroslav Klose,substitutes,Centre-Forward,11,0
8f8e729e91f3f1af06e7a6ab874480a7,2016-04-09,2604291,2865,506,Stephan Lichtsteiner,starting_lineup,Right Midfield,26,0
3af90ce2b18f462106cbb28a54156848,2016-04-10,2604292,10,398,Miroslav Klose,starting_lineup,Centre-Forward,11,0
c95855db427b974150d4f976c80a2202,2016-04-17,2604295,10,398,Miroslav Klose,starting_lineup,Centre-Forward,11,0
476e4406a0c119b0395908b75f4484ec,2016-04-20,2604311,2865,506,Stephan Lichtsteiner,starting_lineup,Right Midfield,26,0
8ee7533c255942ae8bf870014a856ad7,2016-04-24,2604317,2865,506,Stephan Lichtsteiner,starting_lineup,Right Midfield,26,0
e9cdc0872e9f065ce80c2818dcc1508c,2016-05-01,2604326,2865,506,Stephan Lichtsteiner,substitutes,Right-Back,26,0
7ff6f2149503f5f8eca365482a84f4d7,2016-05-01,2604330,10,398,Miroslav Klose,starting_lineup,Centre-Forward,11,0
4d5df7dd72a66167ce70f6fb4000c1fe,2016-05-08,2604338,10,398,Miroslav Klose,starting_lineup,Centre-Forward,11,0
0a858d4b674196bfbf15fb255293d2cb,2016-05-15,2604347,10,398,Miroslav Klose,starting_lineup,Centre-Forward,11,1
25b0d2d42ce684e1fd2248dec0187184,2016-05-14,2604352,2865,506,Stephan Lichtsteiner,starting_lineup,Right Midfield,26,0
f5f148ff9128a59d16830e8bc8cce410,2015-08-02,2605728,3160,631,John Terry,starting_lineup,Centre-Back,26,1
83534346017e3e626263bf43fdcd3c25,2016-02-14,2606498,1896,19771,Ahmet Cebe,starting_lineup,Right-Back,20,0
e60eafcc917fa2cabb79d044cec88280,2016-02-14,2606498,2587,524,Elyasa Süme,starting_lineup,Centre-Back,3,1
bc535600f54a2bb201e44bffe9483199,2016-02-13,2606499,597,820,Aleksandr Hleb,starting_lineup,Attacking Midfield,13,0
ab18c3ea3ad21e29f4bad707ff5a8b9d,2016-02-22,2606508,597,820,Aleksandr Hleb,starting_lineup,Attacking Midfield,13,0
b205337241b17bf9a36431248ee5828a,2016-02-21,2606509,1896,19771,Ahmet Cebe,starting_lineup,Right-Back,20,0
f8c0f852a566780868f645f64e1ab6d7,2016-02-21,2606510,2587,524,Elyasa Süme,starting_lineup,Centre-Back,3,1
b689d86f1729e0a5815dfbea541a376c,2016-02-28,2606515,2587,524,Elyasa Süme,starting_lineup,Centre-Back,3,1
0c27ee1e621cc34ec7b60ec92929395f,2016-02-28,2606516,597,820,Aleksandr Hleb,starting_lineup,Attacking Midfield,13,0
bf8af08d2369c45f47f7209a8f2bfe6f,2016-03-06,2606522,1896,19771,Ahmet Cebe,starting_lineup,Right-Back,20,0
2587e0fb74cf2714ea18e80dd3da8a3a,2016-03-05,2606523,2148,2944,Erdal Kilicaslan,substitutes,Left Winger,11,0
392d6c2fa611eea84b2663bdcb2c00d0,2016-03-05,2606523,2587,524,Elyasa Süme,starting_lineup,Centre-Back,3,1
2aed5ae0e0a8a086e95fa374ff6e67ed,2016-03-05,2606525,597,820,Aleksandr Hleb,starting_lineup,Attacking Midfield,13,0
ccde39b5a35a7e5dc094746e28101b69,2016-03-12,2606538,2587,524,Elyasa Süme,starting_lineup,Centre-Back,3,1
bb7f476675ba03e04cfc00bdca0498fa,2016-03-19,2606544,597,820,Aleksandr Hleb,starting_lineup,Attacking Midfield,13,0
6c61cc2416f3650835cff541c2d9eb51,2016-03-19,2606544,2148,2944,Erdal Kilicaslan,substitutes,Left Winger,11,0
09710c58180401b9c240ca2fc5f8a0e4,2016-03-20,2606545,2587,524,Elyasa Süme,starting_lineup,Centre-Back,3,1
8dc8869b37e7d92a2f5679f5780fa425,2015-08-18,2609560,597,713,Aleksandr Hleb,starting_lineup,Attacking Midfield,81,0
e6f24afbafdbea28e1b452db0fd4d6f7,2015-08-18,2609561,10,398,Miroslav Klose,starting_lineup,Centre-Forward,11,0
e322574d27a1ec44d12d2e9a59662783,2015-08-18,2609561,3256,15,Roberto Hilbert,starting_lineup,Right-Back,13,0
ee4b23a876270590627fcbc1c73bd5a8,2015-08-18,2609562,2514,985,Bastian Schweinsteiger,substitutes,Central Midfield,31,0
3de3d82bf229589ef244486640879d2d,2015-08-18,2609562,3332,985,Wayne Rooney,starting_lineup,Centre-Forward,10,1
a8bee3aa80d121ff2a6ef65241ac4fd3,2016-01-10,2609665,1423,855,Lars Jacobsen,starting_lineup,Left-Back,2,0
1e70b70ec08c0599e7e00a4a57c6fb3e,2016-01-30,2609699,1423,855,Lars Jacobsen,starting_lineup,Right-Back,2,0
dd2e43d5be0d2a28946bce0ef3585c04,2016-02-03,2609701,1423,855,Lars Jacobsen,substitutes,Right-Back,2,0
0bddd364ddb411bca00d78a56a4f0fec,2016-02-06,2609714,1423,855,Lars Jacobsen,starting_lineup,Right-Back,2,0
dcf459bf3d43e51b6211153d0e064982,2016-02-13,2609721,1423,855,Lars Jacobsen,starting_lineup,Right-Back,2,0
5d7c57ca1b85d6b4019b2356215b3f82,2016-02-20,2609733,1423,855,Lars Jacobsen,starting_lineup,Right-Back,2,0
ce9d68d978b1834930b2cad2cc0f96a4,2016-02-27,2609741,1423,855,Lars Jacobsen,starting_lineup,Left-Back,2,0
e9d18541a91b51de57aca03502bfd7d0,2016-03-06,2609755,1423,855,Lars Jacobsen,starting_lineup,Left-Back,2,0
bdf813cf2c2ff2acacc665bf763e4664,2016-03-12,2609761,1423,855,Lars Jacobsen,starting_lineup,Left-Back,2,0
3a54f505f936857d7298b499f0e2ca2c,2016-03-19,2609779,1423,855,Lars Jacobsen,starting_lineup,Left-Back,2,0
3690ceead87527a648c6482d5f7876c5,2016-04-02,2609781,1423,855,Lars Jacobsen,starting_lineup,Left-Back,2,0
1e409a6eb7192223d43f51c1b107b53f,2016-04-09,2609792,1423,855,Lars Jacobsen,starting_lineup,Left-Back,2,0
36abf09dd39e919e64770f7bb29178d4,2016-04-17,2609809,1423,855,Lars Jacobsen,starting_lineup,Left-Back,2,0
599189ebcaae41d87dbfdcef13989d85,2016-04-24,2609811,1423,855,Lars Jacobsen,starting_lineup,Left-Back,2,0
fa88e704585bfd34a7a16d218ec12ab7,2016-04-30,2609821,1423,855,Lars Jacobsen,starting_lineup,Left-Back,2,0
385ffb706e377907e6f1c619e33ceb9b,2016-05-14,2609843,1423,855,Lars Jacobsen,starting_lineup,Left-Back,2,0
cc0812b6fa86aa1c258c5f27474e2a0d,2015-08-15,2611212,2904,276,Rafa Márquez,starting_lineup,Centre-Back,4,0
cc9ea876eb1e269e0a17caa052a136d9,2016-04-02,2611239,597,820,Aleksandr Hleb,starting_lineup,Attacking Midfield,13,0
7234520ab01aa08975e4a1a19958c854,2016-04-02,2611245,2587,524,Elyasa Süme,starting_lineup,Centre-Back,3,1
56f519d9d3eba99737e44f8091b9fbff,2016-04-03,2611247,2148,2944,Erdal Kilicaslan,substitutes,Left Winger,11,0
b40c060630e52470aa9869ded321c66a,2016-04-08,2611250,2587,524,Elyasa Süme,starting_lineup,Centre-Back,3,1
361303ec8e65beaad9ea2904812d933b,2016-04-09,2611256,2148,2944,Erdal Kilicaslan,substitutes,Left Winger,11,0
12674a6e8a6f418e9eb3f194afcff987,2016-04-18,2611257,597,820,Aleksandr Hleb,substitutes,Attacking Midfield,13,0
ce75186b5c29c241ea56e5f35e86108f,2016-04-17,2611263,2587,524,Elyasa Süme,starting_lineup,Centre-Back,3,1
3c50f02ca7c218de7d73b34594edf83c,2016-04-16,2611265,2148,2944,Erdal Kilicaslan,substitutes,Second Striker,11,0
2aa6c256dabc7b22c512a3306bad28cb,2016-04-23,2611267,2148,2944,Erdal Kilicaslan,substitutes,Left Winger,11,0
ed7e1ea1b3cbd7704906191f36a8e705,2016-04-25,2611269,597,820,Aleksandr Hleb,substitutes,Attacking Midfield,13,0
10000566c42fb44cb5df892ebdfaef91,2016-04-30,2611275,597,820,Aleksandr Hleb,substitutes,Attacking Midfield,13,0
ea4678ee26ce9f47cc386507cf4249d0,2016-05-01,2611276,2587,524,Elyasa Süme,starting_lineup,Centre-Back,3,1
812955bd88f96087ef98af7279a00d91,2016-05-07,2611285,2148,2944,Erdal Kilicaslan,substitutes,Left Winger,11,0
d0daf43fc4951d81e052efa5ea7665ce,2016-05-07,2611291,2587,524,Elyasa Süme,starting_lineup,Centre-Back,3,1
260f84eada37c951d4377ec449042696,2016-05-08,2611292,1896,19771,Ahmet Cebe,starting_lineup,Right-Back,20,0
be0cbd30d6b8b07f000bc2f8463c96bf,2016-05-14,2611303,2587,524,Elyasa Süme,starting_lineup,Centre-Back,3,1
1e9b5b3145e37224ca5efd0af9f90ba8,2016-05-15,2611306,1896,19771,Ahmet Cebe,starting_lineup,Right-Back,20,0
975a0d2ecc5b3d273eb8152873464be8,2016-05-15,2611311,2148,2944,Erdal Kilicaslan,substitutes,Left Winger,11,0
5e63794ae87e2a562badb07976f41b45,2016-05-19,2611315,2148,2944,Erdal Kilicaslan,substitutes,Second Striker,11,0
09b85390797e0dcc30de97cbb15bc7f1,2016-05-19,2611318,2587,524,Elyasa Süme,starting_lineup,Centre-Back,3,1
a0cd99872a9b2f6890b40427742c5da4,2015-08-24,2611502,2874,265,Mladen Petric,substitutes,Second Striker,33,0
d4d165d394b651f1adb54841084b2126,2015-08-24,2611502,3201,265,Stathis Tavlaridis,starting_lineup,Centre-Back,20,0
ffb55bef2b16088f6270a648b6d6524e,2015-08-30,2611508,2874,265,Mladen Petric,substitutes,Centre-Forward,33,0
af2d70b2aee79e2c4ef2e7fb1956ef40,2015-08-30,2611508,3201,265,Stathis Tavlaridis,starting_lineup,Centre-Back,20,0
7f2ff14b20100227c47e6100092ffe93,2015-08-20,2613522,26,16,Roman Weidenfeller,starting_lineup,Goalkeeper,1,0
43a266606c5b9a55ef7aed3d0911e78e,2015-08-27,2613523,26,16,Roman Weidenfeller,starting_lineup,Goalkeeper,1,0
275acde0035a97c2d0da48296da173c5,2015-08-20,2613760,2874,265,Mladen Petric,starting_lineup,Centre-Forward,33,0
36735ae464dfa1b36f982aeeba11c0a0,2015-08-20,2613760,3201,265,Stathis Tavlaridis,starting_lineup,Centre-Back,20,0
032dd5feacf353957114abf31e755008,2015-08-27,2613762,2874,265,Mladen Petric,substitutes,Centre-Forward,33,0
66c4b8490c816b3ed69a770c727b962c,2015-08-27,2613762,3201,265,Stathis Tavlaridis,starting_lineup,Centre-Back,20,0
1e7cc55bfc5f424ec47b554afd271adc,2015-08-26,2613772,597,713,Aleksandr Hleb,starting_lineup,Attacking Midfield,81,0
15e6283938e2a43c6f3343ccc039ac09,2015-08-26,2613773,3256,15,Roberto Hilbert,starting_lineup,Right-Back,13,0
e4a00176dbf72d3ecd0f2c6943161a14,2015-08-26,2613774,2514,985,Bastian Schweinsteiger,substitutes,Central Midfield,31,0
e622b1af14ec787a0859864e1a341b92,2015-08-26,2613774,3332,985,Wayne Rooney,starting_lineup,Centre-Forward,10,1
4722a5f4f4469e5f31e02875d2a9474f,2015-10-27,2615033,1565,24,Alexander Meier,starting_lineup,Second Striker,14,1
bba8aae73d038f8114103044213a7b4a,2015-10-28,2615037,1144,18,Christofer Heimeroth,substitutes,Goalkeeper,33,0
ac2343a75bc3eb17b9275d1403ed7e3a,2015-10-28,2615037,1363,33,Christian Wetklo,substitutes,Goalkeeper,37,0
16b09c68c53a9a6f4377f4b880c5ac11,2015-10-28,2615037,1662,33,Sascha Riether,starting_lineup,Right-Back,27,0
635ca6a559e7f5110fa9a6d06e4151f8,2015-10-27,2615043,1586,42,Christian Schulz,starting_lineup,Centre-Back,19,1
019291e8d301f7d4a8148b3a53be325b,2015-10-28,2615044,1791,167,Halil Altıntop,substitutes,Attacking Midfield,7,0
55929f89ba4de3cd65d749754523295a,2015-10-28,2615044,1986,167,Markus Feulner,substitutes,Central Midfield,8,0
4a0f351a926fd64df700338d5c1e6ccf,2015-10-28,2615044,2623,167,Piotr Trochowski,substitutes,Attacking Midfield,15,0
963e20179c681467707c8143bc3dfcca,2015-10-28,2615046,532,86,Claudio Pizarro,substitutes,Centre-Forward,14,0
3a93969863764b50614a35e9c2c1bc55,2015-10-28,2615046,1126,3,Matthias Lehmann,starting_lineup,Defensive Midfield,33,1
3437563acd36ccbbbcd9be89ec10d09a,2015-10-28,2615046,1277,86,Clemens Fritz,starting_lineup,Central Midfield,8,1
21e1a02490e83d4763e46aac3477d98b,2015-10-27,2615047,1667,82,Diego Benaglio,starting_lineup,Goalkeeper,1,1
dcc975ec47ff513dfc5b2ba8a32bf752,2015-10-27,2615047,2219,27,Philipp Lahm,starting_lineup,Right-Back,21,1
4e3ba70ae4e9e9ce04df03734f3c9e97,2015-09-15,2618537,1667,82,Diego Benaglio,starting_lineup,Goalkeeper,1,1
d2fb47d24aa6fb8e7672892868b58bd7,2015-09-15,2618538,2514,985,Bastian Schweinsteiger,starting_lineup,Defensive Midfield,31,0
1449eaee832a83c00a059493c5feba3a,2015-09-15,2618541,2865,506,Stephan Lichtsteiner,starting_lineup,Right-Back,26,0
0342ad96b1e3462ed482ee135268489b,2015-09-15,2618541,2963,281,Martín Demichelis,substitutes,Centre-Back,26,0
5e5de3bd08ed2083db8c3127236862b6,2015-09-16,2618543,597,713,Aleksandr Hleb,starting_lineup,Attacking Midfield,81,0
073d2fef674fe6b5d9dd7a55a6af4116,2015-09-16,2618543,3256,15,Roberto Hilbert,starting_lineup,Right-Back,13,0
ba08665fca885cc73a6d9f86207ca157,2015-09-16,2618546,2219,27,Philipp Lahm,starting_lineup,Right-Back,21,1
a6dd7f6102a5dfba409844e8a9ee8b13,2015-09-29,2618556,3256,15,Roberto Hilbert,substitutes,Right-Back,13,0
152fa0a02a2ffaec333139bf01e84919,2015-09-29,2618557,597,713,Aleksandr Hleb,substitutes,Attacking Midfield,81,0
74ed0643e275cdbe3bf5157f21dc438f,2015-09-29,2618558,2219,27,Philipp Lahm,starting_lineup,Right-Back,21,1
dcfb6a5576db6a24958c4e49267774c5,2015-09-30,2618567,1667,82,Diego Benaglio,starting_lineup,Goalkeeper,1,1
828b7c114f8fdce9288754033d89cc10,2015-09-30,2618567,2514,985,Bastian Schweinsteiger,starting_lineup,Defensive Midfield,31,0
29185850cf9b3c3d6e6b094bbe5a6a86,2015-09-30,2618567,3332,985,Wayne Rooney,starting_lineup,Attacking Midfield,10,1
975625d42e90cb669c47f49063f47429,2015-09-30,2618570,1144,18,Christofer Heimeroth,substitutes,Goalkeeper,33,0
e8e5c911796091529e5eba6bd21011ac,2015-09-30,2618570,2963,281,Martín Demichelis,starting_lineup,Centre-Back,26,0
c1e10c33a2ad6606367a377a4c8bc976,2015-10-20,2618580,2219,27,Philipp Lahm,starting_lineup,Right-Back,21,1
293344a18d3f7e5062d39811c34ab884,2015-10-20,2618583,3160,631,John Terry,starting_lineup,Centre-Back,26,1
e21fac98f747c405222a72472345f031,2015-10-21,2618588,2514,985,Bastian Schweinsteiger,starting_lineup,Defensive Midfield,31,0
954255b1dcb84b86dbbc6ad9e0e48389,2015-10-21,2618588,3332,985,Wayne Rooney,starting_lineup,Centre-Forward,10,1
0a9a04582c659deef194c9df2e769963,2015-10-21,2618589,1667,82,Diego Benaglio,starting_lineup,Goalkeeper,1,1
e35d63de2f5901fc75056d620177843b,2015-11-03,2618596,2514,985,Bastian Schweinsteiger,starting_lineup,Central Midfield,31,0
92d4e2e0a3d283b980b847304cf3dd75,2015-11-03,2618596,3332,985,Wayne Rooney,starting_lineup,Second Striker,10,1
cffae6161b2dafcf83b619386a8b36d7,2015-11-03,2618597,1667,82,Diego Benaglio,starting_lineup,Goalkeeper,1,0
c3fb437ffe34253db410c67831aac9b0,2015-11-03,2618600,2963,281,Martín Demichelis,substitutes,Centre-Back,26,0
ee40aec9f47c1e8f2620083576f46230,2015-11-03,2618601,1144,18,Christofer Heimeroth,substitutes,Goalkeeper,33,0
e8d80aecdd1243068fbc2e83a19e346d,2015-11-03,2618601,2865,506,Stephan Lichtsteiner,starting_lineup,Right-Back,26,0
711883946fb6d124b7f9f94d47541492,2015-11-04,2618602,597,713,Aleksandr Hleb,substitutes,Attacking Midfield,81,0
ecfe7b408af16e2a09b2f602c49def32,2015-11-04,2618604,2219,27,Philipp Lahm,starting_lineup,Right-Back,21,1
c696f1ba7c9673cdc2a2822f85e99f81,2015-11-04,2618607,3160,631,John Terry,starting_lineup,Centre-Back,26,1
111dd0dab1429a89374f4738495d3606,2015-11-25,2618612,1667,82,Diego Benaglio,starting_lineup,Goalkeeper,1,1
1653942b3e3624700a7eba9478fedf1b,2015-11-25,2618613,2514,985,Bastian Schweinsteiger,starting_lineup,Defensive Midfield,31,0
1f910157276b88b0334bc06e35ad7497,2015-11-25,2618613,3332,985,Wayne Rooney,starting_lineup,Attacking Midfield,10,1
37a072e1aa43e113dcf58e0a82ff4bb5,2015-11-25,2618616,2865,506,Stephan Lichtsteiner,starting_lineup,Right Midfield,26,0
96539ae9aa68641d8dc2e1a28b2a3b5f,2015-11-25,2618616,2963,281,Martín Demichelis,starting_lineup,Centre-Back,26,0
fd7776cd33498602dd6051b87e253fc9,2015-11-24,2618618,597,713,Aleksandr Hleb,starting_lineup,Attacking Midfield,81,0
f2a0324bc3470773bacbf38fd2f08f35,2015-11-24,2618621,2219,27,Philipp Lahm,starting_lineup,Right-Back,21,1
4dc5a1cf8dcac91bdc92cde9fe0f82ec,2015-11-24,2618623,3160,631,John Terry,starting_lineup,Centre-Back,26,1
93c789e5ac219e9893add639254c52f3,2015-12-08,2618628,1667,82,Diego Benaglio,starting_lineup,Goalkeeper,1,1
d3027f41c78fcdc154fa0c683439b140,2015-12-08,2618628,2514,985,Bastian Schweinsteiger,starting_lineup,Defensive Midfield,31,0
82e29ab5f8552cba17cf3ec876b383c1,2015-12-08,2618633,2865,506,Stephan Lichtsteiner,starting_lineup,Right Midfield,26,0
fab2de53f29745189be76d5d0b8221a0,2015-12-09,2618634,3256,15,Roberto Hilbert,starting_lineup,Right-Back,13,0
3f5fa8beed2df6de509fb5773afafe52,2015-12-09,2618635,597,713,Aleksandr Hleb,starting_lineup,Attacking Midfield,81,0
f479c9dfd6268d9f4421236ea843f31c,2015-12-09,2618636,80,27,Tom Starke,substitutes,Goalkeeper,22,0
98fb7345f0cf96e92af48abe1ad38aab,2015-12-09,2618636,2219,27,Philipp Lahm,starting_lineup,Right-Back,21,1
5cbc24facf9f6731b4ab911dfc32556b,2015-12-09,2618639,3160,631,John Terry,starting_lineup,Centre-Back,26,1
dfc81fe0e17616cc6e4cf3d1abdb0f88,2015-09-17,2618723,3202,31,Kolo Touré,starting_lineup,Centre-Back,4,0
03bc08a400c1e095760b11f9e114902f,2015-09-17,2618725,65,1091,Dimitar Berbatov,substitutes,Centre-Forward,10,0
4fabe5f14e6487d2f9ce3391e1a07ba1,2015-09-17,2618726,26,16,Roman Weidenfeller,starting_lineup,Goalkeeper,1,0
b799765b664442fa12169d8cca403654,2015-09-17,2618744,1791,167,Halil Altıntop,starting_lineup,Second Striker,7,0
a861416ebf2b626754fac51b615c8fae,2015-09-17,2618744,1986,167,Markus Feulner,starting_lineup,Left-Back,8,0
ac37eb9e3c355d1c372a3aaabb2d6435,2015-09-17,2618744,2623,167,Piotr Trochowski,substitutes,Central Midfield,15,0
f01aae09692fa4884bfa6b8c5353d13f,2015-10-01,2618752,3202,31,Kolo Touré,starting_lineup,Centre-Back,4,1
69c24edce0c4dd7dff07492cb951e6d7,2015-10-01,2618754,26,16,Roman Weidenfeller,starting_lineup,Goalkeeper,1,0
cb8dcafc24b58a214bb6c2ac8f7eb65b,2015-10-01,2618754,65,1091,Dimitar Berbatov,starting_lineup,Centre-Forward,10,0
f41bc6bbc7f6bdcaf6520d269eb083b7,2015-10-01,2618766,1662,33,Sascha Riether,starting_lineup,Right-Back,27,0
16f502e26b5230174cf7165ee1f4c5b5,2015-10-01,2618767,1791,167,Halil Altıntop,starting_lineup,Attacking Midfield,7,0
c3f5a7798f7d7b7185005cbd899d3073,2015-10-01,2618767,1986,167,Markus Feulner,starting_lineup,Left-Back,8,0
d7ec41a0ff149d9c16afbec9c896ec7b,2015-10-01,2618767,2623,167,Piotr Trochowski,substitutes,Attacking Midfield,15,0
2daa370948851c4012abff48b4fd27bd,2015-10-22,2618769,26,16,Roman Weidenfeller,starting_lineup,Goalkeeper,1,0
9a9637ed49b9dd6dbfe055d9c934a8fd,2015-10-22,2618770,65,1091,Dimitar Berbatov,substitutes,Centre-Forward,10,0
aea5d5da9a126a5ee5becb595513da24,2015-11-05,2618771,26,16,Roman Weidenfeller,starting_lineup,Goalkeeper,1,0
87448a84d5a5d377631d38d3c0b597b9,2015-11-26,2618773,26,16,Roman Weidenfeller,starting_lineup,Goalkeeper,1,0
5cb8374ae2c5dd7467d0c008800c2439,2015-11-26,2618774,65,1091,Dimitar Berbatov,starting_lineup,Centre-Forward,10,0
8d90366e447d4cbdb68e64eaabed6881,2015-12-10,2618776,26,16,Roman Weidenfeller,starting_lineup,Goalkeeper,1,0
2d1cbbc364b9082288ccd75ec75f1ca4,2015-12-10,2618776,65,1091,Dimitar Berbatov,starting_lineup,Centre-Forward,10,0
47d659ad6bacdc506889848821884373,2015-10-22,2618785,3202,31,Kolo Touré,substitutes,Centre-Back,4,0
5256446f85a987105b625ac640698188,2015-10-22,2618785,3333,31,James Milner,starting_lineup,Right Midfield,7,1
ede68bacbe918d976bf66614772085d2,2015-11-05,2618787,3333,31,James Milner,starting_lineup,Left Midfield,7,1
1ae09375949e8662c44c7a389b2a759d,2015-11-26,2618790,3202,31,Kolo Touré,starting_lineup,Centre-Back,4,0
3c67cac295cf20766f92b3de21586328,2015-11-26,2618790,3333,31,James Milner,starting_lineup,Right Midfield,7,0
3ea217c23fc101c13fa0318397743197,2015-12-10,2618792,3202,31,Kolo Touré,starting_lineup,Centre-Back,4,0
b97076c548717a28be41fa9db625e804,2015-12-10,2618792,3333,31,James Milner,starting_lineup,Left Midfield,7,0
1710ed3e859b3f0b82aee41e1a987328,2015-12-10,2618793,1791,167,Halil Altıntop,substitutes,Attacking Midfield,7,0
91d4ff63421abf431bb50504752b47a0,2015-12-10,2618793,1986,167,Markus Feulner,substitutes,Central Midfield,8,0
6f273dad7a9469970fae70c6f031668a,2015-12-10,2618793,2623,167,Piotr Trochowski,starting_lineup,Attacking Midfield,15,0
4eeccd1f503976c4a37a974bc5ba5271,2015-11-26,2618796,1791,167,Halil Altıntop,starting_lineup,Centre-Forward,7,0
4634e2f9b303f3820bcb4ee691a97b8c,2015-11-26,2618796,2623,167,Piotr Trochowski,starting_lineup,Attacking Midfield,15,0
1781520b5ad7ef7d90117198999d4cfa,2015-10-22,2618797,1791,167,Halil Altıntop,substitutes,Attacking Midfield,7,0
6f7a4952aaf0c2ed68fc0e50050f383d,2015-10-22,2618797,1986,167,Markus Feulner,substitutes,Central Midfield,8,0
814059c38e7b89c3abd7afb8f116d160,2015-10-22,2618797,2623,167,Piotr Trochowski,starting_lineup,Central Midfield,15,0
440d210fd496a746741f78d289558585,2015-11-05,2618799,1791,167,Halil Altıntop,substitutes,Attacking Midfield,7,0
746f97aa0e89395955da1d2fa3e40c78,2015-11-05,2618799,1986,167,Markus Feulner,substitutes,Central Midfield,8,0
00881afc754795959a429cb2c56fa6b1,2015-11-05,2618799,2623,167,Piotr Trochowski,substitutes,Attacking Midfield,15,0
dae1bad66855a2daaf0c8f3e22fe8bc6,2015-11-26,2618805,1662,33,Sascha Riether,substitutes,Right-Back,27,0
64d76d7a4342c1ece1f930adf922594c,2015-11-26,2618971,10,398,Miroslav Klose,starting_lineup,Centre-Forward,11,1
381555073428686f32c16d7db6c15b98,2015-09-12,2620464,65,1091,Dimitar Berbatov,substitutes,Centre-Forward,10,0
19f21a90cd9f7fe081826de57cb277bb,2015-09-13,2620469,2874,265,Mladen Petric,starting_lineup,Attacking Midfield,33,0
dda3d943b40f13a233c3538084f0a75d,2015-09-13,2620469,3201,265,Stathis Tavlaridis,starting_lineup,Centre-Back,20,0
378f6ad718ce52d03759622868c67e32,2015-09-23,2626448,3201,265,Stathis Tavlaridis,starting_lineup,Centre-Back,20,0
8985afa09dd89e1b967d0def9346d391,2015-09-23,2626452,65,1091,Dimitar Berbatov,substitutes,Centre-Forward,10,0
54379971afd680c922d299df7527e6cf,2015-09-27,2626456,3201,265,Stathis Tavlaridis,starting_lineup,Centre-Back,20,0
e87f445283e0606b435aa9c3a6baef94,2015-09-27,2626459,65,1091,Dimitar Berbatov,substitutes,Centre-Forward,10,0
34f244f19591692256907062bd6f1a5a,2015-10-03,2626463,3201,265,Stathis Tavlaridis,starting_lineup,Centre-Back,20,0
1be1837169b8680b97a11fb896df00a3,2015-10-04,2626467,65,1091,Dimitar Berbatov,substitutes,Centre-Forward,10,0
5f7be4a75c6f24389d3d0665652aee4f,2015-10-28,2627300,2874,265,Mladen Petric,starting_lineup,Centre-Forward,33,0
14ebf0797bdb8b2b7b48e87d1412b1c9,2015-10-28,2627300,3201,265,Stathis Tavlaridis,starting_lineup,Centre-Back,20,0
54a37f3ae8f362d285873e275d7fdf16,2015-10-18,2630708,65,1091,Dimitar Berbatov,starting_lineup,Centre-Forward,10,0
1d335ef2e98b82e4a37b1a7f7e5dba9b,2015-10-19,2630711,2874,265,Mladen Petric,starting_lineup,Centre-Forward,33,0
7adef55a67681b7227de8c1590b7a890,2015-10-19,2630711,3201,265,Stathis Tavlaridis,starting_lineup,Centre-Back,20,0
afd5efb6be3120022d39f25e1ecb786f,2015-12-17,2630737,3201,265,Stathis Tavlaridis,starting_lineup,Centre-Back,20,0
bdc684d4c4f53f4e22305ce8cc75bebe,2015-10-25,2631230,65,1091,Dimitar Berbatov,starting_lineup,Centre-Forward,10,0
ee4e979cede2ceb9afe8277c8eb45574,2015-10-25,2631230,2874,265,Mladen Petric,substitutes,Centre-Forward,33,0
3e6b50a6571c61d3aaca1b25acc2f6f9,2015-10-25,2631230,3201,265,Stathis Tavlaridis,starting_lineup,Centre-Back,20,0
ad57ca4972a4865d1f1103280bd87241,2015-11-01,2631237,2874,265,Mladen Petric,substitutes,Centre-Forward,33,0
11e997661b922a3d5d9fdb7390c18b72,2015-11-01,2631237,3201,265,Stathis Tavlaridis,starting_lineup,Centre-Back,20,0
628cbfdc39d75ec849168ca450845bb2,2015-11-07,2631241,2874,265,Mladen Petric,substitutes,Centre-Forward,33,0
bd63cecb1cc74c7391b1a1e894d64168,2015-11-22,2631250,65,1091,Dimitar Berbatov,starting_lineup,Centre-Forward,10,0
f4b3bec8b4f2b1204d3dd119854e1f3c,2015-11-28,2631257,3201,265,Stathis Tavlaridis,starting_lineup,Centre-Back,20,0
fb1ed3dc93388181744117d96150a8ff,2015-12-06,2631269,2874,265,Mladen Petric,starting_lineup,Centre-Forward,33,0
689fc0a05fd7b0f06e806b8de78cdf68,2015-12-06,2631269,3201,265,Stathis Tavlaridis,substitutes,Centre-Back,20,0
4c76bfa4a8dab4e01af395cb2052b7dd,2015-12-13,2631277,2874,265,Mladen Petric,starting_lineup,Centre-Forward,33,0
9b0f324e6e29d161998336e9cbe0c9b7,2015-12-13,2631277,3201,265,Stathis Tavlaridis,substitutes,Centre-Back,20,0
cc9d44e0e290f6a3c8f3a29ec0995bbf,2015-12-14,2631278,65,1091,Dimitar Berbatov,substitutes,Centre-Forward,10,0
03f26a51305dbcc2e7065dc8180a0498,2015-12-20,2631281,2874,265,Mladen Petric,substitutes,Centre-Forward,33,0
85e60d135dedebec8ed2db4bc9afa2e6,2015-12-20,2631281,3201,265,Stathis Tavlaridis,substitutes,Centre-Back,20,0
05867bf1b1b2d61192619fb5eeaec66a,2015-12-20,2631282,65,1091,Dimitar Berbatov,substitutes,Centre-Forward,10,0
e66e14887c36d3059e5abfaadb8dccc5,2015-12-03,2633819,215,1084,Roque Santa Cruz,starting_lineup,Centre-Forward,24,1
b4812d626baa46e8320a6df4ad854dc6,2015-12-16,2633850,215,1084,Roque Santa Cruz,starting_lineup,Centre-Forward,24,0
d9a016492af2a9b70225712a97cd9b5f,2015-12-16,2636826,26,16,Roman Weidenfeller,substitutes,Goalkeeper,1,0
f014cf2f3db9bfdea936c5de34c20e53,2015-12-16,2636826,1791,167,Halil Altıntop,substitutes,Attacking Midfield,7,0
15863a3ae5630a67bbfa778fb96c289b,2015-12-16,2636826,1986,167,Markus Feulner,substitutes,Central Midfield,8,0
3a4b75ad61c33129becc822ff81e045b,2015-12-16,2636826,2623,167,Piotr Trochowski,substitutes,Central Midfield,15,0
eac84495bfe43137598d72c42449de4a,2015-12-15,2636827,2219,27,Philipp Lahm,starting_lineup,Right-Back,21,1
fcda76aa38b2c878adfca2807764c0c9,2015-12-15,2636827,2926,105,György Garics,starting_lineup,Right-Back,13,0
31951750e0826ed6fc46902dffcf463b,2015-12-15,2636830,532,86,Claudio Pizarro,starting_lineup,Centre-Forward,14,0
1095178629bbe8564892e75d4f9d0750,2015-12-15,2636830,1277,86,Clemens Fritz,starting_lineup,Central Midfield,8,1
d8eea1c91dfccbad50311729e8f44a3b,2015-12-16,2642625,2865,506,Stephan Lichtsteiner,starting_lineup,Right Midfield,26,0
6a1a7bc54c7b70937e3fed8493a4c3ec,2016-01-09,2645263,1368,1519,Guy Demel,starting_lineup,Defensive Midfield,55,0
fe77b7cbd28a4fcf6c162bb2ecba4e50,2016-01-10,2645277,3179,371,Carlton Cole,starting_lineup,Centre-Forward,24,0
b90ccbeded3a87ee4d75a9252adf3a8b,2015-12-12,2645524,1368,1519,Guy Demel,starting_lineup,Defensive Midfield,55,0
93b84cf057510ee7312ccc9c77122d3a,2015-12-13,2645527,3179,371,Carlton Cole,substitutes,Centre-Forward,24,0
ac39079efb84d0103c9c3c18d5565afb,2015-12-19,2645528,3179,371,Carlton Cole,substitutes,Centre-Forward,24,0
4414b83a9e9096cb737d7b6f8d4a61a8,2015-12-19,2645530,1368,1519,Guy Demel,starting_lineup,Defensive Midfield,55,0
a7a948a865ec79ad49a80deeaba58a7b,2016-02-16,2645535,1368,1519,Guy Demel,starting_lineup,Defensive Midfield,55,0
4d9fb1b0d46d9a7f2f7bf3cecadd058b,2015-12-30,2645544,1368,1519,Guy Demel,starting_lineup,Defensive Midfield,55,0
da73bc0bde2c070d8050ac15bb671f39,2016-01-02,2645546,1368,1519,Guy Demel,starting_lineup,Defensive Midfield,55,0
89b247897390908d2dd1faf36e1cd571,2016-02-23,2645810,2219,27,Philipp Lahm,starting_lineup,Right-Back,21,1
2997ef9ba5662ff7b2e424dbb611c57d,2016-02-23,2645810,2865,506,Stephan Lichtsteiner,starting_lineup,Right-Back,26,0
54b351ac3ac0ef8c11202e73ef2d6516,2016-03-16,2645818,2219,27,Philipp Lahm,starting_lineup,Right-Back,21,1
0d3252093ebfa3a6bf13a9abc5f2a219,2016-03-16,2645818,2865,506,Stephan Lichtsteiner,starting_lineup,Right-Back,26,0
7f7870aa8433c8a5c20a0737a132a4d8,2016-03-15,2645821,2963,281,Martín Demichelis,substitutes,Centre-Back,26,0
9580f56dad36c55a2bed0fcf393ca90b,2016-02-18,2646008,1791,167,Halil Altıntop,starting_lineup,Attacking Midfield,7,0
d54f8a4e5af7fac87d1aba30305dd373,2016-02-18,2646008,1986,167,Markus Feulner,starting_lineup,Central Midfield,8,0
9d9d9f0c618c53d82993ad77a49f1333,2016-02-18,2646008,3202,31,Kolo Touré,starting_lineup,Centre-Back,4,0
2e383bcd8b1804d87d53bc6d8da5fda2,2016-02-18,2646008,3333,31,James Milner,starting_lineup,Right Midfield,7,0
2c46eaa2d0e95d5e9139b43ee9f95a05,2016-02-18,2646010,10,398,Miroslav Klose,substitutes,Centre-Forward,11,0
cd5628b68cef9ccf9545899c738e76b1,2016-02-18,2646015,3256,15,Roberto Hilbert,substitutes,Right-Back,13,0
707f38d641d8314cd07fd8bed56fde05,2016-02-25,2646024,1791,167,Halil Altıntop,starting_lineup,Attacking Midfield,7,0
253433f5ab7e2b076cf8867c9c240bce,2016-02-25,2646024,3202,31,Kolo Touré,substitutes,Centre-Back,4,0
46189d4ec2a0d5aafc874e8780673f81,2016-02-25,2646024,3333,31,James Milner,starting_lineup,Central Midfield,7,0
24a47a5e3c2515915e555401774f4acd,2016-02-25,2646025,10,398,Miroslav Klose,substitutes,Centre-Forward,11,0
9feb7114298ab294d2c0dddcf66f444c,2016-01-09,2646157,3356,989,Sylvain Distin,starting_lineup,Centre-Back,25,0
8467926afee895d44924f2089bfb07e5,2016-01-09,2646162,2514,985,Bastian Schweinsteiger,starting_lineup,Defensive Midfield,31,0
9138fce99c3255f0eaf60c36dacfa017,2016-01-09,2646162,3332,985,Wayne Rooney,starting_lineup,Centre-Forward,10,1
fa16b24752565fa67f705f1b6a0df835,2016-01-09,2646167,2583,2454,Thorsten Stuckmann,starting_lineup,Goalkeeper,12,0
dce558083cb0bdafbd4eb25efaa479f0,2016-01-09,2646167,3306,512,Jonathan Walters,starting_lineup,Right Winger,19,0
d54b48b19f8827ceefd20ae4f96bf1cf,2016-01-09,2646171,2963,281,Martín Demichelis,starting_lineup,Centre-Back,26,0
1086d2b350c5f29e8890954518e6b945,2016-01-23,2646176,1368,1519,Guy Demel,starting_lineup,Defensive Midfield,55,0
7065a86fbe44a296568dbcff307b7998,2016-04-05,2646182,1368,1519,Guy Demel,starting_lineup,Defensive Midfield,55,0
838a7897d2e3b0830eae51c1be168b51,2016-02-13,2646278,1368,1519,Guy Demel,starting_lineup,Defensive Midfield,55,0
66c6b4f67810bd86d1802b3231fa4133,2016-02-20,2646284,1368,1519,Guy Demel,starting_lineup,Defensive Midfield,55,0
756ba546156b9c94d3d30ce04cb20a91,2016-04-02,2646317,1368,1519,Guy Demel,starting_lineup,Defensive Midfield,55,0
6e2409b673814f20f35e1918232a03a6,2016-04-09,2646318,1368,1519,Guy Demel,starting_lineup,Defensive Midfield,55,0
ece83001ef23326eb0a31db3ae696593,2016-02-10,2646705,80,27,Tom Starke,substitutes,Goalkeeper,22,0
cb40802f9f6ed01c0361c8e05666cf6b,2016-02-10,2646705,2219,27,Philipp Lahm,starting_lineup,Right-Back,21,1
700699130cac655b11db474a682c15d1,2016-02-09,2646706,488,86,Gerhard Tremmel,substitutes,Goalkeeper,18,0
959dad72cc3331a3c055936a3d9b7e2b,2016-02-09,2646706,532,86,Claudio Pizarro,starting_lineup,Centre-Forward,14,0
259113b7dd3a524a85139132e0488f2b,2016-02-09,2646706,1277,86,Clemens Fritz,starting_lineup,Central Midfield,8,1
e9e527560c463cec08ca1a831b016490,2016-02-09,2646706,3256,15,Roberto Hilbert,starting_lineup,Right-Back,13,0
04057fb66365d4c61be6c61775ebfe10,2016-01-20,2647469,10,398,Miroslav Klose,starting_lineup,Centre-Forward,11,0
0202be849b29ed76559f94e58b743b6d,2016-01-20,2647469,2865,506,Stephan Lichtsteiner,starting_lineup,Right Midfield,26,0
f1a226baab2213c466d237e9641d28e2,2016-02-03,2647589,933,192,Uğur İnceman,starting_lineup,Central Midfield,31,0
49459bed01db9e9d930e61bc006f2490,2016-01-07,2648070,2874,265,Mladen Petric,starting_lineup,Centre-Forward,33,0
67f7e3fa6e3c1fb6f1ba2da1d52e4507,2016-01-06,2648072,65,1091,Dimitar Berbatov,substitutes,Centre-Forward,10,0
0a19c3b73741039c8f28e5f5fb1d9c3d,2016-01-14,2648078,2874,265,Mladen Petric,substitutes,Centre-Forward,33,0
f54cf2852acb2abfefc0a20d1bf1a0a6,2016-01-14,2648078,3201,265,Stathis Tavlaridis,starting_lineup,Centre-Back,20,0
325b97fa06db3af2fb20821d7cc07a64,2016-01-14,2648080,65,1091,Dimitar Berbatov,substitutes,Centre-Forward,10,0
2a334094f24fa35dbabfa0731c9908bd,2016-01-04,2650357,2874,265,Mladen Petric,starting_lineup,Centre-Forward,33,0
48387b0f953384b04bbaef9c1594b1f1,2016-01-04,2650357,3201,265,Stathis Tavlaridis,starting_lineup,Centre-Back,20,0
82804dac916defd14bcf056e75a4f4b7,2016-01-11,2650359,2874,265,Mladen Petric,starting_lineup,Centre-Forward,33,0
8eef87ae6971e860b1ce3d1ab7cadcab,2016-01-11,2650359,3201,265,Stathis Tavlaridis,substitutes,Centre-Back,20,0
5b89e57ffb21a23c43fdf724888ca4a8,2016-01-10,2650363,65,1091,Dimitar Berbatov,substitutes,Centre-Forward,10,0
57b7332bc839fba556d2812c7294f5c2,2016-01-17,2653522,65,1091,Dimitar Berbatov,starting_lineup,Second Striker,10,0
0f800bcb7c83926d737b6b26ab9b488a,2016-01-17,2653523,2874,265,Mladen Petric,substitutes,Centre-Forward,33,0
8b895434c3220deeff79def42533bb39,2016-01-17,2653523,3201,265,Stathis Tavlaridis,substitutes,Centre-Back,20,0
dff63977aadf7700c48193741b566f47,2016-01-24,2653527,65,1091,Dimitar Berbatov,substitutes,Centre-Forward,10,0
afbb9374ded1efb3eec54a8a40c01b1c,2016-01-24,2653532,2874,265,Mladen Petric,substitutes,Centre-Forward,33,0
2e8bd05020abcf2de132037eb49faebf,2016-01-24,2653532,3201,265,Stathis Tavlaridis,substitutes,Centre-Back,20,0
08602777ff90dddea33e538e54e17476,2016-03-06,2654334,3321,3725,Luke Wilkshire,starting_lineup,Right-Back,29,0
388b350b350d4c7cfa67c2197bce8185,2016-03-14,2654337,3321,3725,Luke Wilkshire,starting_lineup,Right-Back,29,0
6d6c1694918e5f0fc1b43c964751fb30,2016-03-19,2654351,3321,3725,Luke Wilkshire,starting_lineup,Right-Back,29,0
e6e8d1cbf26d70f3d0f8980ed7366854,2016-02-06,2655577,1368,1519,Guy Demel,starting_lineup,Defensive Midfield,55,0
69b9c5db56b617cfd9279c296e29aaec,2016-01-27,2656727,2874,265,Mladen Petric,starting_lineup,Centre-Forward,33,0
6a08c502f9a4ee455c5a1aade55f338e,2016-01-27,2656727,3201,265,Stathis Tavlaridis,substitutes,Centre-Back,20,0
583e087713ba6908099cf0ee9b90d166,2016-02-11,2656728,65,1091,Dimitar Berbatov,starting_lineup,Second Striker,10,0
e7bb9bd5cca1f2c344aee827e9416a86,2016-03-02,2657265,2865,506,Stephan Lichtsteiner,starting_lineup,Right-Back,26,0
30a15e80fff9d61e9e6b83545b76c65b,2016-01-30,2657389,132,11,Tomas Rosicky,substitutes,Attacking Midfield,7,0
bb25f45f481c48b9e067cdda11bf277e,2016-01-30,2657389,3292,1132,Joey Barton,substitutes,Central Midfield,13,0
b528d0f5aa02b796c0f9b31be7945ede,2016-01-29,2657390,3332,985,Wayne Rooney,starting_lineup,Centre-Forward,10,1
1e59c65ca3c2e257c092784cac1582ab,2016-01-30,2657400,3356,989,Sylvain Distin,starting_lineup,Centre-Back,25,0
98b9216a1376266307b3d7b6a58a24b7,2016-01-31,2657403,3160,631,John Terry,starting_lineup,Centre-Back,26,1
79d6cc89c1dd2ce4179967bdfe3e1f63,2016-01-31,2657975,2874,265,Mladen Petric,starting_lineup,Centre-Forward,33,0
0b69d5ef555a0c90565e072f9b1e7441,2016-01-31,2657975,3201,265,Stathis Tavlaridis,starting_lineup,Centre-Back,20,0
0eee6dcb05682745c01c204d338dda4e,2016-02-06,2657979,2874,265,Mladen Petric,starting_lineup,Centre-Forward,33,0
f5708c5fe4f3ee78d815dd5dcdf3cfc3,2016-02-06,2657979,3201,265,Stathis Tavlaridis,starting_lineup,Centre-Back,20,0
3377dfdf1af21f1eb196859084d3d478,2016-02-07,2657983,65,1091,Dimitar Berbatov,starting_lineup,Second Striker,10,0
7aa0a61ec690ea0d15d6bbe6028fcdd8,2016-02-14,2657991,65,1091,Dimitar Berbatov,starting_lineup,Centre-Forward,10,0
6d59e035152059fa41fb9eb9875ac005,2016-03-13,2658023,2874,265,Mladen Petric,substitutes,Centre-Forward,33,0
719d0f3a4a83d146c2b61a563d9aaebf,2016-03-13,2658023,3201,265,Stathis Tavlaridis,starting_lineup,Centre-Back,20,0
7ffc0019141044fe236e0afa5d5d9fe3,2016-04-03,2658046,2874,265,Mladen Petric,substitutes,Centre-Forward,33,0
a293f5cc94f602fe28ccd75c6d57a347,2016-04-03,2658046,3201,265,Stathis Tavlaridis,substitutes,Centre-Back,20,0
d6449dbab961ce411affc5c31e4e8d52,2016-04-10,2658051,2874,265,Mladen Petric,starting_lineup,Centre-Forward,33,0
31e9bc899606a7eefbed60fa455dbdef,2016-02-09,2660161,3333,31,James Milner,substitutes,Central Midfield,7,0
b2ddf781c015c11eabcd43141cdbe873,2016-02-20,2660164,3291,29,Gareth Barry,starting_lineup,Defensive Midfield,18,0
8fa5dcbb8404e13a5df016c0c9abc637,2016-02-20,2660164,3356,989,Sylvain Distin,starting_lineup,Centre-Back,25,0
06e9190d362fee7646a8079fb567e714,2016-02-21,2660165,2963,281,Martín Demichelis,starting_lineup,Centre-Back,26,0
37f5bcbab1766695eafe2e45d5105d8f,2016-03-01,2663505,3321,3725,Luke Wilkshire,starting_lineup,Right-Back,29,0
d0f740a7303e51a9ef63f84dc0d3222a,2016-04-19,2664151,488,86,Gerhard Tremmel,substitutes,Goalkeeper,18,0
620276cb73028cc6fffbaceeb7249c5d,2016-04-19,2664151,532,86,Claudio Pizarro,starting_lineup,Centre-Forward,14,0
9dd962f5e457e348f3166b57fe714d13,2016-04-19,2664151,1277,86,Clemens Fritz,starting_lineup,Central Midfield,8,1
72b1087ad62f5e9064255ab6e2bf99c3,2016-04-19,2664151,2219,27,Philipp Lahm,starting_lineup,Right-Back,21,1
60b9372397b64d2666addc1be3f4411a,2016-03-12,2666788,3160,631,John Terry,substitutes,Centre-Back,26,0
390950fd46ce0f46e7d67496a95aba68,2016-03-12,2666788,3291,29,Gareth Barry,starting_lineup,Defensive Midfield,18,0
f8aec02a85b8831391a94874a6770bb1,2016-03-13,2666790,2514,985,Bastian Schweinsteiger,substitutes,Central Midfield,31,0
ff81d64d4aaa53425ac9dc84f6682bab,2016-03-10,2668339,2514,985,Bastian Schweinsteiger,substitutes,Central Midfield,31,0
75167bf4c514f620828451d29bda1c83,2016-03-10,2668339,3202,31,Kolo Touré,substitutes,Centre-Back,4,0
29fce8c9146183f081a6cd409dc27d40,2016-03-10,2668341,26,16,Roman Weidenfeller,starting_lineup,Goalkeeper,1,0
c14988a62aea6f60a753c559f539458f,2016-03-17,2668347,2514,985,Bastian Schweinsteiger,substitutes,Central Midfield,31,0
8701e008125d4fa427071f65782bc399,2016-03-17,2668347,3202,31,Kolo Touré,substitutes,Centre-Back,4,0
fb58c84163329c8acf6f5eab62401964,2016-03-17,2668347,3333,31,James Milner,starting_lineup,Left-Back,7,0
0e0ecd5fa105a8db18997c283954e8b4,2016-03-17,2668348,10,398,Miroslav Klose,starting_lineup,Centre-Forward,11,0
ffb8efa6be0f5dac3ade057f7ae6feb4,2016-03-17,2668349,26,16,Roman Weidenfeller,starting_lineup,Goalkeeper,1,0
4ded01d7c5d061f44fbb1e3ac5fd5262,2016-05-21,2670079,2865,506,Stephan Lichtsteiner,starting_lineup,Right Midfield,26,0
a9a6afe9b7e144df0158c7372a07f533,2016-04-02,2674381,3321,3725,Luke Wilkshire,starting_lineup,Right-Back,29,0
e3c2a90326916deee32f1e0d35508412,2016-04-10,2674392,3321,3725,Luke Wilkshire,starting_lineup,Right-Back,29,0
75cd67c50a0715ac4e83c93dfaaa16ba,2016-04-16,2674601,1368,1519,Guy Demel,substitutes,Right-Back,55,0
9452cf97f1dd9cbed04894f3eda15618,2016-04-06,2675293,1667,82,Diego Benaglio,starting_lineup,Goalkeeper,1,0
8e642d40066290503a0aeccb91ff04fd,2016-04-05,2675294,2219,27,Philipp Lahm,starting_lineup,Right-Back,21,1
5dee705e8d662eb347c891027e598e3c,2016-04-12,2675297,1667,82,Diego Benaglio,starting_lineup,Goalkeeper,1,0
4ce0c67be4f3ed799463179430aa77c8,2016-04-13,2675298,2219,27,Philipp Lahm,starting_lineup,Right-Back,21,1
eba1955941e2a8a0fbba04d3de05b323,2016-04-07,2675304,26,16,Roman Weidenfeller,starting_lineup,Goalkeeper,1,0
077ec4dd1e9c09f97305e99b7d800777,2016-04-07,2675304,3202,31,Kolo Touré,substitutes,Centre-Back,4,0
5e52a8229dacc1513edf221dfa140ad1,2016-04-07,2675304,3333,31,James Milner,starting_lineup,Central Midfield,7,0
b1e64f33eeaecc06f9e786a96ea5dbc7,2016-04-14,2675308,26,16,Roman Weidenfeller,starting_lineup,Goalkeeper,1,0
00c3f302364a6ad2846c1d535af70324,2016-04-14,2675308,3333,31,James Milner,starting_lineup,Central Midfield,7,1
8bbcea9c6d1ee95b91175c393f5ac702,2016-04-13,2676312,3332,985,Wayne Rooney,substitutes,Centre-Forward,10,0
3814341eea34bc7c46c108644189321d,2016-04-23,2681587,3332,985,Wayne Rooney,starting_lineup,Attacking Midfield,10,1
8355eaf7b3e0af58ef8218d78c32587c,2016-04-27,2682240,2219,27,Philipp Lahm,starting_lineup,Right-Back,21,1
fd21fdd5c8419fad7e5c61312f971db1,2016-05-03,2682242,2219,27,Philipp Lahm,starting_lineup,Right-Back,21,1
fcfee56fe7e06a164ced1b84aa842e6c,2016-04-28,2682271,3202,31,Kolo Touré,starting_lineup,Centre-Back,4,0
696d55dd71ffccbed69825725a9e1983,2016-04-28,2682271,3333,31,James Milner,starting_lineup,Right Midfield,7,1
8e9c1d29ea3fdb630ad9aac65126bae6,2016-05-05,2682273,3202,31,Kolo Touré,starting_lineup,Centre-Back,4,0
0d8f63522c9ee7ec937d47e38195249a,2016-05-05,2682273,3333,31,James Milner,starting_lineup,Central Midfield,7,1
538c6abdbcace91c0033666e47cd3e56,2016-05-07,2683482,3321,3725,Luke Wilkshire,starting_lineup,Right-Back,29,0
f74a3a8668a6cc482c387d24bf43198f,2016-05-21,2684201,26,16,Roman Weidenfeller,substitutes,Goalkeeper,1,0
364f9703ad3f1557d1f65083d36e8cbe,2016-05-21,2684201,2219,27,Philipp Lahm,starting_lineup,Right-Back,21,1
ce5b4bd7aa283b9005716d9cb2eb5bef,2016-04-24,2684831,1368,1519,Guy Demel,starting_lineup,Defensive Midfield,55,0
5f391f9ef9f0f69815b1555d4ab7e7f4,2016-05-21,2685107,3332,985,Wayne Rooney,starting_lineup,Second Striker,10,1
b35b3a1ac774d0512d767d51d239f41c,2016-05-18,2689335,3202,31,Kolo Touré,starting_lineup,Centre-Back,4,0
b737bc3653e99a378334ffba490ced99,2016-05-18,2689335,3333,31,James Milner,starting_lineup,Central Midfield,7,1
3d21d3f417b9dca07709938b879486cd,2016-08-14,2697987,3332,985,Wayne Rooney,starting_lineup,Second Striker,10,1
bf0600e2714eac99fa5ce0842645c160,2016-08-15,2697989,3160,631,John Terry,starting_lineup,Centre-Back,26,1
088b656365d6f5e5ae8aa7591bffd51f,2016-08-13,2697991,3291,29,Gareth Barry,starting_lineup,Defensive Midfield,18,0
7d5da0318acc3d0233171c4ca907e1d5,2016-08-13,2697992,2857,3008,Eldin Jakupović,starting_lineup,Goalkeeper,16,0
7cb3271c54b1026d4ca3f7da7f1f2876,2016-08-13,2697994,3146,512,Shay Given,starting_lineup,Goalkeeper,24,0
b0649da1730201fd8cbf91cb5f871ef0,2016-08-13,2697994,3306,512,Jonathan Walters,substitutes,Centre-Forward,19,0
c9a0a2e57815717acca2d9b6e76aed5f,2016-08-20,2697996,2998,1003,Robert Huth,starting_lineup,Centre-Back,6,0
594643165c4f1b8dfec0470aa0663959,2016-08-20,2697997,3333,31,James Milner,starting_lineup,Left-Back,7,0
3798be4d0dddc922152c58c6cde8709e,2016-08-19,2697998,3332,985,Wayne Rooney,starting_lineup,Second Striker,10,1
45199f98d2f117e379ae8eacd022ec93,2016-08-20,2697999,3146,512,Shay Given,starting_lineup,Goalkeeper,24,0
ba51557d2323d5cf58cfd2450ea74b33,2016-08-20,2697999,3306,512,Jonathan Walters,substitutes,Right Winger,19,0
9398aff146b89cdbc2d989e83ecc7801,2016-08-20,2698001,2857,3008,Eldin Jakupović,starting_lineup,Goalkeeper,16,0
1c308f4aca828b7dcbd922f1d8737123,2016-08-20,2698003,3160,631,John Terry,starting_lineup,Centre-Back,26,1
5e6eaa26fc3cedd15e14cb1f55a5d01c,2016-08-20,2698004,3291,29,Gareth Barry,starting_lineup,Defensive Midfield,18,0
f3a4a1c8070644feb877672283df7101,2016-08-27,2698006,3160,631,John Terry,starting_lineup,Centre-Back,26,1
b2c3d118296dc535a598628c858171cc,2016-08-27,2698008,3146,512,Shay Given,starting_lineup,Goalkeeper,24,0
fa4c1d93f99f34c1ef06370a95bf4ca3,2016-08-27,2698008,3291,29,Gareth Barry,starting_lineup,Central Midfield,18,0
1e3f4f840c558d0af9318f50f6d627ba,2016-08-27,2698008,3306,512,Jonathan Walters,substitutes,Centre-Forward,19,0
3bda355b2a3040681a8105b85f9f96df,2016-08-27,2698009,2857,3008,Eldin Jakupović,starting_lineup,Goalkeeper,16,0
5a1bb937717ed1129dd9a4db5c223c0b,2016-08-27,2698009,3332,985,Wayne Rooney,starting_lineup,Second Striker,10,1
b15789e4a8a76e5a03b842a29b2b9810,2016-08-27,2698010,2998,1003,Robert Huth,starting_lineup,Centre-Back,6,0
5b2b8f2bc984cb084756d4a4153c301b,2016-08-27,2698013,3333,31,James Milner,starting_lineup,Left-Back,7,0
b82ea58ce9a93e2da7fb6a54d158a697,2017-04-15,2698085,2998,1003,Robert Huth,starting_lineup,Centre-Back,6,0
8ba88cd7ff0d5e316b29ad979a63ecc1,2016-09-10,2698087,3146,512,Shay Given,starting_lineup,Goalkeeper,24,0
362bf051b691667950fd6cfd9bfe0e92,2016-09-10,2698087,3306,512,Jonathan Walters,starting_lineup,Right Winger,19,0
ac7665edb3c9fded72d0327454668487,2016-09-10,2698089,2998,1003,Robert Huth,starting_lineup,Centre-Back,6,0
ed24c738648477cae36173c27655bcdf,2016-09-10,2698089,3333,31,James Milner,starting_lineup,Left-Back,7,0
2c4863724728505124965d6ecf5c7bce,2016-09-12,2698090,3291,29,Gareth Barry,starting_lineup,Defensive Midfield,18,0
b9f2912fa8562993291674b32f8a0bff,2016-09-11,2698092,3160,631,John Terry,starting_lineup,Centre-Back,26,1
cb2cd66aa3430996b3a315b7b1274e37,2016-09-10,2698093,2857,3008,Eldin Jakupović,starting_lineup,Goalkeeper,16,0
21469889e5b05909dfc154194636e3c0,2016-09-10,2698094,3332,985,Wayne Rooney,starting_lineup,Second Striker,10,1
62c56ce698deca3cff32f28819c98e86,2016-09-17,2698096,2857,3008,Eldin Jakupović,starting_lineup,Goalkeeper,16,0
a9816bb57f592dcfe51af313fe4337e8,2016-09-16,2698097,3333,31,James Milner,starting_lineup,Left-Back,7,0
932b4b6e81e0c9b3888649d58c338bfb,2016-09-18,2698098,3146,512,Shay Given,starting_lineup,Goalkeeper,24,0
35d1f658b5f9d4825b55a384facebd9d,2016-09-18,2698098,3306,512,Jonathan Walters,starting_lineup,Right Winger,19,0
8f6a93aa4378230d9dd7caf9e49d6576,2016-09-17,2698102,2998,1003,Robert Huth,starting_lineup,Centre-Back,6,0
88c195e7db985f4034743fb29cfce6ce,2016-09-18,2698104,3332,985,Wayne Rooney,starting_lineup,Second Striker,10,1
6eae8588cbe11d338cfc5fde8abe9829,2016-09-17,2698105,3291,29,Gareth Barry,starting_lineup,Defensive Midfield,18,0
22bbac6247075af55f6980ee683bcb64,2016-09-24,2698109,3291,29,Gareth Barry,starting_lineup,Defensive Midfield,18,0
0510c7e81503bdef368aa7ea8895aa89,2016-09-24,2698110,2998,1003,Robert Huth,starting_lineup,Centre-Back,6,0
b629f56152cf8dc989ef129eec3fc136,2016-09-24,2698110,3332,985,Wayne Rooney,substitutes,Second Striker,10,0
18fa620b15d9f48ed3d259fcd48e013f,2016-09-24,2698112,2857,3008,Eldin Jakupović,substitutes,Goalkeeper,16,0
a4333fe2df53a8b8a6355bb53c9fff56,2016-09-24,2698112,3333,31,James Milner,starting_lineup,Left-Back,7,0
ba610b2cf9da677a932b1675ad852f8a,2016-10-01,2698117,3333,31,James Milner,starting_lineup,Left-Back,7,0
1059649e2c7cdc140ecd91e3c40645d1,2016-09-30,2698121,3291,29,Gareth Barry,starting_lineup,Defensive Midfield,18,0
07e62ceed501896e0d1f19b48473c892,2016-10-02,2698122,2998,1003,Robert Huth,starting_lineup,Centre-Back,6,0
a064c4dfe82554d28ddcb1fe898b2aa0,2016-10-02,2698124,3146,512,Shay Given,substitutes,Goalkeeper,24,0
8c915fd60adedeab9b06845cf6e42ef2,2016-10-02,2698124,3306,512,Jonathan Walters,substitutes,Left Winger,19,0
9ab271822d2f3b98670fd9bc2c9f6818,2016-10-02,2698124,3332,985,Wayne Rooney,substitutes,Attacking Midfield,10,0
2e6e2f2729ab202dd33888f506a1262d,2016-10-15,2698128,2998,1003,Robert Huth,starting_lineup,Centre-Back,6,0
bd32e36ee7c34191468dcdfeeb654de9,2016-10-15,2698128,3160,631,John Terry,substitutes,Centre-Back,26,0
f0384e05338ef53d6b7030c6b1d48993,2016-10-15,2698129,3146,512,Shay Given,substitutes,Goalkeeper,24,0
6ae289f2489d20d8be1834eb1ebd45e6,2016-10-15,2698129,3306,512,Jonathan Walters,substitutes,Centre-Forward,19,0
35288b24b232e3b63981e42f57f94ad8,2016-10-15,2698134,3291,29,Gareth Barry,starting_lineup,Defensive Midfield,18,0
e825437936c5c49692a322e25906ea27,2016-10-17,2698135,3332,985,Wayne Rooney,substitutes,Centre-Forward,10,0
57c079d6353649d495cd8e7e53b25014,2016-10-17,2698135,3333,31,James Milner,starting_lineup,Left-Back,7,0
aa4ccb0a32b67f1bf4610a8ac757113f,2016-12-03,2698137,2998,1003,Robert Huth,starting_lineup,Centre-Back,6,0
7c6bc22dbc7c92004143a7949d83802a,2016-11-19,2698144,3146,512,Shay Given,substitutes,Goalkeeper,24,0
f8a12dae6052471fec6fe84d3396060c,2016-11-19,2698144,3306,512,Jonathan Walters,substitutes,Second Striker,19,0
6780fe27ac98f6b6f8bcbcebea07d115,2016-10-22,2698145,3333,31,James Milner,starting_lineup,Left-Back,7,0
d96d3215e9dd0f2f848e9fbaceb832e2,2016-11-27,2698150,2514,985,Bastian Schweinsteiger,substitutes,Central Midfield,31,0
8e613522c1b6f950fab918aec588720c,2016-11-27,2698150,3332,985,Wayne Rooney,substitutes,Left Winger,10,0
bc034c4ab3087e6d3b732b4c10d84d7f,2016-12-03,2698151,3146,512,Shay Given,substitutes,Goalkeeper,24,0
374945d9cba912e8f8a9742e8b4b5683,2016-12-03,2698151,3306,512,Jonathan Walters,starting_lineup,Centre-Forward,19,1
10a1946dd4f6a3d332030903ea00a742,2016-10-22,2698152,3291,29,Gareth Barry,starting_lineup,Defensive Midfield,18,0
ad6ed5e2d7ca959c85dec0265a99beb1,2016-11-05,2698153,3160,631,John Terry,substitutes,Centre-Back,26,0
c9bd9106a8be821d559610419d721e11,2016-11-05,2698153,3291,29,Gareth Barry,starting_lineup,Defensive Midfield,18,0
7f162cb34dc8f8c695cf2ae381422653,2016-11-06,2698154,3333,31,James Milner,starting_lineup,Left-Back,7,0
c52b83bfc61f8b44bdf16a4979872772,2016-10-29,2698155,2998,1003,Robert Huth,starting_lineup,Centre-Back,6,0
9b4a14881aac0e0d190e51b586fc46fe,2016-11-19,2698157,3332,985,Wayne Rooney,substitutes,Centre-Forward,10,0
4a04b38e5f75de72b3167e98a1fc73bb,2016-10-29,2698158,3332,985,Wayne Rooney,substitutes,Attacking Midfield,10,0
7642952b70618212ad65b9abda77463f,2016-11-26,2698163,2998,1003,Robert Huth,starting_lineup,Centre-Back,6,0
cefa4703e132d2953dec7921be316228,2016-10-31,2698167,3146,512,Shay Given,substitutes,Goalkeeper,24,0
78e688c00be131e24cc1aec60e57a980,2016-10-31,2698167,3306,512,Jonathan Walters,substitutes,Right Winger,19,0
a35052978ad0a5f919ef75ecec59894f,2016-10-22,2698168,2998,1003,Robert Huth,starting_lineup,Centre-Back,6,0
c0fea7a77bf1b3cd1db524339dc2c019,2016-11-06,2698169,3332,985,Wayne Rooney,starting_lineup,Left Winger,10,1
22f86208b34f11366305de8804353222,2016-11-05,2698170,3146,512,Shay Given,substitutes,Goalkeeper,24,0
1204b4e0b366fcccc9e46c6ceabf08f9,2016-11-05,2698170,3306,512,Jonathan Walters,starting_lineup,Right Winger,19,0
6052918e1ff1b3fff68a79c265ab4d98,2016-12-04,2698172,3291,29,Gareth Barry,starting_lineup,Central Midfield,18,1
a1368117423442f90c5dd6c54be9b0b9,2016-11-06,2698175,2998,1003,Robert Huth,starting_lineup,Centre-Back,6,0
3902052634067a3bd9d8a7ffa67dc028,2016-10-30,2698176,3291,29,Gareth Barry,starting_lineup,Defensive Midfield,18,1
95813f8a3625327b41dc457b06bec177,2016-11-26,2698177,3333,31,James Milner,starting_lineup,Left-Back,7,0
7425e784f92f7c6cc4f04af590542d97,2016-11-19,2698182,3190,180,Stuart Taylor,substitutes,Goalkeeper,28,0
48defdc2893b086af2cffa59a3b4ae51,2016-11-19,2698182,3333,31,James Milner,starting_lineup,Left-Back,7,0
152b89463ef9978fb5cb43b669fd1541,2016-11-27,2698183,3146,512,Shay Given,substitutes,Goalkeeper,24,0
5c7e823b5380d7e871dd2ed486ef8465,2016-11-27,2698183,3306,512,Jonathan Walters,starting_lineup,Centre-Forward,19,1
2b8512aae85c66f4db9b4a1e034a4294,2016-12-04,2698187,3333,31,James Milner,starting_lineup,Left-Back,7,0
13812d579c18c18b313eee491c618313,2016-12-11,2698190,3333,31,James Milner,starting_lineup,Left-Back,7,0
0e731f8758cb047cc839d1ae330d1f52,2016-11-27,2698192,3190,180,Stuart Taylor,substitutes,Goalkeeper,28,0
682c4a157d237f4561e1497697443292,2016-11-27,2698192,3291,29,Gareth Barry,starting_lineup,Defensive Midfield,18,0
7899f33ff362e3321dfa3a8d168e76e4,2016-12-10,2698194,3291,29,Gareth Barry,starting_lineup,Defensive Midfield,18,1
e721a471069a27cbb9b4816a51e5d4f9,2016-12-13,2698196,2998,1003,Robert Huth,starting_lineup,Centre-Back,6,0
5bb54dd19521d9d0ab25287b57fc7606,2016-12-14,2698207,2514,985,Bastian Schweinsteiger,substitutes,Central Midfield,31,0
8adf00964d26c5769cb8fdff142cd8e1,2016-12-14,2698207,3332,985,Wayne Rooney,starting_lineup,Left Winger,10,1
f0de24803df7ef64b950dc39b6ff3b70,2016-12-14,2698209,3146,512,Shay Given,substitutes,Goalkeeper,24,0
7e8cdc46ce16e97b72c3c5c765517eaf,2016-12-14,2698209,3190,180,Stuart Taylor,substitutes,Goalkeeper,28,0
fdc8c2a5c3042c7226854869944cfdfe,2016-12-14,2698209,3306,512,Jonathan Walters,starting_lineup,Centre-Forward,19,0
ff5c03539dcb03a5889ac1b0d34343bc,2016-12-27,2698215,3146,512,Shay Given,substitutes,Goalkeeper,24,0
0ebf2f1c5317d5da2dae1616fdeeadde,2016-12-27,2698215,3306,512,Jonathan Walters,starting_lineup,Centre-Forward,19,0
446509684963f14e63021bf77e48d326,2016-12-27,2698215,3333,31,James Milner,starting_lineup,Left-Back,7,0
10cf018d9be8046984f6408e2353e226,2017-01-02,2698216,2998,1003,Robert Huth,starting_lineup,Centre-Back,6,0
7bbc84bc7272ea8b8c62781971a35681,2016-12-19,2698219,3291,29,Gareth Barry,substitutes,Defensive Midfield,18,0
5991375f1f78763ee6459c82ab505b85,2016-12-19,2698219,3333,31,James Milner,starting_lineup,Left-Back,7,0
999806ee0cb525b69a96283071d730f2,2016-12-10,2698221,2998,1003,Robert Huth,starting_lineup,Centre-Back,6,0
4325055226d6dfca30b2888fbc596200,2016-12-26,2698223,3291,29,Gareth Barry,starting_lineup,Defensive Midfield,18,1
88b1ffe9fdd37ec9049656bad89f438e,2016-12-14,2698231,3333,31,James Milner,starting_lineup,Left-Back,7,0
cdf7aeed5bd765846d3adf720e1dffa0,2016-12-31,2698232,3333,31,James Milner,starting_lineup,Left-Back,7,0
4158c6e93171da0f90ddaeda5fcc4618,2016-11-19,2698235,2998,1003,Robert Huth,starting_lineup,Centre-Back,6,0
fe2f1eb378bc07ae7cc3377ccc7ee894,2016-12-17,2698236,2998,1003,Robert Huth,starting_lineup,Centre-Back,6,0
a013767154eab96916322e385694a131,2016-12-17,2698236,3146,512,Shay Given,substitutes,Goalkeeper,24,0
dbc88f18947fca84c700d5d408546067,2016-12-17,2698236,3306,512,Jonathan Walters,starting_lineup,Centre-Forward,19,0
9ceb4d9e02e501c4aad5599eba747177,2016-12-31,2698239,2998,1003,Robert Huth,starting_lineup,Centre-Back,6,0
732e87beeed3d838ebcd0ca6027ef023,2016-12-30,2698241,2857,3008,Eldin Jakupović,substitutes,Goalkeeper,16,0
0c36fa453db348d3442f864e0c086f12,2016-12-30,2698241,3291,29,Gareth Barry,starting_lineup,Defensive Midfield,18,0
f7b7a397f97ebbc48b28f1ceda34b6cc,2017-01-22,2698243,3292,1132,Joey Barton,substitutes,Central Midfield,19,0
c8d9da76ef1d987daf19c08bb8e53760,2017-01-15,2698245,3332,985,Wayne Rooney,substitutes,Centre-Forward,10,0
eb504ff775df037d41e47b345525d430,2017-01-15,2698245,3333,31,James Milner,starting_lineup,Left-Back,7,0
8151c95b754fe733b4c8c83d0b9bf467,2017-01-14,2698248,2857,3008,Eldin Jakupović,starting_lineup,Goalkeeper,16,0
69e87801d5c01478f00b90115889d798,2017-01-21,2698252,3291,29,Gareth Barry,starting_lineup,Defensive Midfield,18,1
a111780e3efd293b6ee0d58e249da875,2017-01-21,2698256,3333,31,James Milner,starting_lineup,Left-Back,7,0
c6677e011a1abcbd58fa98b74d254f74,2017-01-14,2698259,2998,1003,Robert Huth,starting_lineup,Centre-Back,6,0
018902c4fad15344da10c85ca938efec,2017-01-02,2698262,3333,31,James Milner,starting_lineup,Left-Back,7,1
b0d1a43b831986a0bf6eaefcf24e723d,2017-01-03,2698267,3146,512,Shay Given,substitutes,Goalkeeper,24,0
7e84fc5e694bd789c7cf8bfca49fe3b8,2017-01-03,2698267,3306,512,Jonathan Walters,starting_lineup,Right Winger,19,0
35bccc50d08b86dc8ad407a9788600fd,2017-01-02,2698270,3291,29,Gareth Barry,substitutes,Central Midfield,18,0
7cdfee8e0f190fb17cac72d85cd5e7c8,2017-02-12,2698274,2998,1003,Robert Huth,starting_lineup,Centre-Back,6,0
10339b833173210e15a252fcb400c17c,2017-02-01,2698276,2857,3008,Eldin Jakupović,starting_lineup,Goalkeeper,16,0
62b96c3c1b8dac6e58aab03bcdf88d6c,2017-02-01,2698276,3332,985,Wayne Rooney,substitutes,Attacking Midfield,10,0
85715c86da7ca327434cd74c477040b7,2017-02-04,2698279,3292,1132,Joey Barton,starting_lineup,Central Midfield,19,0
1dd131ef25d48b7ffe35564f0a7a1b77,2017-01-22,2698280,2857,3008,Eldin Jakupović,starting_lineup,Goalkeeper,16,0
d28712c871b2ebe972cb9587ae5e3221,2017-01-22,2698281,2998,1003,Robert Huth,starting_lineup,Centre-Back,6,0
8905e39dea7ebe85ba72b5f86de7db45,2017-01-22,2698281,3190,180,Stuart Taylor,substitutes,Goalkeeper,28,0
ea2f89e3a4e93eecf1f9371f0ec9500b,2017-01-14,2698282,3190,180,Stuart Taylor,substitutes,Goalkeeper,28,0
825cd5d9e2a0248e017c75d0e9c96a51,2017-01-14,2698282,3292,1132,Joey Barton,substitutes,Central Midfield,19,0
f737b38a0af6753dadc73dce096122a2,2017-02-11,2698283,3291,29,Gareth Barry,substitutes,Defensive Midfield,18,0
1a49b0fa7c2be62afa8adb5e31718f22,2017-02-11,2698285,3333,31,James Milner,starting_lineup,Left-Back,7,0
849a2ed275c1df9253168a28ed16820d,2017-01-31,2698286,3160,631,John Terry,substitutes,Centre-Back,26,0
a769e70a99b96c9b759aaf0ccfb67d08,2017-01-31,2698286,3333,31,James Milner,starting_lineup,Left-Back,7,0
08aeafd6d51dbc912d3872802f189105,2016-12-17,2698291,3332,985,Wayne Rooney,starting_lineup,Left Winger,10,1
7d369305f957ea71c3df609956fc1da6,2017-01-21,2698296,2514,985,Bastian Schweinsteiger,substitutes,Central Midfield,31,0
dd43901ebfc8db0fb673ebb5d21854b4,2017-01-21,2698296,3146,512,Shay Given,substitutes,Goalkeeper,24,0
4264d2bb5cab2a3c92f95dc7400b36f5,2017-01-21,2698296,3332,985,Wayne Rooney,substitutes,Attacking Midfield,10,0
fa5663fa8c4165cc2aa50d8c355c196c,2017-02-04,2698298,2857,3008,Eldin Jakupović,starting_lineup,Goalkeeper,16,0
b467b7c415b3410bf16fa7d8be762e80,2017-02-04,2698298,3333,31,James Milner,starting_lineup,Left-Back,7,0
d0b13dfbf7345cc977f349350bf5279b,2017-02-05,2698299,2998,1003,Robert Huth,starting_lineup,Centre-Back,6,0
386658eeb5b5e357fbc3903991b8f26a,2017-04-01,2698300,3292,1132,Joey Barton,starting_lineup,Central Midfield,19,0
6a12ab475db3aa009730930678e727b0,2017-01-15,2698302,3291,29,Gareth Barry,starting_lineup,Defensive Midfield,18,1
adebbbb3efce4b3554aa9f7745125a63,2017-04-04,2698303,2998,1003,Robert Huth,starting_lineup,Centre-Back,6,0
6c2958292213b0216154aa8e384758f3,2017-02-27,2698304,2998,1003,Robert Huth,starting_lineup,Centre-Back,6,0
e4286c541df472bca48a5218ae59d391,2017-02-27,2698304,3333,31,James Milner,starting_lineup,Left-Back,7,1
7a3dff7a8c425567da0e333b80d03934,2017-04-01,2698306,2857,3008,Eldin Jakupović,starting_lineup,Goalkeeper,16,0
6232cfaeab799ce2fc47cf2c08bba441,2017-03-08,2698307,3146,512,Shay Given,substitutes,Goalkeeper,24,0
c7fbb3993ee45908c4ec0f14a93f6960,2017-03-08,2698307,3306,512,Jonathan Walters,starting_lineup,Centre-Forward,19,0
44c8284bf2872c595d5b9396cd5effb2,2017-03-18,2698310,3292,1132,Joey Barton,starting_lineup,Central Midfield,19,0
a84778832aae7701ecd69bce4cab558e,2017-03-19,2698311,3333,31,James Milner,starting_lineup,Left-Back,7,1
7db08d258ccb1e2f2105785dd973713f,2017-04-04,2698317,3291,29,Gareth Barry,starting_lineup,Defensive Midfield,18,0
eb38f8ac5b873f4214df17d8b7968246,2017-03-04,2698318,3333,31,James Milner,starting_lineup,Left-Back,7,1
b4638963082700f39e01ae0fee88cfb2,2017-05-15,2698319,3160,631,John Terry,starting_lineup,Centre-Back,26,1
267df4792361d5647461746c419936c4,2017-04-05,2698320,3333,31,James Milner,starting_lineup,Left-Back,7,1
14d9aab343be6afd3ff07f34351b6be9,2017-04-01,2698321,3291,29,Gareth Barry,substitutes,Defensive Midfield,18,0
ebe5ede1dc3139aef72d49b50e6450ba,2017-04-01,2698321,3333,31,James Milner,starting_lineup,Left-Back,7,1
35314a436f97257416c97e06fc6258d7,2017-04-01,2698324,3332,985,Wayne Rooney,substitutes,Second Striker,10,0
4ca3a8dd25e46da58f3847141b413e71,2017-03-18,2698325,3146,512,Shay Given,substitutes,Goalkeeper,24,0
d921e8be673c6d4e94f7e2b93d98a200,2017-03-18,2698325,3306,512,Jonathan Walters,starting_lineup,Centre-Forward,19,0
8755dc3553ad88e401444ea8e18e953a,2017-03-11,2698327,3291,29,Gareth Barry,starting_lineup,Defensive Midfield,18,0
bec118b41726534e1ee5167954535e2f,2017-05-17,2698328,3332,985,Wayne Rooney,starting_lineup,Centre-Forward,10,1
fa965ccd40b7da5d23682bdf2027b719,2017-03-11,2698329,2857,3008,Eldin Jakupović,starting_lineup,Goalkeeper,16,0
95f37ae95f5ddcaa0a054d9b41549b0c,2017-03-18,2698331,2998,1003,Robert Huth,starting_lineup,Centre-Back,6,0
d4d45d882ed07b335d8c00b95939fbcc,2017-03-04,2698332,3292,1132,Joey Barton,starting_lineup,Central Midfield,19,0
3ca739042f71bd1090f9788791d566fd,2017-02-25,2698333,2857,3008,Eldin Jakupović,starting_lineup,Goalkeeper,16,0
1bf7586da8b0674c477a1b3709197fd3,2017-02-25,2698333,3292,1132,Joey Barton,starting_lineup,Central Midfield,19,0
47b4a23bc1954e13f66f3b53cb4d65aa,2017-03-05,2698334,3291,29,Gareth Barry,starting_lineup,Central Midfield,18,1
9d1d3cdd256c742648f218f653aec8e5,2017-04-01,2698336,2998,1003,Robert Huth,starting_lineup,Centre-Back,6,0
3f5525c548b6824131c72fe41ac56afd,2017-04-01,2698336,3146,512,Shay Given,substitutes,Goalkeeper,24,0
0173387d3f390ee77e522370bf73069b,2017-04-01,2698336,3306,512,Jonathan Walters,starting_lineup,Centre-Forward,19,0
e1a89fe906484c5f9879174dd86d2113,2017-04-15,2698343,3291,29,Gareth Barry,substitutes,Defensive Midfield,18,0
a25b0c0795cfd6f2b6aa620119565a8f,2017-04-15,2698343,3292,1132,Joey Barton,starting_lineup,Central Midfield,19,0
c6dcd24182adb2e5668566a481389d5b,2017-04-04,2698349,3146,512,Shay Given,substitutes,Goalkeeper,24,0
5bddc861cc22f8e98e89046f331ddcd1,2017-04-04,2698349,3292,1132,Joey Barton,starting_lineup,Central Midfield,19,0
530b508c07b5d2129c7eb97fd9316178,2017-04-08,2698354,2857,3008,Eldin Jakupović,starting_lineup,Goalkeeper,16,0
497a3db67e2db1acf99bbd3ed3fdfc11,2017-04-08,2698355,3146,512,Shay Given,substitutes,Goalkeeper,24,0
4745193715610d083d49179c8ee7dc2f,2017-04-08,2698355,3306,512,Jonathan Walters,starting_lineup,Second Striker,19,0
7cfd34d2410739564d24086450d8fe66,2017-04-08,2698355,3333,31,James Milner,starting_lineup,Central Midfield,7,1
78b74f534f9002b7035eab447812b5ed,2017-05-06,2698356,3291,29,Gareth Barry,starting_lineup,Defensive Midfield,18,0
07f1608cb11da078e2c3ef1716386fd2,2017-04-16,2698359,3333,31,James Milner,starting_lineup,Left-Back,7,1
06c888383dd8cf8b864ab73dd182ee49,2017-05-14,2698360,2857,3008,Eldin Jakupović,starting_lineup,Goalkeeper,16,0
9c0dc0674805b6eef4a5e3e764daacdb,2017-05-08,2698362,3160,631,John Terry,substitutes,Centre-Back,26,0
823e2bbb1bfe8a768ea2a5ae62ee19e0,2017-05-14,2698364,3332,985,Wayne Rooney,starting_lineup,Centre-Forward,10,1
371deb74f039c1ba1be70bc3a80c3837,2017-05-21,2698365,3333,31,James Milner,starting_lineup,Left-Back,7,1
1b3524dfc4ef58b81162bda46825d7f1,2017-05-06,2698367,3306,512,Jonathan Walters,substitutes,Centre-Forward,19,0
16b555aa71af677e7551d8d2cbc79a4c,2017-05-01,2698370,3333,31,James Milner,starting_lineup,Left-Back,7,1
b0c6751313a765d2297d2684282d018a,2017-05-21,2698371,3332,985,Wayne Rooney,starting_lineup,Centre-Forward,10,1
077c2d8500580219d512133d9320bc8a,2017-05-06,2698372,2857,3008,Eldin Jakupović,starting_lineup,Goalkeeper,16,0
aea201cbee05951d414409c8a435865d,2017-04-08,2698374,3292,1132,Joey Barton,starting_lineup,Central Midfield,19,0
c006f53419f03d36c8ec38ad5cb77dea,2017-05-06,2698376,2998,1003,Robert Huth,starting_lineup,Centre-Back,6,0
ad70a796094140c7bd88eefe040e09eb,2017-04-29,2698378,2857,3008,Eldin Jakupović,starting_lineup,Goalkeeper,16,0
75341643acc3b5a2e3d2d362aeba13a4,2017-05-07,2698385,3333,31,James Milner,starting_lineup,Left-Back,7,1
dec294e08e035348414af734a357740d,2017-04-25,2698393,3160,631,John Terry,substitutes,Centre-Back,26,0
04354f487033efefa246bd9ac0dd25f2,2017-04-23,2698394,3333,31,James Milner,starting_lineup,Left-Back,7,1
c0ce1be89a9b17a2c25a2adf4056c223,2017-05-14,2698395,3333,31,James Milner,starting_lineup,Left-Back,7,1
a55161229026e18bc84660b9960351b0,2017-04-29,2698397,2998,1003,Robert Huth,starting_lineup,Centre-Back,6,0
7dfd85aac5d0739c9b7fbbd77ecab369,2017-04-15,2698399,2857,3008,Eldin Jakupović,starting_lineup,Goalkeeper,16,0
8f275b414294cdbe7bbab38fc6d22d63,2017-04-15,2698399,3306,512,Jonathan Walters,substitutes,Second Striker,19,0
6c34b11256b94c3b85e9484302f60f81,2017-04-22,2698401,3291,29,Gareth Barry,substitutes,Defensive Midfield,18,0
5b1b4109b3f13e0c19ee4b023cb6b896,2017-05-21,2698403,3190,180,Stuart Taylor,substitutes,Goalkeeper,28,0
d195d8acab95f2fda11c9c66cd4b9cec,2017-05-21,2698403,3306,512,Jonathan Walters,substitutes,Right Winger,19,0
7bf418d577b512f5891dc29edff20190,2017-04-23,2698404,3292,1132,Joey Barton,starting_lineup,Central Midfield,19,0
afa3ee0c482880f9202dbc2369885f5d,2017-04-23,2698404,3332,985,Wayne Rooney,starting_lineup,Left Winger,10,1
35df379a819393d68977febb957ec542,2017-04-22,2698405,2857,3008,Eldin Jakupović,starting_lineup,Goalkeeper,16,0
c9801c04d95c6604183b462c790be249,2017-01-31,2698408,2998,1003,Robert Huth,starting_lineup,Centre-Back,6,0
14c85ecf9579a0f108acfa93ee7bc1ac,2017-01-31,2698408,3292,1132,Joey Barton,starting_lineup,Central Midfield,19,0
e98f7cf36e861b2fb3c8d0d3b91829a4,2017-02-11,2698409,2857,3008,Eldin Jakupović,starting_lineup,Goalkeeper,16,0
74057fca7c583bad04832f59b1371dcf,2017-05-07,2698410,3332,985,Wayne Rooney,starting_lineup,Attacking Midfield,10,1
fe7b6e2c46ba89f07fdf9a29e253868f,2017-05-21,2698414,3160,631,John Terry,starting_lineup,Centre-Back,26,1
07bf6785130faf2d4a3576658b35919e,2017-04-26,2698415,2998,1003,Robert Huth,starting_lineup,Centre-Back,6,0
4f11f991c060b06a207b27c543dfdc90,2017-05-12,2698420,3291,29,Gareth Barry,substitutes,Defensive Midfield,18,0
13de17bbff82cadb39c0840595d05344,2017-03-18,2698421,2857,3008,Eldin Jakupović,starting_lineup,Goalkeeper,16,0
6b07d6cd438e91ebb3f8b7fe30d648ae,2017-03-18,2698421,3291,29,Gareth Barry,substitutes,Defensive Midfield,18,0
4403040758ab0f3e46cd05bab3f9ed65,2017-02-12,2698423,3292,1132,Joey Barton,starting_lineup,Central Midfield,19,0
14d74c42e4a16328a16accf76099a5e5,2017-03-04,2698424,2857,3008,Eldin Jakupović,starting_lineup,Goalkeeper,16,0
ba549c8f2440edc6fb64d8c09df69083,2017-03-04,2698424,2998,1003,Robert Huth,starting_lineup,Centre-Back,6,0
2acadf647d49e32cfc583ba5e6db6357,2017-04-09,2698425,2998,1003,Robert Huth,starting_lineup,Centre-Back,6,0
c1bc10c78a37e93185e7233e3ae8638c,2017-04-09,2698425,3291,29,Gareth Barry,substitutes,Defensive Midfield,18,0
4cf52b61ca735c394d379bd139140dc4,2017-03-12,2698426,3292,1132,Joey Barton,starting_lineup,Central Midfield,19,0
4114629465349510e5f9674337345080,2017-03-12,2698426,3333,31,James Milner,starting_lineup,Left-Back,7,1
1453a0554f5a2202e2ba364f2b126bce,2017-05-21,2698428,3291,29,Gareth Barry,substitutes,Defensive Midfield,18,0
c4585b34ebc69a247a7a29adeadd4af9,2017-04-30,2698429,3332,985,Wayne Rooney,starting_lineup,Attacking Midfield,10,1
295703a897b7558280bccebccf1469ce,2017-02-04,2698431,3291,29,Gareth Barry,starting_lineup,Defensive Midfield,18,1
9729b956eca122e6418eb5a213aee58b,2017-04-05,2698433,2857,3008,Eldin Jakupović,starting_lineup,Goalkeeper,16,0
7fe4c20e47a592f491746c0a9d232e2e,2017-03-04,2698434,3332,985,Wayne Rooney,starting_lineup,Second Striker,10,1
996f1e75ac9765f4c2c21ea2ff9db614,2016-08-20,2699121,1126,3,Matthias Lehmann,starting_lineup,Defensive Midfield,33,1
5900a0d9979e081c31639e8ae24b4669,2016-08-19,2699123,1791,167,Halil Altıntop,substitutes,Attacking Midfield,7,0
6d3fd68d0d8dd4f8c229853e9849b5fa,2016-08-19,2699123,1986,167,Markus Feulner,substitutes,Central Midfield,8,0
5a97f8d22cfddc0b97b73e05f5ecc48b,2016-08-21,2699124,1565,24,Alexander Meier,starting_lineup,Second Striker,14,1
369679f89ce36cdb38cf12f4ca366a38,2016-08-22,2699126,1784,41,René Adler,starting_lineup,Goalkeeper,1,0
6d00f9d524330bf243f5137b2e8e3555,2016-08-21,2699127,1277,86,Clemens Fritz,starting_lineup,Defensive Midfield,8,1
20367c2e0936e5b7538426a0adccb257,2016-08-22,2699227,26,16,Roman Weidenfeller,starting_lineup,Goalkeeper,1,0
55148138063f33a06498c3306a9cf419,2016-08-20,2699231,1662,33,Sascha Riether,substitutes,Right-Back,27,0
0cb8246d5e5a6f02a209fa2a54c30276,2016-08-19,2699234,2219,27,Philipp Lahm,starting_lineup,Defensive Midfield,21,1
226afa1883c9eb05bed1d2af8578fd73,2016-08-07,2700633,1726,610,Heiko Westermann,substitutes,Centre-Back,16,0
8fcf01e437dfdbc392073864562e0620,2016-08-28,2700660,1726,610,Heiko Westermann,substitutes,Centre-Back,16,0
ff6df896e9b8c16b53ed14aa9edec7e2,2017-05-07,2700914,1726,610,Heiko Westermann,starting_lineup,Centre-Back,16,0
47ae0a864b0eee0bca18a86e732e9854,2017-05-14,2700929,1726,610,Heiko Westermann,substitutes,Centre-Back,16,0
286f2a798c5475a3e79fa12f3256742f,2016-10-15,2701670,1327,1159,Alou Diarra,starting_lineup,Central Midfield,5,0
0b38d078c6b04146579d079e6884d30f,2016-08-14,2702100,26,16,Roman Weidenfeller,substitutes,Goalkeeper,1,0
54c73245bb815f9d0b1bdc9069788048,2016-08-14,2702100,2219,27,Philipp Lahm,starting_lineup,Right-Back,21,1
960bbfb81fc23b128b8724a81eb1db2d,2016-10-22,2702717,1327,1159,Alou Diarra,starting_lineup,Defensive Midfield,5,0
7b5a11a7c18f020a7c830819d5a71db8,2016-10-29,2702731,1327,1159,Alou Diarra,starting_lineup,Defensive Midfield,5,0
2053f9a909d960189e505ea1051b9416,2016-10-29,2702733,3266,1158,Jérémie Aliadière,substitutes,Centre-Forward,14,0
52a181e019090d8632df84e3b4da5aed,2016-11-05,2702748,3266,1158,Jérémie Aliadière,substitutes,Centre-Forward,14,0
cc025c1f13a392bbeaab42d02d3f29d7,2016-11-19,2702758,1327,1159,Alou Diarra,starting_lineup,Defensive Midfield,5,0
3f9ed03030a6c21efb054f951a9c44bf,2016-11-18,2702760,3266,1158,Jérémie Aliadière,substitutes,Centre-Forward,14,0
8bc8d80dd852039ed9b2c8c88a5a478d,2016-11-26,2702772,1327,1159,Alou Diarra,starting_lineup,Defensive Midfield,5,0
b1d063b85733a7b3b80d9fd0fcca3bc4,2016-11-30,2702781,1327,1159,Alou Diarra,substitutes,Defensive Midfield,5,0
45f33c28af5c4977d16870ddfa7c5f48,2016-12-04,2702794,1327,1159,Alou Diarra,starting_lineup,Defensive Midfield,5,0
594ccb84191f07a0805a64000c01db0b,2016-12-21,2702821,1327,1159,Alou Diarra,starting_lineup,Defensive Midfield,5,0
e6e7eee5e1ceabe889a1b3c0f32ec1d8,2016-08-26,2704204,1277,86,Clemens Fritz,starting_lineup,Central Midfield,8,1
448c25a390f715067974dc3312d5a41f,2016-08-26,2704204,2219,27,Philipp Lahm,starting_lineup,Right-Back,21,1
9973739965746d61a103aae53681c3a9,2016-08-27,2704208,1126,3,Matthias Lehmann,starting_lineup,Defensive Midfield,33,1
1c2c7d74be0ea3f5e9791bcb54864cae,2016-08-27,2704209,1784,41,René Adler,starting_lineup,Goalkeeper,1,0
1170e4d23fc8d228ceb05693d98509e9,2016-08-27,2704210,1667,82,Diego Benaglio,substitutes,Goalkeeper,1,0
fc16ae5452b11cc341e4991fc94483c3,2016-08-27,2704210,1791,167,Halil Altıntop,substitutes,Attacking Midfield,7,0
223cddeb372f6aec28599a7d377a01fb,2016-08-27,2704210,1986,167,Markus Feulner,substitutes,Central Midfield,8,0
fe3dbbe3bd4aa80a97992f76e4d36557,2016-08-27,2704212,1565,24,Alexander Meier,starting_lineup,Centre-Forward,14,1
863ea020d7250a4add049b1f5f15f368,2016-08-27,2704212,1662,33,Sascha Riether,substitutes,Right-Back,27,0
b0bb3394f1fb6d3789fb006f9766ff63,2016-09-10,2704222,1784,41,René Adler,starting_lineup,Goalkeeper,1,1
dc5f2001f7ac1d40171649f1a48a6d05,2016-09-09,2704223,1662,33,Sascha Riether,substitutes,Right-Back,27,0
8d692e144e4a652bf8d58d1cd5f184e7,2016-09-09,2704223,2219,27,Philipp Lahm,starting_lineup,Right-Back,21,1
cc54c3baba974382217af9df8b5cc4b2,2016-09-10,2704225,1126,3,Matthias Lehmann,starting_lineup,Defensive Midfield,33,1
9aafc215dc0d7571b614a027cfd81869,2016-09-10,2704225,1667,82,Diego Benaglio,substitutes,Goalkeeper,1,0
a3af05319cf727a1b49e31609088aaf5,2016-09-11,2704227,1277,86,Clemens Fritz,starting_lineup,Defensive Midfield,8,1
d11c0945202073255fca27bd5967616f,2016-09-11,2704227,1791,167,Halil Altıntop,substitutes,Attacking Midfield,7,0
0b25aee9e4eb3a4bfd80cbb8395c2f9d,2016-09-11,2704227,1986,167,Markus Feulner,substitutes,Central Midfield,8,0
79e2a2fd31a833207e752f660d87c680,2016-09-10,2704228,1565,24,Alexander Meier,starting_lineup,Second Striker,14,1
34c1e354a345cd1d42fc7590a3bb134e,2016-09-17,2704233,1277,86,Clemens Fritz,starting_lineup,Central Midfield,8,1
058aa9d7cf4bc75b70e5758342abda15,2016-09-16,2704235,1126,3,Matthias Lehmann,starting_lineup,Defensive Midfield,33,1
f211116cdb2e78f4f63d7c4fab6e06c8,2016-09-17,2704236,1784,41,René Adler,starting_lineup,Goalkeeper,1,0
a7f2b781879fc2c7da7e72d37764457e,2016-09-18,2704237,1791,167,Halil Altıntop,substitutes,Attacking Midfield,7,0
a81a07914a1fb47de1ff102db976de72,2016-09-17,2704239,1565,24,Alexander Meier,starting_lineup,Centre-Forward,14,1
53e4fb5511e3b2279be1abe4d5841788,2016-09-21,2704240,2219,27,Philipp Lahm,starting_lineup,Right-Back,21,1
66fc3b62a6206fc65cccf8a1bf92f31b,2016-09-21,2704241,1791,167,Halil Altıntop,substitutes,Second Striker,7,0
1a29355cb1990a91fe4b20bafefc3eab,2016-09-21,2704241,1986,167,Markus Feulner,substitutes,Central Midfield,8,0
1142336df56bb555dfef80f05aa8ae1b,2016-09-21,2704242,1126,3,Matthias Lehmann,starting_lineup,Central Midfield,33,1
6a787629ff6e4c2b394f5b4185f1a0aa,2016-09-21,2704242,1662,33,Sascha Riether,starting_lineup,Right-Back,27,0
360834819511db7dcae8915d55f2bd70,2016-09-20,2704244,1565,24,Alexander Meier,starting_lineup,Centre-Forward,14,1
2b4e5adb28c0f97a88c01083e73e0a24,2016-09-21,2704245,1277,86,Clemens Fritz,starting_lineup,Central Midfield,8,1
7939e1d70c23c6ecd7929922cc32d597,2016-09-20,2704247,1784,41,René Adler,starting_lineup,Goalkeeper,1,0
6be21b13af119b57d94509a8fb290931,2016-09-25,2704254,1126,3,Matthias Lehmann,starting_lineup,Defensive Midfield,33,1
d8bc8fd63bc0948ac1f0631889ffbefa,2016-09-24,2704255,1784,41,René Adler,starting_lineup,Goalkeeper,1,0
4a778d92c9c836cd36b4b2bd1caae4de,2016-09-24,2704255,2219,27,Philipp Lahm,starting_lineup,Right-Back,21,1
168774557a6f7b2f10f81a37c158ec54,2016-09-24,2704256,1791,167,Halil Altıntop,substitutes,Attacking Midfield,7,0
e74a55296285f1c5177991f2d774ee88,2016-09-24,2704256,1986,167,Markus Feulner,substitutes,Central Midfield,8,0
78f0a8afe3619195f008085f9876d977,2016-09-24,2704257,1277,86,Clemens Fritz,starting_lineup,Central Midfield,8,1
93f1c575f8c433002774f3a715ab454a,2016-09-24,2704257,1667,82,Diego Benaglio,substitutes,Goalkeeper,1,0
f9a908c4cf2cc22114ea9a5a5fe0d76a,2016-09-25,2704258,1662,33,Sascha Riether,starting_lineup,Right-Back,27,0
c7b94599b8ec4050979e2695bcd61506,2016-09-24,2704259,1565,24,Alexander Meier,starting_lineup,Centre-Forward,14,1
299a4f19a0a08996a761d8cd458caaf3,2016-10-01,2704260,1126,3,Matthias Lehmann,starting_lineup,Central Midfield,33,1
52a83f911e333e654b3bff8fc1248633,2016-10-01,2704260,2219,27,Philipp Lahm,substitutes,Right-Back,21,0
9902369ed37ea0cba6277ed8b7a98431,2016-10-01,2704263,1784,41,René Adler,starting_lineup,Goalkeeper,1,1
2ed1b2d93655a5ba4f443820fc67212c,2016-10-01,2704266,1277,86,Clemens Fritz,starting_lineup,Central Midfield,8,1
2ea30a026f7c4ba4319460a9ae7060d4,2016-10-01,2704267,1565,24,Alexander Meier,starting_lineup,Centre-Forward,14,1
4ce0f8bb968824550b4fa8550737ea5c,2016-09-30,2704268,1791,167,Halil Altıntop,substitutes,Attacking Midfield,7,0
2103aca5f767de4d11cd2923ce8c2b12,2016-09-30,2704268,1986,167,Markus Feulner,substitutes,Central Midfield,8,0
36fb5674fe56259340b3977fc789ce94,2016-10-15,2704270,1784,41,René Adler,starting_lineup,Goalkeeper,1,1
f3142c5f93178d799fbdd9c8a62889e6,2016-10-15,2704273,1126,3,Matthias Lehmann,starting_lineup,Central Midfield,33,1
6bf2f613679c31e70fd29daf8960e965,2016-10-15,2704274,1791,167,Halil Altıntop,starting_lineup,Second Striker,7,0
d31c3b332140761e260d0943f95cc634,2016-10-15,2704275,1277,86,Clemens Fritz,starting_lineup,Central Midfield,8,1
6c8dc4288d54b7807f4ea7d5d32f59bd,2016-10-15,2704277,1565,24,Alexander Meier,starting_lineup,Centre-Forward,14,1
62b54c75c22798189ea6d440da00f6c1,2016-10-15,2704277,2219,27,Philipp Lahm,starting_lineup,Right-Back,21,1
ebb9076b643296d414a9b8cadff4b2d3,2016-10-22,2704281,1126,3,Matthias Lehmann,starting_lineup,Central Midfield,33,1
25689dd783e31f18d6f841cae0451ebf,2016-10-21,2704282,1565,24,Alexander Meier,substitutes,Centre-Forward,14,0
4b1ca7e1e3410af603604e8e13c3dbe4,2016-10-21,2704282,1784,41,René Adler,starting_lineup,Goalkeeper,1,1
29c38d90b3fcde53fe598f243bbe03ee,2016-10-22,2704283,26,16,Roman Weidenfeller,starting_lineup,Goalkeeper,1,0
b77af56327c295d56d55c8d60e5744a3,2016-10-22,2704285,1791,167,Halil Altıntop,starting_lineup,Second Striker,7,0
0b47603258f8dba4d30435c03414d29b,2016-10-22,2704285,1986,167,Markus Feulner,substitutes,Central Midfield,8,0
667cafee908fe0d0a59fc08b3db4bb4f,2016-10-23,2704286,1277,86,Clemens Fritz,starting_lineup,Central Midfield,8,1
29f3c70e96d657dad4f42536fc18b072,2016-10-29,2704307,1667,82,Diego Benaglio,starting_lineup,Goalkeeper,1,1
3706d959787d8c0f2a0e8c0d5ae3301f,2016-10-30,2704308,1126,3,Matthias Lehmann,starting_lineup,Defensive Midfield,33,1
a4b86e3175009c851a1c01fa7a94ebc9,2016-10-30,2704308,1784,41,René Adler,starting_lineup,Goalkeeper,1,0
3b61941f91d35e8ba7c3c9123291963c,2016-10-29,2704309,1791,167,Halil Altıntop,starting_lineup,Central Midfield,7,0
b5e14ccab94c70c9c2a0fea6232718ac,2016-10-29,2704309,1986,167,Markus Feulner,substitutes,Central Midfield,8,0
54e44d126bb30a1b03b4978609f81ebe,2016-10-29,2704309,2219,27,Philipp Lahm,starting_lineup,Right-Back,21,1
0ae0b5c874b61edbaf6c31f7a56a3247,2016-10-29,2704310,1277,86,Clemens Fritz,starting_lineup,Central Midfield,8,1
7781af06975e686112d762d4459e81e9,2016-11-06,2704315,532,86,Claudio Pizarro,substitutes,Centre-Forward,14,0
108b11b679f6338d970e5caba2766fdd,2016-11-06,2704315,1277,86,Clemens Fritz,starting_lineup,Central Midfield,8,1
6615ab75a71ccc4897f3178928ca10a2,2016-11-05,2704317,26,16,Roman Weidenfeller,substitutes,Goalkeeper,1,0
7f65f00e3cf4796856f27fdbb6dc0972,2016-11-05,2704317,1784,41,René Adler,starting_lineup,Goalkeeper,1,0
539baa59efccdf1a7e44cbcd4550bf67,2016-11-05,2704318,1791,167,Halil Altıntop,substitutes,Attacking Midfield,7,0
4d9dc9ec21ce764eaf95e419659de7c1,2016-11-05,2704319,1126,3,Matthias Lehmann,starting_lineup,Central Midfield,33,1
425d9440cb9a445182bc82b8ddf86f18,2016-11-05,2704319,1565,24,Alexander Meier,starting_lineup,Centre-Forward,14,1
270d6d71941d01a3510fdc4e5d4eebb2,2016-11-05,2704320,1667,82,Diego Benaglio,starting_lineup,Goalkeeper,1,1
0932abc030f09cec17c50c43bd92f9f8,2016-11-19,2704331,26,16,Roman Weidenfeller,substitutes,Goalkeeper,1,0
db7aae7ebfa9c67093f0d4505f8f1077,2016-11-19,2704331,2219,27,Philipp Lahm,starting_lineup,Right-Back,21,1
6441b8daf1e9d66a55bbadb7c76e5aea,2016-11-19,2704333,1126,3,Matthias Lehmann,starting_lineup,Defensive Midfield,33,1
166c85d2155c061393c39e4a5f083952,2016-11-19,2704335,1667,82,Diego Benaglio,starting_lineup,Goalkeeper,1,1
1ea2b7f12ae3780f602ad39bedc51810,2016-11-19,2704336,1791,167,Halil Altıntop,starting_lineup,Attacking Midfield,7,0
39e9b8c056be864ce5133b9571c6cd66,2016-11-19,2704336,1986,167,Markus Feulner,substitutes,Central Midfield,8,0
e1a96ee312b19caa15fb0442922fcebc,2016-11-20,2704337,532,86,Claudio Pizarro,starting_lineup,Centre-Forward,14,0
41b61cb10641cc5ed4ffc49a39ab7e1f,2016-11-20,2704337,1277,86,Clemens Fritz,starting_lineup,Defensive Midfield,8,1
fed8b637043c020a5368f53d7802e01d,2016-11-20,2704337,1565,24,Alexander Meier,substitutes,Centre-Forward,14,0
4eeeecbc74ec58d8494bc8ee82e08e6c,2016-11-26,2704351,2219,27,Philipp Lahm,starting_lineup,Central Midfield,21,1
f283d5808e748e100f706f9e2a6a6394,2016-11-26,2704355,1791,167,Halil Altıntop,starting_lineup,Second Striker,7,0
fc60de4e20d55354e0972b1519fb9393,2016-11-26,2704356,532,86,Claudio Pizarro,substitutes,Centre-Forward,14,0
887c137d2f3aa10adb30a60cac0f874f,2016-11-26,2704356,1277,86,Clemens Fritz,starting_lineup,Central Midfield,8,1
cf166550e98fcad05c5de9c24ce44fec,2016-11-26,2704357,1667,82,Diego Benaglio,starting_lineup,Goalkeeper,1,1
fd153cf1336adad13c3ac9134cb95be9,2016-11-26,2704358,26,16,Roman Weidenfeller,starting_lineup,Goalkeeper,1,0
1d03e2201837ebf9e5008ae9e02185ca,2016-11-26,2704358,1565,24,Alexander Meier,starting_lineup,Centre-Forward,14,1
9ecf9686eeb8086119868528ca4b509d,2016-12-03,2704360,26,16,Roman Weidenfeller,starting_lineup,Goalkeeper,1,0
a6f40bfe93723ffd7ba4fcbaaac15488,2016-12-02,2704362,2219,27,Philipp Lahm,starting_lineup,Defensive Midfield,21,1
26fd8b471780d57df3f6b98e13a457f3,2016-12-03,2704363,1667,82,Diego Benaglio,starting_lineup,Goalkeeper,1,1
752b00f4c4ab52b62244c6195959b87a,2016-12-04,2704364,1565,24,Alexander Meier,starting_lineup,Centre-Forward,14,1
6715c722023ee924cbf37191614d715b,2016-12-04,2704364,1791,167,Halil Altıntop,starting_lineup,Second Striker,7,0
f694b433f65ec35df3e640000cb26a12,2016-12-03,2704365,532,86,Claudio Pizarro,starting_lineup,Centre-Forward,14,0
0a8c401f1f0f8a6d03a5ae0b7faa69db,2016-12-10,2704425,1667,82,Diego Benaglio,starting_lineup,Goalkeeper,1,1
1239a0e7a304695f832527a7ffd6fb11,2016-12-10,2704425,2219,27,Philipp Lahm,starting_lineup,Right-Back,21,1
9f1b0135f994e9de6b937dad94e7368b,2016-12-10,2704428,532,86,Claudio Pizarro,starting_lineup,Centre-Forward,14,0
0ca3629cfc93e711c2a57156d9229c58,2016-12-10,2704428,1277,86,Clemens Fritz,starting_lineup,Defensive Midfield,8,1
ef8f886fc349d6a3fa60df5967d265d2,2016-12-10,2704429,26,16,Roman Weidenfeller,starting_lineup,Goalkeeper,1,0
7cc8a76ab7d82248b776bd5e9ae51c87,2016-12-10,2704430,1791,167,Halil Altıntop,starting_lineup,Second Striker,7,0
8b6d283c7398d8708ce68440422ef67a,2016-12-09,2704432,1565,24,Alexander Meier,starting_lineup,Centre-Forward,14,1
135dc2cc18a747462469fc795a2d1067,2016-12-17,2704437,1565,24,Alexander Meier,substitutes,Second Striker,14,0
519be3ee1f212ab3b70995a4bdd2bc00,2016-12-17,2704437,1667,82,Diego Benaglio,starting_lineup,Goalkeeper,1,1
9851a8c78c9c9d1f2610a9be10a88ec9,2016-12-17,2704438,1791,167,Halil Altıntop,substitutes,Attacking Midfield,7,0
2559af0e4f8d437e4980de01665f8964,2016-12-17,2704439,532,86,Claudio Pizarro,starting_lineup,Centre-Forward,14,0
eac4af809068fc6c6e1d94c65b792753,2016-12-17,2704439,1277,86,Clemens Fritz,starting_lineup,Defensive Midfield,8,1
91534e0c62d9f14a7b8317ab8f71064e,2016-12-16,2704441,26,16,Roman Weidenfeller,starting_lineup,Goalkeeper,1,0
1212ac8dd13016aede1915a950ac3333,2016-12-21,2704452,2219,27,Philipp Lahm,starting_lineup,Right-Back,21,1
b6f2a4114f8844eccb4693fb5b80c7e0,2016-12-20,2704453,26,16,Roman Weidenfeller,starting_lineup,Goalkeeper,1,0
293dda720dd51e6dfb0494b97a063ad3,2016-12-20,2704453,1791,167,Halil Altıntop,substitutes,Centre-Forward,7,0
87b4c32fcb993cf9b05e7325dbbc2e34,2016-12-20,2704453,1986,167,Markus Feulner,substitutes,Central Midfield,8,0
61177c2af30244e101401224875dc3dd,2016-12-20,2704454,1667,82,Diego Benaglio,starting_lineup,Goalkeeper,1,1
fb6c127714e439d4b990080b9ed8d136,2016-12-21,2704459,532,86,Claudio Pizarro,starting_lineup,Centre-Forward,14,0
5ada19687325849e0bf14784736f1eef,2017-01-21,2704464,1667,82,Diego Benaglio,starting_lineup,Goalkeeper,1,1
f28a1c2138f1f5b9d17196ac22630bc6,2017-01-21,2704465,1791,167,Halil Altıntop,substitutes,Attacking Midfield,7,0
fd63db65d1b7368c9ba1b289d41803f7,2017-01-21,2704466,26,16,Roman Weidenfeller,starting_lineup,Goalkeeper,1,0
defcb8a25f0e4efa1987d4e73781330e,2017-01-21,2704466,532,86,Claudio Pizarro,starting_lineup,Centre-Forward,14,0
c07fb6ab7fff773b3f6e1d025a072238,2017-01-21,2704466,1277,86,Clemens Fritz,starting_lineup,Defensive Midfield,8,1
912d3a0cd3a08f8678aa29b939a60c53,2017-01-20,2704468,80,27,Tom Starke,substitutes,Goalkeeper,22,0
e5c713838f8354e23785247476329c39,2017-01-20,2704468,2219,27,Philipp Lahm,starting_lineup,Right-Back,21,1
6ce44f24f0dfb1891e753692cf50a478,2017-01-27,2704480,1565,24,Alexander Meier,starting_lineup,Centre-Forward,14,1
3d6bc1aff47e5e90b112c72e013ca97c,2017-01-28,2704482,1667,82,Diego Benaglio,starting_lineup,Goalkeeper,1,1
e70da3215c123b0333c75e574ce6f410,2017-01-28,2704482,1791,167,Halil Altıntop,starting_lineup,Attacking Midfield,7,0
b6a5500b9ece01497461923d6151033e,2017-01-28,2704484,532,86,Claudio Pizarro,starting_lineup,Centre-Forward,14,0
36f89eec6c2510b06d408f4f74c2f1c5,2017-01-28,2704484,2219,27,Philipp Lahm,starting_lineup,Right-Back,21,1
4803ed85c4f36a7a8749878e8d93ba25,2017-02-04,2704497,2219,27,Philipp Lahm,substitutes,Right-Back,21,0
f5f2bfb353b55b3b83c887a7e75c8f05,2017-02-04,2704501,1667,82,Diego Benaglio,starting_lineup,Goalkeeper,1,1
3a8bd2030a153cae1e3a952cafd1bea6,2017-02-03,2704502,1784,41,René Adler,starting_lineup,Goalkeeper,1,1
f689df05b08fdaced219e3801340f893,2017-02-05,2704503,1277,86,Clemens Fritz,substitutes,Right-Back,8,0
c63c6ce6bc6af8b0a48698c4f98c3130,2017-02-05,2704503,1791,167,Halil Altıntop,starting_lineup,Attacking Midfield,7,0
b020eb01fc6bedb4e1f6b5ca7472c7e5,2017-02-05,2704505,1565,24,Alexander Meier,starting_lineup,Second Striker,14,1
097ec1b109452346e7121b7ead38b25a,2017-02-05,2704505,1792,105,Hamit Altıntop,substitutes,Central Midfield,34,0
24ca2ab2cb84f0287d4ae9d58fde1720,2017-02-11,2704506,1565,24,Alexander Meier,starting_lineup,Centre-Forward,14,1
860358c3e8fdf1c1d8e30e12743bf9ac,2017-02-10,2704508,1791,167,Halil Altıntop,substitutes,Second Striker,7,0
284eef6b39a73c2c9480383c9389bbd9,2017-02-12,2704509,1667,82,Diego Benaglio,starting_lineup,Goalkeeper,1,1
bc6c1932ad4085f73d4b351b0f818bf5,2017-02-11,2704510,2219,27,Philipp Lahm,starting_lineup,Right-Back,21,1
f49a755e986297044867a986797a1614,2017-02-11,2704511,532,86,Claudio Pizarro,substitutes,Centre-Forward,14,0
7f7476a139397aedd74f9ffd7bc6ae0b,2017-02-11,2704511,1277,86,Clemens Fritz,substitutes,Right-Back,8,0
f431da2948d8f75ac5f396d00deb91b3,2017-02-11,2704512,26,16,Roman Weidenfeller,substitutes,Goalkeeper,1,0
32be5129166db5c3e20239e0894af740,2017-02-11,2704512,1792,105,Hamit Altıntop,starting_lineup,Central Midfield,34,0
8f5aa709b7a8ca7e9c1afdc8159dfef0,2017-02-11,2704514,1784,41,René Adler,starting_lineup,Goalkeeper,1,0
69f15ca3d7255a9cd81210ac3f478179,2017-02-18,2704524,26,16,Roman Weidenfeller,substitutes,Goalkeeper,1,0
cb416b39f117cdbaa1df165ab0fb07a1,2017-02-18,2704524,1667,82,Diego Benaglio,starting_lineup,Goalkeeper,1,1
4cca5d2ebab88daebd977de0d3d06f97,2017-02-18,2704526,532,86,Claudio Pizarro,substitutes,Centre-Forward,14,0
634da6f02de2649dc4ef330644e55df5,2017-02-18,2704526,1277,86,Clemens Fritz,starting_lineup,Central Midfield,8,1
8f808b9a5ba416aa2f199cf2d3939e5c,2017-02-18,2704527,2219,27,Philipp Lahm,starting_lineup,Right-Back,21,1
0e97d1b6376a947ffa23be1f32bc44dd,2017-02-18,2704529,1784,41,René Adler,starting_lineup,Goalkeeper,1,0
df9a8312196ab09152194802235c7c16,2017-02-18,2704531,1792,105,Hamit Altıntop,starting_lineup,Defensive Midfield,34,0
f3d3b2828d365453dc82b8fec9a12d9a,2017-02-18,2704532,1565,24,Alexander Meier,starting_lineup,Centre-Forward,14,1
f283b04ca40c22240b201824bc94254c,2017-02-25,2704542,1784,41,René Adler,starting_lineup,Goalkeeper,1,0
1b750c5e82d3aea1649b27f6ce73305d,2017-02-25,2704542,2219,27,Philipp Lahm,starting_lineup,Right-Back,21,1
874b780ba8e7f6f5daaf2b212d42df6d,2017-02-24,2704546,532,86,Claudio Pizarro,substitutes,Centre-Forward,14,0
332bf71b8b616e0e32d5e0e3547905ff,2017-02-24,2704546,1667,82,Diego Benaglio,starting_lineup,Goalkeeper,1,1
f5644f35fd1f20fdbec0bce912025fbf,2017-02-25,2704548,1791,167,Halil Altıntop,starting_lineup,Attacking Midfield,7,0
01290859a1fe1ec4764cb35437a3418a,2017-02-25,2704548,1792,105,Hamit Altıntop,starting_lineup,Central Midfield,34,0
3cc8a0dd90c99cbf49c09596de49f254,2017-03-04,2704554,2219,27,Philipp Lahm,starting_lineup,Right-Back,21,1
a264a167311bcc2909fe0d648f8e949c,2017-03-05,2704555,1784,41,René Adler,starting_lineup,Goalkeeper,1,1
c2e3e2a3b9b54bfd6293bfbe7f94d533,2017-03-03,2704556,1791,167,Halil Altıntop,substitutes,Attacking Midfield,7,0
5501dfb8709b636246b5b3d5948e21bc,2017-03-04,2704557,532,86,Claudio Pizarro,starting_lineup,Centre-Forward,14,0
20f9332de69d0fe7dcfe92b536208898,2017-03-04,2704557,1277,86,Clemens Fritz,starting_lineup,Defensive Midfield,8,1
59bb994733109ca437e6ec1a6b29737d,2017-03-04,2704557,1792,105,Hamit Altıntop,starting_lineup,Central Midfield,34,0
4dd5500186c56d5907a33ed82cf7a3d6,2017-03-05,2704559,1565,24,Alexander Meier,substitutes,Centre-Forward,14,0
e34e34ac1d091fdd633bd00fecdde0d3,2017-03-11,2704569,2219,27,Philipp Lahm,starting_lineup,Right-Back,21,1
a4a50b2cacc52d430ac0291aaac822bc,2017-03-10,2704570,532,86,Claudio Pizarro,substitutes,Centre-Forward,14,0
fe188f128d7144085f4344bbfea2e511,2017-03-10,2704570,3256,15,Roberto Hilbert,substitutes,Right-Back,13,0
b97199b774131934aff5890156215174,2017-03-12,2704571,1791,167,Halil Altıntop,starting_lineup,Second Striker,7,0
dbac28f0c0ce56eaba75386e29ef5cf4,2017-03-12,2704573,1784,41,René Adler,starting_lineup,Goalkeeper,1,0
b49c85d0b7fb39bdee339ad41d00c275,2017-03-11,2704574,1126,3,Matthias Lehmann,starting_lineup,Defensive Midfield,33,1
14e387b8083b40ab9fead5e72055a736,2017-03-11,2704575,1792,105,Hamit Altıntop,starting_lineup,Central Midfield,34,0
ec3da243a9bf9945f838b0a99b26ce02,2017-03-19,2704579,2219,27,Philipp Lahm,starting_lineup,Right-Back,21,1
79a11f44967b4f7fead64bb407a8b51e,2017-03-18,2704581,1792,105,Hamit Altıntop,starting_lineup,Central Midfield,34,0
3339d5e263b20afa5e7339223e4550d7,2017-03-18,2704582,1126,3,Matthias Lehmann,starting_lineup,Defensive Midfield,33,1
19fb890ce1367a023f40e1bd4b47270a,2017-03-18,2704584,532,86,Claudio Pizarro,starting_lineup,Centre-Forward,14,0
c7b9b242519b03575fd250b3237fe318,2017-03-18,2704585,3256,15,Roberto Hilbert,starting_lineup,Right-Back,13,0
bde4b72ac0a9103c117b61a27b451727,2017-03-18,2704586,1565,24,Alexander Meier,substitutes,Centre-Forward,14,0
1bbc150d625005ccdbc1dd6e2a656a8c,2017-03-18,2704586,1784,41,René Adler,starting_lineup,Goalkeeper,1,0
fce5680a47ddbba08aa9726da7149381,2017-04-01,2704587,80,27,Tom Starke,substitutes,Goalkeeper,22,0
f425249100ac80e17be8f818b4768c0d,2017-04-01,2704587,1791,167,Halil Altıntop,substitutes,Attacking Midfield,7,0
545e73f5ba1dab986d0a64dc7ce965f5,2017-04-01,2704587,2219,27,Philipp Lahm,starting_lineup,Right-Back,21,1
4d272d81f5467d37eaffb379a509e4e1,2017-04-02,2704588,1667,82,Diego Benaglio,substitutes,Goalkeeper,1,0
5207d7fcb0ed3fff5e1438919b63f6c6,2017-04-02,2704588,3256,15,Roberto Hilbert,starting_lineup,Right-Back,13,0
b3ec52d30cc93ecf458805b92f93dc8f,2017-04-01,2704591,1784,41,René Adler,starting_lineup,Goalkeeper,1,1
24d62813f05d7010065be0e8c9910847,2017-04-01,2704594,532,86,Claudio Pizarro,substitutes,Centre-Forward,14,0
d4f4f0aff28a59b8e8e6ce5354390f30,2017-04-01,2704595,1792,105,Hamit Altıntop,starting_lineup,Defensive Midfield,34,0
5db708418a949c3e8ef10211d0b88b7c,2017-04-04,2704605,26,16,Roman Weidenfeller,substitutes,Goalkeeper,1,0
626b35a261e32b9a2f300babfe459e98,2017-04-04,2704605,1784,41,René Adler,starting_lineup,Goalkeeper,1,0
41c2bf1bda32bf5a86edb78dda4841df,2017-04-04,2704609,1126,3,Matthias Lehmann,starting_lineup,Defensive Midfield,33,1
1d7d4a42db9554e7d44527571d297171,2017-04-05,2704610,1791,167,Halil Altıntop,substitutes,Attacking Midfield,7,0
44267408d1eeb117b0e556b655c13dce,2017-04-04,2704611,532,86,Claudio Pizarro,starting_lineup,Centre-Forward,14,0
468105d556dd0bf97ca6bb2045538a77,2017-04-05,2704612,1792,105,Hamit Altıntop,starting_lineup,Central Midfield,34,0
3f5ac9248a774fe4356a00c1db29e5d7,2017-04-05,2704612,3256,15,Roberto Hilbert,starting_lineup,Right-Back,13,0
b5bfe0650da86124e392223414f780a2,2017-04-08,2704623,26,16,Roman Weidenfeller,substitutes,Goalkeeper,1,0
967de851c839385ca94f7878f1c3c141,2017-04-08,2704623,80,27,Tom Starke,substitutes,Goalkeeper,22,0
ddda34047b33b4b60da3a3d9f2dca72e,2017-04-08,2704623,2219,27,Philipp Lahm,starting_lineup,Right-Back,21,1
69e1de472a3138d97070c16fef76c3bb,2017-04-09,2704625,1791,167,Halil Altıntop,substitutes,Attacking Midfield,7,0
1b60d02243f559431ead9866e8e8e118,2017-04-08,2704626,1126,3,Matthias Lehmann,starting_lineup,Defensive Midfield,33,1
a93edecf825ea0a313ecd62f9e00ba89,2017-04-09,2704628,1792,105,Hamit Altıntop,starting_lineup,Central Midfield,34,0
4083bc2a5ba2e2c6d6cd24462c0e1e32,2017-04-07,2704629,532,86,Claudio Pizarro,substitutes,Centre-Forward,14,0
214180a0eb2a0f53739966aaa2d5fd3a,2017-04-08,2704631,3256,15,Roberto Hilbert,starting_lineup,Right-Back,13,0
716f30388652a7bab2c931c9ca713ae1,2017-04-15,2704642,2219,27,Philipp Lahm,substitutes,Central Midfield,21,0
f1ac086659e24508dcddffed3c15755d,2017-04-15,2704642,3256,15,Roberto Hilbert,starting_lineup,Right-Back,13,0
7c23c021820fcfdd028dd22848a584ee,2017-04-15,2704645,1126,3,Matthias Lehmann,starting_lineup,Defensive Midfield,33,1
d0bef8f0fe104164592cfc95cb678e22,2017-04-15,2704645,1791,167,Halil Altıntop,starting_lineup,Attacking Midfield,7,0
a820a1aabcc51ca3b3c7d0edf4334140,2017-04-16,2704647,1662,33,Sascha Riether,substitutes,Right-Back,27,0
e146db2ece7ec168f75b08b0be926dd0,2017-04-16,2704647,1792,105,Hamit Altıntop,starting_lineup,Central Midfield,34,0
f8c441a47b6cef011088b30d0fb812d6,2017-04-23,2704652,1662,33,Sascha Riether,substitutes,Right-Back,27,0
41d6345e1644f9b00592440d9ef5c103,2017-04-21,2704654,1126,3,Matthias Lehmann,starting_lineup,Defensive Midfield,33,1
e64f689fef60ea6b5fe1906d1328aff7,2017-04-22,2704655,1792,105,Hamit Altıntop,starting_lineup,Central Midfield,34,0
ef42a71b780c12c6e1922b9b092f3978,2017-04-22,2704656,532,86,Claudio Pizarro,substitutes,Centre-Forward,14,0
806b5429cdd756e6f042dc1f148dca86,2017-04-22,2704657,1791,167,Halil Altıntop,starting_lineup,Attacking Midfield,7,0
1c1e51c97eced6674723aad92b1993d7,2017-04-23,2704658,3256,15,Roberto Hilbert,starting_lineup,Right-Back,13,0
3a451b57a79168b776c509d159725543,2017-04-29,2704668,26,16,Roman Weidenfeller,substitutes,Goalkeeper,1,0
067fcc723d44e73982e4f5564436e22e,2017-04-29,2704668,1126,3,Matthias Lehmann,starting_lineup,Defensive Midfield,33,1
609676a9e0e04f893a0060a4d185056a,2017-04-28,2704669,1662,33,Sascha Riether,substitutes,Defensive Midfield,27,0
529d26a8f8ad006ae5670ced39560ef2,2017-04-28,2704669,3256,15,Roberto Hilbert,starting_lineup,Right-Back,13,0
fe5f1e15a37f952d00dd6cf5c261ad0d,2017-04-29,2704671,80,27,Tom Starke,substitutes,Goalkeeper,22,0
3f4f9997861cc012dcb73b23cdb102a0,2017-04-29,2704671,1667,82,Diego Benaglio,substitutes,Goalkeeper,1,0
c2ac5bd11993a2a0f3bdbec2ee8cee09,2017-04-29,2704671,2219,27,Philipp Lahm,starting_lineup,Right-Back,21,1
60208e025d3e3d6999a50ffa63fd183e,2017-04-30,2704672,1791,167,Halil Altıntop,starting_lineup,Second Striker,7,0
68a16c27a4fc276425003cadc98cc2cb,2017-04-29,2704674,1792,105,Hamit Altıntop,starting_lineup,Central Midfield,34,0
58e666f17f467f11e86eace8d28b952a,2017-05-06,2704677,80,27,Tom Starke,starting_lineup,Goalkeeper,22,0
92443df2ee898f97895eefec9e036b49,2017-05-06,2704677,1792,105,Hamit Altıntop,starting_lineup,Central Midfield,34,0
894b6215dcf80b16d74f0854b455966e,2017-05-06,2704677,2219,27,Philipp Lahm,substitutes,Right-Back,21,0
b957d27517544210c7a576066da8ffa6,2017-05-06,2704679,1791,167,Halil Altıntop,starting_lineup,Second Striker,7,0
2007c082ed94d549edcb4cdbb232a168,2017-05-05,2704681,532,86,Claudio Pizarro,substitutes,Centre-Forward,14,0
7114988a5c47994f7a4f5d1f953d49d1,2017-05-05,2704681,1126,3,Matthias Lehmann,starting_lineup,Defensive Midfield,33,1
8f1f2adbdc35d2effe5335ad236de040,2017-05-13,2704695,1126,3,Matthias Lehmann,starting_lineup,Defensive Midfield,33,1
8f8816c5fc5af767e4d444ab482e6115,2017-05-13,2704695,3256,15,Roberto Hilbert,substitutes,Right-Back,13,0
278d7fcb0ab30bad0dfba71ba02cd401,2017-05-13,2704699,26,16,Roman Weidenfeller,substitutes,Goalkeeper,1,0
7e8eb535d0f1f5f74f7d3df4ba887c3e,2017-05-13,2704699,1791,167,Halil Altıntop,starting_lineup,Second Striker,7,0
02a4c9beec88cc4000a8f1680a369795,2017-05-13,2704701,1792,105,Hamit Altıntop,starting_lineup,Central Midfield,34,0
86393d67fc609cdeb3aeeb5e8ebe3b7a,2017-05-13,2704703,80,27,Tom Starke,starting_lineup,Goalkeeper,22,0
8849e4521ba7639309ff3f3b99a45506,2017-05-13,2704703,2219,27,Philipp Lahm,starting_lineup,Right-Back,21,1
ad6837b7ec971a2ce6d0017c2aaf3a23,2017-05-20,2704704,80,27,Tom Starke,starting_lineup,Goalkeeper,22,0
b80956707166e738abada546d274dc68,2017-05-20,2704704,2219,27,Philipp Lahm,starting_lineup,Right-Back,21,1
34f4b437ca1bde5be4453a6b3ae0e99a,2017-05-20,2704706,1792,105,Hamit Altıntop,starting_lineup,Central Midfield,34,0
41cb3e766db1c675167077f1297caa05,2017-05-20,2704708,1126,3,Matthias Lehmann,starting_lineup,Defensive Midfield,33,1
2cb37a62a49c791ec84b3b418956e71a,2017-05-20,2704710,1662,33,Sascha Riether,starting_lineup,Right-Back,27,0
05efce97023041ae32855b885c8163bc,2017-05-20,2704711,1791,167,Halil Altıntop,starting_lineup,Second Striker,7,0
e1f715b78260b166e3ef4b00a1cd32f4,2017-05-20,2704712,1565,24,Alexander Meier,substitutes,Centre-Forward,14,0
7fb5beb1e2c884b1f50f093853e732b8,2016-08-06,2707830,3292,124,Joey Barton,starting_lineup,Central Midfield,8,0
0664b29f8fc1dda4b55f3354ac99a6e3,2016-08-07,2707835,3202,371,Kolo Touré,starting_lineup,Centre-Back,2,0
adaa27590d00ca3339049094586f0c8d,2016-08-13,2707836,3292,124,Joey Barton,starting_lineup,Central Midfield,8,0
f239a00df80bb0e06fabdd7a241024ee,2016-08-20,2707845,3292,124,Joey Barton,starting_lineup,Central Midfield,8,0
a5060c5a565ec04331fa7a140e680a35,2016-08-20,2707847,3202,371,Kolo Touré,starting_lineup,Centre-Back,2,0
5b23b86cf0b7452c6f89969a8a3d4df0,2016-12-23,2708453,2865,506,Stephan Lichtsteiner,starting_lineup,Right-Back,26,0
20a4dc5e55476cb175416825c0bc2d32,2016-07-14,2711531,2148,2944,Erdal Kilicaslan,substitutes,Second Striker,11,0
78583c37c3391f332510229605af4298,2016-07-21,2711562,2148,2944,Erdal Kilicaslan,substitutes,Right Winger,11,0
aa1b250801203d122f2910e20cb11159,2017-01-14,2716694,1327,1159,Alou Diarra,starting_lineup,Defensive Midfield,5,0
c2c44c7d93ca26e0a59127294d3c42b0,2017-01-28,2717374,3266,1158,Jérémie Aliadière,substitutes,Centre-Forward,14,0
97657f889a9980931a8794e881929a75,2016-08-03,2718493,1726,610,Heiko Westermann,starting_lineup,Centre-Back,16,0
f11ea8c68776749813e64ea104174979,2016-10-22,2718789,2963,714,Martín Demichelis,starting_lineup,Centre-Back,2,0
efa22a76a2f08db560ca138ce5cf1bdb,2016-10-30,2718800,2963,714,Martín Demichelis,substitutes,Centre-Back,2,0
e345cb9a94bf3ab68a533838815270ae,2017-01-21,2718896,2963,1084,Martín Demichelis,substitutes,Centre-Back,3,0
e695709011d171e307a3f3c608025a98,2017-01-27,2718906,2963,1084,Martín Demichelis,starting_lineup,Centre-Back,3,0
e162a8c6803c251c516ddd6c240aa6ab,2017-02-04,2718910,2963,1084,Martín Demichelis,starting_lineup,Centre-Back,3,0
9ab15e7d6ecc413b2234c545ac0b25d8,2017-02-12,2718920,2963,1084,Martín Demichelis,starting_lineup,Centre-Back,3,0
a3851615928b3683d23033f9f4abfbb0,2017-02-20,2718931,2963,1084,Martín Demichelis,starting_lineup,Centre-Back,3,0
c34cf242a51460ffed73fb9dec05dae3,2017-02-28,2718952,2963,1084,Martín Demichelis,starting_lineup,Centre-Back,3,0
6297a63af8bd4bc26c674604358a6207,2017-03-05,2718962,2963,1084,Martín Demichelis,starting_lineup,Centre-Back,3,0
de68137fb0d58314f6efb518eb510c4b,2017-03-11,2718973,2963,1084,Martín Demichelis,starting_lineup,Centre-Back,3,0
53295559618619968aa2c3ffde9016e9,2017-04-25,2719046,2963,1084,Martín Demichelis,substitutes,Centre-Back,3,0
3b182535b82ddef9105780bbc465e686,2017-05-14,2719077,2963,1084,Martín Demichelis,substitutes,Centre-Back,3,0
38a00b5aaca19d90d25c3cc951382d9e,2016-08-21,2720731,2587,524,Elyasa Süme,starting_lineup,Centre-Back,3,1
5b5d92a6ee1eff32f93781f0fb383893,2016-08-21,2720733,2148,2944,Erdal Kilicaslan,starting_lineup,Right Winger,11,1
9bfb6ee1d2db429da07e59e5a447d2dc,2016-08-27,2720742,2587,524,Elyasa Süme,starting_lineup,Centre-Back,3,1
0fdbdb1dcaf2b7959464ff6d75a3742e,2016-08-28,2720745,2148,2944,Erdal Kilicaslan,substitutes,Second Striker,11,0
77a116e1c5cc2e5f563d2a4b5bdac185,2016-09-10,2722611,1792,141,Hamit Altıntop,substitutes,Right Midfield,5,0
c2ebc69f0f6f1f9d49a2796a7af34fca,2016-09-10,2722612,2587,524,Elyasa Süme,starting_lineup,Centre-Back,3,1
684618991198a3dc389665ef1c96e3ee,2016-09-11,2722615,2148,2944,Erdal Kilicaslan,substitutes,Left Winger,11,0
0e2f4092beec8b87a6b9ef31fdc3a85b,2016-09-18,2722622,2587,524,Elyasa Süme,starting_lineup,Centre-Back,3,1
7e5d830fbce6cc8bcfae73c47b05453f,2016-09-25,2722631,2587,524,Elyasa Süme,starting_lineup,Centre-Back,3,1
e68d3046b3f660a95a3f3f344630917a,2016-10-01,2722639,2587,524,Elyasa Süme,starting_lineup,Centre-Back,3,1
a9279357c18a2088c38c59419f335b96,2016-10-02,2722643,2148,2944,Erdal Kilicaslan,substitutes,Left Winger,11,0
3c64c6628e2709491ec63b398d5816fd,2016-10-15,2722648,1792,141,Hamit Altıntop,substitutes,Central Midfield,5,0
252f7eaf820b9d4d7d7bad5be9520500,2016-10-15,2722649,2587,524,Elyasa Süme,starting_lineup,Centre-Back,3,1
50de145ae4ae4eced293155576e1d884,2016-10-21,2722661,2587,524,Elyasa Süme,starting_lineup,Centre-Back,3,1
fd64e4f60c6d4e44492d2873b16cf640,2016-10-29,2722666,2148,2944,Erdal Kilicaslan,substitutes,Left Winger,11,0
8a3d7da474f9586ae60ecd548cc7acc2,2016-10-29,2722666,2587,524,Elyasa Süme,starting_lineup,Centre-Back,3,1
d358dae8bf600181a5fb598cccb14b97,2016-11-05,2722678,2587,524,Elyasa Süme,starting_lineup,Centre-Back,3,1
333f5f71ba05fd2b9484710dca64ed73,2016-11-19,2722683,2587,524,Elyasa Süme,starting_lineup,Centre-Back,3,1
e08f49adf360d77f590124f648b64763,2016-11-19,2722689,2148,2944,Erdal Kilicaslan,substitutes,Left Winger,11,0
79c41cf8a11941b9627b8d912326a5aa,2016-11-28,2722692,2148,2944,Erdal Kilicaslan,substitutes,Left Winger,11,0
c401c6e15454d04161ea5bfb2aacdf19,2016-11-26,2722695,2587,524,Elyasa Süme,starting_lineup,Centre-Back,3,1
e6b50c9e12f28759942d21aa838a13cc,2016-11-25,2722700,1792,141,Hamit Altıntop,substitutes,Central Midfield,5,0
1a208f29d52472a6676c3f71e223981d,2016-12-04,2722707,2587,524,Elyasa Süme,starting_lineup,Centre-Back,3,1
3474bef42f1c1de7f12b9bfaf9c43434,2016-12-11,2722718,1792,141,Hamit Altıntop,substitutes,Right Midfield,5,0
cf4a9ecef8f6eb4dcd33285deae80411,2016-12-11,2722718,2587,524,Elyasa Süme,starting_lineup,Centre-Back,3,1
f1acb715872ebcbeeb825795eec9560d,2016-12-18,2722724,2587,524,Elyasa Süme,starting_lineup,Centre-Back,3,1
2301d646da54339a0cd73e653d6588b7,2016-12-25,2722729,2148,2944,Erdal Kilicaslan,substitutes,Centre-Forward,11,0
c37ddbc51b23b9e7dde4976d4c051f77,2016-12-25,2722736,1792,141,Hamit Altıntop,substitutes,Central Midfield,5,0
edcd948b09494c9720f698a9aa9b4017,2017-01-15,2722739,2587,524,Elyasa Süme,starting_lineup,Centre-Back,3,1
4245810e37e0d00c172510543636c602,2017-01-29,2722759,2587,524,Elyasa Süme,starting_lineup,Centre-Back,3,1
a746e7dc72dd3bb51d393c76b90e24a1,2017-02-13,2722766,2587,524,Elyasa Süme,starting_lineup,Centre-Back,3,1
39faaa151b88cd3b53740dc59565c82d,2017-02-11,2722768,2148,2944,Erdal Kilicaslan,substitutes,Left Winger,11,0
b1d624a3d8b7163e0127132fdbef6966,2017-02-18,2722774,2587,524,Elyasa Süme,starting_lineup,Centre-Back,3,1
e90e8554d7ef7036adcfe2e51eac01a5,2017-02-26,2722783,2148,2944,Erdal Kilicaslan,substitutes,Left Winger,11,0
5cb96ea075aeefdcc01765f28e393fe9,2017-02-26,2722785,2587,524,Elyasa Süme,starting_lineup,Centre-Back,3,1
762aff214c26c0d2520c49131144a882,2017-03-04,2722791,2587,524,Elyasa Süme,starting_lineup,Centre-Back,3,1
a044bc528903c63e754807b5eed0d6b4,2017-03-05,2722796,2148,2944,Erdal Kilicaslan,substitutes,Right Winger,11,0
d20e7d10ee9a8889a02d2bbe5cbfd1fe,2017-03-11,2722802,2587,524,Elyasa Süme,starting_lineup,Centre-Back,3,1
c3cf4e6e2e8943c906a1b265cb005415,2017-03-11,2722806,2148,2944,Erdal Kilicaslan,substitutes,Left Winger,11,0
8baf36a9c5e7eef6df0fc6e3cbfd52e5,2017-03-18,2722814,2587,524,Elyasa Süme,starting_lineup,Centre-Back,3,1
37ea615099a5b51a57bb534d56a038e3,2017-04-02,2722820,2148,2944,Erdal Kilicaslan,substitutes,Left Winger,11,0
23dcced71568f168478b249428ca6bec,2017-04-02,2722820,2587,524,Elyasa Süme,starting_lineup,Centre-Back,3,1
df0a2e2f21603ef02f741594fa3b944f,2017-04-08,2722831,2587,524,Elyasa Süme,starting_lineup,Centre-Back,3,1
e9deb59acf30bc40878ee5b5aff17911,2017-04-09,2722832,2148,2944,Erdal Kilicaslan,substitutes,Left Winger,11,0
478ae427bbddaa81afc259a4123ca927,2017-04-21,2722836,2587,524,Elyasa Süme,substitutes,Centre-Back,3,0
17536a7c38d09e3129599f096e5cbf2c,2017-04-22,2722842,2148,2944,Erdal Kilicaslan,substitutes,Left Winger,11,0
380fe3e9f3df0c227744bca3e6f3c11f,2017-04-28,2722847,2587,524,Elyasa Süme,substitutes,Centre-Back,3,0
af589de097c481b67c8ea223102cd8ef,2017-05-08,2722860,2587,524,Elyasa Süme,substitutes,Centre-Back,3,0
5f30d03523129419812f19b0972a93dd,2016-08-03,2724017,3202,371,Kolo Touré,substitutes,Centre-Back,2,0
d6208fdb67f0afe4c2e899b1b6d437f0,2016-07-28,2724242,2148,2944,Erdal Kilicaslan,starting_lineup,Second Striker,11,1
43d4f6ba6678f7fb92495c0810b6c37d,2016-08-04,2724243,2148,2944,Erdal Kilicaslan,starting_lineup,Second Striker,11,1
987fa5a746710966f03eb473c3755672,2016-07-26,2724812,597,713,Aleksandr Hleb,substitutes,Attacking Midfield,81,0
88feaf622adf71f728cbc5e8d4a94daf,2016-08-02,2724833,597,713,Aleksandr Hleb,substitutes,Attacking Midfield,81,0
234fed5d6b712fb3a46d628faa8ee1e4,2016-08-27,2725485,2865,506,Stephan Lichtsteiner,substitutes,Right-Back,26,0
7630ef32e0a42eb35a2b3a2ce74b7f96,2016-09-10,2725496,2865,506,Stephan Lichtsteiner,starting_lineup,Right Midfield,26,0
553218730f13edac5ad4dbc60a71073e,2016-09-18,2726506,2865,506,Stephan Lichtsteiner,starting_lineup,Right Midfield,26,0
44218992e3a553f2435a3e0caad4f6e7,2016-10-15,2726547,2865,506,Stephan Lichtsteiner,starting_lineup,Right-Back,26,0
d3e1fab6ea0f14320bd3bbe5a9f76840,2016-10-29,2726578,2865,506,Stephan Lichtsteiner,starting_lineup,Right Midfield,26,0
0e4fcb1ad413ea06fd9b506a921ee753,2016-11-06,2726583,2865,506,Stephan Lichtsteiner,starting_lineup,Right-Back,26,0
cb627764fafba405cc9b6c1c1e8e8cf1,2016-11-19,2726598,2865,506,Stephan Lichtsteiner,starting_lineup,Right Midfield,26,0
42593a64040b0e86661d6c546c37ac41,2016-11-27,2726607,2865,506,Stephan Lichtsteiner,starting_lineup,Centre-Back,26,0
181a18805a202c5407a0346464b64925,2016-12-03,2726615,2865,506,Stephan Lichtsteiner,starting_lineup,Right-Back,26,0
44fc37dbe1bf18758ede36905e813f00,2016-12-11,2726632,2865,506,Stephan Lichtsteiner,starting_lineup,Right-Back,26,0
3c4ab61e06c19a7670702da51515d619,2016-12-17,2726636,2865,506,Stephan Lichtsteiner,starting_lineup,Right-Back,26,0
cfe93f7db9015d86ba59895080cf7fb5,2017-01-22,2726677,2865,506,Stephan Lichtsteiner,starting_lineup,Right-Back,26,0
b720883c133cf5d309d716aaa13532a1,2017-01-29,2726688,2865,506,Stephan Lichtsteiner,starting_lineup,Right-Back,26,0
588b219f3870c6d4216bcd80d9e70822,2017-02-05,2726696,2865,506,Stephan Lichtsteiner,starting_lineup,Right-Back,26,0
893d288c96dd7d7e8bec260dc021f16d,2017-02-12,2726708,2865,506,Stephan Lichtsteiner,starting_lineup,Right-Back,26,0
e6c53e7a6ef61464129783dbc18a1887,2017-03-10,2726748,2865,506,Stephan Lichtsteiner,substitutes,Right-Back,26,0
db6164f2bd7271a831ed36a0a98a30e6,2017-03-19,2726757,2865,506,Stephan Lichtsteiner,substitutes,Right-Back,26,0
c46dbbc39c3545407110dacf47aab43c,2017-04-02,2726768,2865,506,Stephan Lichtsteiner,starting_lineup,Right-Back,26,0
2a634eeadcabc518073338f46eb25f28,2017-04-08,2726773,2865,506,Stephan Lichtsteiner,starting_lineup,Right-Back,26,0
f754bd067ac6222752e28bbd0f1c6123,2017-04-15,2726788,2865,506,Stephan Lichtsteiner,starting_lineup,Right-Back,26,0
e4cc53d484071052ffd66fec599a5734,2017-04-23,2726797,2865,506,Stephan Lichtsteiner,starting_lineup,Right Midfield,26,0
1965fcfc9fbd71dbaab792903d9b7d3c,2017-04-28,2726805,2865,506,Stephan Lichtsteiner,substitutes,Right-Back,26,0
b1f6e255a48b3fcd8c40a94b50293ef0,2017-05-06,2726822,2865,506,Stephan Lichtsteiner,starting_lineup,Right-Back,26,0
ce7fe248429ce474fd965e815e3cf8fa,2017-05-14,2726826,2865,506,Stephan Lichtsteiner,starting_lineup,Right-Back,26,0
a3d4ad174d375e832b4a24795de6db2d,2017-05-27,2726846,2865,506,Stephan Lichtsteiner,starting_lineup,Right-Back,26,0
c1ef6fabd906db0d9c18ca7143ade10f,2016-09-10,2728486,3202,371,Kolo Touré,starting_lineup,Centre-Back,2,0
6e41f11836ead5d341aab755696b1294,2016-09-10,2728486,3292,124,Joey Barton,starting_lineup,Defensive Midfield,8,0
2ebdc4feffdf3ae10cf4d6b477e68ae6,2016-08-27,2728490,3202,371,Kolo Touré,starting_lineup,Centre-Back,2,0
b8d3d37db38d32dca0fa80738940dcc2,2016-08-26,2728493,3292,124,Joey Barton,starting_lineup,Defensive Midfield,8,0
cdad824fc1b829c335e7c920847514e3,2016-10-15,2728520,3202,371,Kolo Touré,substitutes,Centre-Back,2,0
7a8a45b2dfae0b79b97d16047f988bc6,2016-10-26,2728532,2583,2760,Thorsten Stuckmann,substitutes,Goalkeeper,35,0
e147f91021eeba8afe8beaaa7fbce24a,2016-10-29,2728537,2583,2760,Thorsten Stuckmann,starting_lineup,Goalkeeper,35,0
49acc46045e3f7af2720d1d4d6b7fd37,2016-11-19,2728544,2583,2760,Thorsten Stuckmann,starting_lineup,Goalkeeper,35,0
4f45ac42233024b3d94781ee7b851a78,2016-11-04,2728554,2583,2760,Thorsten Stuckmann,starting_lineup,Goalkeeper,35,0
097215561463cd6417ea1d2f690fa4dd,2016-11-26,2728559,2583,2760,Thorsten Stuckmann,starting_lineup,Goalkeeper,35,0
c1fca339951675a11e3219bb4d62735a,2016-12-03,2728561,3202,371,Kolo Touré,starting_lineup,Centre-Back,2,0
10056ca81a062412253c85b39989b204,2017-04-02,2728635,3202,371,Kolo Touré,substitutes,Centre-Back,2,0
fd6b8e87af3f6dee149a93a19300779b,2017-02-04,2735503,3266,1158,Jérémie Aliadière,starting_lineup,Centre-Forward,14,0
931ce599c80c1d522aa8af6caea4849c,2017-02-05,2735508,1327,1159,Alou Diarra,starting_lineup,Defensive Midfield,5,0
fd2265997281d6aad4615ac439e1d1fe,2017-02-08,2735511,3266,1158,Jérémie Aliadière,starting_lineup,Centre-Forward,14,0
2e7e12cac9221cb1eaa7dfa2498c4790,2017-02-08,2735515,1327,1159,Alou Diarra,starting_lineup,Defensive Midfield,5,0
222cd2ad836ed48f184cd72e9cdbdf0d,2017-02-11,2735521,1327,1159,Alou Diarra,starting_lineup,Defensive Midfield,5,0
1a24496e8a14d6487619b34fc08baba6,2017-02-18,2735538,1327,1159,Alou Diarra,starting_lineup,Defensive Midfield,5,0
9d75b66ff32c72b366afd54f760b8a22,2017-03-05,2735551,3266,1158,Jérémie Aliadière,starting_lineup,Centre-Forward,14,0
8f039aa60608802f1d5a9f2a00a2330b,2017-03-11,2735561,1327,1159,Alou Diarra,starting_lineup,Defensive Midfield,5,0
c01fd32fa8df764c256cae79f2b2cdb2,2017-03-12,2735563,3266,1158,Jérémie Aliadière,substitutes,Centre-Forward,14,0
c5f4618592970b5edabd07ea89001562,2017-03-18,2735571,1327,1159,Alou Diarra,substitutes,Defensive Midfield,5,0
775196ff6df2d054d6d9798f21185fb8,2017-03-18,2735571,3266,1158,Jérémie Aliadière,substitutes,Centre-Forward,14,0
50494d4e281ae9f0b079cde95de110ec,2017-03-31,2735589,1327,1159,Alou Diarra,starting_lineup,Defensive Midfield,5,0
d702898f57e3a4ca61ebdcee049df3c3,2017-04-08,2735591,1327,1159,Alou Diarra,substitutes,Defensive Midfield,5,0
509420ad7ee05a92cb22b1f8b4c71cc9,2017-04-08,2735595,3266,1158,Jérémie Aliadière,starting_lineup,Centre-Forward,14,0
69b5cac78e599593c025416ea6923d69,2017-04-21,2735611,1327,1159,Alou Diarra,starting_lineup,Defensive Midfield,5,0
b932d6080cfa41f083ed52a8aa363144,2017-04-29,2735630,1327,1159,Alou Diarra,starting_lineup,Defensive Midfield,5,0
37a87976b01bb0e71aaa0c559906f3dd,2017-05-06,2735633,3266,1158,Jérémie Aliadière,substitutes,Centre-Forward,14,0
703b3791056bdcc7fdd6b623ef0a12ac,2017-05-14,2735645,3266,1158,Jérémie Aliadière,starting_lineup,Centre-Forward,14,0
851a8b7d245ea7e86517f9e5065260be,2017-05-20,2735652,3266,1158,Jérémie Aliadière,starting_lineup,Centre-Forward,14,0
b6962ebe042d029ae186a17b9f892427,2016-08-07,2740103,2998,1003,Robert Huth,starting_lineup,Centre-Back,6,0
231e930faf3f1b2b80a10ec770e199fe,2016-08-07,2740103,3332,985,Wayne Rooney,starting_lineup,Second Striker,10,1
364fd610ae50f98b0da885eb53180756,2016-08-17,2740113,3202,371,Kolo Touré,starting_lineup,Centre-Back,2,0
860587b5578ed7bcc062c9e2f0e9308c,2016-08-18,2740217,597,713,Aleksandr Hleb,starting_lineup,Right Winger,81,0
5e6af79903989bc1a68bbb450ea23dd0,2016-08-18,2740218,2148,2944,Erdal Kilicaslan,starting_lineup,Right Winger,11,1
39b46aaa48726973cd366dac4f6d2a38,2016-08-23,2740483,3202,371,Kolo Touré,starting_lineup,Centre-Back,2,0
4f3086b2f3850890627cfb803980acc2,2016-08-25,2752313,2148,2944,Erdal Kilicaslan,substitutes,Left Winger,11,0
e1d08aedd1864fc04481e27e14eb25dd,2016-09-13,2754181,3202,371,Kolo Touré,starting_lineup,Centre-Back,2,0
5fbd9eb4a1e11c4237d9531173fec869,2016-09-14,2754189,2998,1003,Robert Huth,starting_lineup,Centre-Back,6,0
4a5bbaf2fdece67bde4c31173c591f01,2016-09-29,2754308,3332,985,Wayne Rooney,substitutes,Second Striker,10,0
6bfae6f89425c9a200a0db47ba26a8a0,2016-10-25,2754874,1784,41,René Adler,starting_lineup,Goalkeeper,1,1
df03a040086cecf86751404f3e76312f,2016-10-25,2754875,3256,15,Roberto Hilbert,starting_lineup,Right-Back,13,0
4a841c77a4bcee269dc0c02c5a54a714,2016-10-26,2754879,1126,3,Matthias Lehmann,starting_lineup,Defensive Midfield,33,1
c5f5373563372973b4cd0399a877e80e,2016-10-26,2754880,1791,167,Halil Altıntop,substitutes,Attacking Midfield,7,0
0a86c09c2b4219c9a17837b2532a496c,2016-10-26,2754880,1986,167,Markus Feulner,substitutes,Central Midfield,8,0
cc3daf62a5b7df0b9de6e00622ff4aa1,2016-10-26,2754880,2219,27,Philipp Lahm,starting_lineup,Right-Back,21,1
edd4ff69c8a85a34a9c439bebc8cf96b,2016-10-26,2754882,26,16,Roman Weidenfeller,starting_lineup,Goalkeeper,1,0
f477141cac750788a4ed7614594caf16,2016-10-26,2754882,1094,89,Emanuel Pogatetz,substitutes,Centre-Back,3,0
8f0ad570766ea4784b7ca4a9b32c5b69,2016-10-26,2754884,1667,82,Diego Benaglio,starting_lineup,Goalkeeper,1,1
592852b2a3f625bede94bdc463fde702,2016-09-27,2754903,2998,1003,Robert Huth,starting_lineup,Centre-Back,6,0
849d57db46d81f12834d95d818880ab1,2016-09-28,2754911,3202,371,Kolo Touré,starting_lineup,Centre-Back,2,0
0072acd8f429ae94ed17eaf803dd68c4,2016-09-28,2754912,2219,27,Philipp Lahm,starting_lineup,Right-Back,21,1
5fbde66182d87dc7b1cf6b4eb5242751,2016-10-19,2754918,3202,371,Kolo Touré,starting_lineup,Centre-Back,2,0
dfa8a6a3e2d48ebb9d7c79fb61951ac5,2016-10-19,2754921,2219,27,Philipp Lahm,starting_lineup,Right-Back,21,1
c6508829aad8eb9d9285b81c1685029c,2016-10-18,2754926,2998,1003,Robert Huth,starting_lineup,Centre-Back,6,0
b6376c243955b87ff099f6e8f372f87a,2016-11-01,2755696,2219,27,Philipp Lahm,starting_lineup,Right-Back,21,1
9a9ddc61dfc76509187d7ba7d6c43e46,2016-11-02,2755707,2998,1003,Robert Huth,starting_lineup,Centre-Back,6,0
999be7fc79018cb89578cb16af461d68,2016-11-22,2755712,2998,1003,Robert Huth,starting_lineup,Centre-Back,6,0
5ffe45bea08c10e87df9367571ca7574,2016-11-22,2755715,26,16,Roman Weidenfeller,starting_lineup,Goalkeeper,1,0
12edb31c2b934539927dfc10f032f26a,2016-11-23,2755716,80,27,Tom Starke,substitutes,Goalkeeper,22,0
a0468a814a2e7419555858febc9e1228,2016-11-23,2755716,2219,27,Philipp Lahm,starting_lineup,Central Midfield,21,1
7118cfa690a01364e8c9d02091296f9e,2016-12-07,2755739,26,16,Roman Weidenfeller,starting_lineup,Goalkeeper,1,0
895f9ca36c9e88e3a3ab2a111481e46c,2016-09-21,2756542,1726,610,Heiko Westermann,starting_lineup,Centre-Back,16,0
2b81dd07f7fbc1ee4c448ed638b4d5b4,2016-10-20,2758683,3332,985,Wayne Rooney,starting_lineup,Centre-Forward,10,1
1d5b71eed2a20efc52123904047513d2,2016-11-03,2758725,3332,985,Wayne Rooney,starting_lineup,Centre-Forward,10,1
eeb90340571c39a0283a540d8a528790,2016-11-24,2765894,1726,610,Heiko Westermann,starting_lineup,Centre-Back,16,0
2d36577d143c12b548b638ecfc64f3cf,2016-11-24,2765898,1662,33,Sascha Riether,starting_lineup,Centre-Back,27,0
eb1d366ae86105845f49437d6f60c1a9,2016-11-24,2765903,2148,2944,Erdal Kilicaslan,substitutes,Left Winger,11,0
96c8b0fe4e0cf01b941fc578d707be16,2016-11-24,2765909,3332,985,Wayne Rooney,starting_lineup,Second Striker,10,1
6ce515a0944df010f746754fff76500a,2016-12-08,2765917,2148,2944,Erdal Kilicaslan,substitutes,Left Winger,11,0
68fdf10c24f8f3ef021b90df2748d62e,2016-12-08,2765920,3332,985,Wayne Rooney,starting_lineup,Attacking Midfield,10,1
2d6e953b0b9cacd5f28db495431473b0,2016-12-08,2765933,1662,33,Sascha Riether,starting_lineup,Defensive Midfield,27,0
1229f9cb6178ed2e736d6ac824060076,2016-10-26,2766085,2138,40426,Mladen Kascelan,starting_lineup,Defensive Midfield,18,0
be98164b72c60fdc155c4d9d6d1d98a2,2016-10-26,2766085,3321,121,Luke Wilkshire,starting_lineup,Right-Back,29,0
f69b30ae005ea85d43ecb99503d38455,2017-02-07,2770143,1784,41,René Adler,starting_lineup,Goalkeeper,1,0
2ff94e81d090ce493fe6a0d499eca1c0,2017-02-08,2770146,1565,24,Alexander Meier,starting_lineup,Centre-Forward,14,1
e3f8af1d58b4d0525f515e89894b97e4,2017-02-07,2770147,1667,82,Diego Benaglio,substitutes,Goalkeeper,1,0
97a71554568dd11c774109ddf8f1100d,2017-02-07,2770147,2219,27,Philipp Lahm,starting_lineup,Right-Back,21,1
a5ebd799b5056996ebb9e8391a4e9060,2017-01-11,2800305,2865,506,Stephan Lichtsteiner,starting_lineup,Right-Back,26,0
cd3faac6bb6d73d1a9eb99cf26dc1008,2017-02-15,2805640,2219,27,Philipp Lahm,starting_lineup,Right-Back,21,1
38f3e47e56f7729f52b393e6a03437c3,2017-02-22,2805641,2865,506,Stephan Lichtsteiner,starting_lineup,Right-Back,26,0
06d3e399924081a6b174bba6a9676999,2017-02-22,2805644,2998,1003,Robert Huth,starting_lineup,Centre-Back,6,0
0a32b225d44e535402b28ca0fd117499,2017-03-15,2805650,3256,15,Roberto Hilbert,starting_lineup,Right-Back,13,0
569c57291f1d535a97b8d473b51a8482,2017-03-14,2805652,2998,1003,Robert Huth,starting_lineup,Centre-Back,6,0
3bf55d6acca2ea5e021cfd1d4d12a869,2017-02-16,2805654,1726,610,Heiko Westermann,substitutes,Right-Back,16,0
01996724d124ec40dde6d6f08af4a111,2017-02-22,2805673,2514,985,Bastian Schweinsteiger,substitutes,Defensive Midfield,31,0
5bc416687ebd4c82f5e2cc2f3887a9b4,2017-01-07,2808909,2998,1003,Robert Huth,starting_lineup,Centre-Back,6,0
1f0e97494ec4cbce67baa732448e0ca4,2017-01-07,2808909,3291,29,Gareth Barry,starting_lineup,Defensive Midfield,18,1
1b711414de2575b70bfaf4ad0e80e58a,2017-01-07,2808910,2857,3008,Eldin Jakupović,starting_lineup,Goalkeeper,16,0
f5a1b09ef8546e3d148b8ef9eaba1d7d,2017-01-07,2808912,3292,1132,Joey Barton,starting_lineup,Central Midfield,19,0
f7e68a0f14612ac72bc8becbe09b87c4,2017-01-07,2808934,2514,985,Bastian Schweinsteiger,substitutes,Central Midfield,31,0
7ae1ec9adbde54ad7122b16676fb3d16,2017-01-07,2808934,3332,985,Wayne Rooney,starting_lineup,Second Striker,10,1
50996abf1b6faddee0c1d16ebb2b2a1b,2017-01-08,2809080,3160,631,John Terry,starting_lineup,Centre-Back,26,1
9f0dd311b608ecb567cb9b5df8c084aa,2017-03-05,2813598,597,2696,Aleksandr Hleb,starting_lineup,Central Midfield,11,0
9722eae54c9b318109a93c173821ff75,2017-03-11,2813603,597,2696,Aleksandr Hleb,starting_lineup,Attacking Midfield,11,0
d4594733ea7645a5067fe12f005662a6,2017-03-19,2813614,597,2696,Aleksandr Hleb,starting_lineup,Attacking Midfield,11,0
8f290c42cdb6f68ce5e36b7ecc855206,2017-01-08,2813965,2865,506,Stephan Lichtsteiner,starting_lineup,Right-Back,26,0
b97d1ea3325f25627ce5c70c58f1c21a,2017-01-17,2814287,3292,1132,Joey Barton,starting_lineup,Central Midfield,19,0
9ed137b759991e4549f9204065c579d6,2017-01-27,2814296,2998,1003,Robert Huth,starting_lineup,Centre-Back,6,0
d4af3c14c19b29d57449adfba9b94d72,2017-01-28,2814297,3160,631,John Terry,starting_lineup,Centre-Back,26,1
9244f33e393869a57982336df76e80ca,2017-01-29,2814298,2514,985,Bastian Schweinsteiger,starting_lineup,Defensive Midfield,31,0
d13f2c710ffcfea9dd39a9dd8b0adcc2,2017-01-29,2814298,3332,985,Wayne Rooney,starting_lineup,Centre-Forward,10,1
974fce33f98c0a42758f058046af105f,2017-01-29,2814301,2857,3008,Eldin Jakupović,starting_lineup,Goalkeeper,16,0
a45e38f487f1b50d7ef5318416e05690,2017-01-28,2816201,3292,1132,Joey Barton,starting_lineup,Central Midfield,19,0
3ade4363f5788eba3a970f04a554355f,2017-02-11,2817331,3202,371,Kolo Touré,substitutes,Centre-Back,2,0
f15d9cdfd01cdba72e4a40db0fa29dc8,2017-02-18,2819144,3292,1132,Joey Barton,starting_lineup,Defensive Midfield,19,0
e9aa7596f5be636ab14f27f8874dd2b8,2017-02-18,2819149,3160,631,John Terry,starting_lineup,Centre-Back,26,1
57b4d17aca82375533253b6e82fed9eb,2017-02-28,2820739,2865,506,Stephan Lichtsteiner,starting_lineup,Right Midfield,26,0
6fdf7d9e34c289c2c351975e93797072,2017-02-28,2823314,1565,24,Alexander Meier,starting_lineup,Centre-Forward,14,1
f695582a899ced4575bc69a8f86473cc,2017-03-01,2823317,1784,41,René Adler,starting_lineup,Goalkeeper,1,0
001e0c79452e3f93656c3a1af1394682,2017-04-26,2840056,26,16,Roman Weidenfeller,substitutes,Goalkeeper,1,0
5213535edcb7729cd2b221fbf30417a6,2017-04-26,2840056,80,27,Tom Starke,substitutes,Goalkeeper,22,0
55955c1bddbf32bae35ff22b19c41581,2017-04-26,2840056,2219,27,Philipp Lahm,starting_lineup,Right-Back,21,1
5539c06497303ed158090eaa70ed3c1c,2017-04-12,2840935,2998,1003,Robert Huth,starting_lineup,Centre-Back,6,0
f40047b92c882665a76244167407a772,2017-04-12,2840937,2219,27,Philipp Lahm,starting_lineup,Right-Back,21,1
b6c68e0bcbdd2c864f04e763a0c907a0,2017-04-18,2840941,2219,27,Philipp Lahm,starting_lineup,Right-Back,21,1
0bb6205a8e99b7768a94c12d6fc61afd,2017-04-20,2840959,1662,33,Sascha Riether,starting_lineup,Right-Back,27,0
c5206764ff80ef38a69a62702f7a3aeb,2017-04-20,2840959,1726,610,Heiko Westermann,substitutes,Centre-Back,16,0
2826debeb3f526c074e9719ccd84557b,2017-04-02,2842032,597,2696,Aleksandr Hleb,starting_lineup,Attacking Midfield,11,0
dd191fc247db78659c2bb4ac992fff41,2017-04-15,2842419,597,2696,Aleksandr Hleb,substitutes,Right Winger,11,0
cbfb669d17fdb11ae612f6e93c9eab40,2017-05-18,2847146,3202,371,Kolo Touré,substitutes,Centre-Back,2,0
7ac73c97309313a0c48b342b61973b78,2017-05-21,2847150,3202,371,Kolo Touré,substitutes,Centre-Back,2,0
12edb5dc9f52e466e13d63d58023b6d9,2017-04-26,2847877,597,2696,Aleksandr Hleb,substitutes,Attacking Midfield,11,0
1151851fbe95cf51d486e61679c9c75e,2017-05-01,2847887,597,2696,Aleksandr Hleb,substitutes,Central Midfield,11,0
a8038b6f60f6d64a14d1289bdab16cc6,2017-05-11,2849361,3332,985,Wayne Rooney,substitutes,Centre-Forward,10,0
ab939e489569e8a371f20e331fce63c3,2017-05-27,2850642,26,16,Roman Weidenfeller,substitutes,Goalkeeper,1,0
52d584e98dbef3fbb215787e315d670a,2017-05-27,2850642,1565,24,Alexander Meier,substitutes,Second Striker,14,0
469f548b972049da040e2b1cc6923df2,2017-05-24,2854014,1726,610,Heiko Westermann,substitutes,Centre-Back,16,0
03b73eb4dee47f1f059e386500c570bb,2017-05-24,2854014,3332,985,Wayne Rooney,substitutes,Centre-Forward,10,0
6bfea645d1a71f89d358ee853b602e51,2017-08-12,2864723,1126,3,Matthias Lehmann,starting_lineup,Defensive Midfield,33,1
51d221c08b3956761fdbcbaa23fc77db,2017-08-12,2864901,1784,39,René Adler,starting_lineup,Goalkeeper,1,0
3b3359cce0dab6f2e48bc64109651a56,2017-08-20,2871499,1126,3,Matthias Lehmann,starting_lineup,Defensive Midfield,33,1
e8dc974a0b065e4065104becde364e4f,2017-08-19,2871502,1784,39,René Adler,starting_lineup,Goalkeeper,1,0
2c61ca2767cb368dbf650a047b390e20,2018-01-20,2871506,532,3,Claudio Pizarro,substitutes,Centre-Forward,39,0
322239bb3359a5e9fe60d9e6ae608ed3,2018-01-20,2871506,1126,3,Matthias Lehmann,substitutes,Defensive Midfield,33,0
ab9d79f4efa9bdac8bb93dc00bcf1900,2017-08-25,2871545,1126,3,Matthias Lehmann,starting_lineup,Defensive Midfield,33,1
b4e26f2a93847eb0003fb4dcf7953f98,2017-08-26,2871551,1784,39,René Adler,starting_lineup,Goalkeeper,1,0
8b20d954034a403015737fedf15a0b6d,2018-01-27,2871569,1126,3,Matthias Lehmann,substitutes,Defensive Midfield,33,0
22d2f93fb0eec8ba26861f26aef04ffd,2017-09-09,2871596,1126,3,Matthias Lehmann,starting_lineup,Defensive Midfield,33,1
745d495babd52084e5d8e1fa7fe15d87,2017-09-09,2871598,1784,39,René Adler,starting_lineup,Goalkeeper,1,0
7370b667b8a215580798250eb1b72789,2018-02-02,2871646,26,16,Roman Weidenfeller,substitutes,Goalkeeper,1,0
ca243baf74e9e4ddf2dd61d1277e76c2,2018-02-02,2871646,532,3,Claudio Pizarro,substitutes,Centre-Forward,39,0
9e8becec7ab43cb14555fbf5c109b0e3,2018-02-02,2871646,1126,3,Matthias Lehmann,substitutes,Defensive Midfield,33,0
dd6b636e730402f13222d7653311f07d,2017-09-16,2871655,1784,39,René Adler,starting_lineup,Goalkeeper,1,0
bbfa8e88431d07daa295e66ee5f6722a,2017-09-17,2871656,26,16,Roman Weidenfeller,substitutes,Goalkeeper,1,0
b989040c8453e5dac346dec1522a487b,2017-09-17,2871656,1126,3,Matthias Lehmann,starting_lineup,Defensive Midfield,33,1
20f9bf7c5fac730d12bac7df55399a43,2018-02-10,2871678,532,3,Claudio Pizarro,substitutes,Centre-Forward,39,0
34942dd4d092e1357e6a9d653d4009fc,2018-02-10,2871678,1126,3,Matthias Lehmann,starting_lineup,Defensive Midfield,33,1
11048ec73f8343fb81851751d95aa4e8,2017-09-20,2871691,1126,3,Matthias Lehmann,starting_lineup,Defensive Midfield,33,1
114cccee0a71f219da7576fd060f56ed,2017-09-20,2871698,1784,39,René Adler,starting_lineup,Goalkeeper,1,0
01c082e949c6b0f6ed34f2910cb8d5da,2018-02-17,2871718,532,3,Claudio Pizarro,substitutes,Centre-Forward,39,0
85d798232e0ba20132253f3331caf52f,2018-02-17,2871718,1126,3,Matthias Lehmann,substitutes,Defensive Midfield,33,0
4aaa8c9049a0cc5f39992e6a3804e27a,2017-09-23,2871733,1784,39,René Adler,starting_lineup,Goalkeeper,1,0
85d0a865f1e7bdb620b8166aa6bf252b,2017-09-24,2871734,1126,3,Matthias Lehmann,starting_lineup,Defensive Midfield,33,1
9677fb416b94a9917f6d510e12bce37a,2018-02-25,2871756,532,3,Claudio Pizarro,substitutes,Centre-Forward,39,0
22e24cb8fc10bc981a3e04cddc519012,2018-02-25,2871756,1126,3,Matthias Lehmann,substitutes,Defensive Midfield,33,0
9f4745a2ad11c98c4d264362a8fe1a39,2017-10-01,2871773,532,3,Claudio Pizarro,substitutes,Centre-Forward,39,0
5d29872342961d321bd9993786a1fc9a,2017-10-01,2871773,1126,3,Matthias Lehmann,starting_lineup,Defensive Midfield,33,1
dff79332130d00c8cb6a915631470732,2017-09-30,2871781,1784,39,René Adler,starting_lineup,Goalkeeper,1,0
d3c48becec94688a122fc262ec3c4bbe,2018-03-12,2871795,532,3,Claudio Pizarro,starting_lineup,Attacking Midfield,39,0
d7277061b70a56ec13f286ea002bd15e,2018-03-12,2871795,1126,3,Matthias Lehmann,substitutes,Defensive Midfield,33,0
5342eb59b45b71271ce2fef728cd5e94,2017-10-14,2871815,1784,39,René Adler,starting_lineup,Goalkeeper,1,0
91de4a3abb198f4a78dec819444547f9,2017-10-13,2871817,532,3,Claudio Pizarro,substitutes,Centre-Forward,39,0
cb93475c904563fd512dc8e84c258715,2017-10-13,2871817,1126,3,Matthias Lehmann,starting_lineup,Defensive Midfield,33,1
6890cc87262d01a12d6a25024aeaa30c,2018-03-18,2871829,532,3,Claudio Pizarro,substitutes,Centre-Forward,39,0
5036da7b48b8866947b8bf83ee58f00d,2018-03-18,2871829,1126,3,Matthias Lehmann,substitutes,Defensive Midfield,33,0
acb0a99b219d8d0af0f5d5c56dba0044,2017-10-20,2871858,1784,39,René Adler,starting_lineup,Goalkeeper,1,0
5d5e3cc6c5d7e110d86f1bbf41d02354,2017-12-16,2871874,1126,3,Matthias Lehmann,starting_lineup,Defensive Midfield,33,1
7f194caeb4f0ce1ff7ea221d432cea84,2017-10-28,2871904,1126,3,Matthias Lehmann,starting_lineup,Defensive Midfield,33,1
e5237133a931f1f57e12c32c7ede2e20,2017-12-13,2871908,80,27,Tom Starke,starting_lineup,Goalkeeper,22,0
23f2673ec96f81bf7bdfd53be047fc7c,2017-12-13,2871908,1126,3,Matthias Lehmann,starting_lineup,Defensive Midfield,33,1
b90f77a53be7cfb8b09d35592721b8a4,2017-12-10,2871937,1126,3,Matthias Lehmann,starting_lineup,Defensive Midfield,33,1
21f3ddc05fd73b845ead88bcd45c9840,2017-12-09,2871939,80,27,Tom Starke,starting_lineup,Goalkeeper,22,0
54e02fbba5e96d825d5ec90a4488da53,2017-11-05,2871955,1126,3,Matthias Lehmann,starting_lineup,Defensive Midfield,33,1
75250dd0c07135605781237895ba52be,2017-12-02,2871985,532,3,Claudio Pizarro,substitutes,Centre-Forward,39,0
ccf549d349ee184c0e80c60aa9f8e4b7,2017-12-02,2871985,1126,3,Matthias Lehmann,starting_lineup,Defensive Midfield,33,1
f357ec4c3b48f9b77dcffb194546a676,2017-11-18,2871995,532,3,Claudio Pizarro,substitutes,Centre-Forward,39,0
e18cd1d5d40912c532fedc7a29b50602,2017-11-18,2871995,1126,3,Matthias Lehmann,starting_lineup,Defensive Midfield,33,1
14d20b32c3ab3609dbf1367791f8e926,2018-03-31,2872017,532,3,Claudio Pizarro,substitutes,Centre-Forward,39,0
febdb0eb76dbc0c4f03450e5ae9bb007,2018-03-31,2872017,1126,3,Matthias Lehmann,substitutes,Defensive Midfield,33,0
689bc720406209d33a804fc037c8ed54,2018-04-01,2872022,1784,39,René Adler,starting_lineup,Goalkeeper,1,0
3f5cc627661090bea99cf6ae073c3290,2017-11-25,2872025,26,16,Roman Weidenfeller,starting_lineup,Goalkeeper,1,0
4887ee076ced0c6b65d72e9f2da9258f,2017-11-26,2872027,532,3,Claudio Pizarro,starting_lineup,Centre-Forward,39,0
6577ff58d2afec6dd895d2e9f38a5688,2017-11-26,2872027,1126,3,Matthias Lehmann,starting_lineup,Centre-Back,33,1
8c0f9a012860ec359559c1fa6d0363c6,2018-04-07,2872045,532,3,Claudio Pizarro,substitutes,Centre-Forward,39,0
1347290542b9159bc643b9e3be18dd73,2018-04-07,2872045,1126,3,Matthias Lehmann,substitutes,Defensive Midfield,33,0
8668921efe61d767c9b02b444b04c923,2018-04-07,2872045,1784,39,René Adler,starting_lineup,Goalkeeper,1,0
a9adfb5adca0e23aef864832d1282e06,2018-04-14,2872063,532,3,Claudio Pizarro,starting_lineup,Centre-Forward,39,0
00af4aafc93e585d32f0ebe640c48cad,2018-04-14,2872063,1126,3,Matthias Lehmann,substitutes,Defensive Midfield,33,0
45f9241a07c59b4eb55979d23ebaf268,2018-04-16,2872067,1784,39,René Adler,starting_lineup,Goalkeeper,1,0
da6b9d2e5b2a1410a1a4b066cd6ae822,2018-04-22,2872075,1784,39,René Adler,starting_lineup,Goalkeeper,1,0
4939bc384bd89acd0aa757262fcf9087,2018-04-28,2872082,532,3,Claudio Pizarro,substitutes,Centre-Forward,39,0
9eb1bb3ce60a11c247366645c87321ba,2018-04-29,2872086,1784,39,René Adler,starting_lineup,Goalkeeper,1,0
0aaaeabbfb293e317d2371b0b61321bf,2018-05-05,2872090,80,27,Tom Starke,substitutes,Goalkeeper,22,0
4066b86d39ba491e543634ee73fc37b9,2018-05-05,2872090,532,3,Claudio Pizarro,substitutes,Centre-Forward,39,0
829742c1c291cd180b6193a49a2a3c0d,2018-05-05,2872093,1565,24,Alexander Meier,substitutes,Centre-Forward,14,0
fb73ddb754540a0540afe72c145ceadf,2018-05-12,2872098,26,16,Roman Weidenfeller,substitutes,Goalkeeper,1,0
6d955be0f5694c4034b749c90d484519,2018-05-12,2872105,532,3,Claudio Pizarro,starting_lineup,Centre-Forward,39,0
6e70a0e721f87555527d1ff42d0d8f11,2018-03-04,2872107,532,3,Claudio Pizarro,starting_lineup,Attacking Midfield,39,0
d1d177519d2cbe73063124abcbcfd675,2018-03-04,2872107,1126,3,Matthias Lehmann,substitutes,Defensive Midfield,33,0
bc39468430b669cd584d1f3978a8426e,2017-08-12,2872117,3306,1132,Jonathan Walters,substitutes,Right Winger,19,0
32aacd6e50c7606681833fefa1761559,2017-08-12,2872119,3332,29,Wayne Rooney,starting_lineup,Attacking Midfield,10,0
0565cada20d71a3d4b6f5b130016718b,2017-08-12,2872123,3333,31,James Milner,substitutes,Central Midfield,7,0
cc90858772d9550758b82fb32af31e5a,2017-08-19,2872126,3291,984,Gareth Barry,starting_lineup,Defensive Midfield,18,0
ff4ba9ddc86d82084d576f3028dab692,2017-08-19,2872126,3306,1132,Jonathan Walters,substitutes,Second Striker,19,0
e4071d9b7893a2adb1b6de427ce94460,2017-08-19,2872129,3333,31,James Milner,starting_lineup,Defensive Midfield,7,0
84743a3f887a6af591026c8c98657d84,2017-08-21,2872130,3332,29,Wayne Rooney,starting_lineup,Centre-Forward,10,0
aa4841d0e64c349df62fea04c5a1a3cf,2017-08-27,2872136,3332,29,Wayne Rooney,starting_lineup,Attacking Midfield,10,0
75916f6759f052e5c8d700ac2925e806,2017-08-27,2872139,3333,31,James Milner,substitutes,Central Midfield,7,0
d113ff6f1fb86d5b9cb671693cb0a1d2,2017-08-27,2872144,3291,984,Gareth Barry,starting_lineup,Defensive Midfield,18,0
f70b80d98cb9b18b08f650589202c4ef,2017-09-09,2872146,3291,984,Gareth Barry,starting_lineup,Central Midfield,18,0
06e74ad68c740c5edaa13f7d03fd2c12,2017-09-09,2872148,3332,29,Wayne Rooney,starting_lineup,Right Winger,10,0
40b440bcfe15aef4019e016de79b4ecb,2017-09-09,2872150,3333,31,James Milner,substitutes,Central Midfield,7,0
b84c44f5804245dbb69089ad44cd4d38,2017-09-16,2872159,3306,1132,Jonathan Walters,substitutes,Right Winger,19,0
2b2a908e94dd25aac47b8298c16196f0,2017-09-16,2872159,3333,31,James Milner,starting_lineup,Central Midfield,7,1
8d6adc561552ce77a586f0949f75c2e3,2017-09-17,2872160,3332,29,Wayne Rooney,starting_lineup,Centre-Forward,10,0
20ebd65a9ba2e13150d7d91963f44fa4,2017-09-16,2872164,3291,984,Gareth Barry,starting_lineup,Central Midfield,18,0
09f320909d193b9531c922289bd7cdce,2017-09-25,2872165,3291,984,Gareth Barry,starting_lineup,Central Midfield,18,1
837d2bf60212c88603e26a8c5372c4ab,2017-09-23,2872168,3332,29,Wayne Rooney,starting_lineup,Right Winger,10,0
891a278622c237de44f136424d8216a3,2017-09-23,2872169,3333,31,James Milner,substitutes,Central Midfield,7,0
ce94a2af716d935f09ff92832ee8258b,2017-10-01,2872178,3332,29,Wayne Rooney,substitutes,Centre-Forward,10,0
518123d3bd15b4c533c5d9b28b9c5afe,2017-09-30,2872183,3291,984,Gareth Barry,starting_lineup,Defensive Midfield,18,0
cedd60011a2000b238ce97b3ca250ad0,2017-10-15,2872185,3332,29,Wayne Rooney,starting_lineup,Centre-Forward,10,0
8b657e1470a15cb0589668ce8c3eb74c,2017-10-16,2872188,3291,984,Gareth Barry,starting_lineup,Central Midfield,18,0
732d01e90bb8c78a1cbe09f4b99887cb,2017-10-22,2872196,3332,29,Wayne Rooney,starting_lineup,Centre-Forward,10,0
7ad8088514514dab07f4a614ec9b7be7,2017-10-21,2872200,3291,984,Gareth Barry,starting_lineup,Central Midfield,18,0
a106f80ae919dc31852671d5e853675a,2017-10-22,2872203,3333,31,James Milner,starting_lineup,Central Midfield,7,0
0f84872b3e12766dcd75e3bd2d5cd3b9,2017-10-29,2872210,3332,29,Wayne Rooney,starting_lineup,Second Striker,10,0
61912bff2a3f4eee7a9bdc926014aa27,2017-10-28,2872211,3333,31,James Milner,starting_lineup,Central Midfield,7,0
290317fb24159523a508acd797eed58f,2017-10-28,2872214,3291,984,Gareth Barry,starting_lineup,Defensive Midfield,18,0
270d9340113b92170932f3c6c4b37d6c,2017-11-05,2872216,3332,29,Wayne Rooney,starting_lineup,Left Winger,10,0
fbca7a03927ac57ff468fa675b48e338,2017-11-04,2872217,3291,984,Gareth Barry,starting_lineup,Central Midfield,18,0
022b27c705e148a669b51c646dd709f1,2017-11-04,2872224,3333,31,James Milner,substitutes,Left Midfield,7,0
a24afbc198d039ee638add875ea2808a,2017-11-18,2872231,3333,31,James Milner,substitutes,Central Midfield,7,0
2a034f6740af359fbd4f9c8287cb507d,2017-11-18,2872234,3291,984,Gareth Barry,starting_lineup,Defensive Midfield,18,0
54e137ba2232716e047e9584bb0ceb68,2017-11-25,2872238,3333,31,James Milner,starting_lineup,Central Midfield,7,0
9ce4010b3950f4e5e7305b2786e259d0,2017-11-25,2872243,3291,984,Gareth Barry,starting_lineup,Defensive Midfield,18,0
bc779e6cf05d03897cbe04070912bd8c,2017-11-28,2872250,3291,984,Gareth Barry,starting_lineup,Defensive Midfield,18,0
72181eca8b7c80286e7b401249355b3d,2017-11-29,2872252,3332,29,Wayne Rooney,starting_lineup,Attacking Midfield,10,1
6b1730a4a8325e8ac77bf24514393062,2017-11-29,2872254,3333,31,James Milner,substitutes,Central Midfield,7,0
dc918f09857d884556e1267d8e329903,2017-12-02,2872257,3333,31,James Milner,starting_lineup,Defensive Midfield,7,0
0721a7cf1b096a0ee27124c5bc560445,2017-12-02,2872259,3332,29,Wayne Rooney,starting_lineup,Attacking Midfield,10,1
925bd33a5eadb23b26ae46235133a666,2017-12-02,2872264,3291,984,Gareth Barry,starting_lineup,Central Midfield,18,0
e240147c590564fdc08ccf8d747a3d14,2017-12-10,2872268,3332,29,Wayne Rooney,starting_lineup,Right Winger,10,1
567de87f852acbd9073c809fb70250c8,2017-12-10,2872268,3333,31,James Milner,starting_lineup,Central Midfield,7,0
867c704b5606be70341f2f42be9c87c8,2017-12-13,2872282,3332,29,Wayne Rooney,starting_lineup,Second Striker,10,1
bacfca99a8ffcca24b59fc1152a3d0fe,2017-12-18,2872289,3332,29,Wayne Rooney,starting_lineup,Second Striker,10,1
0e9626cbdbee3a7b0cce25cda2e14e8c,2017-12-17,2872294,3291,984,Gareth Barry,substitutes,Defensive Midfield,18,0
4df068dc9b2776424c2380cca760314b,2017-12-22,2872295,3333,31,James Milner,substitutes,Central Midfield,7,0
a8876025fd68bed479af2a11fa21a1ec,2017-12-23,2872301,3291,984,Gareth Barry,starting_lineup,Central Midfield,18,0
7848bbd2ea647aa1984be34b60648fb5,2017-12-26,2872309,3333,31,James Milner,substitutes,Left-Back,7,0
f4dd071bc8d88f27b079616e83a42cbe,2017-12-26,2872310,3306,1132,Jonathan Walters,substitutes,Right Winger,19,0
dd519380b57db1be6e649608b517711d,2017-12-26,2872314,3291,984,Gareth Barry,starting_lineup,Defensive Midfield,18,0
f4c6debf3ac65fb9e45e68dc257c0bf4,2017-12-30,2872315,3332,29,Wayne Rooney,substitutes,Attacking Midfield,10,0
b51778bba07bf4d36802fd828df9bc0b,2017-12-30,2872319,3333,31,James Milner,starting_lineup,Central Midfield,7,1
79581f419f1a4a257d46fd89b4deb00f,2017-12-31,2872324,3291,984,Gareth Barry,starting_lineup,Defensive Midfield,18,0
0aae83ba75899b972afdf0106d2af0d1,2018-01-01,2872327,3306,1132,Jonathan Walters,substitutes,Right Winger,19,0
ad30a81a6069befe9d5a9e81db59ea20,2018-01-01,2872327,3333,31,James Milner,substitutes,Central Midfield,7,0
bd6afeeba4458019bd491d8541245f35,2018-01-01,2872328,3332,29,Wayne Rooney,starting_lineup,Attacking Midfield,10,1
9163913593b4008bfc3168c0d7822f54,2018-01-02,2872334,3291,984,Gareth Barry,substitutes,Central Midfield,18,0
c9d30b0d855ae5e4f7ffb3cf371359b1,2018-01-14,2872339,3333,31,James Milner,substitutes,Central Midfield,7,0
86998a2d6ff3463ff2ecc90fc249e948,2018-01-13,2872342,3332,29,Wayne Rooney,starting_lineup,Second Striker,10,0
873b268f05ad2cc08995cd92734d0073,2018-01-13,2872344,3291,984,Gareth Barry,starting_lineup,Defensive Midfield,18,0
d686b490516614ea30e21288005fa15b,2018-01-20,2872348,3291,984,Gareth Barry,starting_lineup,Defensive Midfield,18,0
a0b397f43623aee6f8bb9ba9de3c5b41,2018-01-20,2872348,3332,29,Wayne Rooney,substitutes,Attacking Midfield,10,0
79c876b2c91ede16b5141ec7732ad25a,2018-01-30,2872355,3333,31,James Milner,starting_lineup,Central Midfield,7,0
882c6b1281bbe43415f48537b253687f,2018-01-31,2872359,3332,29,Wayne Rooney,starting_lineup,Central Midfield,10,0
0f8170c78fa98c7399607f5ffb331344,2018-01-31,2872360,3291,984,Gareth Barry,substitutes,Defensive Midfield,18,0
6754248e8e6608ba5d3b7a7dd69d6b8b,2018-02-04,2872371,3333,31,James Milner,starting_lineup,Central Midfield,7,0
d1b4a95a56c7527183605f441473904b,2018-02-03,2872374,3291,984,Gareth Barry,starting_lineup,Defensive Midfield,18,0
73c93538c22f2b0195a107c539492cf3,2018-02-12,2872375,3291,984,Gareth Barry,starting_lineup,Defensive Midfield,18,0
113070dba4f5b148d8c8004b8786ac10,2018-02-10,2872376,3332,29,Wayne Rooney,starting_lineup,Central Midfield,10,1
3f847a3d204c7173d1ae543f703bca98,2018-02-11,2872380,3333,31,James Milner,substitutes,Central Midfield,7,0
cc6a5d5a8d9c64fe15d03209a22e1786,2018-02-24,2872391,3333,31,James Milner,starting_lineup,Central Midfield,7,1
af1b2d9805fdb0c24c5a64ec05802370,2018-02-24,2872393,3332,29,Wayne Rooney,starting_lineup,Attacking Midfield,10,1
1a34763f1f4a34cbaf7f8a050bd4513d,2018-02-24,2872394,3291,984,Gareth Barry,starting_lineup,Defensive Midfield,18,0
7c080f210067e30dd31cd1851eabc615,2018-03-03,2872396,3332,29,Wayne Rooney,substitutes,Central Midfield,10,0
ae4ddd6753cf23dc7462327a6dc3c72d,2018-03-03,2872399,3333,31,James Milner,substitutes,Central Midfield,7,0
b94058a746d30691c897f0997fa8b3ec,2018-03-10,2872408,3332,29,Wayne Rooney,starting_lineup,Central Midfield,10,0
14c03f9900eba271808519ada3ceac2a,2018-03-10,2872410,3333,31,James Milner,starting_lineup,Central Midfield,7,1
5e3baf6504f2027a0888c68f3c711b2f,2018-05-09,2872418,2857,1003,Eldin Jakupović,starting_lineup,Goalkeeper,17,0
7a9402ce0497db7ca75f44a4c36d3e23,2018-03-17,2872419,3333,31,James Milner,substitutes,Central Midfield,7,0
f50113badf2a031490280aaaee13b258,2018-03-17,2872421,3332,29,Wayne Rooney,starting_lineup,Central Midfield,10,0
059af864054a8a80192abfc3ce0104c4,2018-03-31,2872428,3333,31,James Milner,starting_lineup,Central Midfield,7,0
ea8da6feb7d02d91129e6c27f1f5b09f,2018-03-31,2872429,3332,29,Wayne Rooney,starting_lineup,Central Midfield,10,0
39bb26eafdd5fd05f458968366e2f61f,2018-04-07,2872439,3332,29,Wayne Rooney,starting_lineup,Attacking Midfield,10,0
f2c9ec8a310b1f1b06de961800414954,2018-04-07,2872439,3333,31,James Milner,starting_lineup,Central Midfield,7,0
b6ce45ae9f1d5fea1ee3563b872b3827,2018-04-14,2872448,3333,31,James Milner,substitutes,Left Midfield,7,0
bdc3865a2294f7058090031bfc71f32a,2018-04-14,2872452,3332,29,Wayne Rooney,starting_lineup,Attacking Midfield,10,0
5d4b2da31242bf11032bf65a19fe6f48,2018-04-23,2872459,3332,29,Wayne Rooney,starting_lineup,Attacking Midfield,10,0
44eb55275f74e220aa3b4cf8e2e496b0,2018-04-21,2872464,3333,31,James Milner,starting_lineup,Central Midfield,7,0
50528c84c4f55f7fa270ca61b7b6585b,2018-04-28,2872467,3332,29,Wayne Rooney,starting_lineup,Attacking Midfield,10,0
73ad8b8afeee5451a2d0a4c940178406,2018-04-28,2872468,3333,31,James Milner,substitutes,Central Midfield,7,0
a5a23a7a69327576cc0a592fd8037e15,2018-05-06,2872478,3333,31,James Milner,starting_lineup,Left Midfield,7,1
053040fce0e8cc5d7860cb130fb36043,2018-05-13,2872493,2857,1003,Eldin Jakupović,starting_lineup,Goalkeeper,17,0
1a10641931988ddb2f4aa0ce00a12dae,2017-07-15,2873130,2138,40426,Mladen Kascelan,starting_lineup,Defensive Midfield,18,1
00521d3fe36fd0147fd89d374c6d1b9a,2017-07-22,2873140,2138,40426,Mladen Kascelan,starting_lineup,Defensive Midfield,18,1
1419811860eaac0e7193638d5e6a6604,2017-08-12,2883634,3391,10484,Markus Neumayr,starting_lineup,Attacking Midfield,77,0
c3fa8a9bcd1d18768fa052de301deee6,2017-08-18,2883673,3391,10484,Markus Neumayr,starting_lineup,Attacking Midfield,77,0
eacc0a28d47c60c91243886f8730f091,2017-08-27,2883688,3391,10484,Markus Neumayr,starting_lineup,Attacking Midfield,77,0
09ac5336efc89c77baa45f1451773c9d,2017-09-11,2883856,3391,10484,Markus Neumayr,starting_lineup,Attacking Midfield,77,0
5d65a0cd0bf7414a8589f3dca94e4864,2017-09-16,2883861,3391,10484,Markus Neumayr,starting_lineup,Attacking Midfield,77,0
fc7a3e537de38f820179b2ca121885d1,2017-09-24,2883875,3391,10484,Markus Neumayr,starting_lineup,Attacking Midfield,77,0
7bf515bb865d12a0bb02e51a471ff97c,2017-09-30,2883885,3391,10484,Markus Neumayr,starting_lineup,Attacking Midfield,77,0
ed4a0c741ac10be7898735df7add244d,2017-10-15,2883892,3391,10484,Markus Neumayr,substitutes,Attacking Midfield,77,0
c9c12add7c40dd79b74ea0a9af98b31f,2017-10-20,2883898,3391,10484,Markus Neumayr,substitutes,Central Midfield,77,0
12146c4c9530dbdf754dc2e422734e39,2017-10-27,2883911,3391,10484,Markus Neumayr,substitutes,Attacking Midfield,77,0
095e6ce46503a39eb5dd083f7a76484f,2017-11-20,2883928,3391,10484,Markus Neumayr,substitutes,Attacking Midfield,77,0
171d30ee8ab42a9046e49d499ee0e8b7,2017-11-26,2883938,3391,10484,Markus Neumayr,starting_lineup,Attacking Midfield,77,0
ee93ac0cfd4e27d3c921477132375335,2017-12-03,2883945,3391,10484,Markus Neumayr,substitutes,Attacking Midfield,77,0
f1de33375361246bd0afc1cb5a2cbc8e,2017-12-09,2883952,3391,10484,Markus Neumayr,starting_lineup,Attacking Midfield,77,0
367e365c22539a416f474e4c58e40229,2017-12-16,2883961,3391,10484,Markus Neumayr,substitutes,Attacking Midfield,77,0
5ef550d8120f26ff81a48fa88c46f613,2017-12-24,2883974,3391,10484,Markus Neumayr,substitutes,Central Midfield,77,0
b28b13659ae6417bc3473118edfcf4c1,2018-01-19,2883982,3391,10484,Markus Neumayr,substitutes,Attacking Midfield,77,0
e5c0cbcf573900ae5a3e65b73ec0a6f1,2018-01-26,2883994,3391,10484,Markus Neumayr,substitutes,Attacking Midfield,77,0
17e8dda83a83cd0673da2bba4b3ce0c2,2018-02-24,2884028,3391,10484,Markus Neumayr,starting_lineup,Attacking Midfield,77,0
0c54a89199eb76aabc83342adc0253b1,2018-03-03,2884038,3391,10484,Markus Neumayr,starting_lineup,Attacking Midfield,77,0
f34c9aee1797704f42ef2472948f3915,2018-03-10,2884045,3391,10484,Markus Neumayr,starting_lineup,Attacking Midfield,77,0
e54bf8a7a17184148ce9e7d39ff958a5,2018-03-16,2884051,3391,10484,Markus Neumayr,substitutes,Central Midfield,77,0
8f7325f83a8cabcc0a75598063626d3e,2017-07-27,2894108,3291,29,Gareth Barry,substitutes,Defensive Midfield,18,0
89a84b3887ce8cf637cb892ea1e29100,2017-07-27,2894108,3332,29,Wayne Rooney,starting_lineup,Centre-Forward,10,0
71b9c72685f80e1fcb44edcda02acf79,2017-08-03,2894109,3291,29,Gareth Barry,substitutes,Defensive Midfield,18,0
f6a68c4a641c656e0be22d89b6051b4d,2017-08-03,2894109,3332,29,Wayne Rooney,starting_lineup,Centre-Forward,10,0
c6f67e97329c7dc0e58dcfa558223dd7,2017-08-19,2897163,2865,506,Stephan Lichtsteiner,starting_lineup,Right-Back,26,0
4ed82d01a6eca1493d1abe1c717186fc,2017-08-26,2897172,2865,506,Stephan Lichtsteiner,starting_lineup,Right-Back,26,0
d64b9a3fc70cf063269c68e683c7ffaf,2017-09-09,2897184,2865,506,Stephan Lichtsteiner,starting_lineup,Right-Back,26,1
cf7ea5e4acdac83141d0c7f758f9383e,2017-09-17,2897195,2865,506,Stephan Lichtsteiner,starting_lineup,Right-Back,26,0
9a7e6737084bfc285446919001e531fe,2017-09-20,2897204,2865,506,Stephan Lichtsteiner,substitutes,Right-Back,26,0
70e13c99393582565b2587cbc48c6f09,2017-09-23,2897213,2865,506,Stephan Lichtsteiner,starting_lineup,Right-Back,26,0
b3edfe62d2f982cf5aeae4b213d705a4,2017-10-01,2897218,2865,506,Stephan Lichtsteiner,starting_lineup,Right-Back,26,0
0985ef605bf6d0f6879ca5cf376d4ddb,2017-10-14,2897234,2865,506,Stephan Lichtsteiner,starting_lineup,Right-Back,26,0
e1ed6ceed539aaf74f124209d2892466,2017-10-22,2897247,2865,506,Stephan Lichtsteiner,starting_lineup,Right-Back,26,0
4792ec0044cb773b74b03996977ac06c,2017-10-25,2897255,2865,506,Stephan Lichtsteiner,starting_lineup,Right-Back,26,1
db6139fb8ef48b7dc18c54bf4b80dc4c,2017-10-28,2897261,2865,506,Stephan Lichtsteiner,starting_lineup,Right-Back,26,0
74a65065104bfb99f20fecb613d63431,2017-11-19,2897284,2865,506,Stephan Lichtsteiner,starting_lineup,Right-Back,26,0
1b0aff38035a575ee290d0982cab9cc5,2018-01-06,2897293,2865,506,Stephan Lichtsteiner,substitutes,Right-Back,26,0
7e3658ab297fd9436f2752370f264fe7,2018-01-22,2897302,2865,506,Stephan Lichtsteiner,starting_lineup,Right-Back,26,0
e5bce1265cb8d090c6b76e4984082c7a,2018-01-27,2897314,2865,506,Stephan Lichtsteiner,substitutes,Right-Back,26,0
2143239654b1a2fd2e67d2d4f244c60c,2018-02-09,2897334,2865,506,Stephan Lichtsteiner,starting_lineup,Right-Back,26,0
eeaecb975ca43e2d8b73574ad8be157c,2018-02-18,2897343,2865,506,Stephan Lichtsteiner,substitutes,Right-Back,26,0
94219b13c1602758f462622ea375df2f,2018-03-03,2897364,2865,506,Stephan Lichtsteiner,starting_lineup,Right Midfield,26,0
8a8fa50d5ef09b51307672ebce621781,2018-03-31,2897391,2865,506,Stephan Lichtsteiner,starting_lineup,Right Midfield,26,0
0ee8b05cbbe740aef4482c6ceefd3b40,2018-04-07,2897405,2865,506,Stephan Lichtsteiner,starting_lineup,Right-Back,26,0
f0a540bce2b9e5a4253064016bf48063,2017-12-30,2897481,2865,506,Stephan Lichtsteiner,starting_lineup,Right-Back,26,0
d4b4f7e352f4fa5cdab673bb6ba88c77,2018-04-18,2897491,2865,506,Stephan Lichtsteiner,starting_lineup,Right-Back,26,0
befb1c0d517497374ba77266b6054b60,2018-04-22,2897502,2865,506,Stephan Lichtsteiner,substitutes,Right-Back,26,0
de9ce50b6ae7e485ce650975b6d96eb5,2018-05-05,2897518,2865,506,Stephan Lichtsteiner,substitutes,Right-Back,26,0
f199b40b67a5d943e9f09b81286748ef,2018-05-19,2897541,2865,506,Stephan Lichtsteiner,starting_lineup,Right-Back,26,0
97ce91b50aa6a08fcc77d04132b2b70a,2017-11-26,2897560,2865,506,Stephan Lichtsteiner,starting_lineup,Right Midfield,26,0
29ac9bf9e255bddbc0c63a41950c6b52,2017-09-16,2901122,1667,162,Diego Benaglio,starting_lineup,Goalkeeper,16,0
06a7e0be90747f851b12ef034db0a098,2017-09-22,2901142,1667,162,Diego Benaglio,starting_lineup,Goalkeeper,16,0
af87406b5fe40c4d172c8ee85c614fa8,2017-08-15,2904740,3333,31,James Milner,substitutes,Central Midfield,7,0
0bce2f393f13884f75c24cc8d4b4f4e4,2017-08-17,2904773,3332,29,Wayne Rooney,starting_lineup,Centre-Forward,10,0
48d55724ed48c3708a9234e869043263,2017-08-23,2905729,3333,31,James Milner,substitutes,Central Midfield,7,0
48d620eddaeb02ad756de57a530356a4,2017-08-24,2905741,3332,29,Wayne Rooney,starting_lineup,Centre-Forward,10,0
c2887aa94ecfa25e3ef736f3b834fbb8,2017-08-23,2906689,2138,41201,Mladen Kascelan,starting_lineup,Defensive Midfield,81,0
26dd69661c50d3ae2f15913084727f58,2017-10-24,2914245,1784,39,René Adler,starting_lineup,Goalkeeper,1,0
6b3e28b7f60f32a27ed2865625833148,2017-09-13,2917369,1667,162,Diego Benaglio,starting_lineup,Goalkeeper,16,0
97164bf69d1272b6297c4ecbacb84fcb,2017-09-26,2917378,1667,162,Diego Benaglio,starting_lineup,Goalkeeper,16,0
717e79cd35b00fedb672d7f6b5e9c960,2017-10-17,2917398,3333,31,James Milner,starting_lineup,Central Midfield,7,1
7f5f3b4003e48a3d236a8e1ef2bb7638,2017-11-01,2917414,3333,31,James Milner,starting_lineup,Right Midfield,7,1
161429e2989c4098cc4302fec4f1e5a6,2017-11-21,2917430,3333,31,James Milner,substitutes,Central Midfield,7,0
df84f5e161cbb8cdee427fe8215c8797,2017-11-21,2917436,26,16,Roman Weidenfeller,substitutes,Goalkeeper,1,0
01fa226c34e7ff24f50412dc48afea99,2017-12-06,2917446,3333,31,James Milner,substitutes,Left-Back,7,0
3855df6d5e380c5eb15acb4ddcdc5dae,2017-12-06,2917450,1667,162,Diego Benaglio,starting_lineup,Goalkeeper,16,0
3c2672e810dce1f1a5e6dfce0899b0ea,2017-09-14,2919781,3332,29,Wayne Rooney,starting_lineup,Right Winger,10,0
3fb02773c113f60e818617d181d89582,2017-09-14,2919798,1126,3,Matthias Lehmann,starting_lineup,Defensive Midfield,33,1
593c24a531296e5fcc6c2bad7938ed78,2017-09-28,2919812,1126,3,Matthias Lehmann,starting_lineup,Defensive Midfield,33,1
268d1affd89b3b3afb4e806800dd9bd7,2017-09-28,2919817,3332,29,Wayne Rooney,starting_lineup,Centre-Forward,10,0
527345a54dbc07222cd69deceb4f843f,2017-11-02,2919878,1126,3,Matthias Lehmann,starting_lineup,Central Midfield,33,1
d601c566dfae82b4dc2d3f734afc52e2,2017-11-23,2919890,1126,3,Matthias Lehmann,substitutes,Central Midfield,33,0
aada11466e249a255c46c60ada1eb302,2017-11-23,2919897,3332,29,Wayne Rooney,starting_lineup,Second Striker,10,1
2bbfed9ffeb72378ac5938a77e0d7cac,2017-12-07,2919927,1126,3,Matthias Lehmann,starting_lineup,Central Midfield,33,1
5371f2e002131916c3c5c7305a647229,2017-09-20,2921874,2138,41201,Mladen Kascelan,starting_lineup,Defensive Midfield,81,0
be08e29d97b2b3c67a84c05b982fd7b8,2017-10-25,2933606,2138,41201,Mladen Kascelan,starting_lineup,Defensive Midfield,81,0
ab1247fbc951b5f7652d014483349816,2017-11-04,2942662,1667,162,Diego Benaglio,substitutes,Goalkeeper,16,0
8b3320031eb69a01016689c81393fc37,2017-12-19,2957392,1126,3,Matthias Lehmann,starting_lineup,Defensive Midfield,33,1
521dbd5b6c040ac94dbe18867d34368f,2017-12-19,2957392,1662,33,Sascha Riether,substitutes,Right-Back,21,0
9b485f4e32007b7687e6d62264ce6788,2017-12-20,2977436,2865,506,Stephan Lichtsteiner,starting_lineup,Right-Back,26,0
57493be51d4cf7c02974432eee6e5566,2018-02-14,2981995,3333,31,James Milner,starting_lineup,Central Midfield,7,0
c558e244ad95e3c52be1da7f86c8e1f7,2018-03-07,2982001,2865,506,Stephan Lichtsteiner,substitutes,Right-Back,26,0
80aa82db87de1b540fcdf16ff98c411b,2018-03-06,2982003,3333,31,James Milner,starting_lineup,Central Midfield,7,0
9b20df98d4cdac44ab105d5f075d1a8b,2018-01-05,2984198,3332,29,Wayne Rooney,starting_lineup,Second Striker,10,0
c0f227877bd78e410fffe03648273da4,2018-01-05,2984198,3333,31,James Milner,starting_lineup,Central Midfield,7,1
86b752b2ea8b6129b51a7e204e7343dc,2018-01-06,2984210,3291,984,Gareth Barry,starting_lineup,Defensive Midfield,18,0
7a49e0e7b3ea29170df14d2e5c0e001d,2018-01-06,2984214,2857,1003,Eldin Jakupović,starting_lineup,Goalkeeper,17,0
190723d918be826b68f741626be43d1e,2018-01-06,2984217,3306,1132,Jonathan Walters,substitutes,Right Winger,19,0
5fd162baf60a35a8c73d1869b6855c15,2018-01-03,2985407,2865,506,Stephan Lichtsteiner,substitutes,Right-Back,26,0
b907d653fefc40147ddf088550455921,2018-02-28,2987295,2865,506,Stephan Lichtsteiner,starting_lineup,Right-Back,26,0
c4d006e028ceafa0d40f3a8d5e458555,2018-02-07,2988234,1784,39,René Adler,starting_lineup,Goalkeeper,1,0
39c82bce6619982b24179ae766317c5d,2018-01-27,2988364,3291,984,Gareth Barry,starting_lineup,Defensive Midfield,18,0
ab5f05c30403c071cc7d1c5eb82212e7,2018-01-27,2988364,3333,31,James Milner,substitutes,Central Midfield,7,0
3996960173b424afce5087c54eff4272,2018-01-16,2988373,2857,1003,Eldin Jakupović,starting_lineup,Goalkeeper,17,0
7cb286de8f70ec025b9b9b6bc9d59b72,2018-02-17,3000028,3291,984,Gareth Barry,starting_lineup,Defensive Midfield,18,0
63b391906a5912ef505ae1a3ec128034,2018-03-14,3011538,2865,506,Stephan Lichtsteiner,starting_lineup,Right-Back,26,0
462f7737790803e3d9140d3a75860ba0,2018-04-04,3018932,3333,31,James Milner,starting_lineup,Central Midfield,7,0
33251fc5be764cf73cbf0266bfe651c1,2018-04-11,3018935,2865,506,Stephan Lichtsteiner,substitutes,Right-Back,26,0
9cb298adf18e66ec40f2f0a64d5614e9,2018-04-10,3018936,3333,31,James Milner,starting_lineup,Central Midfield,7,1
f3ad57c0199e073fd8ff94948da1fcc0,2018-04-24,3030593,3333,31,James Milner,starting_lineup,Central Midfield,7,0
b2b40b25156ebf6168cc744afee1e2d6,2018-05-02,3030595,3333,31,James Milner,starting_lineup,Central Midfield,7,0
2ced17d2aa8825b7e6acc25e79e5d050,2018-05-26,3038747,3333,31,James Milner,starting_lineup,Central Midfield,7,0
a7443d1676af85662b087ac334ad3cef,2018-08-11,3047437,1667,162,Diego Benaglio,starting_lineup,Goalkeeper,16,0
281a5abadbeea42f8b0a11d7c8fe78b9,2018-08-18,3047445,1667,162,Diego Benaglio,starting_lineup,Goalkeeper,16,0
db26482117a28fc892e12d04f9924427,2018-08-26,3047452,1667,162,Diego Benaglio,starting_lineup,Goalkeeper,16,0
a98d3c54c5bbd70ce00566cb072461a7,2018-09-02,3047465,1667,162,Diego Benaglio,starting_lineup,Goalkeeper,16,0
a4e9b30c0681f4a31ba44d3209dbd51d,2018-09-15,3047480,1667,162,Diego Benaglio,starting_lineup,Goalkeeper,16,0
73b404bd6cfacdcb5c52a323dd60257f,2018-09-21,3047515,1667,162,Diego Benaglio,starting_lineup,Goalkeeper,16,0
b14716bcf76eac8b4628c6d3a81944fa,2018-09-25,3047526,1667,162,Diego Benaglio,starting_lineup,Goalkeeper,16,0
58334d6f8e49bb0c271e13b08309cb59,2018-09-28,3047539,1667,162,Diego Benaglio,starting_lineup,Goalkeeper,16,0
5b32cbc7c06f6d600a8a0920dea203e4,2018-10-27,3047567,1667,162,Diego Benaglio,starting_lineup,Goalkeeper,16,0
18a057f8b7bb9b09bd926234ad803712,2018-11-03,3047578,1667,162,Diego Benaglio,starting_lineup,Goalkeeper,16,0
66b32ad1cd5db3a608491e49b066d60c,2018-11-11,3047586,1667,162,Diego Benaglio,starting_lineup,Goalkeeper,16,0
f576a3020ac7fd8edfbee42329280e81,2018-11-24,3047592,1667,162,Diego Benaglio,starting_lineup,Goalkeeper,16,0
5ea1e17e76b98ae610b37c84708e406e,2018-12-01,3047606,1667,162,Diego Benaglio,starting_lineup,Goalkeeper,16,0
a39659cb3cd18c5e417a7da306be29c4,2018-12-04,3047611,1667,162,Diego Benaglio,starting_lineup,Goalkeeper,16,0
55d2fd178b51e946a353ea2913482ff5,2019-01-16,3047654,1667,162,Diego Benaglio,starting_lineup,Goalkeeper,16,0
66cd9abedf6f173555018913ae578e69,2018-12-16,3047693,1667,162,Diego Benaglio,starting_lineup,Goalkeeper,16,0
35dcd8d4d4a46e813b227411494a0711,2018-08-04,3047699,1667,162,Diego Benaglio,starting_lineup,Goalkeeper,16,0
d91c67879df411ff43003d9cb239b8c8,2018-12-22,3047703,1667,162,Diego Benaglio,starting_lineup,Goalkeeper,16,0
d720f4af19edc0883d59e4ffbee4a9ef,2019-01-13,3047716,1667,162,Diego Benaglio,starting_lineup,Goalkeeper,16,0
c46337bcc636eda8ae688b335876486d,2019-01-19,3047725,1667,162,Diego Benaglio,starting_lineup,Goalkeeper,16,0
bd8969c00de647699119d397296742a1,2019-04-21,3047846,1667,162,Diego Benaglio,substitutes,Goalkeeper,16,0
ccaeebb2bfac4908b521c956f2c12642,2019-05-11,3047877,1667,162,Diego Benaglio,starting_lineup,Goalkeeper,16,0
1f880ea0432eaafc0a08e6eae2055921,2019-05-18,3047884,1667,162,Diego Benaglio,starting_lineup,Goalkeeper,16,0
79a4b618a624f625df66fcc48f2f0963,2019-05-24,3047896,1667,162,Diego Benaglio,starting_lineup,Goalkeeper,16,0
6691f6051bf95e0715f0221213c7696c,2018-08-18,3048429,532,86,Claudio Pizarro,substitutes,Centre-Forward,4,0
5c1bcb5ecd26cbcc46999cd05dbfae1f,2018-08-12,3050167,2865,11,Stephan Lichtsteiner,substitutes,Left-Back,12,0
07981aa06151197052cf66bcb86e97cf,2018-08-12,3050171,3333,31,James Milner,starting_lineup,Central Midfield,7,1
6893bcdad790bb3584f6e639ca81830e,2018-08-20,3050181,3333,31,James Milner,starting_lineup,Central Midfield,7,1
a1dcc608ce48352d23cee2b90fba5d21,2018-08-25,3050191,3333,31,James Milner,starting_lineup,Central Midfield,7,1
e1fa110097a8406de36636e63f22d469,2018-09-01,3050203,3333,31,James Milner,starting_lineup,Central Midfield,7,0
9ac5532cccb778c75ca06105c6b801e5,2018-09-15,3050214,3333,31,James Milner,starting_lineup,Central Midfield,7,1
0dfd66e6b3841b0dcda8c1534411fe77,2018-09-22,3050224,3333,31,James Milner,substitutes,Central Midfield,7,0
77057a8410a2e09abac1f1847e0308c0,2018-09-29,3050230,3333,31,James Milner,starting_lineup,Central Midfield,7,0
a82828972d1cbe045d119b4f78031531,2018-10-07,3050242,3333,31,James Milner,starting_lineup,Central Midfield,7,0
f5e8ddbdf6154029b3cf92a0bc9d8a2c,2018-10-22,3050247,2865,11,Stephan Lichtsteiner,starting_lineup,Left-Back,12,0
8fdcbb4977f7ff1d49e6e181203c3641,2018-10-20,3050252,3333,31,James Milner,starting_lineup,Central Midfield,7,0
cca916c95d1384c7c9d18bf83c580df6,2018-10-28,3050259,2865,11,Stephan Lichtsteiner,substitutes,Right-Back,12,0
2e32897d478d1c3f101e5e7c316cc947,2018-10-27,3050262,3333,31,James Milner,substitutes,Central Midfield,7,0
6c480760e95aa99606b541f4545b98cc,2018-11-03,3050267,2865,11,Stephan Lichtsteiner,substitutes,Right-Back,12,0
838dee0c59e5c2079bb20c39ea156c13,2018-11-03,3050267,3333,31,James Milner,starting_lineup,Central Midfield,7,1
8ab81e84044eefb1a93c31ed57fcf97c,2018-11-11,3050283,3333,31,James Milner,substitutes,Central Midfield,7,0
3050ce62249b995daebf685d2c5469e5,2018-11-24,3050294,3333,31,James Milner,substitutes,Right Midfield,7,0
457ea9f7bf5c8ca39fc43c2f776c00eb,2018-12-05,3050309,3333,31,James Milner,starting_lineup,Left Winger,7,0
fe5ed43daebc105844bda34af93a5469,2018-12-08,3050317,2865,11,Stephan Lichtsteiner,starting_lineup,Centre-Back,12,0
30e74ab07760545906c5eaacb8650a34,2018-12-08,3050318,3333,31,James Milner,starting_lineup,Right-Back,7,1
d974d6ad7d0e720e4deda28cde481667,2018-12-16,3050333,2865,11,Stephan Lichtsteiner,starting_lineup,Centre-Back,12,0
7b4a03b9e1419028c14db0a8ef3bee6b,2018-12-22,3050337,2865,11,Stephan Lichtsteiner,substitutes,Right-Back,12,0
7117150be2615c772f00bdfd789890ff,2018-12-21,3050346,3333,31,James Milner,starting_lineup,Right-Back,7,0
9e9185af2d3390713b858fd7b88f14dc,2018-12-29,3050352,2865,11,Stephan Lichtsteiner,starting_lineup,Right-Back,12,0
984f67e4a89a724183167d46404e0ac7,2019-01-03,3050363,3333,31,James Milner,starting_lineup,Central Midfield,7,0
29afae2bb46f0ea6ed60c3f9576eb8b7,2019-01-12,3050367,3333,31,James Milner,substitutes,Central Midfield,7,0
6f0230be8a6e550928377401ec87ff4b,2019-01-19,3050381,3333,31,James Milner,starting_lineup,Right-Back,7,0
d9284c20063e1346b4470e16f33c6f79,2019-01-29,3050387,2865,11,Stephan Lichtsteiner,starting_lineup,Right-Back,12,0
fd24696220107b0503256c66639a9b3e,2019-02-03,3050404,2865,11,Stephan Lichtsteiner,starting_lineup,Right-Back,12,0
3715a39798b3986938279c32786b2387,2019-02-04,3050406,3333,31,James Milner,starting_lineup,Right-Back,7,1
2fca9a119e674a7b2abf66c26fe98fbe,2019-02-09,3050411,3333,31,James Milner,starting_lineup,Right-Back,7,1
0af6f8a68f37d0f849ac8b8f71c05012,2018-12-26,3050417,2865,11,Stephan Lichtsteiner,starting_lineup,Right-Back,12,0
e0e7c334a7a19ab560c6c1aaf38590a6,2019-02-24,3050427,2865,11,Stephan Lichtsteiner,starting_lineup,Right-Back,12,0
d4ac55b4ff98bb0ab42bd0951076ad5c,2019-02-24,3050434,3333,31,James Milner,starting_lineup,Right-Back,7,0
5e4d5b3d092b356ea485d8e0b155049c,2019-02-27,3050445,3333,31,James Milner,starting_lineup,Central Midfield,7,1
9e82bfddba24b0ebbdf675ce5cf191b2,2019-03-03,3050450,3333,31,James Milner,substitutes,Central Midfield,7,0
0268817efff1930a6e362d8e6fab104b,2019-03-17,3050479,3333,31,James Milner,substitutes,Central Midfield,7,0
48f1cb818551b4718d10b370a749bae4,2019-03-31,3050492,3333,31,James Milner,starting_lineup,Central Midfield,7,0
e9d618f21c0bd09f55be31e8777158ad,2019-04-05,3050501,3333,31,James Milner,substitutes,Right-Back,7,0
8dea7cd6124ac441b289adbc3b500b4c,2019-04-14,3050518,3333,31,James Milner,substitutes,Central Midfield,7,0
47fee008d7cae229c04c10b581b91269,2019-04-21,3050525,3333,31,James Milner,substitutes,Central Midfield,7,0
6233162bdf3a34a637b3ca3018d4a606,2019-05-05,3050551,2865,11,Stephan Lichtsteiner,starting_lineup,Right-Back,12,0
570644d7c2821be95715327a45a2c00d,2019-05-04,3050558,3333,31,James Milner,substitutes,Central Midfield,7,0
cd3c6d33ecdb663ec4c667c6c2bb34f0,2019-05-12,3050562,2865,11,Stephan Lichtsteiner,starting_lineup,Right-Back,12,0
4a510dabd3c7fadbbf77c8b871b2355d,2019-05-12,3050566,3333,31,James Milner,substitutes,Central Midfield,7,0
c2ee92561f86d8a2d6d5d8a35beae47c,2018-12-05,3056407,2865,11,Stephan Lichtsteiner,substitutes,Centre-Back,12,0
c72f92d018742d92908b3bf2f075b61d,2018-08-25,3058410,532,86,Claudio Pizarro,substitutes,Centre-Forward,4,0
ff0ff909fe00edf6d4aa60a17f75a54d,2018-08-25,3058414,2421,38,Michael Rensing,starting_lineup,Goalkeeper,1,0
df097ea4428432ad7085084056d94198,2018-09-02,3058427,2421,38,Michael Rensing,starting_lineup,Goalkeeper,1,0
9473f8846928d6c31986b39d5352eccb,2018-09-01,3058429,532,86,Claudio Pizarro,substitutes,Centre-Forward,4,0
20f728196b995c385edcd68c0d930d5b,2018-09-15,3058441,2421,38,Michael Rensing,starting_lineup,Goalkeeper,1,0
9f7baea2d9dba87f2b5bc912ec7e5bf6,2018-09-21,3058445,2421,38,Michael Rensing,starting_lineup,Goalkeeper,1,0
76f80b157211623b17d0a2354c3c1937,2018-09-22,3058448,532,86,Claudio Pizarro,starting_lineup,Centre-Forward,4,0
ea049f33623110791e557d0038e916f8,2018-09-26,3058459,2421,38,Michael Rensing,starting_lineup,Goalkeeper,1,0
fdff66abcb9a06f16fc71527a211181e,2018-09-29,3058463,532,86,Claudio Pizarro,substitutes,Centre-Forward,4,0
4690a90ee7ebbcef9e04ac393d4a646b,2018-09-29,3058468,2421,38,Michael Rensing,starting_lineup,Goalkeeper,1,0
7d0a9a269f18f80b90078252eaf2ec69,2018-10-05,3058473,532,86,Claudio Pizarro,substitutes,Centre-Forward,4,0
8b4d7b76ad20d814d955aa6b51bbe32e,2018-10-06,3058477,2421,38,Michael Rensing,starting_lineup,Goalkeeper,1,0
f72819b1115ff82f7a8a9e4954f42f85,2018-10-20,3058478,532,86,Claudio Pizarro,substitutes,Centre-Forward,4,0
083750ea6650b93a7453ef1741ccb0f4,2018-10-19,3058481,2421,38,Michael Rensing,starting_lineup,Goalkeeper,1,0
f7b632f23e5d0a7e883dd0a0fe253919,2018-10-28,3058490,532,86,Claudio Pizarro,substitutes,Centre-Forward,4,0
36e38b31a82cda077dab9af6c59fee43,2018-10-27,3058494,2421,38,Michael Rensing,starting_lineup,Goalkeeper,1,0
2f31e8249f31e166f078787f1175a121,2018-11-04,3058500,2421,38,Michael Rensing,starting_lineup,Goalkeeper,1,0
bb7fb6f8e12ef38f4c3688946c30ef3f,2018-11-04,3058503,532,86,Claudio Pizarro,substitutes,Centre-Forward,4,0
f864c1a1a72b49b3f3f924f37a2227b2,2018-11-10,3058509,532,86,Claudio Pizarro,substitutes,Centre-Forward,4,0
57212cd57ad60033f0a3796a7779443e,2018-11-10,3058512,2421,38,Michael Rensing,starting_lineup,Goalkeeper,1,0
8e501fd2647016f736550b8062a80e1e,2018-11-24,3058514,2421,38,Michael Rensing,starting_lineup,Goalkeeper,1,0
e21dabfcf9a3bc420e40a127852efbf7,2018-11-25,3058520,532,86,Claudio Pizarro,substitutes,Centre-Forward,4,0
31290146981295c7548cbce36df17b07,2018-12-01,3058528,532,86,Claudio Pizarro,substitutes,Centre-Forward,4,0
2530a9871ca298d7515ceabaddbbbf47,2018-11-30,3058530,2421,38,Michael Rensing,starting_lineup,Goalkeeper,1,0
ea2dab6c7280da6fad12d4534e3a0460,2018-12-07,3058537,532,86,Claudio Pizarro,starting_lineup,Centre-Forward,4,0
707e06c1e9e8ed8b1b350509125a37c1,2018-12-07,3058537,2421,38,Michael Rensing,starting_lineup,Goalkeeper,1,0
94e26556c2142e42b63ec3e5bfc77f9e,2018-12-15,3058548,2421,38,Michael Rensing,starting_lineup,Goalkeeper,1,0
2e6899e5601e1b825d37d5e95f949941,2018-12-19,3058554,532,86,Claudio Pizarro,substitutes,Centre-Forward,4,0
45bd8bf7be4cc89a5b56c1269b43a5e3,2018-12-18,3058558,2421,38,Michael Rensing,starting_lineup,Goalkeeper,1,0
35696eb137e28cb6c8f3ced35c30811b,2018-12-22,3058562,532,86,Claudio Pizarro,substitutes,Centre-Forward,4,0
d9dd5c07a0d093b2f3ae3f5cc1366347,2018-12-22,3058566,2421,38,Michael Rensing,starting_lineup,Goalkeeper,1,0
099584a77190a8671021760bb611a055,2019-01-19,3058574,2421,38,Michael Rensing,starting_lineup,Goalkeeper,1,1
b38cd48bc9dcc3ac882923c570bb63de,2019-01-26,3058581,532,86,Claudio Pizarro,substitutes,Centre-Forward,4,0
202804a1e0242e1f4aca84a5add3767c,2019-01-27,3058584,2421,38,Michael Rensing,starting_lineup,Goalkeeper,1,0
e6953f333c473bec63145d48ca275071,2019-02-02,3058586,2421,38,Michael Rensing,starting_lineup,Goalkeeper,1,0
170b052a89299186ea6c53b583ac63cc,2019-02-10,3058598,532,86,Claudio Pizarro,substitutes,Centre-Forward,4,0
cc5659d5973edc652e3aeff3a6a51c34,2019-02-10,3058602,2421,38,Michael Rensing,starting_lineup,Goalkeeper,1,0
3811724d931701e619d9efcd216b4ea4,2019-02-16,3058608,532,86,Claudio Pizarro,substitutes,Centre-Forward,4,0
361fdb8f6e8bf47b3dfb75dee26cff20,2019-02-22,3058616,532,86,Claudio Pizarro,substitutes,Centre-Forward,4,0
2a8df614c199f523e0fd4de2d1dc5c2a,2019-03-02,3058630,2421,38,Michael Rensing,starting_lineup,Goalkeeper,1,0
7d224328e6117252ffce3e12f0b30737,2019-03-03,3058637,532,86,Claudio Pizarro,substitutes,Centre-Forward,4,0
67511ce8f002e530bd05226066543ce0,2019-03-08,3058643,532,86,Claudio Pizarro,starting_lineup,Centre-Forward,4,0
76667eb743db410d51d020eee2f5d1c6,2019-03-08,3058643,1662,33,Sascha Riether,substitutes,Right-Back,21,0
6d0f06cb19ca20e55436f7dec4584108,2019-03-11,3058647,2421,38,Michael Rensing,starting_lineup,Goalkeeper,1,0
38367991af7cc200e0a4fe179c9608c5,2019-03-16,3058656,2421,38,Michael Rensing,starting_lineup,Goalkeeper,1,0
a67e1c129612220a83612ff7ff1583f3,2019-03-30,3058664,2421,38,Michael Rensing,starting_lineup,Goalkeeper,1,0
f53e92e1db26d5ce2d45e32fe8b8dfc7,2019-04-07,3058670,532,86,Claudio Pizarro,substitutes,Centre-Forward,4,0
45b109e918cf3daf18d2b742a5b34313,2019-04-06,3058671,2421,38,Michael Rensing,starting_lineup,Goalkeeper,1,0
9d84b929df1430e9ea09bdc683e55c1e,2019-04-13,3058680,532,86,Claudio Pizarro,substitutes,Centre-Forward,4,0
4f8d573b69e6916a75ee795745478d5a,2019-04-14,3058682,2421,38,Michael Rensing,starting_lineup,Goalkeeper,1,0
3d5a67819edbf064e6ecde717b84bc33,2019-04-20,3058684,532,86,Claudio Pizarro,substitutes,Centre-Forward,4,0
d170d0225af6ca8e7b4369fec42c638f,2019-04-20,3058691,2421,38,Michael Rensing,starting_lineup,Goalkeeper,1,0
e93f16215e41838878fe80ea81923dd0,2019-04-27,3058700,532,86,Claudio Pizarro,substitutes,Centre-Forward,4,0
aa3047804937fa6a8cec114d4ba7f21f,2019-04-27,3058700,2421,38,Michael Rensing,starting_lineup,Goalkeeper,1,0
0aa1d75d9fed7f35fb86f37e32558ceb,2019-05-04,3058707,532,86,Claudio Pizarro,substitutes,Centre-Forward,4,0
d0daba7f0597e3885f443574a8f783e6,2019-05-05,3058708,2421,38,Michael Rensing,starting_lineup,Goalkeeper,1,0
2aff963a88a76d85d435011b959c46f5,2019-05-11,3058711,532,86,Claudio Pizarro,substitutes,Centre-Forward,4,0
370b70901dbafd107c97e1cbe051af3d,2019-05-11,3058712,2421,38,Michael Rensing,starting_lineup,Goalkeeper,1,0
0723062c6eaa4f0fb6365b71a03362fd,2019-05-18,3058721,1662,33,Sascha Riether,substitutes,Right-Back,21,0
f2be59b12d48b3d961c040ebf5e5ba92,2019-05-18,3058724,532,86,Claudio Pizarro,substitutes,Centre-Forward,4,0
c22509bccea657deb4582f27b316cc6d,2019-05-18,3058728,2421,38,Michael Rensing,starting_lineup,Goalkeeper,1,0
0d0cc8c52fdd77a448bce1792654b997,2018-08-09,3087317,3306,1132,Jonathan Walters,starting_lineup,Right Winger,19,0
e1bc91f2dc79c8a24006694635de709a,2018-10-31,3096441,532,86,Claudio Pizarro,starting_lineup,Centre-Forward,4,0
97418e8489f74940592e3d48ede4d214,2018-10-30,3096444,2421,38,Michael Rensing,starting_lineup,Goalkeeper,1,0
b0c541ce848313ecf870a05104bdd075,2018-09-18,3097956,1667,162,Diego Benaglio,starting_lineup,Goalkeeper,16,0
d739fcda963922e74b9327daf8162bc0,2018-09-18,3097960,3333,31,James Milner,starting_lineup,Central Midfield,7,0
222aadc424fe158db91bcc640d10634d,2018-10-03,3097980,1667,162,Diego Benaglio,starting_lineup,Goalkeeper,16,0
cbff4cff44f18f6b5658309a0682bf4d,2018-10-03,3097984,3333,31,James Milner,starting_lineup,Central Midfield,7,1
92d49481e3cc7cff6a914470a611bd18,2018-11-06,3098012,1667,162,Diego Benaglio,starting_lineup,Goalkeeper,16,0
790108bdb7a1d49356e4c7b8851b546e,2018-11-06,3098015,3333,31,James Milner,starting_lineup,Central Midfield,7,1
2689138d6c0e9ed42bfc361d7eb45c0e,2018-11-28,3098027,1667,162,Diego Benaglio,starting_lineup,Goalkeeper,16,1
11077fb3c46c2f9933f699ec952328b9,2018-11-28,3098031,3333,31,James Milner,starting_lineup,Central Midfield,7,0
d25c3ccc0285b05788b2bd60d407f4fb,2018-12-11,3098044,1667,162,Diego Benaglio,starting_lineup,Goalkeeper,16,0
329baf03951ed2ede68388ce18cd6463,2018-12-11,3098048,3333,31,James Milner,starting_lineup,Central Midfield,7,0
11a4cc36d346c016db0462d63417dcf4,2018-09-20,3098668,2865,11,Stephan Lichtsteiner,starting_lineup,Right-Back,12,0
73a670126dc3721566c6e675e1fadf18,2018-10-04,3098698,2865,11,Stephan Lichtsteiner,starting_lineup,Right Midfield,12,0
4c040238cae7b8fdd8e7b2c41bb3584d,2018-10-25,3098716,2865,11,Stephan Lichtsteiner,starting_lineup,Right-Back,12,0
ed2499ec998ce8d53496d64a507baa6d,2018-11-08,3098746,2865,11,Stephan Lichtsteiner,starting_lineup,Right-Back,12,0
76e0a460c14a83655b584dfd10bac5e1,2018-11-29,3098764,2865,11,Stephan Lichtsteiner,starting_lineup,Right-Back,12,0
3ae0491010402097660aeb8bbf55b298,2019-02-05,3122484,532,86,Claudio Pizarro,substitutes,Centre-Forward,4,0
ad6f39a3597a78c1de0499b7d2d8008e,2019-02-19,3135804,3333,31,James Milner,substitutes,Central Midfield,7,0
bd7e8d0d3ae5400005c5d0d8d9b58260,2019-03-13,3135813,3333,31,James Milner,starting_lineup,Central Midfield,7,0
cc098ede878c28630e0c950048951ccb,2019-02-21,3135875,597,713,Aleksandr Hleb,substitutes,Attacking Midfield,11,0
af480081bd37b3256aa2b9937b33bbe4,2019-02-21,3135875,2865,11,Stephan Lichtsteiner,starting_lineup,Right-Back,12,0
b3e4254d15f36434ee25acaf7432fe92,2019-01-05,3136614,2865,11,Stephan Lichtsteiner,starting_lineup,Centre-Back,12,0
07a28d5f6612ded952fe9b583298e12e,2019-01-07,3136619,3333,31,James Milner,starting_lineup,Central Midfield,7,1
b18a6af97b0a0f83f12002f3ae9570df,2019-04-09,3167763,3333,31,James Milner,starting_lineup,Left-Back,7,0
a6bb523627185f42240585e0040baa7b,2019-04-17,3167764,3333,31,James Milner,starting_lineup,Central Midfield,7,1
ce3c8e8a13097e83d7cc0a53ed5240cd,2019-04-24,3174557,532,86,Claudio Pizarro,substitutes,Centre-Forward,4,0
59d3fea421ef12eb2c050adbe07e940e,2019-05-01,3177022,3333,31,James Milner,starting_lineup,Central Midfield,7,1
a1c69681fe5aac4e324596cdafccbd69,2019-05-07,3177025,3333,31,James Milner,starting_lineup,Central Midfield,7,0
14dfdac4c87522f1009ce49719bbbe52,2019-06-01,3183105,3333,31,James Milner,substitutes,Central Midfield,7,0
1527ef04f1b23699f3f1b4747a8af70f,2019-08-14,3192360,3333,31,James Milner,starting_lineup,Central Midfield,7,0
7a608d4129b965ec85f652963ebae42b,2019-08-09,3194817,3333,31,James Milner,substitutes,Central Midfield,7,0
0f2d24e5e426e52440085d924309948f,2019-08-10,3195521,532,86,Claudio Pizarro,substitutes,Centre-Forward,14,0
d4a48af9f038bb43115647a90ed28f17,2019-08-17,3203430,532,86,Claudio Pizarro,substitutes,Centre-Forward,14,0
e4359d1fba173d1afa75cef3602072f1,2019-08-24,3203443,532,86,Claudio Pizarro,substitutes,Centre-Forward,14,0
8882d581a88276fe7a5930cd30c289f2,2019-08-24,3203448,2865,167,Stephan Lichtsteiner,starting_lineup,Right-Back,2,0
c274d43ab4d556f88d3f741580102321,2019-09-01,3203456,532,86,Claudio Pizarro,substitutes,Centre-Forward,14,0
8ce5189fa187e7068cddf415620a03a9,2019-09-01,3203456,2865,167,Stephan Lichtsteiner,starting_lineup,Right-Back,2,0
bf2b5dfe5fb4460dd37cd62e9d44bef5,2019-09-14,3203468,532,86,Claudio Pizarro,substitutes,Defensive Midfield,14,0
adc61bc4dbcd6c6d3c40c135500afc18,2019-09-21,3203474,532,86,Claudio Pizarro,substitutes,Centre-Forward,14,0
8e3b43483923effbde034710876f0276,2019-09-21,3203476,2865,167,Stephan Lichtsteiner,starting_lineup,Right-Back,2,0
ce148e0f5a9ee0f4faef5acd17998306,2019-09-28,3203478,532,86,Claudio Pizarro,substitutes,Centre-Forward,14,0
b50da19968ff89a3daa406b482765b4a,2019-09-28,3203483,2865,167,Stephan Lichtsteiner,starting_lineup,Right-Back,2,0
ee7fa12546bcba9aec57bbbb4212c7c2,2019-10-06,3203489,2865,167,Stephan Lichtsteiner,starting_lineup,Right-Back,2,0
e47b635c95e6761656cf6970e5a44da5,2019-10-19,3203499,532,86,Claudio Pizarro,substitutes,Centre-Forward,14,0
818423f2795de14a67ab35a9930c1fda,2019-10-19,3203502,2865,167,Stephan Lichtsteiner,starting_lineup,Right-Back,2,0
1ee15483becc0033bfeaae8d39355343,2019-10-27,3203508,2865,167,Stephan Lichtsteiner,starting_lineup,Right-Back,2,0
cdee2df05f7b112c3efddc68c3a302a1,2019-11-03,3203521,2865,167,Stephan Lichtsteiner,starting_lineup,Right-Back,2,0
4376af4bec056ec951713e594974aa4c,2019-11-23,3203536,532,86,Claudio Pizarro,substitutes,Centre-Forward,14,0
81e5af792ed85d335754db6e2fddc9cc,2019-12-01,3203543,532,86,Claudio Pizarro,substitutes,Centre-Forward,14,0
cab2623706fd1aa94208782496ca7ecf,2019-11-30,3203548,2865,167,Stephan Lichtsteiner,substitutes,Right-Back,2,0
0d8d120655231b69ba1c98bb25a9eb8d,2019-12-08,3203555,532,86,Claudio Pizarro,substitutes,Centre-Forward,14,0
e0de989523020c0d47dae4c0e85d284f,2019-12-07,3203557,2865,167,Stephan Lichtsteiner,starting_lineup,Right-Back,2,0
45909bf5bbc27fe171c84a05f18bad7c,2019-12-13,3203561,2865,167,Stephan Lichtsteiner,starting_lineup,Right-Back,2,0
53bd4fcab3730f212a5e1cfd4c7b2576,2019-12-17,3203573,532,86,Claudio Pizarro,substitutes,Centre-Forward,14,0
868bfd77d0b9dc9fe62c862d8c16304f,2019-12-17,3203575,2865,167,Stephan Lichtsteiner,starting_lineup,Right-Back,2,0
aea734b9ad384dc278814eb25263be45,2019-12-21,3203578,2865,167,Stephan Lichtsteiner,starting_lineup,Right-Back,2,0
5c6e3f6c1abc048ff3599ecfa2c3eb87,2019-12-21,3203584,532,86,Claudio Pizarro,substitutes,Centre-Forward,14,0
ff49c546b0a036bc43826478ebccc224,2020-01-18,3203592,2865,167,Stephan Lichtsteiner,starting_lineup,Right-Back,2,0
fee3d24018757e17e29f4e2ecc8d2cc3,2020-01-26,3203601,532,86,Claudio Pizarro,substitutes,Centre-Forward,14,0
c21f0db5bf958671ae96ed146f2d74bb,2020-02-07,3203617,2865,167,Stephan Lichtsteiner,substitutes,Right-Back,2,0
ab564324278021c14e6e1c4594542613,2020-02-08,3203618,532,86,Claudio Pizarro,substitutes,Attacking Midfield,14,0
f2b3062689374a1642d1a8e8fe275d85,2020-02-15,3203627,2865,167,Stephan Lichtsteiner,starting_lineup,Right-Back,2,0
c2897dae9da7be794b5175517721b007,2020-02-29,3203646,2865,167,Stephan Lichtsteiner,starting_lineup,Right-Back,2,0
6faa962b1b31c96787a4e4f6acc62d78,2020-03-07,3203653,532,86,Claudio Pizarro,substitutes,Centre-Forward,14,0
614fe94c924a498c77548c198cac5284,2020-05-27,3203683,2865,167,Stephan Lichtsteiner,substitutes,Right-Back,2,0
f9a2977a5eb12be78d5f9db92d02bc17,2020-05-30,3203688,2865,167,Stephan Lichtsteiner,starting_lineup,Right-Back,2,0
17995a1436e6bdf8eb46f7735a7737db,2020-06-16,3203717,532,86,Claudio Pizarro,substitutes,Attacking Midfield,14,0
f45f66784538b1153102d27158e3cfdc,2020-06-17,3203719,2865,167,Stephan Lichtsteiner,starting_lineup,Right-Back,2,0
146350cc84ed4a51e76129e6a784ff14,2020-06-20,3203726,532,86,Claudio Pizarro,substitutes,Centre-Forward,14,0
edcb4115cacd9ee94f32db95cc7636ce,2020-06-27,3203735,532,86,Claudio Pizarro,substitutes,Centre-Forward,14,0
bbfc344de274b3d01a54a9c874954aed,2019-09-28,3219070,3333,31,James Milner,substitutes,Central Midfield,7,0
5f4808bfeb3f96c76e9495e18220421f,2019-09-22,3219071,3333,31,James Milner,substitutes,Central Midfield,7,0
d3c22ac124a7b6118e5b860dd821ad7d,2019-09-14,3219082,3333,31,James Milner,substitutes,Central Midfield,7,0
e4a0351a5547487f90336cd8c3a90a4a,2019-08-24,3219086,3333,31,James Milner,substitutes,Central Midfield,7,0
4a8567933e4e4abb10cc7473d2b9fd42,2020-07-26,3219102,3333,31,James Milner,starting_lineup,Central Midfield,7,1
4bdf52b1adddc7283c26e7af92aba623,2020-03-07,3219128,3333,31,James Milner,starting_lineup,Left-Back,7,1
cf4cd31348c9505e027a8e9d9d6db797,2020-06-21,3219142,3333,31,James Milner,starting_lineup,Left-Back,7,0
d9f2a7122855659bf28d2748ec094e17,2020-07-22,3219163,3333,31,James Milner,substitutes,Central Midfield,7,0
f4bebf7fa9929e811e06de1af15d7381,2020-07-08,3219206,3333,31,James Milner,substitutes,Central Midfield,7,0
28a85c63bf198b6da35c275fd467e482,2020-02-15,3219230,3333,31,James Milner,substitutes,Central Midfield,7,0
964f551aca99a1976199f7fef0fc57ff,2020-01-02,3219270,3333,31,James Milner,starting_lineup,Central Midfield,7,0
525260aac4f6f25b6c712cf34c60c61e,2019-12-26,3219290,3333,31,James Milner,substitutes,Central Midfield,7,0
067c962738314fd8176955b3381e4750,2019-12-29,3219294,3333,31,James Milner,substitutes,Central Midfield,7,0
33404c260114fd81c7b79fc785c498f4,2019-12-14,3219316,3333,31,James Milner,starting_lineup,Left-Back,7,0
4eb334a0b54c8d31842ae930c1b7b71e,2019-12-04,3219320,3333,31,James Milner,starting_lineup,Defensive Midfield,7,1
d234f7063e6afe873e366d592e7c64a9,2019-12-07,3219321,3333,31,James Milner,starting_lineup,Central Midfield,7,0
e1d95750cd12ae88b70ee9108275744a,2019-11-23,3219354,3333,31,James Milner,substitutes,Central Midfield,7,0
c7d9e27a83e5790772e3b63ead92093f,2019-11-10,3219364,3333,31,James Milner,substitutes,Left Midfield,7,0
767d7ed640cab9c500a75e96fccb0748,2019-10-27,3219389,3333,31,James Milner,substitutes,Central Midfield,7,0
cae55545b6235015c19a66f003c90162,2019-10-05,3219405,3333,31,James Milner,starting_lineup,Central Midfield,7,1
c5fbbc57768ec0ec13ccfd01c4cce972,2019-08-17,3219431,3333,31,James Milner,starting_lineup,Central Midfield,7,1
b02c29b071ad72955a7a37a5dc4508c2,2019-09-17,3252155,3333,31,James Milner,starting_lineup,Central Midfield,7,0
e4959ce47365d571650163f5f63dd848,2019-10-02,3252171,3333,31,James Milner,substitutes,Central Midfield,7,0
57555e9c89bb78c429bc1eb197ba16d2,2019-10-23,3252195,3333,31,James Milner,starting_lineup,Right-Back,7,1
d0df097cf968c99b164295c737e13223,2019-11-05,3252202,3333,31,James Milner,starting_lineup,Left-Back,7,1
d7ae15bb58a23fd8c759676a19d6f49b,2019-11-27,3252227,3333,31,James Milner,starting_lineup,Central Midfield,7,0
2223e533e9aabbd4438b93df9450dcb3,2019-12-10,3252234,3333,31,James Milner,substitutes,Central Midfield,7,0
5658fa9b2a2f8d83b7f8529c0f12167c,2019-12-18,3291619,3333,31,James Milner,starting_lineup,Right-Back,7,0
9211d29ff0a7fef1470ac75e8f53c016,2020-02-18,3291930,3333,31,James Milner,substitutes,Central Midfield,7,0
256b834e198762d2ed036564c14fa9c2,2020-03-11,3291938,3333,31,James Milner,substitutes,Central Midfield,7,0
935d16ddfb808feec3f67a7bf021d1cc,2019-12-21,3293376,3333,31,James Milner,substitutes,Central Midfield,7,0
7841514959f25286433938c1503b0515,2020-01-05,3300794,3333,31,James Milner,starting_lineup,Left-Back,7,1
24228cc12af6b0940d991b7acede4dee,2020-03-03,3322354,3333,31,James Milner,substitutes,Central Midfield,7,0
24c3cfcbc9c93d532adbec84203621e9,2020-09-20,3420840,3333,31,James Milner,substitutes,Central Midfield,7,0
2668a9e853e255ed07d519daf2e6c9bf,2020-09-28,3421697,3333,31,James Milner,substitutes,Central Midfield,7,0
a78f7c770e0d5151687b1c0a20f79619,2020-10-04,3421704,3333,31,James Milner,substitutes,Central Midfield,7,0
9f5b58da25699f87973c2eb730be1c2b,2020-10-24,3421728,3333,31,James Milner,substitutes,Central Midfield,7,0
a39eeceb7dbc3de4fc2d20035cba6c29,2020-10-31,3421737,3333,31,James Milner,substitutes,Central Midfield,7,0
735a544a8e554b0ecc20513a32ce7b15,2020-11-08,3421749,3333,31,James Milner,substitutes,Right-Back,7,0
eb4aff708f951edc6d0c3c97dd86962a,2020-11-22,3421757,3333,31,James Milner,starting_lineup,Right-Back,7,1
52f453c1265270c5270c999f728c8aae,2020-11-28,3421764,3333,31,James Milner,starting_lineup,Central Midfield,7,1
a9df35ec320600d22d3bef52767e1666,2020-12-30,3421829,3333,31,James Milner,starting_lineup,Central Midfield,7,0
46e558354e0032c60a8484ea5e14a291,2021-01-04,3421840,3333,31,James Milner,substitutes,Central Midfield,7,0
779350f25bf080cfb2baa5ab941b9000,2021-01-17,3421858,3333,31,James Milner,substitutes,Central Midfield,7,0
ba393dedd3e68231823d9edd3b188bae,2021-01-28,3429692,3333,31,James Milner,starting_lineup,Central Midfield,7,0
3b1d0a922ec1fdd2a991e531aab3933a,2021-01-31,3429702,3333,31,James Milner,starting_lineup,Central Midfield,7,0
eb2ed228a4543e39e1cf64198f481e73,2021-02-03,3429710,3333,31,James Milner,starting_lineup,Central Midfield,7,0
ad9bbc7142f4211f3f88cd754d490c49,2021-02-07,3429717,3333,31,James Milner,substitutes,Central Midfield,7,0
f53926b83d0fe96ba0a7955667b74369,2021-02-13,3429728,3333,31,James Milner,starting_lineup,Central Midfield,7,0
3ce2b32519f62cfe47aa3dfc8b363139,2021-02-28,3429750,3333,31,James Milner,substitutes,Central Midfield,7,0
0c71993be01ce5715f68b828ace9f8d6,2021-03-07,3429757,3333,31,James Milner,starting_lineup,Central Midfield,7,1
1d8b0ff0c21d48d5a03ea2f8a1187b64,2021-03-15,3429772,3333,31,James Milner,substitutes,Central Midfield,7,0
c9624d073b385435246983fac70a7a0f,2021-03-04,3429777,3333,31,James Milner,substitutes,Central Midfield,7,0
4f693eb5b11824e7d43119ceea8fd411,2021-04-03,3429783,3333,31,James Milner,starting_lineup,Central Midfield,7,1
9eea143f19d61c81835ac0b93aec5bc4,2021-04-10,3429797,3333,31,James Milner,starting_lineup,Central Midfield,7,1
e774bcac80a137f0a861a36f2d8b6bcd,2021-04-19,3429807,3333,31,James Milner,starting_lineup,Central Midfield,7,1
12fc3f7b00cd2888563b4b797831af1b,2021-04-24,3429818,3333,31,James Milner,substitutes,Central Midfield,7,0
438509661f324a07e39e4e732c17e520,2021-05-19,3429854,3333,31,James Milner,substitutes,Central Midfield,7,0
10829a2738d2060f3f2b17bcb1862caa,2021-05-23,3429868,3333,31,James Milner,substitutes,Central Midfield,7,0
69e5cae78c1f27942f1adc0bfe5090f9,2020-08-29,3430487,3333,31,James Milner,starting_lineup,Central Midfield,7,1
e0ba79fe1d3f91045fa36bfa4abd2371,2020-10-21,3461716,3333,31,James Milner,starting_lineup,Central Midfield,7,1
14f86268ae2d43b7db9c27b6382284b8,2020-10-27,3461739,3333,31,James Milner,starting_lineup,Central Midfield,7,0
2e96f40280587fe822f33c0e6e7c433b,2020-11-03,3461756,3333,31,James Milner,substitutes,Left-Back,7,0
350987a8735e538f658206908782628a,2020-11-25,3461771,3333,31,James Milner,starting_lineup,Central Midfield,7,1
2ccb1b127138bb63ff57b8db103072f5,2021-01-08,3491222,3333,31,James Milner,starting_lineup,Left-Back,7,0
0f9b3020b1f537cee1077f74ec8086af,2021-03-10,3496459,3333,31,James Milner,substitutes,Central Midfield,7,0
62a1a9184917d9a3b1a14873eef9b480,2021-01-24,3508019,3333,31,James Milner,starting_lineup,Central Midfield,7,1
ff7d739ef8cf90f84aabd805499f6ea8,2021-04-14,3537806,3333,31,James Milner,starting_lineup,Central Midfield,7,1
4127e7e02fe37eea71cc3a1387816deb,2021-08-14,3583483,3333,31,James Milner,starting_lineup,Defensive Midfield,7,1
3cbd675fca53e17dc34aedfc3a42fc7f,2021-09-18,3591964,3333,31,James Milner,starting_lineup,Right-Back,7,0
00541184cca254c97cca150a804b31a0,2021-10-03,3592006,3333,31,James Milner,starting_lineup,Right-Back,7,0
37dfe24879d971f55b9d8aef7aa83dac,2021-10-16,3592020,3333,31,James Milner,starting_lineup,Central Midfield,7,0
c94296697a268b2c64b98b1f8a0ab35d,2021-10-24,3592048,3333,31,James Milner,starting_lineup,Central Midfield,7,0
38e0e1fb0218b6bd7c1cadfcc6c45691,2021-12-16,3592059,3333,31,James Milner,substitutes,Central Midfield,7,0
4caf93c56c8ca022725d5287cc98bcd0,2021-12-04,3592070,3333,31,James Milner,substitutes,Central Midfield,7,0
f51b40a733d178ea7aefaa0a155b7323,2021-12-11,3592078,3333,31,James Milner,substitutes,Central Midfield,7,0
def05942891d34b95edf84e225e4a500,2021-12-19,3592087,3333,31,James Milner,starting_lineup,Central Midfield,7,1
bcbd772587741f45f03693a67b018b5f,2021-11-27,3592098,3333,31,James Milner,substitutes,Central Midfield,7,0
2edb20ea7447f1bd8994622db8f17413,2022-01-16,3592114,3333,31,James Milner,substitutes,Central Midfield,7,0
9ffda217885d527202b6bb5c442316d7,2022-01-23,3592124,3333,31,James Milner,substitutes,Central Midfield,7,0
f48f7ea9b87e6582290bb67ea36bd1b8,2021-12-01,3592132,3333,31,James Milner,substitutes,Central Midfield,7,0
3ac65ea4d15948e0fd23d78b5bf48035,2022-03-05,3592144,3333,31,James Milner,substitutes,Central Midfield,7,0
eb0f5ec6cf8ce1b220d70465511e5cbf,2022-02-13,3592162,3333,31,James Milner,substitutes,Central Midfield,7,0
dad0f8c22e2554de6ff01041b999105f,2022-03-12,3592176,3333,31,James Milner,substitutes,Central Midfield,7,0
15677cd9dd0abc4974d271c2b77f7b87,2022-02-23,3592191,3333,31,James Milner,substitutes,Central Midfield,7,0
64a6233ff04a55dad76c11e733de60f7,2022-04-19,3592203,3333,31,James Milner,substitutes,Central Midfield,7,0
ca6bdfc69f88fbaa614124505358f687,2022-04-02,3592222,3333,31,James Milner,substitutes,Central Midfield,7,0
ccf0371cb6fc374757ec72e18d011190,2022-05-17,3592229,3333,31,James Milner,starting_lineup,Defensive Midfield,7,1
9297b5cd2b34d3390d6a877c20b5f87c,2022-04-30,3592232,3333,31,James Milner,starting_lineup,Central Midfield,7,0
991ce08a76a0a3afb61d9a41b269962c,2022-05-22,3592241,3333,31,James Milner,substitutes,Central Midfield,7,0
1fbfcee1c5cffd90250991ec0cdc6bfa,2021-12-28,3592297,3333,31,James Milner,substitutes,Central Midfield,7,0
635a8d26299da84a8cdbd4634b87d2c1,2022-01-02,3592303,3333,31,James Milner,starting_lineup,Central Midfield,7,0
90dfb2b33ce669aecbcc762833f8d40f,2021-09-15,3651040,3333,31,James Milner,substitutes,Central Midfield,7,0
0efe3d48001c6d51edc30b2112456f11,2021-09-28,3651064,3333,31,James Milner,starting_lineup,Right-Back,7,0
1a9a2ebd1bdf9a1c8aec1488f50fb958,2021-10-19,3651079,3333,31,James Milner,starting_lineup,Central Midfield,7,0
ce0f03e0d0398c9e642036ec8cd41827,2021-11-24,3651120,3333,31,James Milner,substitutes,Left Midfield,7,0
7a2e73e491452c15cc55533ba416ea9a,2022-02-16,3714220,3333,31,James Milner,substitutes,Central Midfield,7,0
584bb58755de1941e02d76d6c24d2051,2022-02-06,3729278,3333,31,James Milner,substitutes,Defensive Midfield,7,0
abc44193f8b9877280fbf463e827adf6,2022-03-02,3758674,3333,31,James Milner,starting_lineup,Right-Back,7,0
d964a025f6654a05d7697353993627c6,2022-04-05,3773447,3333,31,James Milner,substitutes,Central Midfield,7,0
cff6e7c83c6a79e2478c586877d9d9ac,2022-04-13,3773451,3333,31,James Milner,starting_lineup,Defensive Midfield,7,0
0f0fef5a7c32d9c6c04626b8fc010936,2022-05-03,3796969,3333,31,James Milner,substitutes,Central Midfield,7,0
5373531f639c9eb851cf44aef1b1cb43,2022-05-14,3813442,3333,31,James Milner,substitutes,Central Midfield,7,0
8d037bf116bc8848bb22ee4e8ccfcda2,2022-08-06,3837815,3333,31,James Milner,substitutes,Central Midfield,7,0
f8187d3f44a4ce570e4ae6cb73813017,2022-08-15,3837828,3333,31,James Milner,starting_lineup,Central Midfield,7,1
3b673aa540005dfd971ab101f548a04f,2022-08-22,3837840,3333,31,James Milner,starting_lineup,Central Midfield,7,0
bbe7255df8aeb57472461e620bc64e66,2022-08-27,3837849,3333,31,James Milner,substitutes,Central Midfield,7,0
1be3c20deebadfd6c3e72509428e4c94,2022-08-31,3837862,3333,31,James Milner,substitutes,Right-Back,7,0
218eea5c367da2c8217cde54278c53c4,2022-09-03,3837976,3333,31,James Milner,substitutes,Right-Back,7,0
6fa2c02ff8c3063c56ed05f6b5e9a2ae,2023-03-01,3837994,3333,31,James Milner,substitutes,Right-Back,7,0
07cd8b6d7483fbbd26ccc39157f147e9,2023-04-04,3838001,3333,31,James Milner,substitutes,Central Midfield,7,0
293c6ef7c17b72c17ae67bc48db08d63,2022-10-01,3838014,3333,31,James Milner,substitutes,Left-Back,7,0
2b6da4bba0c81d54cb5130fee690b6b3,2022-10-16,3838033,3333,31,James Milner,starting_lineup,Right-Back,7,1
8319539102bcdd8e0899cb327a1db37a,2022-10-19,3838058,3333,31,James Milner,substitutes,Attacking Midfield,7,0
eb33a8f14bf23866031549bb2333071f,2022-10-22,3838193,3333,31,James Milner,starting_lineup,Right-Back,7,1
418003f912b89ba12bc690dccd89040d,2022-10-29,3838211,3333,31,James Milner,substitutes,Right-Back,7,0
cdff2e250e1b03b93c89d4fdbeae71e7,2022-11-12,3838239,3333,31,James Milner,substitutes,Central Midfield,7,0
54e3ebf377d654985725cbf0244e1ce7,2023-05-28,3838602,3333,31,James Milner,starting_lineup,Central Midfield,7,1
72d1bc6b25f917e1ad0bd347803874a0,2023-05-20,3838606,3333,31,James Milner,substitutes,Central Midfield,7,0
2811780a9c44eb763b8ebb4408426b4e,2023-05-15,3838620,3333,31,James Milner,substitutes,Central Midfield,7,0
098fbb748e72831971a49876d53a3baa,2023-05-06,3838626,3333,31,James Milner,substitutes,Central Midfield,7,0
2ecb2edef6f3e24a828bdcf0dc052a58,2023-04-30,3838641,3333,31,James Milner,substitutes,Central Midfield,7,0
4be72346cfff9650e265115531de8865,2023-04-26,3838655,3333,31,James Milner,substitutes,Central Midfield,7,0
f1d820aed952cfaa6ea2989e4ebe02d5,2023-04-22,3838667,3333,31,James Milner,substitutes,Central Midfield,7,0
24d317effc9583dc53d782984ecf63d6,2023-04-17,3838682,3333,31,James Milner,substitutes,Central Midfield,7,0
27274a1ddfd6b18f2a4176d6c981304f,2023-04-01,3838704,3333,31,James Milner,substitutes,Central Midfield,7,0
41be8ee2a9d273dc5ef994e90e24db38,2023-05-03,3838716,3333,31,James Milner,substitutes,Central Midfield,7,0
228fb7e1db2153cd1ef0023741a65890,2023-03-11,3838721,3333,31,James Milner,substitutes,Central Midfield,7,0
160eee64809779455f4b55cdcb6dc983,2023-03-05,3838735,3333,31,James Milner,substitutes,Central Midfield,7,0
828996e221e1bc0545178cd5f7322363,2023-02-25,3838742,3333,31,James Milner,starting_lineup,Central Midfield,7,0
5880dadb8c8ac79d292b179d02ef9ba8,2023-02-18,3838757,3333,31,James Milner,substitutes,Central Midfield,7,0
335ba8e4e58b511fc4d1c3d3a69eb298,2023-02-13,3838764,3333,31,James Milner,substitutes,Central Midfield,7,0
19c98010b6011f278e4e779d3cd85c83,2023-02-04,3838777,3333,31,James Milner,substitutes,Central Midfield,7,0
624ba410803c8a8a5cfe6c0eb538b7a4,2023-01-21,3838786,3333,31,James Milner,starting_lineup,Right-Back,7,1
0d12a2dc28c97181769c6ce6a38c63a5,2022-07-30,3889181,3333,31,James Milner,substitutes,Right-Back,7,0
1b8fae15f8b0f9d2756536192d7c5efd,2022-10-26,3911720,3333,31,James Milner,substitutes,Central Midfield,7,0
24a1a26ac58ee068424b980263afdf53,2022-11-01,3911724,3333,31,James Milner,starting_lineup,Central Midfield,7,1
acf5c82cda525506aa318fd070a65e80,2022-10-04,3911725,3333,31,James Milner,substitutes,Defensive Midfield,7,0
6cc0739306afe17fc27f5f015252c758,2022-09-07,3911727,3333,31,James Milner,starting_lineup,Central Midfield,7,1
c3ffb9e9fda14539d61b8f7e25112100,2022-10-12,3911730,3333,31,James Milner,substitutes,Right-Back,7,0
3516169c608c2b608ba427e5ad553255,2022-09-13,3913722,3333,31,James Milner,substitutes,Central Midfield,7,0
165861855104ae52aa246d063ac90fd2,2023-03-15,3956686,3333,31,James Milner,starting_lineup,Central Midfield,7,1
8c808d71381e77705a237575d385420d,2023-02-21,3956694,3333,31,James Milner,substitutes,Central Midfield,7,0
82bf4d97342654edc57fcdfb8066929c,2023-01-17,3999705,3333,31,James Milner,starting_lineup,Right-Back,7,1
52865eebb26063b56a555881f8b98af0,2023-01-29,4013658,3333,31,James Milner,substitutes,Right-Back,7,0
1f002e6fc9960b42eb9a86f41aad008a,2023-08-12,4087927,3333,1237,James Milner,starting_lineup,Right-Back,6,0
bf62abd024912ddf4ce9812a99fd6cb5,2023-08-19,4087943,3333,1237,James Milner,starting_lineup,Right-Back,6,0
926dbb31120c465f8a71cdd8f8229906,2023-08-26,4087947,3333,1237,James Milner,starting_lineup,Right-Back,6,0
242679d2c28883af2ce4132d4e333131,2023-09-02,4087956,3333,1237,James Milner,substitutes,Central Midfield,6,0
9a1d8b3c02d8ed36b9243823af365753,2023-09-16,4087967,3333,1237,James Milner,substitutes,Left-Back,6,0
a70d64c88d86086e3921ad3b59df4743,2023-10-21,4095161,3333,1237,James Milner,starting_lineup,Right-Back,6,0
b8537c8ec1543270541f142f24f84a87,2023-11-04,4095178,3333,1237,James Milner,starting_lineup,Central Midfield,6,0
7565bcc2e4568ac229a0a0c50a870b78,2023-12-03,4095210,3333,1237,James Milner,substitutes,Left-Back,6,0
e0fff8576751c43ce9ec4af1648435fa,2023-12-06,4095217,3333,1237,James Milner,substitutes,Central Midfield,6,0
fea058dfaf932ba1c37dff98662817c4,2023-12-09,4095227,3333,1237,James Milner,starting_lineup,Left-Back,6,0
f9a0a57508a45e11c2834073f1be07a5,2023-12-17,4095237,3333,1237,James Milner,starting_lineup,Left-Back,6,0
72d126b25dc90fd0e37ab1aec977b8a1,2023-12-28,4095259,3333,1237,James Milner,starting_lineup,Left Midfield,6,0
57e7d5e19c8df9640a5b3602ab087100,2024-01-02,4095274,3333,1237,James Milner,starting_lineup,Central Midfield,6,0
f98177189da51d5c5e1720c0e37b42c1,2024-01-22,4095279,3333,1237,James Milner,starting_lineup,Central Midfield,6,0
b686b8e4ce7a17928a739c4632395f4d,2024-01-30,4095288,3333,1237,James Milner,starting_lineup,Right Midfield,6,0
3fbf8b1bc89f5088dd421592a7b5788b,2023-11-09,4172074,3333,1237,James Milner,starting_lineup,Left-Back,6,0
131bdde8b15c5be1e4846a942b4fc5a4,2023-10-26,4172079,3333,1237,James Milner,starting_lineup,Left-Back,6,0
5b49c6ee892cf7b76c3e3922712f1eb2,2023-12-14,4172080,3333,1237,James Milner,substitutes,Central Midfield,6,0
25a5c473cdaa5138fa013cfe2deb87a3,2023-09-21,4172081,3333,1237,James Milner,starting_lineup,Right-Back,6,0
3d2f54fc74318ca2cf062a8a6b46daef,2023-11-30,4172084,3333,1237,James Milner,substitutes,Central Midfield,6,0
b6d0351cb873235362fd63054c6fceec,2024-08-17,4361264,3333,1237,James Milner,starting_lineup,Central Midfield,6,0
bcb132085e6e1f9fc967906ff1d3d575,2024-08-24,4361273,3333,1237,James Milner,starting_lineup,Central Midfield,6,0
c7ec7b89cc1ffa5064a67c966bb9ce23,2024-08-31,4361290,3333,1237,James Milner,starting_lineup,Central Midfield,6,0
6f9c87a6ce9fe6df5a91c9b978b2f14d,2025-05-25,4361538,3333,1237,James Milner,substitutes,Central Midfield,6,0
22bfd20623598514e606032736fc3ee0,2025-08-16,4625777,3333,1237,James Milner,substitutes,Left Winger,20,0
fada57ed48ce0770c811deecfa95db9e,2025-08-31,4625795,3333,1237,James Milner,substitutes,Central Midfield,20,0
6680d02f75844138933b1d5c70cd8599,2025-09-13,4625805,3333,1237,James Milner,starting_lineup,Central Midfield,20,0
929b71270742c2e69b943b5e7549f648,2025-09-20,4625816,3333,1237,James Milner,substitutes,Left-Back,20,0
2b61b7e89cdc83fa236497a7ed109ab8,2025-10-05,4625843,3333,1237,James Milner,substitutes,Central Midfield,20,0
7147820c827aaa8cbea0af8d42febe4a,2025-10-18,4625844,3333,1237,James Milner,substitutes,Central Midfield,20,0
66fe86d7cca429e1739c54eb557cf849,2025-10-25,4625861,3333,1237,James Milner,substitutes,Central Midfield,20,0
6a09007d21ca7ffff69dac956756127d,2025-12-13,4625929,3333,1237,James Milner,substitutes,Left-Back,20,0
bac6b3711a935afb82e12465913cdcbb,2025-12-20,4625936,3333,1237,James Milner,substitutes,Central Midfield,20,0
a79a4ac0ad917fde132d169fab3f65d6,2025-12-30,4625963,3333,1237,James Milner,starting_lineup,Defensive Midfield,20,0
033610530a7cbbeaa4618140a9e30458,2026-01-03,4625966,3333,1237,James Milner,substitutes,Central Midfield,20,0
a54a8203246ba3effb22d5c639b56fa0,2026-01-07,4626005,3333,1237,James Milner,substitutes,Central Midfield,20,0
06009bb522721f827754a60a79058cd8,2026-01-24,4626024,3333,1237,James Milner,substitutes,Central Midfield,20,0
9a4d65346041d919f1247e22dd3b43f1,2026-01-31,4626029,3333,1237,James Milner,substitutes,Central Midfield,20,0
3a9e9a3b9cc4992e71e0f5ca6b5dd66b,2026-02-11,4626048,3333,1237,James Milner,substitutes,Central Midfield,20,0
de6aeee07cc163ff8f0023a36451ca87,2026-02-21,4626059,3333,1237,James Milner,starting_lineup,Defensive Midfield,20,0
e9da3995e20da577614a70fd8901bb12,2026-03-01,4626070,3333,1237,James Milner,starting_lineup,Central Midfield,20,0
a76e25a948cf464ed438f05ccb859db6,2026-03-14,4626096,3333,1237,James Milner,starting_lineup,Central Midfield,20,0
26fb78ef468ad8a8a53b4ebc179f993a,2026-03-21,4626100,3333,1237,James Milner,starting_lineup,Defensive Midfield,20,0
5312004c9ee77bea605b947e5d6aa5b9,2026-05-24,4626168,3333,1237,James Milner,starting_lineup,Central Midfield,20,0
22850c368d47c483afca6e401953f8a6,2025-08-27,4709801,3333,1237,James Milner,starting_lineup,Defensive Midfield,20,1
a7aac8cde8505e691e186667cdb7b0ee,2025-09-23,4715841,3333,1237,James Milner,starting_lineup,Defensive Midfield,20,1
