player_id,date,market_value_in_eur,current_club_name,current_club_id,player_club_domestic_competition_id
3132,2003-12-09,400000,Dynamo Kyiv,126,TR1
10,2004-10-04,7000000,SV Werder Bremen,398,IT1
26,2004-10-04,1500000,Borussia Dortmund,16,L1
65,2004-10-04,8000000,Bayer 04 Leverkusen,1091,GR1
77,2004-10-04,13000000,Bayern Munich,506,IT1
80,2004-10-04,400000,Bayer 04 Leverkusen,27,L1
109,2004-10-04,9500000,Borussia Dortmund,825,TR1
123,2004-10-04,9500000,Borussia Dortmund,33,L1
132,2004-10-04,13000000,Borussia Dortmund,11,GB1
162,2004-10-04,1250000,Austria Vienna,79,L1
215,2004-10-04,7500000,Bayern Munich,1084,ES1
264,2004-10-04,250000,Sint-Truidense VV,79,L1
276,2004-10-04,250000,Herfölge Boldklub,20100,DK1
277,2004-10-04,1250000,Alemannia Aachen,3368,ES1
299,2004-10-04,9000000,SV Werder Bremen,10484,TR1
325,2004-10-04,8000000,ACF Fiorentina,141,TR1
332,2004-10-04,250000,Eintracht Frankfurt,24,L1
410,2004-10-04,5000000,Borussia Dortmund,16,L1
411,2004-10-04,2000000,FC Schalke 04,44,L1
447,2004-10-04,700000,Eintracht Frankfurt,24,L1
488,2004-10-04,1000000,Hertha BSC,2288,GB1
532,2004-10-04,9500000,Bayern Munich,86,L1
557,2004-10-04,3000000,VfL Wolfsburg,167,L1
568,2004-10-04,2000000,VfB Stuttgart,18,L1
597,2004-10-04,7500000,VfB Stuttgart,2696,RU1
598,2004-10-04,7500000,VfB Stuttgart,24,L1
643,2004-10-04,500000,VfL Bochum,86,L1
670,2004-10-04,4000000,VfL Wolfsburg,714,ES1
690,2004-10-04,6000000,SV Werder Bremen,39,L1
691,2004-10-04,300000,Alemannia Aachen,15,L1
735,2004-10-04,1250000,Genoa CFC,1210,IT1
755,2004-10-04,1750000,Fenerbahce,589,TR1
773,2004-10-04,3500000,Hamburger SV,14171,FR1
823,2004-10-04,3500000,Bayer 04 Leverkusen,4,L1
831,2004-10-04,350000,1.FC Kaiserslautern,1506,TR1
837,2004-10-04,2500000,Hertha BSC,18,L1
886,2004-10-04,250000,LR Ahlen,38,L1
892,2004-10-04,500000,Odd Grenland,39,L1
933,2004-10-04,500000,Manisaspor,2293,TR1
992,2004-10-04,450000,SpVgg Greuther Fürth,38,L1
1073,2004-10-04,1200000,1.FSV Mainz 05,16,L1
1075,2004-10-04,3000000,Bayer 04 Leverkusen,121,RU1
1083,2004-10-04,1500000,Hannover 96,128,GR1
1094,2004-10-04,1800000,Grazer AK,4,L1
1095,2004-10-04,2000000,Borussia Mönchengladbach,44,L1
1116,2004-10-04,700000,SpVgg Greuther Fürth,65,L1
1122,2004-10-04,350000,SpVgg Greuther Fürth,41,L1
1126,2004-10-04,500000,TSV 1860 Munich,3,L1
1139,2004-10-04,500000,1.FSV Mainz 05,39,L1
1144,2004-10-04,250000,FC Schalke 04,18,L1
1150,2004-10-04,1000000,1.FC Nuremberg,4,L1
1161,2004-10-04,11000000,FC Internazionale,46,IT1
1197,2004-10-04,250000,Helsingborgs IF,678,DK1
1257,2004-10-04,350000,LR Ahlen,127,L1
1277,2004-10-04,750000,Bayer 04 Leverkusen,86,L1
1321,2004-10-04,1500000,Bayer 04 Leverkusen,114,TR1
1323,2004-10-04,150000,Eintracht Braunschweig,24,L1
1327,2004-10-04,4000000,RC Lens,1159,FR1
1331,2004-10-04,8000000,VfB Stuttgart,533,L1
1335,2004-10-04,1000000,Hannover 96,42,L1
1363,2004-10-04,100000,1.FSV Mainz 05,33,L1
1368,2004-10-04,500000,Borussia Dortmund,1519,SC1
1381,2004-10-04,1800000,VfL Wolfsburg,44,L1
1397,2004-10-04,30000000,Real Madrid,512,GB1
1423,2004-10-04,1000000,FC Copenhagen,855,FR1
1426,2004-10-04,1500000,VfB Stuttgart,79,L1
1428,2004-10-04,900000,FC Schalke 04,60,L1
1443,2004-10-04,5000000,FC Schalke 04,190,DK1
1474,2004-10-04,3500000,1.FC Kaiserslautern,533,L1
1496,2004-10-04,120000,VfB Stuttgart II,24,L1
1532,2004-10-04,8000000,Ajax Amsterdam,28643,BE1
1560,2004-10-04,225000,ADO Den Haag,306,NL1
1565,2004-10-04,850000,Eintracht Frankfurt,24,L1
1568,2004-10-04,400000,SV Wacker Burghausen,38,L1
1572,2004-10-04,1000000,1.FC Nuremberg,162,FR1
1573,2004-10-04,4500000,Aston Villa,29,GB1
1586,2004-10-04,800000,SV Werder Bremen,42,L1
1587,2004-10-04,1000000,Karlsruher SC,42,L1
1606,2004-10-04,150000,Bröndby IF U19,2414,DK1
1613,2004-10-04,200000,UD Las Palmas,855,FR1
1659,2004-10-04,500000,SC Freiburg,23,L1
1662,2004-10-04,1000000,SC Freiburg,33,L1
1667,2004-10-04,200000,VfB Stuttgart,162,FR1
1684,2004-10-04,200000,SV Eintracht Trier 05,65,L1
1716,2004-10-04,1500000,Borussia Dortmund,6996,UKR1
1725,2004-10-04,500000,Viborg FF,173,DK1
1726,2004-10-04,400000,SpVgg Greuther Fürth,610,NL1
1743,2004-10-04,50000,VfL Wolfsburg,105,L1
1772,2004-10-04,500000,Eintracht Frankfurt,38,L1
1784,2004-10-04,200000,Bayer 04 Leverkusen,39,L1
1791,2004-10-04,1000000,1.FC Kaiserslautern,167,L1
1792,2004-10-04,2500000,FC Schalke 04,105,L1
1841,2004-10-04,250000,Rot-Weiss Essen,10484,TR1
1896,2004-10-04,50000,FC Schalke 04 II,19771,TR1
1944,2004-10-04,250000,VfB Lübeck,23,L1
1986,2004-10-04,1500000,1.FC Köln,167,L1
2048,2004-10-04,50000,Rot-Weiss Essen,403,NL1
2050,2004-10-04,2000000,SV Werder Bremen,24,L1
2138,2004-10-04,50000,OFK Beograd,40426,RU1
2148,2004-10-04,200000,FC Bayern Munich II,2944,TR1
2150,2004-10-04,300000,Borussia Mönchengladbach,16,L1
2201,2004-10-04,50000,SC Paderborn 07,127,L1
2219,2004-10-04,4500000,VfB Stuttgart,27,L1
2233,2004-10-04,500000,1.FC Köln,3368,ES1
2306,2004-10-04,50000,Karlsruher SC,42,L1
2309,2004-10-04,500000,VfL Bochum,121,RU1
2334,2004-10-04,75000,Fortuna Düsseldorf,44,L1
2358,2004-10-04,200000,Eintracht Frankfurt,82,L1
2374,2004-10-04,700000,Arminia Bielefeld,16,L1
2386,2004-10-04,50000,SV Sandhausen,23,L1
2421,2004-10-04,500000,Bayern Munich,38,L1
2453,2004-10-04,150000,Borussia Dortmund II,127,L1
2514,2004-10-04,3250000,Bayern Munich,985,GB1
2583,2004-10-04,300000,Eintracht Braunschweig,2760,SC1
2587,2004-10-04,500000,Samsunspor,524,TR1
2623,2004-10-04,800000,Bayern Munich,167,L1
2703,2004-10-04,1000000,Borussia Mönchengladbach,173,DK1
2712,2004-10-04,1000000,Hertha BSC,38,L1
2726,2004-10-04,75000,ESTAC Troyes,2990,PO1
2767,2004-10-04,850000,Hertha BSC,24,L1
2805,2004-10-04,500000,FC Schalke 04,42,L1
2857,2004-10-04,100000,Grasshopper Club Zurich,29,GB1
2865,2004-10-04,1250000,Grasshopper Club Zurich,167,L1
2874,2004-10-04,2750000,FC Basel 1893,265,GR1
2878,2004-10-04,200000,FC Luzern,750,FR1
2899,2004-10-04,2000000,FC Metz,2292,TR1
2904,2004-10-04,13000000,FC Barcelona,276,IT1
2923,2004-10-04,3000000,Rapid Vienna,3368,ES1
2926,2004-10-04,500000,Rapid Vienna,105,L1
2950,2004-10-04,150000,DSV Leoben,42,L1
2953,2004-10-04,1000000,SK Brann,41,L1
2956,2004-10-04,2000000,OGC Nice,68608,PO1
2963,2004-10-04,5000000,Bayern Munich,714,ES1
2989,2004-10-04,500000,Bayern Munich,27,L1
2998,2004-10-04,2250000,Chelsea FC,1003,GB1
2999,2004-10-04,750000,Alemannia Aachen,2578,SC1
3059,2004-10-04,750000,SK Sturm Graz,524,TR1
3098,2004-10-04,7250000,Aston Villa,190,DK1
3109,2004-10-04,17000000,Liverpool FC,31,GB1
3114,2004-10-04,550000,Borussia Mönchengladbach,42,L1
3115,2004-10-04,2500000,Manchester United,40,FR1
3118,2004-10-04,16000000,Newcastle United,1039,GB1
3120,2004-10-04,5750000,Everton FC,281,GB1
3130,2004-10-04,5500000,Newcastle United,289,GB1
3131,2004-10-04,7500000,Southampton FC,873,GB1
3132,2004-10-04,2000000,Dynamo Kyiv,126,TR1
3139,2004-10-04,40000000,Real Madrid,583,FR1
3146,2004-10-04,6000000,Newcastle United,512,GB1
3151,2004-10-04,4000000,Chelsea FC,148,GB1
3156,2004-10-04,7000000,Chelsea FC,148,GB1
3159,2004-10-04,250000,UC AlbinoLeffe,130,IT1
3160,2004-10-04,10000000,Chelsea FC,631,GB1
3163,2004-10-04,19500000,Chelsea FC,281,GB1
3165,2004-10-04,3000000,Olympique Lyon,141,TR1
3170,2004-10-04,1000000,Twente Enschede FC,1304,NL1
3172,2004-10-04,3000000,Deportivo Alavés,940,ES1
3176,2004-10-04,8500000,Chelsea FC,2282,BE1
3179,2004-10-04,4500000,Aston Villa,371,SC1
3182,2004-10-04,8000000,Arsenal FC,12,IT1
3190,2004-10-04,1000000,Arsenal FC,180,GB1
3195,2004-10-04,3500000,Arsenal FC,512,GB1
3201,2004-10-04,2000000,LOSC Lille,265,GR1
3205,2004-10-04,1000000,Norwich City,1083,RU1
3216,2004-10-04,16000000,Liverpool FC,589,TR1
3220,2004-10-04,15000000,Liverpool FC,931,GB1
3226,2004-10-04,15000000,Manchester City,984,GB1
3233,2004-10-04,1000000,Eintracht Frankfurt,533,L1
3235,2004-10-04,25000000,Manchester United,1039,GB1
3251,2004-10-04,5000000,Rangers FC,370,SC1
3256,2004-10-04,150000,SpVgg Greuther Fürth,15,L1
3259,2004-10-04,15000000,Chelsea FC,931,GB1
3266,2004-10-04,1000000,Arsenal FC,1158,FR1
3269,2004-10-04,500000,Tranmere Rovers,370,SC1
3270,2004-10-04,9000000,Everton FC,1123,GB1
3271,2004-10-04,5000000,Charlton Athletic,1039,GB1
3273,2004-10-04,4000000,Birmingham City,1003,GB1
3276,2004-10-04,6000000,Newcastle United,873,GB1
3287,2004-10-04,200000,Gillingham FC,2578,SC1
3291,2004-10-04,3500000,Aston Villa,984,GB1
3292,2004-10-04,750000,Manchester City,1132,GB1
3296,2004-10-04,9500000,Charlton Athletic,1003,GB1
3297,2004-10-04,12000000,Newcastle United,603,GB1
3306,2004-10-04,100000,Hull City,1132,GB1
3310,2004-10-04,700000,Manchester City,370,SC1
3321,2004-10-04,500000,Bristol City,3725,RU1
3322,2004-10-04,150000,Crewe Alexandra,903,SC1
3333,2004-10-04,7500000,Newcastle United,762,GB1
3354,2004-10-04,3000000,Club Brugge KV,2282,BE1
3356,2004-10-04,6500000,Manchester City,989,GB1
3357,2004-10-04,5000000,Middlesbrough FC,1003,GB1
3366,2004-10-04,26000000,AC Milan,5,IT1
3391,2004-10-04,500000,Manchester United Reserves,10484,TR1
3395,2004-10-04,2800000,Feyenoord Rotterdam,132,NL1
3397,2004-10-04,25000000,Manchester United,985,GB1
3404,2004-10-04,5500000,Manchester United,29,GB1
3405,2004-10-04,5000000,Manchester United,289,GB1
3406,2004-10-04,25000000,Manchester United,985,GB1
2306,2004-10-07,800000,Karlsruher SC,42,L1
3296,2004-10-07,4500000,Charlton Athletic,1003,GB1
410,2004-10-11,2750000,Borussia Dortmund,16,L1
1368,2004-10-11,1100000,Borussia Dortmund,1519,SC1
1560,2004-10-11,275000,ADO Den Haag,306,NL1
1716,2004-10-11,1900000,Borussia Dortmund,6996,UKR1
2587,2004-10-11,75000,Samsunspor,524,TR1
3170,2004-10-11,1300000,Twente Enschede FC,1304,NL1
3332,2004-10-13,37000000,Manchester United,985,GB1
258,2004-10-16,3500000,FC Schalke 04,33,L1
410,2004-10-16,3500000,Borussia Dortmund,16,L1
2998,2004-10-16,3000000,Chelsea FC,1003,GB1
2148,2004-10-17,300000,FC Bayern Munich II,2944,TR1
3165,2004-10-17,4000000,Olympique Lyon,141,TR1
2358,2004-10-28,300000,Eintracht Frankfurt,82,L1
755,2004-10-29,1500000,Fenerbahce,589,TR1
2587,2004-10-29,250000,Samsunspor,524,TR1
3205,2004-10-29,2000000,Norwich City,1083,RU1
2899,2004-11-01,2500000,FC Metz,2292,TR1
2956,2004-11-05,1000000,OGC Nice,68608,PO1
3201,2004-11-08,3500000,LOSC Lille,265,GR1
215,2004-11-10,4000000,Bayern Munich,1084,ES1
2421,2004-11-10,750000,Bayern Munich,38,L1
691,2004-11-14,350000,Alemannia Aachen,15,L1
2358,2004-11-14,400000,Eintracht Frankfurt,82,L1
3160,2004-11-14,15000000,Chelsea FC,631,GB1
691,2004-12-02,500000,Alemannia Aachen,15,L1
2999,2004-12-02,400000,Alemannia Aachen,2578,SC1
277,2004-12-03,1000000,Alemannia Aachen,3368,ES1
691,2004-12-03,1000000,Alemannia Aachen,15,L1
2999,2004-12-03,500000,Alemannia Aachen,2578,SC1
1150,2004-12-06,1500000,1.FC Nuremberg,4,L1
2374,2004-12-07,2250000,Arminia Bielefeld,16,L1
2050,2004-12-12,3000000,SV Werder Bremen,24,L1
2767,2004-12-14,1250000,Hertha BSC,24,L1
2989,2004-12-17,2500000,Bayern Munich,27,L1
1560,2004-12-18,400000,ADO Den Haag,306,NL1
26,2004-12-20,2000000,Borussia Dortmund,16,L1
2904,2004-12-20,12000000,FC Barcelona,276,IT1
3270,2004-12-21,7000000,Everton FC,1123,GB1
2865,2004-12-23,1400000,Grasshopper Club Zurich,167,L1
1397,2004-12-28,22000000,Real Madrid,512,GB1
3139,2004-12-28,28000000,Real Madrid,583,FR1
3271,2004-12-28,4200000,Charlton Athletic,1039,GB1
3296,2004-12-28,3500000,Charlton Athletic,1003,GB1
123,2004-12-29,6500000,Borussia Dortmund,33,L1
1496,2004-12-29,180000,VfB Stuttgart II,24,L1
1586,2004-12-29,1200000,SV Werder Bremen,42,L1
2805,2004-12-29,1200000,FC Schalke 04,42,L1
992,2004-12-31,750000,SpVgg Greuther Fürth,38,L1
2623,2005-01-03,1000000,Hamburger SV,167,L1
109,2005-01-04,7500000,Borussia Dortmund,825,TR1
2514,2005-01-04,4000000,Bayern Munich,985,GB1
1586,2005-01-05,2500000,SV Werder Bremen,42,L1
3165,2005-01-06,6000000,Olympique Lyon,141,TR1
10,2005-01-07,9000000,SV Werder Bremen,398,IT1
3182,2005-01-07,19500000,Arsenal FC,12,IT1
3195,2005-01-07,3000000,Arsenal FC,512,GB1
3202,2005-01-07,7250000,Arsenal FC,371,SC1
3266,2005-01-07,1250000,Arsenal FC,1158,FR1
2148,2005-01-09,200000,FC Bayern Munich II,2944,TR1
264,2005-01-10,400000,Sint-Truidense VV,79,L1
3273,2005-01-10,5000000,Birmingham City,1003,GB1
892,2005-01-11,600000,Lillestrøm SK,39,L1
3131,2005-01-12,6500000,Southampton FC,873,GB1
1126,2005-01-14,750000,TSV 1860 Munich,3,L1
3159,2005-01-16,100000,UC AlbinoLeffe,130,IT1
691,2005-01-22,2000000,Alemannia Aachen,15,L1
3226,2005-01-24,12800000,Manchester City,984,GB1
3292,2005-01-24,1750000,Manchester City,1132,GB1
3356,2005-01-24,7500000,Manchester City,989,GB1
1573,2005-01-26,4000000,Aston Villa,29,GB1
3179,2005-01-26,3500000,Aston Villa,371,SC1
3291,2005-01-26,4250000,Aston Villa,984,GB1
3201,2005-01-27,5000000,LOSC Lille,265,GR1
3357,2005-01-31,4200000,Middlesbrough FC,1003,GB1
258,2005-02-01,4500000,FC Schalke 04,33,L1
1532,2005-02-01,3500000,Borussia Mönchengladbach,28643,BE1
3118,2005-02-01,14000000,Newcastle United,1039,GB1
3130,2005-02-01,5000000,Newcastle United,289,GB1
3146,2005-02-01,7500000,Newcastle United,512,GB1
3251,2005-02-01,400000,Leicester City,370,SC1
3333,2005-02-01,5500000,Newcastle United,762,GB1
3109,2005-02-03,30000000,Liverpool FC,31,GB1
3216,2005-02-03,17500000,Liverpool FC,589,TR1
3220,2005-02-03,12500000,Liverpool FC,931,GB1
2998,2005-02-08,3500000,Chelsea FC,1003,GB1
3156,2005-02-08,9500000,Chelsea FC,148,GB1
3160,2005-02-08,24000000,Chelsea FC,631,GB1
3163,2005-02-09,32000000,Chelsea FC,281,GB1
3259,2005-02-09,17000000,Chelsea FC,931,GB1
3176,2005-02-10,9500000,Chelsea FC,2282,BE1
3235,2005-02-10,29500000,Manchester United,1039,GB1
3404,2005-02-10,5000000,Manchester United,29,GB1
3405,2005-02-10,4500000,Manchester United,289,GB1
3115,2005-02-11,2250000,Manchester United,40,FR1
3332,2005-02-11,31000000,Manchester United,985,GB1
3397,2005-02-11,21500000,Manchester United,985,GB1
3406,2005-02-11,19500000,Manchester United,985,GB1
3256,2005-02-18,200000,SpVgg Greuther Fürth,15,L1
1560,2005-02-21,600000,ADO Den Haag,306,NL1
3256,2005-02-22,250000,SpVgg Greuther Fürth,15,L1
162,2005-02-23,600000,Austria Vienna,79,L1
77,2005-02-28,15000000,Bayern Munich,506,IT1
132,2005-03-07,11000000,Borussia Dortmund,11,GB1
1083,2005-03-07,2500000,Hannover 96,128,GR1
1428,2005-03-07,1750000,FC Schalke 04,60,L1
411,2005-03-09,4500000,FC Schalke 04,44,L1
1094,2005-03-09,2000000,Spartak Moscow,4,L1
1368,2005-03-09,750000,Borussia Dortmund,1519,SC1
1426,2005-03-09,3000000,VfB Stuttgart,79,L1
3256,2005-03-16,300000,SpVgg Greuther Fürth,15,L1
2374,2005-03-17,2750000,Arminia Bielefeld,16,L1
1944,2005-03-18,150000,VfB Lübeck,23,L1
3256,2005-03-23,400000,SpVgg Greuther Fürth,15,L1
1150,2005-03-29,2000000,1.FC Nuremberg,4,L1
1323,2005-03-29,250000,Eintracht Braunschweig,24,L1
1572,2005-03-29,1500000,1.FC Nuremberg,162,FR1
2857,2005-03-29,300000,Grasshopper Club Zurich,29,GB1
258,2005-03-30,7000000,FC Schalke 04,33,L1
670,2005-03-30,7000000,VfL Wolfsburg,714,ES1
735,2005-03-31,500000,Genoa CFC,1210,IT1
1791,2005-03-31,1250000,1.FC Kaiserslautern,167,L1
3297,2005-03-31,9000000,Celtic FC,603,GB1
2219,2005-04-01,7000000,VfB Stuttgart,27,L1
3195,2005-04-01,4000000,Birmingham City,512,GB1
2926,2005-04-03,600000,Rapid Vienna,105,L1
3256,2005-04-03,550000,SpVgg Greuther Fürth,15,L1
568,2005-04-07,3500000,VfB Stuttgart,18,L1
1126,2005-04-07,1500000,TSV 1860 Munich,3,L1
162,2005-04-09,400000,Austria Vienna,79,L1
2050,2005-04-11,4500000,SV Werder Bremen,24,L1
332,2005-04-19,500000,Eintracht Frankfurt,24,L1
1772,2005-04-19,1000000,Eintracht Frankfurt,38,L1
2358,2005-04-19,750000,Eintracht Frankfurt,82,L1
26,2005-04-21,3500000,Borussia Dortmund,16,L1
1335,2005-04-21,2000000,Hannover 96,42,L1
2048,2005-04-21,250000,Rot-Weiss Essen,403,NL1
10,2005-05-05,12000000,SV Werder Bremen,398,IT1
1335,2005-05-05,4000000,Hannover 96,42,L1
1363,2005-05-09,200000,1.FSV Mainz 05,33,L1
1496,2005-05-09,200000,VfB Stuttgart II,24,L1
1726,2005-05-10,700000,SpVgg Greuther Fürth,610,NL1
3256,2005-05-10,650000,SpVgg Greuther Fürth,15,L1
2514,2005-05-27,7000000,Bayern Munich,985,GB1
2923,2005-05-28,3500000,Rapid Vienna,3368,ES1
1568,2005-05-31,650000,SV Wacker Burghausen,38,L1
2926,2005-06-04,750000,Rapid Vienna,105,L1
3059,2005-06-04,800000,SK Sturm Graz,524,TR1
2857,2005-06-06,500000,Grasshopper Club Zurich,29,GB1
162,2005-06-10,550000,Austria Vienna,79,L1
26,2005-06-13,3750000,Borussia Dortmund,16,L1
690,2005-06-15,7500000,SV Werder Bremen,39,L1
1474,2005-06-15,4000000,1.FC Kaiserslautern,533,L1
2374,2005-06-15,3250000,Arminia Bielefeld,16,L1
1094,2005-06-16,3000000,Grazer AK,4,L1
2956,2005-06-16,1400000,SK Sturm Graz,68608,PO1
65,2005-06-22,12000000,Bayer 04 Leverkusen,1091,GR1
2050,2005-06-22,5000000,SV Werder Bremen,24,L1
2309,2005-06-22,1000000,VfL Bochum,121,RU1
80,2005-06-24,300000,Bayer 04 Leverkusen,27,L1
1784,2005-06-26,500000,Bayer 04 Leverkusen,39,L1
3131,2005-06-30,5000000,Southampton FC,873,GB1
1323,2005-07-03,500000,Eintracht Braunschweig,24,L1
2583,2005-07-03,400000,Eintracht Braunschweig,2760,SC1
447,2005-07-04,550000,Eintracht Frankfurt,24,L1
1257,2005-07-04,125000,Rot-Weiß Erfurt,127,L1
2358,2005-07-04,900000,Eintracht Frankfurt,82,L1
1321,2005-07-06,1650000,Eintracht Frankfurt,114,TR1
1565,2005-07-06,1000000,Eintracht Frankfurt,24,L1
1772,2005-07-06,1500000,Eintracht Frankfurt,38,L1
2421,2005-07-06,1000000,Bayern Munich,38,L1
3233,2005-07-06,1350000,Eintracht Frankfurt,533,L1
332,2005-07-07,700000,Eintracht Frankfurt,24,L1
2999,2005-07-07,300000,Colchester United,2578,SC1
77,2005-07-14,18000000,Bayern Munich,506,IT1
532,2005-07-14,12000000,Bayern Munich,86,L1
773,2005-07-14,2750000,Hamburger SV,14171,FR1
1075,2005-07-14,4000000,Bayer 04 Leverkusen,121,RU1
1368,2005-07-14,1250000,Hamburger SV,1519,SC1
2219,2005-07-14,9000000,Bayern Munich,27,L1
2514,2005-07-14,13000000,Bayern Munich,985,GB1
2623,2005-07-14,750000,Hamburger SV,167,L1
2963,2005-07-14,8000000,Bayern Munich,714,ES1
1841,2005-07-15,200000,Rot-Weiss Essen,10484,TR1
2150,2005-07-15,150000,Borussia Mönchengladbach,16,L1
670,2005-07-16,8500000,Atlético de Madrid,714,ES1
1841,2005-07-17,375000,Rot-Weiss Essen,10484,TR1
26,2005-07-18,5000000,Borussia Dortmund,16,L1
1075,2005-07-19,6000000,Bayer 04 Leverkusen,121,RU1
1572,2005-07-20,1250000,1.FC Nuremberg,162,FR1
2306,2005-07-21,950000,Karlsruher SC,42,L1
1161,2005-07-29,10000000,FC Internazionale,46,IT1
3366,2005-07-29,30000000,AC Milan,5,IT1
488,2005-08-02,750000,Hertha BSC,2288,GB1
2712,2005-08-04,1500000,Hertha BSC,38,L1
411,2005-08-07,6000000,FC Schalke 04,44,L1
690,2005-08-07,8500000,SV Werder Bremen,39,L1
1073,2005-08-07,2000000,1.FSV Mainz 05,16,L1
1139,2005-08-07,1000000,1.FSV Mainz 05,39,L1
1277,2005-08-07,1250000,Bayer 04 Leverkusen,86,L1
1428,2005-08-07,3000000,VfL Wolfsburg,60,L1
1586,2005-08-07,2000000,SV Werder Bremen,42,L1
1716,2005-08-07,1000000,Borussia Dortmund,6996,UKR1
2374,2005-08-07,2500000,SV Werder Bremen,16,L1
2623,2005-08-07,1000000,Hamburger SV,167,L1
3165,2005-08-07,8000000,Olympique Lyon,141,TR1
215,2005-08-08,2500000,Bayern Munich,1084,ES1
410,2005-08-08,5750000,Borussia Dortmund,16,L1
488,2005-08-08,625000,Hertha BSC,2288,GB1
1474,2005-08-08,3000000,SV Werder Bremen,533,L1
1573,2005-08-08,4500000,VfB Stuttgart,29,GB1
643,2005-08-10,250000,VfL Bochum,86,L1
598,2005-08-11,6500000,VfB Stuttgart,24,L1
1075,2005-08-11,6500000,Bayer 04 Leverkusen,121,RU1
1150,2005-08-11,1500000,1.FC Nuremberg,4,L1
1363,2005-08-11,300000,1.FSV Mainz 05,33,L1
1426,2005-08-11,4500000,VfB Stuttgart,79,L1
1662,2005-08-11,1500000,SC Freiburg,33,L1
1772,2005-08-11,1000000,Eintracht Frankfurt,38,L1
1791,2005-08-11,2750000,1.FC Kaiserslautern,167,L1
1792,2005-08-11,2200000,FC Schalke 04,105,L1
1986,2005-08-11,750000,1.FC Köln,167,L1
643,2005-08-12,400000,SV Werder Bremen,86,L1
691,2005-08-12,1500000,Bayer 04 Leverkusen,15,L1
823,2005-08-12,1500000,Hannover 96,4,L1
1321,2005-08-12,1500000,Eintracht Frankfurt,114,TR1
1443,2005-08-12,3000000,FC Schalke 04,190,DK1
568,2005-08-14,3800000,VfB Stuttgart,18,L1
1568,2005-08-14,800000,TSV 1860 Munich,38,L1
2309,2005-08-14,1250000,VfL Bochum,121,RU1
2358,2005-08-14,1000000,Eintracht Frankfurt,82,L1
3332,2005-08-14,36000000,Manchester United,985,GB1
886,2005-08-16,400000,LR Ahlen,38,L1
1743,2005-08-16,50000,VfL Wolfsburg,105,L1
2874,2005-08-21,2500000,FC Basel 1893,265,GR1
3271,2005-08-29,4250000,Charlton Athletic,1039,GB1
3333,2005-09-01,6000000,Aston Villa,405,GB1
2334,2005-09-02,400000,SC Paderborn 07,44,L1
2857,2005-09-02,750000,FC Thun,29,GB1
3354,2005-09-03,3500000,Club Brugge KV,2282,BE1
26,2005-09-04,6750000,Borussia Dortmund,16,L1
77,2005-09-04,23500000,Bayern Munich,506,IT1
132,2005-09-04,10000000,Borussia Dortmund,11,GB1
258,2005-09-04,6000000,FC Schalke 04,33,L1
411,2005-09-04,7500000,FC Schalke 04,44,L1
568,2005-09-04,4500000,VfB Stuttgart,18,L1
598,2005-09-04,7500000,VfB Stuttgart,24,L1
690,2005-09-04,10500000,SV Werder Bremen,39,L1
773,2005-09-04,4000000,Hamburger SV,14171,FR1
1075,2005-09-04,8000000,Bayer 04 Leverkusen,121,RU1
1126,2005-09-04,2200000,TSV 1860 Munich,3,L1
1139,2005-09-04,1500000,1.FSV Mainz 05,39,L1
1368,2005-09-04,1600000,Hamburger SV,1519,SC1
1443,2005-09-04,3600000,FC Schalke 04,190,DK1
1532,2005-09-04,2500000,Borussia Mönchengladbach,28643,BE1
1791,2005-09-04,3500000,1.FC Kaiserslautern,167,L1
1986,2005-09-04,1500000,1.FC Köln,167,L1
2050,2005-09-04,4000000,SV Werder Bremen,24,L1
2374,2005-09-04,3500000,SV Werder Bremen,16,L1
2989,2005-09-04,2000000,Bayern Munich,27,L1
755,2005-09-05,750000,Fenerbahce,589,TR1
1896,2005-09-05,75000,Fortuna Düsseldorf,19771,TR1
3226,2005-09-05,9000000,Fenerbahce,984,GB1
2950,2005-09-10,100000,Austria Vienna Reserves,42,L1
1257,2005-09-11,200000,Rot-Weiß Erfurt,127,L1
2201,2005-09-13,100000,SC Paderborn 07,127,L1
3395,2005-09-13,2000000,NEC Nijmegen,132,NL1
1784,2005-09-15,850000,Bayer 04 Leverkusen,39,L1
1144,2005-09-16,600000,FC Schalke 04,18,L1
1725,2005-09-16,800000,FC Copenhagen,173,DK1
2956,2005-09-18,2000000,Austria Vienna,68608,PO1
557,2005-09-19,4500000,VfL Wolfsburg,167,L1
837,2005-09-19,2000000,Hertha BSC,18,L1
123,2005-09-20,5000000,Borussia Dortmund,33,L1
332,2005-09-20,850000,Eintracht Frankfurt,24,L1
1381,2005-09-20,800000,VfL Wolfsburg,44,L1
2233,2005-09-20,800000,1.FC Köln,3368,ES1
3114,2005-09-22,800000,Alemannia Aachen,42,L1
1335,2005-09-23,2200000,Hannover 96,42,L1
2878,2005-09-24,125000,FC Winterthur,750,FR1
831,2005-09-28,550000,Denizlispor,1506,TR1
933,2005-09-28,850000,Manisaspor,2293,TR1
1587,2005-09-28,1300000,Karlsruher SC,42,L1
2587,2005-09-28,350000,Samsunspor,524,TR1
2374,2005-09-29,5000000,SV Werder Bremen,16,L1
10,2005-09-30,15000000,SV Werder Bremen,398,IT1
65,2005-09-30,14500000,Bayer 04 Leverkusen,1091,GR1
447,2005-09-30,750000,Eintracht Frankfurt,24,L1
532,2005-09-30,10000000,Bayern Munich,86,L1
690,2005-09-30,12000000,SV Werder Bremen,39,L1
691,2005-09-30,2000000,Bayer 04 Leverkusen,15,L1
2514,2005-09-30,9500000,Bayern Munich,985,GB1
2623,2005-09-30,1500000,Hamburger SV,167,L1
2767,2005-09-30,1750000,Hertha BSC,24,L1
1073,2005-10-05,2750000,1.FSV Mainz 05,16,L1
1095,2005-10-06,2750000,Borussia Mönchengladbach,44,L1
1368,2005-10-06,2500000,Hamburger SV,1519,SC1
1428,2005-10-06,3500000,VfL Wolfsburg,60,L1
1684,2005-10-06,450000,1.FSV Mainz 05,65,L1
1139,2005-10-07,2300000,1.FSV Mainz 05,39,L1
1726,2005-10-07,1000000,Arminia Bielefeld,610,NL1
597,2005-10-17,10750000,Arsenal FC,2696,RU1
2998,2005-10-17,2750000,Chelsea FC,1003,GB1
3151,2005-10-17,3000000,Chelsea FC,148,GB1
3156,2005-10-17,12000000,Chelsea FC,148,GB1
3160,2005-10-17,28000000,Chelsea FC,631,GB1
3163,2005-10-17,35000000,Chelsea FC,281,GB1
3176,2005-10-17,11000000,Chelsea FC,2282,BE1
3182,2005-10-17,18750000,Arsenal FC,12,IT1
3202,2005-10-17,7750000,Arsenal FC,371,SC1
3259,2005-10-17,16000000,Chelsea FC,931,GB1
1496,2005-10-18,500000,VfL Bochum,24,L1
2358,2005-10-18,1500000,Eintracht Frankfurt,82,L1
3120,2005-10-18,1500000,Everton FC,281,GB1
3233,2005-10-18,1750000,Eintracht Frankfurt,533,L1
3235,2005-10-18,26500000,Manchester United,1039,GB1
3256,2005-10-18,900000,SpVgg Greuther Fürth,15,L1
3270,2005-10-18,5500000,Everton FC,1123,GB1
3397,2005-10-18,15750000,Manchester United,985,GB1
3404,2005-10-18,4500000,Everton FC,29,GB1
3405,2005-10-18,4000000,Manchester United,289,GB1
3406,2005-10-18,13000000,Manchester United,985,GB1
2874,2005-10-19,3200000,FC Basel 1893,265,GR1
299,2005-10-21,7500000,FC Schalke 04,10484,TR1
1565,2005-10-24,1500000,Eintracht Frankfurt,24,L1
1716,2005-10-24,1500000,Borussia Dortmund,6996,UKR1
1791,2005-10-24,5000000,1.FC Kaiserslautern,167,L1
1792,2005-10-24,3000000,FC Schalke 04,105,L1
1257,2005-10-25,250000,Rot-Weiß Erfurt,127,L1
1896,2005-10-25,125000,Fortuna Düsseldorf,19771,TR1
1944,2005-10-25,225000,VfB Lübeck,23,L1
2309,2005-10-25,1750000,VfL Bochum,121,RU1
3114,2005-10-25,1250000,Alemannia Aachen,42,L1
3322,2005-10-25,400000,Crewe Alexandra,903,SC1
2154,2005-10-26,150000,SV Wehen,4,L1
1443,2005-10-29,4500000,FC Schalke 04,190,DK1
2963,2005-10-29,9500000,Bayern Munich,714,ES1
3216,2005-10-29,12000000,Aston Villa,589,TR1
3220,2005-10-29,11000000,Liverpool FC,931,GB1
2334,2005-10-30,800000,SC Paderborn 07,44,L1
258,2005-10-31,5000000,FC Schalke 04,33,L1
1331,2005-10-31,6500000,FC Schalke 04,533,L1
2623,2005-11-01,3000000,Hamburger SV,167,L1
2583,2005-11-02,750000,Eintracht Braunschweig,2760,SC1
277,2005-11-04,800000,Alemannia Aachen,3368,ES1
1573,2005-11-04,3500000,VfB Stuttgart,29,GB1
332,2005-11-06,1000000,Eintracht Frankfurt,24,L1
1321,2005-11-06,2000000,Eintracht Frankfurt,114,TR1
1572,2005-11-06,800000,1.FC Nuremberg,162,FR1
3170,2005-11-06,850000,FC Schalke 04,1304,NL1
264,2005-11-07,500000,Sint-Truidense VV,79,L1
109,2005-11-08,6000000,Borussia Dortmund,825,TR1
1257,2005-11-08,150000,Rot-Weiß Erfurt,127,L1
568,2005-11-10,3500000,VfB Stuttgart,18,L1
3271,2005-11-18,4500000,Charlton Athletic,1039,GB1
2926,2005-12-05,600000,Rapid Vienna,105,L1
447,2005-12-13,1000000,Eintracht Frankfurt,24,L1
447,2005-12-14,750000,Eintracht Frankfurt,24,L1
1565,2005-12-14,2000000,Eintracht Frankfurt,24,L1
2953,2005-12-20,3000000,SK Brann,41,L1
3354,2005-12-20,2500000,Club Brugge KV,2282,BE1
2703,2005-12-22,1250000,Bröndby IF,173,DK1
2923,2005-12-22,3800000,Rapid Vienna,3368,ES1
2201,2005-12-23,125000,SC Paderborn 07,127,L1
2201,2005-12-27,200000,SC Paderborn 07,127,L1
2583,2005-12-29,850000,Eintracht Braunschweig,2760,SC1
2453,2005-12-30,250000,VfB Admira Wacker Mödling,127,L1
2874,2005-12-30,2600000,FC Basel 1893,265,GR1
2956,2005-12-30,2100000,Austria Vienna,68608,PO1
10,2006-01-09,20000000,SV Werder Bremen,398,IT1
26,2006-01-09,7000000,Borussia Dortmund,16,L1
65,2006-01-09,13500000,Bayer 04 Leverkusen,1091,GR1
77,2006-01-09,24500000,Bayern Munich,506,IT1
80,2006-01-09,250000,SC Paderborn 07,27,L1
132,2006-01-09,11000000,Borussia Dortmund,11,GB1
299,2006-01-09,7000000,FC Schalke 04,10484,TR1
332,2006-01-09,1250000,Eintracht Frankfurt,24,L1
410,2006-01-09,7500000,Borussia Dortmund,16,L1
447,2006-01-09,1500000,Eintracht Frankfurt,24,L1
532,2006-01-09,12000000,Bayern Munich,86,L1
557,2006-01-09,4000000,VfL Wolfsburg,167,L1
643,2006-01-09,300000,SV Werder Bremen,86,L1
691,2006-01-09,3000000,Bayer 04 Leverkusen,15,L1
773,2006-01-09,5000000,Hamburger SV,14171,FR1
823,2006-01-09,2500000,Hannover 96,4,L1
837,2006-01-09,1500000,Hertha BSC,18,L1
1073,2006-01-09,3500000,1.FSV Mainz 05,16,L1
1075,2006-01-09,6750000,Bayer 04 Leverkusen,121,RU1
1095,2006-01-09,3500000,Borussia Mönchengladbach,44,L1
1150,2006-01-09,1800000,1.FC Nuremberg,4,L1
1277,2006-01-09,1500000,Bayer 04 Leverkusen,86,L1
1321,2006-01-09,2500000,Eintracht Frankfurt,114,TR1
1368,2006-01-09,3000000,Hamburger SV,1519,SC1
1426,2006-01-09,2500000,VfB Stuttgart,79,L1
1428,2006-01-09,2500000,VfL Wolfsburg,60,L1
1443,2006-01-09,6000000,FC Schalke 04,190,DK1
1565,2006-01-09,3250000,Eintracht Frankfurt,24,L1
1573,2006-01-09,3000000,VfB Stuttgart,29,GB1
1684,2006-01-09,1000000,1.FSV Mainz 05,65,L1
1716,2006-01-09,2500000,Borussia Dortmund,6996,UKR1
1726,2006-01-09,2000000,Arminia Bielefeld,610,NL1
1743,2006-01-09,100000,VfL Wolfsburg,105,L1
1772,2006-01-09,800000,Eintracht Frankfurt,38,L1
1791,2006-01-09,6000000,1.FC Kaiserslautern,167,L1
1792,2006-01-09,4000000,FC Schalke 04,105,L1
2050,2006-01-09,5000000,SV Werder Bremen,24,L1
2358,2006-01-09,2000000,Eintracht Frankfurt,82,L1
2374,2006-01-09,4750000,SV Werder Bremen,16,L1
2712,2006-01-09,1750000,Hertha BSC,38,L1
2989,2006-01-09,2250000,Bayern Munich,27,L1
3170,2006-01-09,500000,Roda JC Kerkrade,1304,NL1
3233,2006-01-09,3000000,Eintracht Frankfurt,533,L1
277,2006-01-10,1000000,Alemannia Aachen,3368,ES1
1496,2006-01-10,650000,VfL Bochum,24,L1
1568,2006-01-10,500000,TSV 1860 Munich,38,L1
1659,2006-01-10,450000,SC Freiburg,23,L1
2306,2006-01-10,1300000,Karlsruher SC,42,L1
2309,2006-01-10,1400000,VfL Bochum,121,RU1
3114,2006-01-10,1750000,Alemannia Aachen,42,L1
2703,2006-01-11,2500000,Real Sociedad,173,DK1
3139,2006-01-12,22000000,Real Madrid,583,FR1
2201,2006-01-13,350000,SC Paderborn 07,127,L1
2583,2006-01-13,900000,Eintracht Braunschweig,2760,SC1
3165,2006-01-15,10000000,Olympique Lyon,141,TR1
831,2006-01-16,450000,TSG 1899 Hoffenheim,1506,TR1
2514,2006-01-16,8000000,Bayern Munich,985,GB1
2904,2006-01-20,16000000,FC Barcelona,276,IT1
1327,2006-01-23,5000000,RC Lens,1159,FR1
2857,2006-01-23,900000,Lokomotiv Moscow,29,GB1
2865,2006-01-27,2000000,LOSC Lille,167,L1
2950,2006-02-05,125000,Austria Vienna Reserves,42,L1
1725,2006-02-08,1000000,FC Copenhagen,173,DK1
1073,2006-02-10,4500000,1.FSV Mainz 05,16,L1
3256,2006-02-10,1300000,SpVgg Greuther Fürth,15,L1
3296,2006-02-13,4000000,West Ham United,1003,GB1
1667,2006-02-17,1000000,CD Nacional,162,FR1
2138,2006-02-18,250000,OFK Beograd,40426,RU1
670,2006-02-20,10000000,Atlético de Madrid,714,ES1
2953,2006-02-26,3500000,Wigan Athletic,41,L1
299,2006-03-01,6000000,FC Schalke 04,10484,TR1
1321,2006-03-01,3500000,Eintracht Frankfurt,114,TR1
1428,2006-03-01,3200000,VfL Wolfsburg,60,L1
1443,2006-03-01,8000000,FC Schalke 04,190,DK1
1586,2006-03-01,2800000,SV Werder Bremen,42,L1
2956,2006-03-01,2250000,Austria Vienna,68608,PO1
2963,2006-03-01,11000000,Bayern Munich,714,ES1
2989,2006-03-01,3000000,Bayern Munich,27,L1
3287,2006-03-10,350000,Heart of Midlothian FC,2578,SC1
1363,2006-03-13,600000,1.FSV Mainz 05,33,L1
3165,2006-03-13,15000000,Olympique Lyon,141,TR1
2899,2006-03-17,1800000,FC Metz,2292,TR1
837,2006-03-23,1200000,Hertha BSC,18,L1
1684,2006-03-23,1500000,1.FSV Mainz 05,65,L1
332,2006-03-27,1750000,Eintracht Frankfurt,24,L1
3170,2006-04-01,1000000,Roda JC Kerkrade,1304,NL1
80,2006-04-04,325000,SC Paderborn 07,27,L1
1083,2006-04-04,3000000,Deportivo de La Coruña,128,GR1
2865,2006-04-04,3000000,LOSC Lille,167,L1
65,2006-04-07,15000000,Bayer 04 Leverkusen,1091,GR1
1139,2006-04-07,2500000,1.FSV Mainz 05,39,L1
1368,2006-04-07,3500000,Hamburger SV,1519,SC1
1573,2006-04-07,2500000,VfB Stuttgart,29,GB1
1726,2006-04-07,2800000,Arminia Bielefeld,610,NL1
1161,2006-04-09,11000000,FC Internazionale,46,IT1
3366,2006-04-09,35000000,AC Milan,5,IT1
568,2006-04-13,4500000,Spartak Moscow,18,L1
1094,2006-04-14,3800000,Middlesbrough FC,4,L1
3357,2006-04-14,3750000,Middlesbrough FC,1003,GB1
3292,2006-04-16,6000000,Manchester City,1132,GB1
3356,2006-04-16,8000000,Manchester City,989,GB1
1896,2006-04-17,150000,Fortuna Düsseldorf,19771,TR1
3131,2006-04-17,3500000,Aston Villa,873,GB1
3190,2006-04-17,950000,Aston Villa,180,GB1
3216,2006-04-17,9000000,Aston Villa,589,TR1
3333,2006-04-17,4700000,Aston Villa,405,GB1
3120,2006-04-24,1250000,Everton FC,281,GB1
3270,2006-04-24,5200000,Everton FC,1123,GB1
2453,2006-05-01,300000,VfB Admira Wacker Mödling,127,L1
2956,2006-05-01,2350000,Austria Vienna,68608,PO1
1257,2006-05-04,100000,Rot-Weiß Erfurt,127,L1
3146,2006-05-12,8000000,Newcastle United,512,GB1
2923,2006-05-22,3500000,Red Bull Salzburg,3368,ES1
80,2006-05-29,650000,SC Paderborn 07,27,L1
1323,2006-05-29,750000,Eintracht Braunschweig,24,L1
2334,2006-05-29,1100000,SC Paderborn 07,44,L1
2999,2006-05-30,225000,Colchester United,2578,SC1
26,2006-06-02,7500000,Borussia Dortmund,16,L1
65,2006-06-02,17000000,Bayer 04 Leverkusen,1091,GR1
77,2006-06-02,21500000,Bayern Munich,506,IT1
109,2006-06-02,7000000,Borussia Dortmund,825,TR1
123,2006-06-02,4000000,Borussia Dortmund,33,L1
299,2006-06-02,4500000,FC Schalke 04,10484,TR1
332,2006-06-02,2000000,Eintracht Frankfurt,24,L1
410,2006-06-02,8000000,Borussia Dortmund,16,L1
411,2006-06-02,6500000,FC Schalke 04,44,L1
447,2006-06-02,2000000,Eintracht Frankfurt,24,L1
532,2006-06-02,10500000,Bayern Munich,86,L1
557,2006-06-02,3750000,VfL Wolfsburg,167,L1
691,2006-06-02,4000000,Bayer 04 Leverkusen,15,L1
773,2006-06-02,6500000,Hamburger SV,14171,FR1
823,2006-06-02,3000000,Hannover 96,4,L1
837,2006-06-02,1000000,Hertha BSC,18,L1
1075,2006-06-02,5500000,Bayer 04 Leverkusen,121,RU1
1144,2006-06-02,400000,FC Schalke 04,18,L1
1150,2006-06-02,2750000,1.FC Nuremberg,4,L1
1277,2006-06-02,2500000,Bayer 04 Leverkusen,86,L1
1321,2006-06-02,4000000,Eintracht Frankfurt,114,TR1
1331,2006-06-02,5500000,FC Schalke 04,533,L1
1335,2006-06-02,3000000,Hannover 96,42,L1
1363,2006-06-02,700000,1.FSV Mainz 05,33,L1
1368,2006-06-02,4750000,Hamburger SV,1519,SC1
1381,2006-06-02,1000000,VfL Wolfsburg,44,L1
1426,2006-06-02,1750000,VfB Stuttgart,79,L1
1428,2006-06-02,3500000,VfL Wolfsburg,60,L1
1474,2006-06-02,4500000,SV Werder Bremen,533,L1
1532,2006-06-02,3000000,Borussia Mönchengladbach,28643,BE1
1586,2006-06-02,3000000,SV Werder Bremen,42,L1
1716,2006-06-02,3500000,Borussia Dortmund,6996,UKR1
1772,2006-06-02,1000000,Eintracht Frankfurt,38,L1
1791,2006-06-02,7500000,1.FC Kaiserslautern,167,L1
1986,2006-06-02,1800000,1.FC Köln,167,L1
2233,2006-06-02,1000000,1.FC Köln,3368,ES1
2358,2006-06-02,2750000,Eintracht Frankfurt,82,L1
2374,2006-06-02,4000000,SV Werder Bremen,16,L1
2623,2006-06-02,3750000,Hamburger SV,167,L1
2767,2006-06-02,1400000,Hertha BSC,24,L1
2963,2006-06-02,9000000,Bayern Munich,714,ES1
3233,2006-06-02,3500000,Eintracht Frankfurt,533,L1
277,2006-06-06,1600000,Alemannia Aachen,3368,ES1
1116,2006-06-06,1200000,SpVgg Greuther Fürth,65,L1
1126,2006-06-06,1600000,TSV 1860 Munich,3,L1
1496,2006-06-06,1000000,VfL Bochum,24,L1
2306,2006-06-06,1500000,Karlsruher SC,42,L1
2309,2006-06-06,2000000,VfL Bochum,121,RU1
3114,2006-06-06,2000000,Alemannia Aachen,42,L1
3195,2006-06-06,4750000,Birmingham City,512,GB1
3256,2006-06-06,1500000,SpVgg Greuther Fürth,15,L1
1841,2006-06-07,500000,Rot-Weiss Essen,10484,TR1
1944,2006-06-08,275000,VfB Lübeck,23,L1
1257,2006-06-12,50000,Rot-Weiß Erfurt,127,L1
597,2006-06-14,11250000,Arsenal FC,2696,RU1
1397,2006-06-14,20000000,Newcastle United,512,GB1
3109,2006-06-14,34000000,Liverpool FC,31,GB1
3118,2006-06-14,10000000,Newcastle United,1039,GB1
3130,2006-06-14,4300000,Newcastle United,289,GB1
3156,2006-06-14,14700000,Chelsea FC,148,GB1
3160,2006-06-14,30000000,Chelsea FC,631,GB1
3163,2006-06-14,38500000,Chelsea FC,281,GB1
3176,2006-06-14,12000000,Chelsea FC,2282,BE1
3179,2006-06-14,3000000,Chelsea FC,371,SC1
3182,2006-06-14,17000000,Arsenal FC,12,IT1
3195,2006-06-14,5500000,Birmingham City,512,GB1
3202,2006-06-14,10000000,Arsenal FC,371,SC1
3205,2006-06-14,2600000,Blackburn Rovers,1083,RU1
3220,2006-06-14,12000000,Liverpool FC,931,GB1
3235,2006-06-14,25000000,Manchester United,1039,GB1
3259,2006-06-14,15000000,Chelsea FC,931,GB1
3273,2006-06-14,5750000,Birmingham City,1003,GB1
3276,2006-06-14,6500000,Newcastle United,873,GB1
3297,2006-06-14,6000000,Blackburn Rovers,603,GB1
3332,2006-06-14,36000000,Manchester United,985,GB1
3391,2006-06-14,400000,Manchester United Reserves,10484,TR1
3397,2006-06-14,11000000,Manchester United,985,GB1
3405,2006-06-14,4800000,Manchester United,289,GB1
3406,2006-06-14,11000000,Manchester United,985,GB1
3391,2006-06-17,500000,Manchester United Reserves,10484,TR1
886,2006-06-19,300000,LR Ahlen,38,L1
3297,2006-06-24,9000000,Blackburn Rovers,603,GB1
162,2006-06-27,400000,1.FC Saarbrücken,79,L1
10,2006-07-15,30000000,SV Werder Bremen,398,IT1
77,2006-07-15,20000000,Bayern Munich,506,IT1
123,2006-07-15,6500000,Borussia Dortmund,33,L1
410,2006-07-15,9000000,Borussia Dortmund,16,L1
1716,2006-07-15,4500000,Borussia Dortmund,6996,UKR1
2219,2006-07-15,12500000,Bayern Munich,27,L1
2514,2006-07-15,10000000,Bayern Munich,985,GB1
3270,2006-07-23,6000000,Everton FC,1123,GB1
755,2006-07-24,885000,Fenerbahce,589,TR1
3226,2006-07-24,8000000,Fenerbahce,984,GB1
3195,2006-07-27,9500000,Liverpool FC,512,GB1
488,2006-07-30,1200000,FC Energie Cottbus,2288,GB1
3310,2006-08-06,1500000,Manchester City,370,SC1
3226,2006-08-25,12000000,Bolton Wanderers,984,GB1
3131,2006-08-26,3300000,West Bromwich Albion,873,GB1
2998,2006-08-31,7500000,Middlesbrough FC,1003,GB1
1327,2006-09-01,6500000,Olympique Lyon,1159,FR1
447,2006-09-07,1200000,Eintracht Frankfurt,24,L1
1095,2006-09-07,4000000,Borussia Mönchengladbach,44,L1
1150,2006-09-07,4000000,1.FC Nuremberg,4,L1
2150,2006-09-07,500000,Borussia Mönchengladbach,16,L1
1428,2006-09-08,3000000,VfL Wolfsburg,60,L1
1572,2006-09-08,1300000,1.FC Nuremberg,162,FR1
1586,2006-09-08,2750000,SV Werder Bremen,42,L1
1986,2006-09-08,2200000,1.FSV Mainz 05,167,L1
2306,2006-09-08,2000000,Karlsruher SC,42,L1
2374,2006-09-08,2500000,SV Werder Bremen,16,L1
3354,2006-09-12,2000000,Club Brugge KV,2282,BE1
2998,2006-09-17,8900000,Middlesbrough FC,1003,GB1
3321,2006-09-17,700000,Twente Enschede FC,3725,RU1
215,2006-09-18,4000000,Bayern Munich,1084,ES1
1426,2006-09-18,2500000,VfB Stuttgart,79,L1
3256,2006-09-18,2200000,VfB Stuttgart,15,L1
2950,2006-09-20,150000,SV Mattersburg,42,L1
1423,2006-09-29,1500000,FC Copenhagen,855,FR1
1560,2006-09-30,800000,NEC Nijmegen,306,NL1
1784,2006-09-30,700000,Bayer 04 Leverkusen,39,L1
2989,2006-09-30,2800000,Hamburger SV,41,L1
3395,2006-09-30,2200000,NEC Nijmegen,132,NL1
2956,2006-10-02,3400000,Boavista FC,68608,PO1
264,2006-10-09,1000000,1.FC Kaiserslautern,79,L1
1277,2006-10-09,4000000,SV Werder Bremen,86,L1
1426,2006-10-09,3500000,VfB Stuttgart,79,L1
2219,2006-10-09,15000000,Bayern Munich,27,L1
2309,2006-10-09,2500000,VfL Bochum,121,RU1
2767,2006-10-09,2200000,VfL Wolfsburg,24,L1
2989,2006-10-09,2400000,Hamburger SV,41,L1
3114,2006-10-09,3250000,Alemannia Aachen,42,L1
690,2006-10-10,9500000,SV Werder Bremen,39,L1
3297,2006-10-13,8750000,Liverpool FC,603,GB1
1139,2006-10-15,2600000,1.FSV Mainz 05,39,L1
2726,2006-10-15,200000,FC Gueugnon,2990,PO1
3114,2006-10-15,3300000,Alemannia Aachen,42,L1
2874,2006-10-16,3600000,FC Basel 1893,265,GR1
1944,2006-10-17,300000,VfB Lübeck,23,L1
670,2006-10-18,9750000,Atlético de Madrid,714,ES1
2999,2006-10-20,275000,Colchester United,2578,SC1
3273,2006-10-20,4900000,Birmingham City,1003,GB1
77,2006-10-24,17500000,Bayern Munich,506,IT1
1726,2006-10-24,3500000,Arminia Bielefeld,610,NL1
2514,2006-10-24,12500000,Bayern Munich,985,GB1
2623,2006-10-24,4500000,Hamburger SV,167,L1
2963,2006-10-24,6500000,Bayern Munich,714,ES1
215,2006-10-25,3000000,Bayern Munich,1084,ES1
1073,2006-10-25,5000000,1.FSV Mainz 05,16,L1
1075,2006-10-25,4500000,Bayer 04 Leverkusen,121,RU1
1126,2006-10-25,1200000,Alemannia Aachen,3,L1
2358,2006-10-25,2200000,Eintracht Frankfurt,82,L1
1327,2006-12-23,7500000,Olympique Lyon,1159,FR1
3115,2006-12-24,2000000,OGC Nice,40,FR1
3151,2006-12-31,2250000,Chelsea FC,148,GB1
3273,2006-12-31,9000000,Birmingham City,1003,GB1
1944,2007-01-01,200000,VfB Lübeck,23,L1
1896,2007-01-03,200000,Fortuna Düsseldorf,19771,TR1
2956,2007-01-08,4200000,Boavista FC,68608,PO1
26,2007-01-15,8000000,Borussia Dortmund,16,L1
447,2007-01-15,1000000,Eintracht Frankfurt,24,L1
488,2007-01-15,800000,FC Energie Cottbus,2288,GB1
598,2007-01-15,7000000,VfB Stuttgart,24,L1
1073,2007-01-15,4500000,1.FSV Mainz 05,16,L1
1139,2007-01-15,2500000,1.FSV Mainz 05,39,L1
1144,2007-01-15,700000,Borussia Mönchengladbach,18,L1
1277,2007-01-15,4500000,SV Werder Bremen,86,L1
1323,2007-01-15,1500000,Borussia Dortmund,24,L1
1363,2007-01-15,1000000,1.FSV Mainz 05,33,L1
1368,2007-01-15,4000000,Hamburger SV,1519,SC1
1474,2007-01-15,6500000,SV Werder Bremen,533,L1
1572,2007-01-15,2200000,1.FC Nuremberg,162,FR1
1586,2007-01-15,3500000,SV Werder Bremen,42,L1
1772,2007-01-15,550000,1.FSV Mainz 05,38,L1
2767,2007-01-15,3000000,VfL Wolfsburg,24,L1
2805,2007-01-15,2500000,FC Schalke 04,42,L1
123,2007-01-16,5500000,Borussia Dortmund,33,L1
264,2007-01-16,1500000,1.FC Kaiserslautern,79,L1
277,2007-01-16,1700000,Alemannia Aachen,3368,ES1
299,2007-01-16,5000000,FC Schalke 04,10484,TR1
532,2007-01-16,12000000,Bayern Munich,86,L1
690,2007-01-16,7500000,SV Werder Bremen,39,L1
773,2007-01-16,4500000,Hamburger SV,14171,FR1
992,2007-01-16,1200000,MSV Duisburg,38,L1
1095,2007-01-16,3500000,Borussia Mönchengladbach,44,L1
1122,2007-01-16,700000,FC Augsburg,41,L1
1331,2007-01-16,6000000,FC Schalke 04,533,L1
1381,2007-01-16,1400000,Karlsruher SC,44,L1
1426,2007-01-16,4000000,VfB Stuttgart,79,L1
1532,2007-01-16,2200000,Borussia Mönchengladbach,28643,BE1
1573,2007-01-16,3200000,VfB Stuttgart,29,GB1
1659,2007-01-16,250000,SC Freiburg,23,L1
1662,2007-01-16,1000000,SC Freiburg,33,L1
1684,2007-01-16,1300000,1.FSV Mainz 05,65,L1
1791,2007-01-16,6500000,FC Schalke 04,167,L1
1986,2007-01-16,1800000,1.FSV Mainz 05,167,L1
2050,2007-01-16,4000000,Borussia Dortmund,24,L1
2150,2007-01-16,1300000,Borussia Mönchengladbach,16,L1
2201,2007-01-16,250000,SC Paderborn 07,127,L1
2309,2007-01-16,3000000,VfL Bochum,121,RU1
2583,2007-01-16,650000,Eintracht Braunschweig,2760,SC1
2623,2007-01-16,3500000,Hamburger SV,167,L1
2712,2007-01-16,1000000,Borussia Mönchengladbach,38,L1
2989,2007-01-16,2000000,Hamburger SV,41,L1
3114,2007-01-16,3500000,Alemannia Aachen,42,L1
3256,2007-01-16,2500000,VfB Stuttgart,15,L1
1257,2007-01-20,100000,Rot-Weiß Erfurt,127,L1
3216,2007-01-23,7500000,Olympique Lyon,589,TR1
1443,2007-01-31,6000000,Sevilla FC,190,DK1
3170,2007-02-08,1750000,AZ Alkmaar,1304,NL1
2703,2007-03-09,2200000,Real Sociedad,173,DK1
2878,2007-03-15,250000,Grasshopper Club Zurich,750,FR1
568,2007-03-29,3000000,Spartak Moscow,18,L1
2857,2007-03-29,1000000,Lokomotiv Moscow,29,GB1
1725,2007-03-31,1500000,FC Copenhagen,173,DK1
325,2007-04-19,10500000,ACF Fiorentina,141,TR1
597,2007-04-24,11700000,Arsenal FC,2696,RU1
3226,2007-04-24,12500000,Bolton Wanderers,984,GB1
132,2007-04-25,14400000,Arsenal FC,11,GB1
3151,2007-04-25,1900000,Chelsea FC,148,GB1
3156,2007-04-25,17500000,Arsenal FC,148,GB1
3163,2007-04-25,39750000,Chelsea FC,281,GB1
3182,2007-04-25,18900000,Chelsea FC,12,IT1
3195,2007-04-25,10300000,Liverpool FC,512,GB1
3202,2007-04-25,19500000,Arsenal FC,371,SC1
3220,2007-04-25,13800000,Liverpool FC,931,GB1
3235,2007-04-25,27000000,Manchester United,1039,GB1
3266,2007-04-25,2260000,Arsenal FC,1158,FR1
3297,2007-04-25,9900000,Liverpool FC,603,GB1
3405,2007-04-25,4800000,Manchester United,289,GB1
65,2007-04-27,17600000,Tottenham Hotspur,1091,GR1
3120,2007-04-27,1000000,Everton FC,281,GB1
3146,2007-04-27,8800000,Newcastle United,512,GB1
3160,2007-04-27,33000000,Chelsea FC,631,GB1
3179,2007-04-27,2300000,West Ham United,371,SC1
3266,2007-04-27,2300000,Arsenal FC,1158,FR1
3270,2007-04-27,7000000,Everton FC,1123,GB1
3273,2007-04-27,5750000,West Ham United,1003,GB1
3296,2007-04-27,3700000,West Ham United,1003,GB1
3332,2007-04-27,36000000,Manchester United,985,GB1
3404,2007-04-27,5000000,Everton FC,29,GB1
1094,2007-05-02,5100000,Middlesbrough FC,4,L1
1397,2007-05-03,15000000,Newcastle United,512,GB1
2998,2007-05-03,6200000,Middlesbrough FC,1003,GB1
3118,2007-05-03,9200000,Newcastle United,1039,GB1
3130,2007-05-03,3700000,Newcastle United,289,GB1
3259,2007-05-03,7800000,Newcastle United,931,GB1
3271,2007-05-03,4500000,Charlton Athletic,1039,GB1
3276,2007-05-03,5700000,Newcastle United,873,GB1
3292,2007-05-03,7400000,Manchester City,1132,GB1
3310,2007-05-03,2000000,Manchester City,370,SC1
3356,2007-05-03,7300000,Manchester City,989,GB1
3357,2007-05-03,4100000,Middlesbrough FC,1003,GB1
3366,2007-05-03,49500000,AC Milan,5,IT1
3405,2007-05-03,5000000,Manchester United,289,GB1
1161,2007-05-05,9000000,FC Internazionale,46,IT1
3098,2007-05-05,7100000,Aston Villa,190,DK1
3190,2007-05-05,900000,Aston Villa,180,GB1
3291,2007-05-09,6400000,Aston Villa,984,GB1
1841,2007-05-19,2500000,Antalyaspor,10484,TR1
831,2007-05-29,600000,TSG 1899 Hoffenheim,1506,TR1
933,2007-05-31,2000000,Manisaspor,2293,TR1
3059,2007-05-31,1250000,Gaziantepspor,524,TR1
3205,2007-06-04,4400000,Blackburn Rovers,1083,RU1
755,2007-06-09,1400000,Fenerbahce,589,TR1
2950,2007-06-09,300000,SV Mattersburg,42,L1
1716,2007-06-10,2500000,Real Betis Balompié,6996,UKR1
1327,2007-06-17,6500000,Olympique Lyon,1159,FR1
3216,2007-06-17,7000000,Olympique Lyon,589,TR1
80,2007-06-19,750000,SC Paderborn 07,27,L1
992,2007-06-19,1500000,MSV Duisburg,38,L1
1122,2007-06-19,750000,FC Augsburg,41,L1
1568,2007-06-19,400000,SpVgg Greuther Fürth,38,L1
1662,2007-06-19,1500000,SC Freiburg,33,L1
2926,2007-06-19,1100000,SSC Napoli,105,L1
3391,2007-06-19,450000,MSV Duisburg,10484,TR1
80,2007-06-20,900000,SC Paderborn 07,27,L1
277,2007-06-20,1500000,Alemannia Aachen,3368,ES1
1073,2007-06-20,3500000,1.FSV Mainz 05,16,L1
1126,2007-06-20,1500000,Alemannia Aachen,3,L1
1139,2007-06-20,3000000,1.FSV Mainz 05,39,L1
1363,2007-06-20,600000,1.FSV Mainz 05,33,L1
1381,2007-06-20,1800000,Karlsruher SC,44,L1
1532,2007-06-20,1500000,Borussia Mönchengladbach,28643,BE1
1587,2007-06-20,1800000,Karlsruher SC,42,L1
1772,2007-06-20,500000,1.FSV Mainz 05,38,L1
1896,2007-06-20,300000,Fortuna Düsseldorf,19771,TR1
1986,2007-06-20,1200000,1.FSV Mainz 05,167,L1
2150,2007-06-20,1000000,Borussia Mönchengladbach,16,L1
2306,2007-06-20,2500000,Karlsruher SC,42,L1
2712,2007-06-20,750000,Borussia Mönchengladbach,38,L1
3114,2007-06-20,3000000,Alemannia Aachen,42,L1
10,2007-06-21,23000000,SV Werder Bremen,398,IT1
77,2007-06-21,16000000,Bayern Munich,506,IT1
123,2007-06-21,6500000,Borussia Dortmund,33,L1
162,2007-06-21,600000,Arminia Bielefeld,79,L1
332,2007-06-21,1600000,Eintracht Frankfurt,24,L1
410,2007-06-21,8000000,Borussia Dortmund,16,L1
532,2007-06-21,9500000,Bayern Munich,86,L1
598,2007-06-21,8000000,VfB Stuttgart,24,L1
670,2007-06-21,10000000,Atlético de Madrid,714,ES1
823,2007-06-21,3500000,Hannover 96,4,L1
1075,2007-06-21,7000000,Bayer 04 Leverkusen,121,RU1
1150,2007-06-21,5000000,1.FC Nuremberg,4,L1
1277,2007-06-21,5000000,SV Werder Bremen,86,L1
1331,2007-06-21,8500000,FC Schalke 04,533,L1
1426,2007-06-21,5500000,VfB Stuttgart,79,L1
1428,2007-06-21,4000000,VfL Wolfsburg,60,L1
1474,2007-06-21,7000000,SV Werder Bremen,533,L1
1565,2007-06-21,2500000,Eintracht Frankfurt,24,L1
1572,2007-06-21,4500000,1.FC Nuremberg,162,FR1
1573,2007-06-21,5500000,VfB Stuttgart,29,GB1
1784,2007-06-21,2500000,Bayer 04 Leverkusen,39,L1
1791,2007-06-21,5000000,FC Schalke 04,167,L1
2050,2007-06-21,3000000,Borussia Dortmund,24,L1
2309,2007-06-21,4500000,VfL Bochum,121,RU1
2334,2007-06-21,700000,Arminia Bielefeld,44,L1
2358,2007-06-21,2800000,Eintracht Frankfurt,82,L1
2583,2007-06-21,900000,Eintracht Braunschweig,2760,SC1
2805,2007-06-21,4500000,FC Schalke 04,42,L1
2963,2007-06-21,5000000,Bayern Munich,714,ES1
3176,2007-06-21,8500000,FC Barcelona,2282,BE1
3233,2007-06-21,2500000,Eintracht Frankfurt,533,L1
3256,2007-06-21,5000000,VfB Stuttgart,15,L1
690,2007-06-23,4000000,SV Werder Bremen,39,L1
1443,2007-06-24,8600000,Sevilla FC,190,DK1
3139,2007-06-24,19799999,Real Madrid,583,FR1
1944,2007-06-26,250000,VfB Lübeck,23,L1
1116,2007-06-29,2000000,SpVgg Greuther Fürth,65,L1
3201,2007-06-29,4000000,LOSC Lille,265,GR1
3115,2007-07-04,2500000,OGC Nice,40,FR1
3297,2007-07-09,12000000,Liverpool FC,603,GB1
1327,2007-07-20,7750000,FC Girondins Bordeaux,1159,FR1
2386,2007-07-28,150000,SV Sandhausen,23,L1
215,2007-07-29,5000000,Blackburn Rovers,1084,ES1
2999,2007-07-29,600000,Charlton Athletic,2578,SC1
3251,2007-07-29,900000,Motherwell FC,370,SC1
65,2007-08-02,27000000,Tottenham Hotspur,1091,GR1
670,2007-08-02,8000000,Manchester City,714,ES1
1083,2007-08-02,3500000,Deportivo de La Coruña,128,GR1
3266,2007-08-02,3000000,Middlesbrough FC,1158,FR1
3292,2007-08-02,8600000,Newcastle United,1132,GB1
3170,2007-08-14,3200000,AZ Alkmaar,1304,NL1
2904,2007-08-23,13000000,FC Barcelona,276,IT1
1443,2007-08-24,10000000,Sevilla FC,190,DK1
2805,2007-08-24,6500000,FC Schalke 04,42,L1
2587,2007-08-27,500000,MKE Ankaragücü,524,TR1
2950,2007-08-27,800000,SV Mattersburg,42,L1
3172,2007-08-27,4000000,Real Murcia CF,940,ES1
132,2007-09-01,16500000,Arsenal FC,11,GB1
597,2007-09-01,11500000,Arsenal FC,2696,RU1
1094,2007-09-01,5000000,Middlesbrough FC,4,L1
2726,2007-09-01,500000,FC Gueugnon,2990,PO1
2998,2007-09-01,6000000,Middlesbrough FC,1003,GB1
3098,2007-09-01,7000000,Aston Villa,190,DK1
3109,2007-09-01,38500000,Liverpool FC,31,GB1
3118,2007-09-01,9000000,West Ham United,1039,GB1
3130,2007-09-01,3500000,Wigan Athletic,289,GB1
3146,2007-09-01,9000000,Newcastle United,512,GB1
3151,2007-09-01,2000000,Chelsea FC,148,GB1
3156,2007-09-01,15000000,Arsenal FC,148,GB1
3179,2007-09-01,2500000,West Ham United,371,SC1
3182,2007-09-01,19000000,Chelsea FC,12,IT1
3195,2007-09-01,10500000,Liverpool FC,512,GB1
3205,2007-09-01,4500000,Blackburn Rovers,1083,RU1
3220,2007-09-01,14000000,Liverpool FC,931,GB1
3259,2007-09-01,8000000,Newcastle United,931,GB1
3276,2007-09-01,5500000,Newcastle United,873,GB1
3291,2007-09-01,6500000,Aston Villa,984,GB1
3292,2007-09-01,8500000,Newcastle United,1132,GB1
3296,2007-09-01,3500000,Fulham FC,1003,GB1
3333,2007-09-01,8000000,Newcastle United,762,GB1
3356,2007-09-01,7500000,Portsmouth FC,989,GB1
3357,2007-09-01,4000000,Middlesbrough FC,1003,GB1
1792,2007-09-02,6000000,Bayern Munich,105,L1
2878,2007-09-11,400000,Grasshopper Club Zurich,750,FR1
3366,2007-09-11,70000000,AC Milan,5,IT1
1613,2007-09-20,350000,FC Metz,855,FR1
3321,2007-09-20,1000000,Twente Enschede FC,3725,RU1
3354,2007-09-20,2500000,Club Brugge KV,2282,BE1
1331,2007-10-01,10000000,FC Schalke 04,533,L1
3287,2007-10-01,400000,Heart of Midlothian FC,2578,SC1
2703,2007-10-04,2000000,Real Sociedad,173,DK1
2956,2007-10-04,4400000,SC Braga,68608,PO1
3115,2007-10-04,4500000,FC Girondins Bordeaux,40,FR1
3132,2007-10-04,2200000,HNK Hajduk Split,126,TR1
3139,2007-10-10,15000000,Los Angeles Galaxy,583,FR1
1560,2007-10-19,700000,NEC Nijmegen,306,NL1
1667,2007-10-19,2000000,CD Nacional,162,FR1
3395,2007-10-19,2000000,NEC Nijmegen,132,NL1
2453,2007-10-28,450000,Wuppertaler SV Borussia,127,L1
2950,2007-10-29,600000,SV Mattersburg,42,L1
1094,2007-11-05,4500000,Middlesbrough FC,4,L1
2998,2007-11-05,5500000,Middlesbrough FC,1003,GB1
264,2007-11-08,2500000,Karlsruher SC,79,L1
2233,2007-11-08,1500000,Bayern Munich,3368,ES1
2334,2007-11-08,1200000,Borussia Mönchengladbach,44,L1
2989,2007-11-08,3000000,Hamburger SV,41,L1
1094,2007-11-13,5000000,Middlesbrough FC,4,L1
3115,2007-11-19,6000000,FC Girondins Bordeaux,40,FR1
3297,2007-11-19,12250000,West Ham United,603,GB1
1197,2007-11-26,500000,Aarhus GF,678,DK1
892,2007-12-11,650000,Barnsley FC,39,L1
2138,2007-12-17,200000,LKS Lodz,40426,RU1
1327,2007-12-27,8000000,FC Girondins Bordeaux,1159,FR1
2865,2007-12-27,4000000,LOSC Lille,167,L1
3115,2007-12-27,7000000,FC Girondins Bordeaux,40,FR1
3165,2007-12-27,14500000,Olympique Lyon,141,TR1
3216,2007-12-27,5500000,Olympique Lyon,589,TR1
1126,2007-12-28,1200000,Alemannia Aachen,3,L1
1139,2007-12-28,2500000,1.FSV Mainz 05,39,L1
1986,2007-12-28,1500000,1.FSV Mainz 05,167,L1
2201,2007-12-28,300000,SC Paderborn 07,127,L1
2334,2007-12-28,1500000,Borussia Mönchengladbach,44,L1
2583,2007-12-28,700000,Alemannia Aachen,2760,SC1
26,2008-01-01,5000000,Borussia Dortmund,16,L1
77,2008-01-01,18000000,Bayern Munich,506,IT1
80,2008-01-01,1400000,MSV Duisburg,27,L1
162,2008-01-01,1000000,Borussia Dortmund,79,L1
264,2008-01-01,3500000,Karlsruher SC,79,L1
277,2008-01-01,2000000,Hannover 96,3368,ES1
299,2008-01-01,7000000,FC Schalke 04,10484,TR1
332,2008-01-01,1400000,Eintracht Frankfurt,24,L1
411,2008-01-01,5000000,FC Schalke 04,44,L1
488,2008-01-01,1200000,FC Energie Cottbus,2288,GB1
557,2008-01-01,2500000,VfL Wolfsburg,167,L1
691,2008-01-01,7000000,Bayer 04 Leverkusen,15,L1
773,2008-01-01,7000000,Hamburger SV,14171,FR1
823,2008-01-01,4000000,Hannover 96,4,L1
1073,2008-01-01,5500000,Bayer 04 Leverkusen,16,L1
1095,2008-01-01,3750000,1.FC Nuremberg,44,L1
1116,2008-01-01,1400000,Hannover 96,65,L1
1150,2008-01-01,4000000,VfB Stuttgart,4,L1
1277,2008-01-01,7000000,SV Werder Bremen,86,L1
1321,2008-01-01,5500000,FC Schalke 04,114,TR1
1335,2008-01-01,4000000,Hannover 96,42,L1
1381,2008-01-01,2200000,Karlsruher SC,44,L1
1426,2008-01-01,5000000,VfB Stuttgart,79,L1
1428,2008-01-01,5000000,Hannover 96,60,L1
1565,2008-01-01,3000000,Eintracht Frankfurt,24,L1
1568,2008-01-01,800000,SpVgg Greuther Fürth,38,L1
1572,2008-01-01,5000000,1.FC Nuremberg,162,FR1
1573,2008-01-01,7500000,VfB Stuttgart,29,GB1
1586,2008-01-01,4000000,Hannover 96,42,L1
1587,2008-01-01,3000000,Karlsruher SC,42,L1
1662,2008-01-01,2000000,VfL Wolfsburg,33,L1
1726,2008-01-01,5000000,FC Schalke 04,610,NL1
1784,2008-01-01,6000000,Bayer 04 Leverkusen,39,L1
2150,2008-01-01,1250000,Arminia Bielefeld,16,L1
2219,2008-01-01,18000000,Bayern Munich,27,L1
2233,2008-01-01,2500000,Bayern Munich,3368,ES1
2306,2008-01-01,3000000,Karlsruher SC,42,L1
2309,2008-01-01,5500000,1.FC Nuremberg,121,RU1
2358,2008-01-01,3000000,Eintracht Frankfurt,82,L1
2514,2008-01-01,10000000,Bayern Munich,985,GB1
2623,2008-01-01,4000000,Hamburger SV,167,L1
2874,2008-01-01,6000000,Borussia Dortmund,265,GR1
2963,2008-01-01,9000000,Bayern Munich,714,ES1
3170,2008-01-07,3000000,AZ Alkmaar,1304,NL1
3321,2008-01-07,1800000,Twente Enschede FC,3725,RU1
755,2008-01-09,2000000,Fenerbahce,589,TR1
1841,2008-01-09,2000000,Fenerbahce,10484,TR1
933,2008-01-11,2800000,Manisaspor,2293,TR1
3226,2008-01-11,20000000,Chelsea FC,984,GB1
215,2008-01-15,8000000,Blackburn Rovers,1084,ES1
2587,2008-01-15,900000,MKE Ankaragücü,524,TR1
2899,2008-01-15,1700000,Bursaspor,2292,TR1
2953,2008-01-15,4750000,Wigan Athletic,41,L1
3130,2008-01-15,2750000,Wigan Athletic,289,GB1
3205,2008-01-15,9000000,Blackburn Rovers,1083,RU1
2148,2008-01-16,1000000,Gaziantepspor,2944,TR1
3059,2008-01-16,1700000,Gaziantepspor,524,TR1
1725,2008-01-17,1900000,FC Copenhagen,173,DK1
892,2008-01-21,900000,Barnsley FC,39,L1
2998,2008-01-21,4000000,Middlesbrough FC,1003,GB1
3098,2008-01-21,7500000,Aston Villa,190,DK1
3266,2008-01-21,3750000,Middlesbrough FC,1158,FR1
3271,2008-01-21,4750000,Middlesbrough FC,1039,GB1
3291,2008-01-21,10500000,Aston Villa,984,GB1
3296,2008-01-21,3000000,Fulham FC,1003,GB1
3357,2008-01-21,3750000,Middlesbrough FC,1003,GB1
670,2008-01-29,11000000,Manchester City,714,ES1
1397,2008-01-29,12000000,Newcastle United,512,GB1
1606,2008-01-29,180000,Bröndby IF,2414,DK1
2926,2008-01-29,1800000,SSC Napoli,105,L1
3118,2008-01-29,7500000,West Ham United,1039,GB1
3120,2008-01-29,800000,West Ham United,281,GB1
3146,2008-01-29,8250000,Newcastle United,512,GB1
3179,2008-01-29,4000000,West Ham United,371,SC1
3259,2008-01-29,7000000,Newcastle United,931,GB1
3270,2008-01-29,9000000,Everton FC,1123,GB1
3273,2008-01-29,6000000,West Ham United,1003,GB1
3276,2008-01-29,3500000,Newcastle United,873,GB1
3292,2008-01-29,7500000,Newcastle United,1132,GB1
3297,2008-01-29,9500000,West Ham United,603,GB1
3333,2008-01-29,8750000,Newcastle United,762,GB1
3356,2008-01-29,8750000,Portsmouth FC,989,GB1
3404,2008-01-29,5750000,Everton FC,29,GB1
65,2008-02-04,24000000,Tottenham Hotspur,1091,GR1
123,2008-02-04,7000000,Real Madrid,33,L1
132,2008-02-04,17500000,Arsenal FC,11,GB1
532,2008-02-04,8000000,Chelsea FC,86,L1
597,2008-02-04,18000000,Arsenal FC,2696,RU1
598,2008-02-04,9000000,Valencia CF,24,L1
1075,2008-02-04,7500000,Liverpool FC,121,RU1
1083,2008-02-04,3600000,Deportivo de La Coruña,128,GR1
1443,2008-02-04,11000000,Sevilla FC,190,DK1
1716,2008-02-04,2000000,Real Betis Balompié,6996,UKR1
2904,2008-02-04,12000000,FC Barcelona,276,IT1
3109,2008-02-04,45000000,Liverpool FC,31,GB1
3156,2008-02-04,18000000,Arsenal FC,148,GB1
3163,2008-02-04,38000000,Chelsea FC,281,GB1
3172,2008-02-04,3400000,Real Murcia CF,940,ES1
3176,2008-02-04,5000000,FC Barcelona,2282,BE1
3182,2008-02-04,17000000,Chelsea FC,12,IT1
3195,2008-02-04,9500000,Liverpool FC,512,GB1
3202,2008-02-04,21000000,Arsenal FC,371,SC1
3220,2008-02-04,12500000,Liverpool FC,931,GB1
3235,2008-02-04,30000000,Manchester United,1039,GB1
3332,2008-02-04,40000000,Manchester United,985,GB1
3397,2008-02-04,10000000,Manchester United,985,GB1
3405,2008-02-04,6500000,Manchester United,289,GB1
3406,2008-02-04,10000000,Manchester United,985,GB1
2703,2008-02-05,1200000,Real Sociedad,173,DK1
3159,2008-02-05,400000,AC Mantova 1911,130,IT1
2857,2008-02-08,1000000,Grasshopper Club Zurich,29,GB1
2878,2008-02-08,985000,Grasshopper Club Zurich,750,FR1
1161,2008-02-15,9000000,FC Internazionale,46,IT1
3366,2008-02-15,55000000,AC Milan,5,IT1
2956,2008-02-18,5500000,SC Braga,68608,PO1
2950,2008-02-19,425000,SV Mattersburg,42,L1
1197,2008-02-20,1000000,Aarhus GF,678,DK1
568,2008-03-01,4000000,Spartak Moscow,18,L1
3139,2008-03-03,9000000,Los Angeles Galaxy,583,FR1
557,2008-03-05,2000000,VfL Wolfsburg,167,L1
1667,2008-03-05,3000000,VfL Wolfsburg,162,FR1
1791,2008-03-05,4000000,FC Schalke 04,167,L1
2874,2008-03-05,8000000,Borussia Dortmund,265,GR1
2923,2008-03-07,3800000,Panathinaikos Athens,3368,ES1
2963,2008-03-23,12000000,Bayern Munich,714,ES1
1083,2008-03-27,4000000,Deportivo de La Coruña,128,GR1
2857,2008-03-27,1300000,Grasshopper Club Zurich,29,GB1
2878,2008-04-01,750000,Grasshopper Club Zurich,750,FR1
598,2008-04-04,10000000,Valencia CF,24,L1
2950,2008-04-23,350000,SV Mattersburg,42,L1
3132,2008-05-04,2800000,HNK Hajduk Split,126,TR1
1327,2008-05-05,10000000,FC Girondins Bordeaux,1159,FR1
1613,2008-05-05,900000,FC Metz,855,FR1
2865,2008-05-05,5000000,LOSC Lille,167,L1
3115,2008-05-05,6000000,FC Girondins Bordeaux,40,FR1
3165,2008-05-05,13500000,Olympique Lyon,141,TR1
3201,2008-05-05,5000000,AS Saint-Étienne,265,GR1
2386,2008-05-27,300000,SV Sandhausen,23,L1
10,2008-06-04,20000000,Bayern Munich,398,IT1
80,2008-06-04,1200000,MSV Duisburg,27,L1
109,2008-06-04,7500000,Borussia Dortmund,825,TR1
258,2008-06-04,4500000,FC Schalke 04,33,L1
264,2008-06-04,4000000,Karlsruher SC,79,L1
276,2008-06-04,350000,Vejle Boldklub,20100,DK1
277,2008-06-04,1800000,Hannover 96,3368,ES1
332,2008-06-04,1750000,Eintracht Frankfurt,24,L1
410,2008-06-04,6000000,Borussia Dortmund,16,L1
411,2008-06-04,4000000,FC Schalke 04,44,L1
488,2008-06-04,1800000,FC Energie Cottbus,2288,GB1
557,2008-06-04,1500000,VfL Wolfsburg,167,L1
690,2008-06-04,5000000,SV Werder Bremen,39,L1
691,2008-06-04,8500000,Bayer 04 Leverkusen,15,L1
837,2008-06-04,1500000,Arminia Bielefeld,18,L1
992,2008-06-04,900000,MSV Duisburg,38,L1
1095,2008-06-04,3500000,1.FC Nuremberg,44,L1
1116,2008-06-04,1200000,Borussia Mönchengladbach,65,L1
1144,2008-06-04,1300000,Borussia Mönchengladbach,18,L1
1150,2008-06-04,2500000,VfB Stuttgart,4,L1
1321,2008-06-04,7000000,FC Schalke 04,114,TR1
1323,2008-06-04,1000000,Borussia Dortmund,24,L1
1335,2008-06-04,3000000,Hannover 96,42,L1
1381,2008-06-04,2500000,Karlsruher SC,44,L1
1426,2008-06-04,6000000,VfB Stuttgart,79,L1
1474,2008-06-04,6000000,SV Werder Bremen,533,L1
1496,2008-06-04,1500000,SC Freiburg,24,L1
1568,2008-06-04,1000000,SpVgg Greuther Fürth,38,L1
1572,2008-06-04,4000000,1.FC Nuremberg,162,FR1
1662,2008-06-04,2500000,VfL Wolfsburg,33,L1
1667,2008-06-04,5000000,VfL Wolfsburg,162,FR1
1684,2008-06-04,1500000,1.FSV Mainz 05,65,L1
1726,2008-06-04,7000000,FC Schalke 04,610,NL1
1772,2008-06-04,600000,TuS Koblenz,38,L1
1784,2008-06-04,8500000,Bayer 04 Leverkusen,39,L1
1792,2008-06-04,8000000,Bayern Munich,105,L1
2050,2008-06-04,2000000,Borussia Dortmund,24,L1
2150,2008-06-04,1600000,Arminia Bielefeld,16,L1
2233,2008-06-04,4000000,Bayern Munich,3368,ES1
2306,2008-06-04,3500000,Karlsruher SC,42,L1
2309,2008-06-04,6500000,1.FC Nuremberg,121,RU1
2334,2008-06-04,1300000,Borussia Mönchengladbach,44,L1
2358,2008-06-04,4000000,Eintracht Frankfurt,82,L1
2374,2008-06-04,2000000,SV Werder Bremen,16,L1
2421,2008-06-04,2000000,Bayern Munich,38,L1
2583,2008-06-04,900000,Alemannia Aachen,2760,SC1
2623,2008-06-04,4500000,Hamburger SV,167,L1
2712,2008-06-04,600000,Borussia Mönchengladbach,38,L1
2805,2008-06-04,5000000,FC Schalke 04,42,L1
2874,2008-06-04,9500000,Borussia Dortmund,265,GR1
2963,2008-06-04,14000000,Bayern Munich,714,ES1
2989,2008-06-04,4000000,Hamburger SV,41,L1
3114,2008-06-04,2500000,Bayern Munich,42,L1
3391,2008-06-04,350000,MSV Duisburg,10484,TR1
2421,2008-06-05,3000000,Bayern Munich,38,L1
80,2008-06-09,1600000,MSV Duisburg,27,L1
2923,2008-06-09,4300000,Panathinaikos Athens,3368,ES1
933,2008-06-11,3000000,Manisaspor,2293,TR1
2899,2008-06-13,2000000,Bursaspor,2292,TR1
2148,2008-06-20,1300000,Gaziantepspor,2944,TR1
2587,2008-06-20,1200000,MKE Ankaragücü,524,TR1
3059,2008-06-20,2000000,Gaziantepspor,524,TR1
1725,2008-06-27,1800000,FC Copenhagen,173,DK1
1197,2008-06-29,1100000,Aarhus GF,678,DK1
2926,2008-06-30,2100000,SSC Napoli,105,L1
1792,2008-07-03,11000000,Bayern Munich,105,L1
2219,2008-07-03,21000000,Bayern Munich,27,L1
2514,2008-07-03,12000000,Bayern Munich,985,GB1
2712,2008-07-03,750000,Aarhus GF,38,L1
65,2008-07-04,26000000,Tottenham Hotspur,1091,GR1
132,2008-07-04,17000000,Arsenal FC,11,GB1
215,2008-07-04,12000000,Blackburn Rovers,1084,ES1
532,2008-07-04,6000000,Chelsea FC,86,L1
670,2008-07-04,12000000,Manchester City,714,ES1
1075,2008-07-04,6000000,Liverpool FC,121,RU1
1094,2008-07-04,5500000,Middlesbrough FC,4,L1
1397,2008-07-04,15000000,Newcastle United,512,GB1
2953,2008-07-04,5000000,Wigan Athletic,41,L1
2998,2008-07-04,3500000,Middlesbrough FC,1003,GB1
3098,2008-07-04,9000000,Juventus FC,190,DK1
3118,2008-07-04,6000000,West Ham United,1039,GB1
3130,2008-07-04,2500000,Wigan Athletic,289,GB1
3131,2008-07-04,3500000,West Bromwich Albion,873,GB1
3146,2008-07-04,7500000,Newcastle United,512,GB1
3151,2008-07-04,1500000,Chelsea FC,148,GB1
3156,2008-07-04,19000000,Arsenal FC,148,GB1
3163,2008-07-04,37000000,Chelsea FC,281,GB1
3195,2008-07-04,8500000,Liverpool FC,512,GB1
3202,2008-07-04,22000000,Arsenal FC,371,SC1
3205,2008-07-04,12000000,Blackburn Rovers,1083,RU1
3216,2008-07-04,4500000,Olympique Lyon,589,TR1
3220,2008-07-04,10000000,AS Roma,931,GB1
3226,2008-07-04,18000000,Chelsea FC,984,GB1
3235,2008-07-04,33000000,Manchester United,1039,GB1
3259,2008-07-04,6000000,Newcastle United,931,GB1
3266,2008-07-04,4500000,Middlesbrough FC,1158,FR1
3270,2008-07-04,11500000,Everton FC,1123,GB1
3271,2008-07-04,5000000,Middlesbrough FC,1039,GB1
3276,2008-07-04,1500000,Newcastle United,873,GB1
3291,2008-07-04,14500000,Aston Villa,984,GB1
3292,2008-07-04,6000000,Newcastle United,1132,GB1
3297,2008-07-04,7500000,West Ham United,603,GB1
3356,2008-07-04,9000000,Portsmouth FC,989,GB1
3357,2008-07-04,3000000,Fulham FC,1003,GB1
3404,2008-07-04,6000000,Everton FC,29,GB1
3405,2008-07-04,8500000,Manchester United,289,GB1
123,2008-07-08,6000000,Real Madrid,33,L1
2904,2008-07-10,10000000,FC Barcelona,276,IT1
3176,2008-07-10,4600000,FC Barcelona,2282,BE1
325,2008-07-11,12000000,Atlético de Madrid,141,TR1
886,2008-07-11,350000,Fortuna Düsseldorf,38,L1
1257,2008-07-11,150000,Fortuna Düsseldorf,127,L1
3354,2008-07-15,2000000,Club Brugge KV,2282,BE1
1083,2008-07-16,5000000,Deportivo de La Coruña,128,GR1
597,2008-07-17,19000000,FC Barcelona,2696,RU1
598,2008-07-17,8000000,Valencia CF,24,L1
735,2008-07-20,600000,Modena FC,1210,IT1
1716,2008-07-20,2000000,Real Betis Balompié,6996,UKR1
755,2008-07-21,1600000,Fenerbahce,589,TR1
1841,2008-07-21,1300000,Fenerbahce,10484,TR1
3321,2008-07-29,2250000,Twente Enschede FC,3725,RU1
3205,2008-08-01,17000000,Tottenham Hotspur,1083,RU1
1560,2008-08-08,1000000,NEC Nijmegen,306,NL1
3172,2008-08-08,3000000,Real Murcia CF,940,ES1
773,2008-08-19,7500000,Hamburger SV,14171,FR1
1573,2008-08-19,8500000,VfB Stuttgart,29,GB1
3251,2008-08-24,1250000,Motherwell FC,370,SC1
2857,2008-08-25,1500000,Grasshopper Club Zurich,29,GB1
1443,2008-09-01,12000000,Juventus FC,190,DK1
3333,2008-09-01,10000000,Aston Villa,405,GB1
3366,2008-09-01,55000000,AC Milan,5,IT1
1613,2008-09-02,1200000,FC Metz,855,FR1
3321,2008-09-05,3000000,Dinamo Moscow,3725,RU1
65,2008-09-07,32000000,Manchester United,1091,GR1
2623,2008-09-07,6500000,Hamburger SV,167,L1
532,2008-09-08,9000000,SV Werder Bremen,86,L1
568,2008-09-09,2800000,Spartak Moscow,18,L1
2989,2008-09-11,5000000,Hamburger SV,41,L1
2923,2008-09-15,5500000,Panathinaikos Athens,3368,ES1
2453,2008-09-23,1000000,VfL Wolfsburg,127,L1
3132,2008-10-09,1500000,Dynamo Kyiv,126,TR1
2956,2008-10-13,5700000,SC Braga,68608,PO1
123,2008-10-15,5000000,Real Madrid,33,L1
598,2008-10-15,4000000,Valencia CF,24,L1
2904,2008-10-15,12000000,FC Barcelona,276,IT1
1606,2008-10-17,300000,AC Horsens,2414,DK1
1532,2008-10-22,3500000,Club Brugge KV,28643,BE1
3354,2008-10-22,1500000,Club Brugge KV,2282,BE1
992,2008-10-24,1000000,AE Larisa,38,L1
1323,2008-11-04,1300000,1.FC Kaiserslautern,24,L1
1662,2008-11-04,3500000,VfL Wolfsburg,33,L1
1784,2008-11-04,11000000,Bayer 04 Leverkusen,39,L1
2154,2008-11-04,450000,FSV Frankfurt,4,L1
1560,2008-12-02,1500000,NEC Nijmegen,306,NL1
3170,2008-12-02,2500000,FC Utrecht,1304,NL1
1613,2008-12-13,1000000,FC Metz,855,FR1
2712,2008-12-16,1250000,Aarhus GF,38,L1
1606,2008-12-18,450000,AC Horsens,2414,DK1
276,2008-12-20,500000,Vejle Boldklub,20100,DK1
690,2008-12-30,4000000,FC Nantes,39,L1
1327,2008-12-30,11500000,FC Girondins Bordeaux,1159,FR1
3115,2008-12-30,5500000,FC Girondins Bordeaux,40,FR1
3165,2008-12-30,11000000,Olympique Lyon,141,TR1
3201,2008-12-30,4000000,AS Saint-Étienne,265,GR1
2148,2009-01-03,900000,Konyaspor,2944,TR1
2587,2009-01-03,1200000,MKE Ankaragücü,524,TR1
2899,2009-01-03,2000000,Sivasspor,2292,TR1
892,2009-01-06,900000,Barnsley FC,39,L1
3310,2009-01-06,1500000,Charlton Athletic,370,SC1
1560,2009-01-08,1750000,NEC Nijmegen,306,NL1
2999,2009-01-08,2500000,Wolverhampton Wanderers,2578,SC1
3120,2009-01-08,800000,Ipswich Town,281,GB1
3131,2009-01-08,2500000,Birmingham City,873,GB1
3306,2009-01-08,1750000,Ipswich Town,1132,GB1
3170,2009-01-09,2250000,FC Utrecht,1304,NL1
2899,2009-01-17,2200000,Sivasspor,2292,TR1
3172,2009-01-17,1800000,Real Murcia CF,940,ES1
80,2009-01-20,1300000,MSV Duisburg,27,L1
886,2009-01-20,500000,Fortuna Düsseldorf,38,L1
1095,2009-01-20,2500000,1.FC Nuremberg,44,L1
1122,2009-01-20,900000,FC Augsburg,41,L1
1139,2009-01-20,2000000,1.FSV Mainz 05,39,L1
1323,2009-01-20,1500000,1.FC Kaiserslautern,24,L1
1496,2009-01-20,2000000,SC Freiburg,24,L1
1659,2009-01-20,450000,Eintracht Braunschweig,23,L1
1684,2009-01-20,1000000,1.FSV Mainz 05,65,L1
1944,2009-01-20,350000,Eintracht Braunschweig,23,L1
1986,2009-01-20,2000000,1.FSV Mainz 05,167,L1
258,2009-01-21,4000000,FC Schalke 04,33,L1
264,2009-01-21,6000000,Borussia Dortmund,79,L1
277,2009-01-21,1200000,Hannover 96,3368,ES1
332,2009-01-21,2200000,Eintracht Frankfurt,24,L1
488,2009-01-21,2200000,FC Energie Cottbus,2288,GB1
532,2009-01-21,11000000,SV Werder Bremen,86,L1
823,2009-01-21,3500000,Hannover 96,4,L1
831,2009-01-21,1000000,TSG 1899 Hoffenheim,1506,TR1
837,2009-01-21,1600000,Arminia Bielefeld,18,L1
1073,2009-01-21,5000000,Bayer 04 Leverkusen,16,L1
1083,2009-01-21,4400000,Deportivo de La Coruña,128,GR1
1116,2009-01-21,1000000,Borussia Mönchengladbach,65,L1
1144,2009-01-21,700000,Borussia Mönchengladbach,18,L1
1277,2009-01-21,6000000,SV Werder Bremen,86,L1
1331,2009-01-21,9000000,FC Schalke 04,533,L1
1368,2009-01-21,4500000,Hamburger SV,1519,SC1
1381,2009-01-21,3000000,Karlsruher SC,44,L1
1426,2009-01-21,5000000,VfB Stuttgart,79,L1
1428,2009-01-21,3000000,Hannover 96,60,L1
1474,2009-01-21,7500000,SV Werder Bremen,533,L1
1587,2009-01-21,2500000,Hannover 96,42,L1
1662,2009-01-21,4500000,VfL Wolfsburg,33,L1
1667,2009-01-21,7000000,VfL Wolfsburg,162,FR1
1726,2009-01-21,9000000,FC Schalke 04,610,NL1
1743,2009-01-21,50000,VfL Wolfsburg,105,L1
1772,2009-01-21,800000,TuS Koblenz,38,L1
1791,2009-01-21,5000000,FC Schalke 04,167,L1
2050,2009-01-21,3000000,Borussia Dortmund,24,L1
2150,2009-01-21,1800000,Arminia Bielefeld,16,L1
2154,2009-01-21,650000,FSV Frankfurt,4,L1
2201,2009-01-21,150000,FC Augsburg,127,L1
2219,2009-01-21,25000000,Bayern Munich,27,L1
2233,2009-01-21,3000000,Bayern Munich,3368,ES1
2306,2009-01-21,3000000,Karlsruher SC,42,L1
2309,2009-01-21,9000000,VfL Wolfsburg,121,RU1
2334,2009-01-21,700000,Borussia Mönchengladbach,44,L1
2374,2009-01-21,2500000,Borussia Dortmund,16,L1
2421,2009-01-21,4500000,Bayern Munich,38,L1
2453,2009-01-21,1200000,VfL Wolfsburg,127,L1
2514,2009-01-21,16000000,Bayern Munich,985,GB1
2583,2009-01-21,1200000,Alemannia Aachen,2760,SC1
2623,2009-01-21,8000000,Hamburger SV,167,L1
2767,2009-01-21,3500000,VfL Wolfsburg,24,L1
2874,2009-01-21,11000000,Hamburger SV,265,GR1
2963,2009-01-21,16000000,Bayern Munich,714,ES1
3114,2009-01-21,3000000,Hannover 96,42,L1
1743,2009-01-23,75000,VfL Wolfsburg,105,L1
1716,2009-01-24,2000000,Real Betis Balompié,6996,UKR1
2878,2009-01-24,1200000,FC Sochaux-Montbéliard,750,FR1
123,2009-01-26,5000000,Real Madrid,33,L1
325,2009-01-26,12000000,Atlético de Madrid,141,TR1
597,2009-01-26,16000000,FC Barcelona,2696,RU1
2904,2009-01-26,12000000,FC Barcelona,276,IT1
3176,2009-01-26,5000000,FC Barcelona,2282,BE1
2956,2009-02-01,3500000,Grasshopper Club Zurich,68608,PO1
2865,2009-02-03,6500000,SS Lazio,167,L1
1443,2009-02-06,10500000,Juventus FC,190,DK1
755,2009-02-08,1300000,Fenerbahce,589,TR1
933,2009-02-08,2500000,Besiktas JK,2293,TR1
1841,2009-02-08,800000,Fenerbahce,10484,TR1
3059,2009-02-08,3000000,Besiktas JK,524,TR1
3216,2009-02-08,8000000,Galatasaray,589,TR1
3132,2009-02-11,1250000,Dynamo Kyiv,126,TR1
992,2009-02-18,1250000,AE Larisa,38,L1
557,2009-02-22,1000000,VfL Wolfsburg,167,L1
992,2009-02-22,1000000,AE Larisa,38,L1
65,2009-02-23,34500000,Manchester United,1091,GR1
132,2009-02-23,15500000,Arsenal FC,11,GB1
215,2009-02-23,11000000,Blackburn Rovers,1084,ES1
670,2009-02-23,11000000,Manchester City,714,ES1
1094,2009-02-23,6000000,Middlesbrough FC,4,L1
1397,2009-02-23,15500000,Newcastle United,512,GB1
2953,2009-02-23,4500000,Wigan Athletic,41,L1
3109,2009-02-23,46000000,Liverpool FC,31,GB1
3118,2009-02-23,4500000,West Ham United,1039,GB1
3156,2009-02-23,16000000,Arsenal FC,148,GB1
3160,2009-02-23,34000000,Chelsea FC,631,GB1
3163,2009-02-23,39500000,Chelsea FC,281,GB1
3179,2009-02-23,6000000,West Ham United,371,SC1
3182,2009-02-23,19000000,Chelsea FC,12,IT1
3190,2009-02-23,700000,Aston Villa,180,GB1
3195,2009-02-23,6000000,Portsmouth FC,512,GB1
3202,2009-02-23,21000000,Arsenal FC,371,SC1
3205,2009-02-23,15500000,Tottenham Hotspur,1083,RU1
3226,2009-02-23,25000000,Chelsea FC,984,GB1
3235,2009-02-23,34000000,Manchester United,1039,GB1
3270,2009-02-23,11000000,Everton FC,1123,GB1
3271,2009-02-23,6500000,Aston Villa,1039,GB1
3273,2009-02-23,7500000,West Ham United,1003,GB1
3276,2009-02-23,2800000,Newcastle United,873,GB1
3291,2009-02-23,16500000,Aston Villa,984,GB1
3292,2009-02-23,5000000,Newcastle United,1132,GB1
3297,2009-02-23,9000000,Manchester City,603,GB1
3333,2009-02-23,11500000,Aston Villa,405,GB1
3356,2009-02-23,8500000,Portsmouth FC,989,GB1
3397,2009-02-23,8500000,Manchester United,985,GB1
3405,2009-02-23,9000000,Manchester United,289,GB1
3406,2009-02-23,8500000,Manchester United,985,GB1
568,2009-02-26,2200000,Spartak Moscow,18,L1
2923,2009-03-02,4500000,Panathinaikos Athens,3368,ES1
643,2009-03-04,600000,SV Werder Bremen,86,L1
3321,2009-03-06,3200000,Dinamo Moscow,3725,RU1
123,2009-03-15,4000000,Real Madrid,33,L1
597,2009-03-15,15000000,FC Barcelona,2696,RU1
2989,2009-03-21,7000000,Hamburger SV,41,L1
80,2009-04-21,1500000,MSV Duisburg,27,L1
2050,2009-04-21,4000000,Borussia Dortmund,24,L1
2309,2009-04-21,11000000,VfL Wolfsburg,121,RU1
2623,2009-04-21,10000000,Hamburger SV,167,L1
2956,2009-04-21,3000000,Grasshopper Club Zurich,68608,PO1
325,2009-04-28,8000000,Atlético de Madrid,141,TR1
568,2009-05-18,3000000,Spartak Moscow,18,L1
690,2009-05-18,3200000,FC Nantes,39,L1
1327,2009-05-18,12500000,FC Girondins Bordeaux,1159,FR1
2878,2009-05-18,1800000,FC Sochaux-Montbéliard,750,FR1
3115,2009-05-18,4500000,FC Girondins Bordeaux,40,FR1
3165,2009-05-18,10000000,Olympique Lyon,141,TR1
3201,2009-05-18,3500000,AS Saint-Étienne,265,GR1
3132,2009-05-25,1500000,Dynamo Kyiv,126,TR1
1532,2009-05-29,4000000,Club Brugge KV,28643,BE1
3354,2009-05-29,1200000,Club Brugge KV,2282,BE1
276,2009-06-03,350000,Vejle Boldklub,20100,DK1
1613,2009-06-03,1200000,FC Metz,855,FR1
2703,2009-06-03,1000000,FC Utrecht,173,DK1
1606,2009-06-08,400000,AC Horsens,2414,DK1
2950,2009-06-09,300000,Austria Vienna,42,L1
10,2009-06-10,18000000,Bayern Munich,398,IT1
80,2009-06-10,1750000,MSV Duisburg,27,L1
109,2009-06-10,7000000,Borussia Dortmund,825,TR1
162,2009-06-10,800000,Borussia Dortmund,79,L1
264,2009-06-10,6500000,Borussia Dortmund,79,L1
277,2009-06-10,1500000,Hannover 96,3368,ES1
410,2009-06-10,7000000,Borussia Dortmund,16,L1
411,2009-06-10,3000000,FC Schalke 04,44,L1
532,2009-06-10,12000000,SV Werder Bremen,86,L1
773,2009-06-10,8500000,Hamburger SV,14171,FR1
823,2009-06-10,3000000,Hannover 96,4,L1
1116,2009-06-10,700000,Borussia Mönchengladbach,65,L1
1126,2009-06-10,1000000,Alemannia Aachen,3,L1
1139,2009-06-10,2500000,1.FSV Mainz 05,39,L1
1150,2009-06-10,3200000,1.FC Nuremberg,4,L1
1277,2009-06-10,5000000,SV Werder Bremen,86,L1
1321,2009-06-10,8000000,FC Schalke 04,114,TR1
1323,2009-06-10,1700000,1.FC Kaiserslautern,24,L1
1335,2009-06-10,2000000,Hannover 96,42,L1
1363,2009-06-10,500000,1.FSV Mainz 05,33,L1
1368,2009-06-10,6000000,Hamburger SV,1519,SC1
1426,2009-06-10,6000000,VfB Stuttgart,79,L1
1474,2009-06-10,9000000,SV Werder Bremen,533,L1
1568,2009-06-10,1500000,SpVgg Greuther Fürth,38,L1
1573,2009-06-10,9000000,VfB Stuttgart,29,GB1
1662,2009-06-10,6000000,VfL Wolfsburg,33,L1
1667,2009-06-10,10000000,VfL Wolfsburg,162,FR1
1772,2009-06-10,1000000,TuS Koblenz,38,L1
1791,2009-06-10,4000000,FC Schalke 04,167,L1
1792,2009-06-10,9000000,Bayern Munich,105,L1
1986,2009-06-10,3000000,1.FSV Mainz 05,167,L1
2050,2009-06-10,4500000,Borussia Dortmund,24,L1
2150,2009-06-10,1600000,Arminia Bielefeld,16,L1
2154,2009-06-10,900000,FSV Frankfurt,4,L1
2233,2009-06-10,2500000,Bayern Munich,3368,ES1
2306,2009-06-10,2000000,Karlsruher SC,42,L1
2309,2009-06-10,13000000,VfL Wolfsburg,121,RU1
2374,2009-06-10,3000000,Borussia Dortmund,16,L1
2421,2009-06-10,2500000,Bayern Munich,38,L1
2453,2009-06-10,700000,Karlsruher SC,127,L1
2767,2009-06-10,4500000,VfL Wolfsburg,24,L1
2963,2009-06-10,14000000,Bayern Munich,714,ES1
2989,2009-06-10,8000000,Hamburger SV,41,L1
3256,2009-06-10,4000000,VfB Stuttgart,15,L1
2048,2009-06-14,300000,MVV Maastricht,403,NL1
258,2009-06-17,2500000,FC Schalke 04,33,L1
735,2009-06-17,800000,Modena FC,1210,IT1
3159,2009-06-17,200000,Vicenza Calcio,130,IT1
215,2009-06-25,9700000,Blackburn Rovers,1084,ES1
886,2009-06-25,650000,Fortuna Düsseldorf,38,L1
1094,2009-06-25,5700000,Middlesbrough FC,4,L1
1397,2009-06-25,12200000,Newcastle United,512,GB1
1944,2009-06-25,200000,Eintracht Braunschweig,23,L1
2998,2009-06-25,4000000,Middlesbrough FC,1003,GB1
3195,2009-06-25,5700000,Liverpool FC,512,GB1
3259,2009-06-25,5700000,Newcastle United,931,GB1
3266,2009-06-25,4000000,Middlesbrough FC,1158,FR1
3276,2009-06-25,2500000,Newcastle United,873,GB1
3292,2009-06-25,3000000,Newcastle United,1132,GB1
3356,2009-06-25,8300000,Portsmouth FC,989,GB1
670,2009-06-26,10000000,Manchester City,714,ES1
3118,2009-06-26,4300000,West Ham United,1039,GB1
3130,2009-06-26,3700000,Wigan Athletic,289,GB1
3146,2009-06-26,8500000,Manchester City,512,GB1
3151,2009-06-26,1000000,Tottenham Hotspur,148,GB1
3179,2009-06-26,7000000,West Ham United,371,SC1
3205,2009-06-26,13000000,Tottenham Hotspur,1083,RU1
3270,2009-06-26,11500000,Everton FC,1123,GB1
3271,2009-06-26,7000000,Aston Villa,1039,GB1
3273,2009-06-26,9000000,West Ham United,1003,GB1
3291,2009-06-26,18500000,Aston Villa,984,GB1
3333,2009-06-26,13000000,Aston Villa,405,GB1
3357,2009-06-26,4000000,Fulham FC,1003,GB1
3404,2009-06-26,5500000,Everton FC,29,GB1
215,2009-06-27,10000000,Blackburn Rovers,1084,ES1
65,2009-06-29,33000000,Manchester United,1091,GR1
132,2009-06-29,13000000,Arsenal FC,11,GB1
3109,2009-06-29,50000000,Liverpool FC,31,GB1
3160,2009-06-29,35000000,Chelsea FC,631,GB1
3163,2009-06-29,45000000,Chelsea FC,281,GB1
3182,2009-06-29,22000000,Chelsea FC,12,IT1
3226,2009-06-29,27500000,Chelsea FC,984,GB1
3235,2009-06-29,35000000,Manchester United,1039,GB1
3332,2009-06-29,42000000,Manchester United,985,GB1
3397,2009-06-29,7500000,Manchester United,985,GB1
3406,2009-06-29,7500000,Manchester United,985,GB1
2148,2009-07-02,700000,Konyaspor,2944,TR1
2587,2009-07-02,1700000,MKE Ankaragücü,524,TR1
2899,2009-07-02,2500000,Sivasspor,2292,TR1
3287,2009-07-04,250000,Dundee United FC,2578,SC1
1606,2009-07-09,300000,AC Horsens,2414,DK1
299,2009-07-16,8000000,Besiktas JK,10484,TR1
755,2009-07-16,1200000,Fenerbahce,589,TR1
933,2009-07-16,2000000,Besiktas JK,2293,TR1
1841,2009-07-16,1000000,Fenerbahce,10484,TR1
3059,2009-07-16,3800000,Besiktas JK,524,TR1
2923,2009-07-20,3000000,Panathinaikos Athens,3368,ES1
3216,2009-07-21,8500000,Galatasaray,589,TR1
123,2009-07-22,4000000,Real Madrid,33,L1
325,2009-07-22,8000000,Atlético de Madrid,141,TR1
597,2009-07-22,12000000,FC Barcelona,2696,RU1
2904,2009-07-22,12000000,FC Barcelona,276,IT1
3176,2009-07-22,7000000,FC Barcelona,2282,BE1
3195,2009-07-22,5000000,Real Zaragoza,512,GB1
3366,2009-07-22,60000000,Real Madrid,5,IT1
1443,2009-08-06,8000000,Juventus FC,190,DK1
1716,2009-08-06,1400000,Real Betis Balompié,6996,UKR1
1725,2009-08-06,2000000,FC Copenhagen,173,DK1
2726,2009-08-06,1200000,Naval 1º de Maio,2990,PO1
2865,2009-08-06,7500000,SS Lazio,167,L1
2926,2009-08-06,2500000,Atalanta BC,105,L1
3172,2009-08-06,1600000,Real Murcia CF,940,ES1
3190,2009-08-06,1500000,Manchester City,180,GB1
3220,2009-08-06,10500000,AS Roma,931,GB1
568,2009-08-17,4200000,Spartak Moscow,18,L1
3321,2009-08-17,3600000,Dinamo Moscow,3725,RU1
10,2009-08-30,12000000,Bayern Munich,398,IT1
532,2009-08-30,8000000,SV Werder Bremen,86,L1
831,2009-08-30,1800000,Eintracht Frankfurt,1506,TR1
892,2009-08-30,1300000,1.FSV Mainz 05,39,L1
992,2009-08-30,700000,Fortuna Düsseldorf,38,L1
1772,2009-09-01,1300000,SC Freiburg,38,L1
1327,2009-09-04,13000000,FC Girondins Bordeaux,1159,FR1
1532,2009-09-04,3500000,Club Brugge KV,28643,BE1
1613,2009-09-04,1500000,FC Metz,855,FR1
2878,2009-09-04,2500000,FC Sochaux-Montbéliard,750,FR1
3115,2009-09-04,3500000,FC Girondins Bordeaux,40,FR1
3165,2009-09-04,9000000,Olympique Lyon,141,TR1
3176,2009-09-04,6000000,AS Monaco,2282,BE1
3354,2009-09-04,1500000,Club Brugge KV,2282,BE1
2138,2009-09-11,250000,Karpaty Lviv (-2021),40426,RU1
3159,2009-09-24,400000,Vicenza Calcio,130,IT1
3287,2009-09-28,200000,Dundee United FC,2578,SC1
3310,2009-09-28,1500000,Dundee United FC,370,SC1
3132,2009-10-05,1300000,HNK Hajduk Split,126,TR1
2950,2009-10-06,375000,Austria Vienna,42,L1
3170,2009-10-06,1600000,Red Bull Salzburg,1304,NL1
1197,2009-10-14,1000000,Aarhus GF,678,DK1
2712,2009-10-14,1500000,Aarhus GF,38,L1
3098,2009-10-23,8500000,Olympiacos Piraeus,190,DK1
3120,2009-11-02,1000000,Ipswich Town,281,GB1
332,2009-11-09,2000000,Eintracht Frankfurt,24,L1
411,2009-11-09,2000000,FC Schalke 04,44,L1
892,2009-11-09,2000000,1.FSV Mainz 05,39,L1
1126,2009-11-09,1300000,FC St. Pauli,3,L1
1257,2009-11-09,300000,Fortuna Düsseldorf,127,L1
1568,2009-11-09,1300000,SC Freiburg,38,L1
1572,2009-11-09,3000000,1.FC Nuremberg,162,FR1
1587,2009-11-09,1750000,Hannover 96,42,L1
1772,2009-11-09,1500000,SC Freiburg,38,L1
1986,2009-11-09,2200000,Borussia Dortmund,167,L1
2306,2009-11-09,1600000,Karlsruher SC,42,L1
2334,2009-11-09,850000,FC Augsburg,44,L1
109,2009-11-18,6000000,Borussia Dortmund,825,TR1
264,2009-11-18,5500000,Borussia Dortmund,79,L1
488,2009-11-18,1600000,FC Energie Cottbus,2288,GB1
598,2009-11-18,5000000,TSG 1899 Hoffenheim,24,L1
691,2009-11-18,9500000,Bayer 04 Leverkusen,15,L1
1573,2009-11-18,8000000,VfB Stuttgart,29,GB1
1667,2009-11-18,11500000,VfL Wolfsburg,162,FR1
1784,2009-11-18,14000000,Bayer 04 Leverkusen,39,L1
1791,2009-11-18,3500000,FC Schalke 04,167,L1
1792,2009-11-18,8000000,Bayern Munich,105,L1
2233,2009-11-18,1800000,Bayern Munich,3368,ES1
2309,2009-11-18,14500000,VfL Wolfsburg,121,RU1
2421,2009-11-18,1750000,Bayern Munich,38,L1
2923,2009-11-18,5000000,1.FSV Mainz 05,3368,ES1
2805,2009-11-20,3000000,FC Schalke 04,42,L1
1716,2009-11-23,1400000,Real Betis Balompié,6996,UKR1
3172,2009-11-27,1600000,FC Cartagena,940,ES1
2386,2009-12-02,400000,Eintracht Braunschweig,23,L1
3195,2009-12-02,3000000,Real Zaragoza,512,GB1
123,2009-12-03,3000000,Real Madrid,33,L1
325,2009-12-03,6000000,Atlético de Madrid,141,TR1
1659,2009-12-03,500000,Eintracht Braunschweig,23,L1
2904,2009-12-03,12000000,FC Barcelona,276,IT1
3366,2009-12-03,60000000,Real Madrid,5,IT1
1606,2009-12-04,250000,AC Horsens,2414,DK1
1532,2009-12-07,3000000,Club Brugge KV,28643,BE1
3354,2009-12-07,2200000,Club Brugge KV,2282,BE1
1197,2009-12-08,1000000,Aarhus GF,678,DK1
1257,2009-12-08,550000,Fortuna Düsseldorf,127,L1
1725,2009-12-08,2000000,FC Copenhagen,173,DK1
2712,2009-12-08,1500000,Aarhus GF,38,L1
568,2009-12-10,4300000,Spartak Moscow,18,L1
1327,2009-12-22,14000000,FC Girondins Bordeaux,1159,FR1
2857,2009-12-22,1250000,Lokomotiv Moscow,29,GB1
2878,2009-12-22,2800000,FC Sochaux-Montbéliard,750,FR1
3165,2009-12-22,8500000,Olympique Lyon,141,TR1
3176,2009-12-22,4800000,AS Monaco,2282,BE1
3201,2009-12-22,2500000,AS Saint-Étienne,265,GR1
3321,2009-12-22,4000000,Dinamo Moscow,3725,RU1
276,2009-12-23,300000,FC Vestsjaelland,20100,DK1
2148,2009-12-27,1000000,Konyaspor,2944,TR1
1716,2010-01-07,1000000,Real Betis Balompié,6996,UKR1
2950,2010-01-08,450000,Austria Vienna,42,L1
3170,2010-01-08,1250000,Red Bull Salzburg,1304,NL1
755,2010-01-11,850000,Fenerbahce,589,TR1
933,2010-01-11,1800000,Besiktas JK,2293,TR1
1841,2010-01-11,500000,Fenerbahce,10484,TR1
1896,2010-01-11,300000,Denizlispor,19771,TR1
2587,2010-01-11,1800000,MKE Ankaragücü,524,TR1
2899,2010-01-11,2600000,Büyüksehir Belediyespor,2292,TR1
2956,2010-01-11,1500000,Gaziantepspor,68608,PO1
3059,2010-01-11,4000000,Besiktas JK,524,TR1
3216,2010-01-11,8500000,Galatasaray,589,TR1
299,2010-01-14,7000000,Besiktas JK,10484,TR1
2899,2010-01-14,2000000,Büyüksehir Belediyespor,2292,TR1
488,2010-01-15,1500000,FC Energie Cottbus,2288,GB1
886,2010-01-15,800000,Fortuna Düsseldorf,38,L1
992,2010-01-15,1000000,Fortuna Düsseldorf,38,L1
1126,2010-01-15,1500000,FC St. Pauli,3,L1
1323,2010-01-15,1800000,1.FC Kaiserslautern,24,L1
2201,2010-01-15,300000,FC Augsburg,127,L1
2306,2010-01-15,1400000,Karlsruher SC,42,L1
2334,2010-01-15,900000,FC Augsburg,44,L1
2453,2010-01-15,1000000,SC Paderborn 07,127,L1
2712,2010-01-15,1250000,FC Augsburg,38,L1
10,2010-01-17,9000000,Bayern Munich,398,IT1
26,2010-01-17,4500000,Borussia Dortmund,16,L1
109,2010-01-17,5500000,Borussia Dortmund,825,TR1
162,2010-01-17,500000,Borussia Dortmund,79,L1
258,2010-01-17,1500000,FC Schalke 04,33,L1
410,2010-01-17,5500000,Borussia Dortmund,16,L1
411,2010-01-17,1750000,Hertha BSC,44,L1
597,2010-01-17,10000000,VfB Stuttgart,2696,RU1
598,2010-01-17,4500000,TSG 1899 Hoffenheim,24,L1
773,2010-01-17,8000000,Hamburger SV,14171,FR1
837,2010-01-17,2000000,Borussia Mönchengladbach,18,L1
892,2010-01-17,2250000,1.FSV Mainz 05,39,L1
1144,2010-01-17,500000,Borussia Mönchengladbach,18,L1
1321,2010-01-17,7000000,FC Schalke 04,114,TR1
1331,2010-01-17,10000000,FC Schalke 04,533,L1
1363,2010-01-17,300000,1.FSV Mainz 05,33,L1
1381,2010-01-17,3500000,Eintracht Frankfurt,44,L1
1426,2010-01-17,5000000,VfB Stuttgart,79,L1
1428,2010-01-17,2000000,Hannover 96,60,L1
1474,2010-01-17,10000000,SV Werder Bremen,533,L1
1496,2010-01-17,2250000,SC Freiburg,24,L1
1565,2010-01-17,3500000,Eintracht Frankfurt,24,L1
1572,2010-01-17,2500000,1.FC Nuremberg,162,FR1
1573,2010-01-17,6500000,VfB Stuttgart,29,GB1
1587,2010-01-17,1250000,Hannover 96,42,L1
1684,2010-01-17,800000,1.FSV Mainz 05,65,L1
1784,2010-01-17,16000000,Bayer 04 Leverkusen,39,L1
1791,2010-01-17,3000000,Eintracht Frankfurt,167,L1
1792,2010-01-17,6500000,Bayern Munich,105,L1
1986,2010-01-17,2000000,Borussia Dortmund,167,L1
2050,2010-01-17,4000000,Borussia Dortmund,24,L1
2233,2010-01-17,1500000,Bayern Munich,3368,ES1
2421,2010-01-17,1500000,Bayern Munich,38,L1
2587,2010-01-17,1500000,MKE Ankaragücü,524,TR1
2923,2010-01-17,4500000,1.FSV Mainz 05,3368,ES1
2963,2010-01-17,11500000,Bayern Munich,714,ES1
3256,2010-01-17,3000000,VfB Stuttgart,15,L1
1560,2010-01-20,1250000,FC Augsburg,306,NL1
215,2010-01-24,8000000,Manchester City,1084,ES1
670,2010-01-24,9000000,Manchester City,714,ES1
690,2010-01-24,4500000,Bolton Wanderers,39,L1
1423,2010-01-24,2500000,Blackburn Rovers,855,FR1
2899,2010-01-24,1500000,Büyüksehir Belediyespor,2292,TR1
2998,2010-01-24,4000000,Stoke City,1003,GB1
2999,2010-01-24,2000000,Wolverhampton Wanderers,2578,SC1
3118,2010-01-24,3500000,West Ham United,1039,GB1
3130,2010-01-24,4000000,Wigan Athletic,289,GB1
3131,2010-01-24,1500000,Birmingham City,873,GB1
3146,2010-01-24,10000000,Manchester City,512,GB1
3179,2010-01-24,9000000,West Ham United,371,SC1
3202,2010-01-24,20000000,Manchester City,371,SC1
3205,2010-01-24,9000000,Tottenham Hotspur,1083,RU1
3259,2010-01-24,6000000,Fulham FC,931,GB1
3270,2010-01-24,9500000,Everton FC,1123,GB1
3291,2010-01-24,18000000,Manchester City,984,GB1
3296,2010-01-24,3500000,Fulham FC,1003,GB1
3297,2010-01-24,13000000,Manchester City,603,GB1
3333,2010-01-24,17000000,Aston Villa,405,GB1
3356,2010-01-24,7500000,Everton FC,989,GB1
3357,2010-01-24,4000000,Fulham FC,1003,GB1
3404,2010-01-24,5000000,Everton FC,29,GB1
65,2010-01-25,29000000,Manchester United,1091,GR1
132,2010-01-25,11000000,Arsenal FC,11,GB1
1075,2010-01-25,4500000,Dinamo Moscow,121,RU1
1397,2010-01-25,11000000,Manchester United,512,GB1
3182,2010-01-25,27000000,Chelsea FC,12,IT1
3226,2010-01-25,30000000,Chelsea FC,984,GB1
3235,2010-01-25,31000000,Manchester United,1039,GB1
3332,2010-01-25,53000000,Manchester United,985,GB1
3397,2010-01-25,6000000,Manchester United,985,GB1
3405,2010-01-25,8000000,Manchester United,289,GB1
3395,2010-01-26,1750000,NEC Nijmegen,132,NL1
77,2010-01-27,15500000,FC Internazionale,506,IT1
1161,2010-01-27,7500000,FC Internazionale,46,IT1
2865,2010-01-27,6800000,SS Lazio,167,L1
2926,2010-01-27,3000000,Atalanta BC,105,L1
3220,2010-01-27,11000000,AS Roma,931,GB1
3310,2010-01-27,750000,Burnley FC,370,SC1
3176,2010-01-28,4500000,Tottenham Hotspur,2282,BE1
3132,2010-01-29,1000000,HNK Hajduk Split,126,TR1
1094,2010-02-01,3500000,Middlesbrough FC,4,L1
1573,2010-02-01,5500000,SS Lazio,29,GB1
3266,2010-02-01,3000000,Middlesbrough FC,1158,FR1
1197,2010-02-04,750000,Aarhus GF,678,DK1
735,2010-02-10,400000,Novara Calcio 1908,1210,IT1
3159,2010-02-10,600000,Vicenza Calcio,130,IT1
1083,2010-02-16,1750000,Toronto FC,128,GR1
1896,2010-02-17,400000,Denizlispor,19771,TR1
1257,2010-02-20,800000,Fortuna Düsseldorf,127,L1
109,2010-03-07,4000000,Borussia Dortmund,825,TR1
1532,2010-03-09,2500000,Club Brugge KV,28643,BE1
3354,2010-03-09,3000000,Club Brugge KV,2282,BE1
1725,2010-03-16,1500000,FC Copenhagen,173,DK1
2514,2010-03-26,19000000,Bayern Munich,985,GB1
3172,2010-04-04,1000000,FC Cartagena,940,ES1
1716,2010-04-06,800000,Real Betis Balompié,6996,UKR1
3195,2010-04-11,3000000,Real Zaragoza,512,GB1
123,2010-04-12,3000000,Real Madrid,33,L1
325,2010-04-12,6000000,Atlético de Madrid,141,TR1
2904,2010-04-12,9000000,FC Barcelona,276,IT1
3366,2010-04-12,50000000,Real Madrid,5,IT1
3269,2010-04-13,375000,Crewe Alexandra,370,SC1
3251,2010-04-27,1130000,Norwich City,370,SC1
10,2010-05-08,7500000,Bayern Munich,398,IT1
1426,2010-05-08,6000000,VfB Stuttgart,79,L1
1667,2010-05-08,10000000,VfL Wolfsburg,162,FR1
1772,2010-05-08,1250000,SC Freiburg,38,L1
2514,2010-05-08,24000000,Bayern Munich,985,GB1
2623,2010-05-08,8500000,Hamburger SV,167,L1
2963,2010-05-08,10000000,Bayern Munich,714,ES1
77,2010-05-09,16500000,FC Internazionale,506,IT1
1443,2010-05-09,6500000,Juventus FC,190,DK1
2334,2010-05-12,1300000,FC Augsburg,44,L1
3165,2010-05-18,7500000,Olympique Lyon,141,TR1
1944,2010-05-28,350000,Eintracht Braunschweig,23,L1
1197,2010-06-02,500000,Aarhus GF,678,DK1
3165,2010-06-06,5000000,Olympique Lyon,141,TR1
80,2010-06-13,2500000,MSV Duisburg,27,L1
109,2010-06-13,3000000,Borussia Dortmund,825,TR1
264,2010-06-13,4000000,Borussia Dortmund,79,L1
277,2010-06-13,1750000,Hannover 96,3368,ES1
410,2010-06-13,5000000,Borussia Dortmund,16,L1
411,2010-06-13,1250000,Hertha BSC,44,L1
598,2010-06-13,4000000,TSG 1899 Hoffenheim,24,L1
773,2010-06-13,6500000,Hamburger SV,14171,FR1
831,2010-06-13,1500000,Eintracht Frankfurt,1506,TR1
837,2010-06-13,2500000,Borussia Mönchengladbach,18,L1
992,2010-06-13,1250000,Fortuna Düsseldorf,38,L1
1073,2010-06-13,4000000,Bayer 04 Leverkusen,16,L1
1095,2010-06-13,3500000,FC Schalke 04,44,L1
1116,2010-06-13,600000,Borussia Mönchengladbach,65,L1
1126,2010-06-13,2000000,FC St. Pauli,3,L1
1321,2010-06-13,6500000,FC Schalke 04,114,TR1
1323,2010-06-13,2500000,1.FC Kaiserslautern,24,L1
1331,2010-06-13,12000000,FC Schalke 04,533,L1
1428,2010-06-13,1500000,Hannover 96,60,L1
1560,2010-06-13,1500000,FC Augsburg,306,NL1
1565,2010-06-13,4500000,Eintracht Frankfurt,24,L1
1568,2010-06-13,1000000,SC Freiburg,38,L1
1586,2010-06-13,3250000,Hannover 96,42,L1
1986,2010-06-13,1750000,Borussia Dortmund,167,L1
2150,2010-06-13,1500000,Arminia Bielefeld,16,L1
2154,2010-06-13,1000000,FSV Frankfurt,4,L1
2233,2010-06-13,750000,Bayern Munich,3368,ES1
2358,2010-06-13,5000000,Eintracht Frankfurt,82,L1
2453,2010-06-13,1400000,SC Paderborn 07,127,L1
2583,2010-06-13,900000,Alemannia Aachen,2760,SC1
2712,2010-06-13,1400000,FC Augsburg,38,L1
2805,2010-06-13,2500000,FC Schalke 04,42,L1
2923,2010-06-13,3500000,1.FSV Mainz 05,3368,ES1
3114,2010-06-13,1500000,Hannover 96,42,L1
3256,2010-06-13,2500000,VfB Stuttgart,15,L1
299,2010-06-22,7000000,Besiktas JK,10484,TR1
755,2010-06-22,600000,Fenerbahce,589,TR1
933,2010-06-22,1300000,Besiktas JK,2293,TR1
1841,2010-06-22,300000,Fenerbahce,10484,TR1
1896,2010-06-22,700000,Denizlispor,19771,TR1
2587,2010-06-22,1800000,MKE Ankaragücü,524,TR1
2899,2010-06-22,1500000,Büyüksehir Belediyespor,2292,TR1
2956,2010-06-22,1700000,Austria Vienna,68608,PO1
3059,2010-06-22,4000000,Besiktas JK,524,TR1
3170,2010-06-22,1300000,Red Bull Salzburg,1304,NL1
3216,2010-06-22,9500000,Galatasaray,589,TR1
299,2010-06-25,6500000,Besiktas JK,10484,TR1
1532,2010-06-29,1700000,Club Brugge KV,28643,BE1
2926,2010-06-30,2700000,Atalanta BC,105,L1
2726,2010-07-03,1400000,Académica Coimbra,2990,PO1
1606,2010-07-05,350000,AC Horsens,2414,DK1
568,2010-07-13,3500000,Spartak Moscow,18,L1
1327,2010-07-13,14500000,FC Girondins Bordeaux,1159,FR1
1725,2010-07-13,1350000,IF Elfsborg,173,DK1
3321,2010-07-13,5000000,Dinamo Moscow,3725,RU1
643,2010-07-16,500000,SV Werder Bremen,86,L1
1368,2010-07-16,5500000,Hamburger SV,1519,SC1
1426,2010-07-16,8000000,VfB Stuttgart,79,L1
1667,2010-07-16,11500000,VfL Wolfsburg,162,FR1
2219,2010-07-16,28000000,Bayern Munich,27,L1
2514,2010-07-16,35000000,Bayern Munich,985,GB1
3176,2010-07-16,3000000,AS Monaco,2282,BE1
3220,2010-07-19,14000000,AS Roma,931,GB1
3276,2010-07-19,2500000,Newcastle United,873,GB1
3292,2010-07-19,3000000,Newcastle United,1132,GB1
690,2010-07-27,2500000,Bolton Wanderers,39,L1
3139,2010-07-27,5000000,Los Angeles Galaxy,583,FR1
3156,2010-07-27,9000000,Arsenal FC,148,GB1
3266,2010-07-28,1800000,Without Club,1158,FR1
1122,2010-08-01,400000,RB Leipzig,41,L1
1257,2010-08-01,1000000,Fortuna Düsseldorf,127,L1
1613,2010-08-01,1300000,FC Nantes,855,FR1
2865,2010-08-01,7000000,SS Lazio,167,L1
1161,2010-08-02,7000000,FC Internazionale,46,IT1
1443,2010-08-02,5500000,Juventus FC,190,DK1
1726,2010-08-02,8000000,Hamburger SV,610,NL1
2148,2010-08-04,750000,Konyaspor,2944,TR1
831,2010-08-12,1200000,Kayserispor,1506,TR1
65,2010-08-13,25000000,Manchester United,1091,GR1
132,2010-08-13,9500000,Arsenal FC,11,GB1
215,2010-08-13,7000000,Manchester City,1084,ES1
670,2010-08-13,6500000,Bolton Wanderers,714,ES1
1397,2010-08-13,8500000,Manchester United,512,GB1
1423,2010-08-13,2000000,Blackburn Rovers,855,FR1
2998,2010-08-13,5000000,Stoke City,1003,GB1
3109,2010-08-13,42000000,Liverpool FC,31,GB1
3118,2010-08-13,3000000,West Ham United,1039,GB1
3130,2010-08-13,4000000,Sunderland AFC,289,GB1
3131,2010-08-13,1000000,Birmingham City,873,GB1
3146,2010-08-13,10000000,Manchester City,512,GB1
3151,2010-08-13,1000000,Tottenham Hotspur,148,GB1
3160,2010-08-13,35000000,Chelsea FC,631,GB1
3172,2010-08-13,1000000,Celta de Vigo,940,ES1
3179,2010-08-13,8500000,West Ham United,371,SC1
3182,2010-08-13,27000000,Chelsea FC,12,IT1
3190,2010-08-13,1500000,Manchester City,180,GB1
3202,2010-08-13,19000000,Manchester City,371,SC1
3205,2010-08-13,8500000,Tottenham Hotspur,1083,RU1
3226,2010-08-13,22000000,Chelsea FC,984,GB1
3235,2010-08-13,23000000,Manchester United,1039,GB1
3259,2010-08-13,6000000,Fulham FC,931,GB1
3270,2010-08-13,8000000,Everton FC,1123,GB1
3271,2010-08-13,4500000,Aston Villa,1039,GB1
3273,2010-08-13,8500000,West Ham United,1003,GB1
3291,2010-08-13,17000000,Manchester City,984,GB1
3296,2010-08-13,4000000,Fulham FC,1003,GB1
3297,2010-08-13,12000000,Manchester City,603,GB1
3332,2010-08-13,55000000,Manchester United,985,GB1
3333,2010-08-13,20000000,Aston Villa,405,GB1
3356,2010-08-13,6000000,Everton FC,989,GB1
3357,2010-08-13,4000000,Fulham FC,1003,GB1
3397,2010-08-13,5000000,Manchester United,985,GB1
3404,2010-08-13,4000000,Everton FC,29,GB1
3405,2010-08-13,7500000,Manchester United,289,GB1
3406,2010-08-13,6000000,Manchester United,985,GB1
1716,2010-08-15,800000,Real Betis Balompié,6996,UKR1
2050,2010-08-20,4500000,Hércules CF,24,L1
3195,2010-08-20,2500000,Real Zaragoza,512,GB1
3297,2010-08-20,7000000,Cardiff City,603,GB1
3395,2010-08-25,1500000,NEC Nijmegen,132,NL1
26,2010-08-26,4500000,Borussia Dortmund,16,L1
123,2010-08-26,3000000,FC Schalke 04,33,L1
162,2010-08-26,500000,VfB Stuttgart,79,L1
532,2010-08-26,8000000,SV Werder Bremen,86,L1
691,2010-08-26,9500000,Bayer 04 Leverkusen,15,L1
823,2010-08-26,3000000,Bayer 04 Leverkusen,4,L1
1277,2010-08-26,5000000,SV Werder Bremen,86,L1
1474,2010-08-26,10000000,SV Werder Bremen,533,L1
1662,2010-08-26,6000000,VfL Wolfsburg,33,L1
1784,2010-08-26,16000000,Bayer 04 Leverkusen,39,L1
1792,2010-08-26,6500000,Bayern Munich,105,L1
2374,2010-08-26,3000000,Borussia Dortmund,16,L1
2874,2010-08-26,11000000,Hamburger SV,265,GR1
2989,2010-08-26,8000000,Hamburger SV,41,L1
325,2010-08-27,5000000,Atlético de Madrid,141,TR1
332,2010-08-27,2000000,Eintracht Frankfurt,24,L1
447,2010-08-27,1000000,Eintracht Frankfurt,24,L1
597,2010-08-27,7000000,FC Barcelona,2696,RU1
1144,2010-08-27,500000,Borussia Mönchengladbach,18,L1
1381,2010-08-27,3500000,Eintracht Frankfurt,44,L1
1791,2010-08-27,3000000,Eintracht Frankfurt,167,L1
3233,2010-08-27,2500000,Eintracht Frankfurt,533,L1
3366,2010-08-27,45000000,Real Madrid,5,IT1
1743,2010-08-28,100000,Arminia Bielefeld,105,L1
258,2010-08-29,1500000,FC St. Pauli,33,L1
892,2010-08-29,2250000,1.FSV Mainz 05,39,L1
1094,2010-08-29,3500000,Hannover 96,4,L1
1139,2010-08-29,2250000,1.FSV Mainz 05,39,L1
1150,2010-08-29,3000000,1.FC Nuremberg,4,L1
1335,2010-08-29,2000000,Hannover 96,42,L1
1363,2010-08-29,400000,1.FSV Mainz 05,33,L1
1496,2010-08-29,2250000,SC Freiburg,24,L1
1572,2010-08-29,2000000,1.FC Nuremberg,162,FR1
1587,2010-08-29,1250000,Hannover 96,42,L1
2306,2010-08-29,1000000,Hannover 96,42,L1
2926,2010-08-29,3000000,Bologna FC 1909,105,L1
109,2010-08-30,2500000,Borussia Dortmund,825,TR1
264,2010-08-30,2500000,Borussia Dortmund,79,L1
2309,2010-09-02,11500000,Galatasaray,121,RU1
933,2010-09-03,1200000,Antalyaspor,2293,TR1
3163,2010-09-09,30000000,Chelsea FC,281,GB1
2857,2010-09-21,1000000,Olympiakos Volou,29,GB1
3201,2010-09-23,2000000,AE Larisa,265,GR1
735,2010-09-27,400000,Novara Calcio 1908,1210,IT1
1363,2010-09-28,600000,1.FSV Mainz 05,33,L1
2623,2010-09-28,7000000,Hamburger SV,167,L1
2767,2010-09-28,3250000,VfL Wolfsburg,24,L1
2923,2010-09-28,3000000,1.FSV Mainz 05,3368,ES1
2963,2010-09-28,8000000,Bayern Munich,714,ES1
3114,2010-09-28,1000000,Hannover 96,42,L1
488,2010-10-01,1100000,Red Bull Salzburg,2288,GB1
2956,2010-10-01,1800000,Austria Vienna,68608,PO1
3098,2010-10-05,6000000,Olympiacos Piraeus,190,DK1
3159,2010-10-11,650000,Torino FC,130,IT1
1532,2010-10-18,1500000,Lierse SK (- 2018),28643,BE1
3287,2010-10-20,150000,Dundee United FC,2578,SC1
1772,2010-10-22,1250000,Celtic FC,38,L1
1613,2010-10-24,1000000,FC Nantes,855,FR1
3120,2010-10-24,500000,Sheffield United,281,GB1
3297,2010-10-24,4500000,Cardiff City,603,GB1
2233,2010-11-01,1000000,Hertha BSC,3368,ES1
2306,2010-11-01,750000,Hannover 96,42,L1
1257,2010-11-03,600000,Fortuna Düsseldorf,127,L1
3146,2010-11-03,7000000,Manchester City,512,GB1
1095,2010-11-16,3000000,FC Schalke 04,44,L1
1122,2010-11-22,300000,RB Leipzig,41,L1
277,2010-11-23,2000000,Hannover 96,3368,ES1
992,2010-11-23,1000000,Fortuna Düsseldorf,38,L1
1428,2010-11-23,1000000,Hannover 96,60,L1
2874,2010-11-23,8500000,Hamburger SV,265,GR1
773,2010-11-26,5000000,Hamburger SV,14171,FR1
264,2010-11-30,1750000,Borussia Dortmund,79,L1
1368,2010-11-30,4000000,Hamburger SV,1519,SC1
568,2010-12-03,3000000,Spartak Moscow,18,L1
1321,2010-12-03,5000000,FC Schalke 04,114,TR1
1075,2010-12-07,3500000,Dinamo Moscow,121,RU1
3321,2010-12-07,5000000,Dinamo Moscow,3725,RU1
325,2010-12-10,3500000,Atlético de Madrid,141,TR1
2050,2010-12-16,5000000,Hércules CF,24,L1
488,2010-12-28,1000000,Red Bull Salzburg,2288,GB1
1327,2010-12-28,14000000,FC Girondins Bordeaux,1159,FR1
2878,2010-12-28,2500000,FC Sochaux-Montbéliard,750,FR1
2950,2010-12-28,600000,Austria Vienna,42,L1
3115,2010-12-28,2300000,FC Girondins Bordeaux,40,FR1
3165,2010-12-28,4500000,Olympique Lyon,141,TR1
3354,2010-12-28,2800000,Club Brugge KV,2282,BE1
276,2011-01-01,300000,FC Vestsjaelland,20100,DK1
1197,2011-01-01,500000,Aarhus GF,678,DK1
2963,2011-01-01,5000000,Málaga CF,714,ES1
3115,2011-01-01,1800000,OGC Nice,40,FR1
2926,2011-01-05,2800000,Bologna FC 1909,105,L1
1532,2011-01-10,1000000,Lierse SK (- 2018),28643,BE1
1725,2011-01-10,900000,IF Elfsborg,173,DK1
2865,2011-01-10,8000000,SS Lazio,167,L1
3220,2011-01-10,13000000,AS Roma,931,GB1
10,2011-01-12,7000000,Bayern Munich,398,IT1
26,2011-01-12,4500000,Borussia Dortmund,16,L1
80,2011-01-12,2500000,TSG 1899 Hoffenheim,27,L1
109,2011-01-12,2000000,Borussia Dortmund,825,TR1
123,2011-01-12,3000000,FC Schalke 04,33,L1
162,2011-01-12,500000,VfB Stuttgart,79,L1
258,2011-01-12,1500000,FC St. Pauli,33,L1
277,2011-01-12,2000000,Hannover 96,3368,ES1
332,2011-01-12,2500000,Eintracht Frankfurt,24,L1
410,2011-01-12,3500000,Borussia Dortmund,16,L1
411,2011-01-12,1000000,Hertha BSC,44,L1
447,2011-01-12,1000000,Eintracht Frankfurt,24,L1
532,2011-01-12,7500000,SV Werder Bremen,86,L1
557,2011-01-12,1000000,FC Augsburg,167,L1
568,2011-01-12,2500000,Borussia Mönchengladbach,18,L1
643,2011-01-12,500000,SV Werder Bremen,86,L1
691,2011-01-12,9500000,Bayer 04 Leverkusen,15,L1
823,2011-01-12,2500000,Bayer 04 Leverkusen,4,L1
837,2011-01-12,2500000,Borussia Mönchengladbach,18,L1
886,2011-01-12,600000,Fortuna Düsseldorf,38,L1
892,2011-01-12,2250000,1.FSV Mainz 05,39,L1
992,2011-01-12,900000,Fortuna Düsseldorf,38,L1
1073,2011-01-12,4000000,Bayer 04 Leverkusen,16,L1
1094,2011-01-12,4500000,Hannover 96,4,L1
1116,2011-01-12,600000,SpVgg Greuther Fürth,65,L1
1126,2011-01-12,2500000,FC St. Pauli,3,L1
1139,2011-01-12,2250000,1.FSV Mainz 05,39,L1
1144,2011-01-12,750000,Borussia Mönchengladbach,18,L1
1150,2011-01-12,3000000,1.FC Nuremberg,4,L1
1257,2011-01-12,400000,Fortuna Düsseldorf,127,L1
1277,2011-01-12,4000000,SV Werder Bremen,86,L1
1323,2011-01-12,2750000,1.FC Kaiserslautern,24,L1
1331,2011-01-12,12000000,Dinamo Moscow,533,L1
1335,2011-01-12,2000000,Hannover 96,42,L1
1363,2011-01-12,750000,1.FSV Mainz 05,33,L1
1381,2011-01-12,3500000,Eintracht Frankfurt,44,L1
1426,2011-01-12,7000000,VfB Stuttgart,79,L1
1428,2011-01-12,1000000,Borussia Mönchengladbach,60,L1
1474,2011-01-12,10000000,SV Werder Bremen,533,L1
1496,2011-01-12,2250000,SC Freiburg,24,L1
1565,2011-01-12,4500000,Eintracht Frankfurt,24,L1
1568,2011-01-12,1000000,SC Freiburg,38,L1
1572,2011-01-12,2500000,1.FC Nuremberg,162,FR1
1586,2011-01-12,4000000,Hannover 96,42,L1
1587,2011-01-12,1250000,Hannover 96,42,L1
1662,2011-01-12,6000000,VfL Wolfsburg,33,L1
1667,2011-01-12,11500000,VfL Wolfsburg,162,FR1
1684,2011-01-12,700000,SpVgg Greuther Fürth,65,L1
1726,2011-01-12,8000000,Hamburger SV,610,NL1
1743,2011-01-12,100000,Arminia Bielefeld,105,L1
1784,2011-01-12,16000000,Bayer 04 Leverkusen,39,L1
1791,2011-01-12,2500000,Eintracht Frankfurt,167,L1
1792,2011-01-12,6000000,Bayern Munich,105,L1
1986,2011-01-12,1250000,Borussia Dortmund,167,L1
2150,2011-01-12,1500000,1.FC Kaiserslautern,16,L1
2154,2011-01-12,1250000,FSV Frankfurt,4,L1
2201,2011-01-12,300000,SC Paderborn 07,127,L1
2219,2011-01-12,28000000,Bayern Munich,27,L1
2233,2011-01-12,1000000,Hertha BSC,3368,ES1
2306,2011-01-12,750000,Hannover 96,42,L1
2334,2011-01-12,1250000,FC Augsburg,44,L1
2358,2011-01-12,5000000,Eintracht Frankfurt,82,L1
2374,2011-01-12,3000000,Borussia Dortmund,16,L1
2421,2011-01-12,1500000,1.FC Köln,38,L1
2453,2011-01-12,1250000,VfL Bochum,127,L1
2514,2011-01-12,40000000,Bayern Munich,985,GB1
2583,2011-01-12,700000,Alemannia Aachen,2760,SC1
2623,2011-01-12,7000000,Hamburger SV,167,L1
2712,2011-01-12,1500000,FC Augsburg,38,L1
2767,2011-01-12,2500000,VfL Wolfsburg,24,L1
2805,2011-01-12,2500000,FC Schalke 04,42,L1
2923,2011-01-12,2500000,1.FSV Mainz 05,3368,ES1
2989,2011-01-12,6500000,Hamburger SV,41,L1
3114,2011-01-12,1000000,Hannover 96,42,L1
3233,2011-01-12,2500000,Eintracht Frankfurt,533,L1
1560,2011-01-17,1000000,VVV-Venlo,306,NL1
3391,2011-01-17,100000,SV Wacker Burghausen,10484,TR1
3395,2011-01-17,1000000,NEC Nijmegen,132,NL1
77,2011-01-20,14000000,FC Internazionale,506,IT1
1161,2011-01-20,6500000,FC Internazionale,46,IT1
2138,2011-01-20,500000,Jagiellonia Bialystok,40426,RU1
3266,2011-01-20,900000,Without Club,1158,FR1
299,2011-01-21,6800000,Besiktas JK,10484,TR1
755,2011-01-21,700000,Antalyaspor,589,TR1
831,2011-01-21,2500000,Kayserispor,1506,TR1
933,2011-01-21,1500000,Antalyaspor,2293,TR1
1841,2011-01-21,250000,Kayserispor,10484,TR1
2148,2011-01-21,700000,Genclerbirligi Ankara,2944,TR1
2309,2011-01-21,9000000,Galatasaray,121,RU1
2587,2011-01-21,2000000,Gaziantepspor,524,TR1
2899,2011-01-21,1900000,Büyüksehir Belediyespor,2292,TR1
3059,2011-01-21,3700000,Besiktas JK,524,TR1
3132,2011-01-21,1700000,Kardemir DC Karabükspor,126,TR1
3216,2011-01-21,9500000,Galatasaray,589,TR1
3256,2011-01-21,3500000,Besiktas JK,15,L1
3270,2011-01-21,9000000,Fenerbahce,1123,GB1
3059,2011-01-23,3500000,Besiktas JK,524,TR1
65,2011-02-01,28000000,Manchester United,1091,GR1
132,2011-02-01,7500000,Arsenal FC,11,GB1
215,2011-02-01,5000000,Blackburn Rovers,1084,ES1
597,2011-02-01,5000000,Birmingham City,2696,RU1
670,2011-02-01,5500000,Bolton Wanderers,714,ES1
690,2011-02-01,2500000,Bolton Wanderers,39,L1
1397,2011-02-01,7000000,Manchester United,512,GB1
1423,2011-02-01,2000000,West Ham United,855,FR1
1443,2011-02-01,5000000,Liverpool FC,190,DK1
1573,2011-02-01,4500000,West Ham United,29,GB1
1896,2011-02-01,950000,Denizlispor,19771,TR1
2953,2011-02-01,4500000,West Bromwich Albion,41,L1
2998,2011-02-01,7000000,Stoke City,1003,GB1
3109,2011-02-01,36000000,Liverpool FC,31,GB1
3118,2011-02-01,2500000,West Ham United,1039,GB1
3130,2011-02-01,4500000,Sunderland AFC,289,GB1
3131,2011-02-01,750000,Birmingham City,873,GB1
3146,2011-02-01,5500000,Manchester City,512,GB1
3151,2011-02-01,1000000,Tottenham Hotspur,148,GB1
3156,2011-02-01,7500000,Tottenham Hotspur,148,GB1
3160,2011-02-01,34000000,Chelsea FC,631,GB1
3163,2011-02-01,25000000,Chelsea FC,281,GB1
3176,2011-02-01,2000000,Fulham FC,2282,BE1
3179,2011-02-01,7500000,West Ham United,371,SC1
3182,2011-02-01,27000000,Chelsea FC,12,IT1
3190,2011-02-01,1000000,Manchester City,180,GB1
3195,2011-02-01,3500000,Stoke City,512,GB1
3202,2011-02-01,19000000,Manchester City,371,SC1
3205,2011-02-01,7000000,Birmingham City,1083,RU1
3226,2011-02-01,17000000,Chelsea FC,984,GB1
3235,2011-02-01,20000000,Manchester United,1039,GB1
3259,2011-02-01,4500000,Fulham FC,931,GB1
3271,2011-02-01,4000000,Aston Villa,1039,GB1
3273,2011-02-01,7500000,West Ham United,1003,GB1
3276,2011-02-01,4000000,Newcastle United,873,GB1
3291,2011-02-01,17000000,Manchester City,984,GB1
3292,2011-02-01,5000000,Newcastle United,1132,GB1
3296,2011-02-01,4000000,Nottingham Forest,1003,GB1
3306,2011-02-01,3000000,Stoke City,1132,GB1
3332,2011-02-01,52000000,Manchester United,985,GB1
3333,2011-02-01,20000000,Manchester City,281,GB1
3356,2011-02-01,4500000,Everton FC,989,GB1
3357,2011-02-01,3500000,Fulham FC,1003,GB1
3397,2011-02-01,4500000,Manchester United,985,GB1
3404,2011-02-01,3500000,Everton FC,29,GB1
3405,2011-02-01,6000000,Manchester United,289,GB1
3406,2011-02-01,4500000,Manchester United,985,GB1
1772,2011-02-03,1000000,Celtic FC,38,L1
325,2011-02-04,3500000,Atlético de Madrid,141,TR1
1716,2011-02-04,700000,Real Betis Balompié,6996,UKR1
2050,2011-02-04,5000000,Hércules CF,24,L1
2963,2011-02-04,5000000,Málaga CF,714,ES1
3172,2011-02-04,1000000,Celta de Vigo,940,ES1
3366,2011-02-04,45000000,Real Madrid,5,IT1
598,2011-02-08,3000000,Sporting CP,24,L1
1122,2011-02-11,300000,RB Leipzig,41,L1
277,2011-02-13,3000000,Hannover 96,3368,ES1
3159,2011-02-17,450000,Torino FC,130,IT1
2904,2011-02-21,3000000,New York Red Bulls,276,IT1
3139,2011-02-21,3500000,Los Angeles Galaxy,583,FR1
2857,2011-02-22,1000000,Olympiakos Volou,29,GB1
3201,2011-02-22,1400000,AE Larisa,265,GR1
3098,2011-02-28,5000000,Olympiacos Piraeus,190,DK1
1565,2011-03-01,3500000,Eintracht Frankfurt,24,L1
3114,2011-03-01,1500000,Hannover 96,42,L1
1426,2011-03-02,6000000,VfB Stuttgart,79,L1
2421,2011-03-02,2000000,1.FC Köln,38,L1
2623,2011-03-18,5000000,Hamburger SV,167,L1
2767,2011-03-18,1750000,VfL Wolfsburg,24,L1
3220,2011-03-18,11500000,AS Roma,931,GB1
3366,2011-04-01,30000000,Real Madrid,5,IT1
1327,2011-05-24,13000000,FC Girondins Bordeaux,1159,FR1
2878,2011-05-24,2300000,FC Sochaux-Montbéliard,750,FR1
3115,2011-05-24,1600000,OGC Nice,40,FR1
3165,2011-05-24,3750000,Olympique Lyon,141,TR1
2309,2011-05-26,8000000,Dinamo Moscow,121,RU1
1613,2011-05-30,800000,FC Nantes,855,FR1
1659,2011-05-30,500000,Eintracht Braunschweig,23,L1
1944,2011-05-30,400000,Eintracht Braunschweig,23,L1
2386,2011-05-30,500000,Eintracht Braunschweig,23,L1
3165,2011-05-30,3000000,Olympique Lyon,141,TR1
1327,2011-06-03,12000000,FC Girondins Bordeaux,1159,FR1
1743,2011-06-03,200000,Arminia Bielefeld,105,L1
886,2011-06-04,500000,Fortuna Düsseldorf,38,L1
992,2011-06-04,900000,Fortuna Düsseldorf,38,L1
1116,2011-06-04,500000,SpVgg Greuther Fürth,65,L1
1197,2011-06-04,600000,Aarhus GF,678,DK1
1257,2011-06-04,400000,Fortuna Düsseldorf,127,L1
1684,2011-06-04,500000,SpVgg Greuther Fürth,65,L1
2154,2011-06-04,1000000,FSV Frankfurt,4,L1
2201,2011-06-04,300000,SC Paderborn 07,127,L1
2453,2011-06-04,1000000,VfL Bochum,127,L1
2583,2011-06-04,400000,Alemannia Aachen,2760,SC1
598,2011-06-15,1700000,Sporting CP,24,L1
2048,2011-06-15,250000,Helmond Sport,403,NL1
3165,2011-06-15,2500000,Olympique Lyon,141,TR1
3391,2011-06-15,200000,FC Thun,10484,TR1
3159,2011-06-17,400000,Torino FC,130,IT1
735,2011-06-20,400000,Novara Calcio 1908,1210,IT1
77,2011-06-21,9000000,FC Internazionale,506,IT1
1161,2011-06-21,4500000,FC Internazionale,46,IT1
2865,2011-06-21,9000000,SS Lazio,167,L1
2926,2011-06-21,2500000,Bologna FC 1909,105,L1
3220,2011-06-21,8500000,AS Roma,931,GB1
2956,2011-06-22,1900000,Austria Vienna,68608,PO1
3395,2011-06-22,800000,NEC Nijmegen,132,NL1
10,2011-06-29,5000000,Bayern Munich,398,IT1
26,2011-06-29,5000000,Borussia Dortmund,16,L1
80,2011-06-29,3000000,TSG 1899 Hoffenheim,27,L1
109,2011-06-29,1500000,Borussia Dortmund,825,TR1
123,2011-06-29,3500000,FC Schalke 04,33,L1
162,2011-06-29,500000,VfB Stuttgart,79,L1
258,2011-06-29,1500000,FC St. Pauli,33,L1
264,2011-06-29,2500000,VfB Stuttgart,79,L1
277,2011-06-29,3500000,Hannover 96,3368,ES1
332,2011-06-29,1750000,Eintracht Frankfurt,24,L1
410,2011-06-29,2500000,Borussia Dortmund,16,L1
411,2011-06-29,750000,Hertha BSC,44,L1
447,2011-06-29,750000,Eintracht Frankfurt,24,L1
532,2011-06-29,7000000,SV Werder Bremen,86,L1
557,2011-06-29,1000000,FC Augsburg,167,L1
568,2011-06-29,3000000,Borussia Mönchengladbach,18,L1
643,2011-06-29,300000,SV Werder Bremen,86,L1
691,2011-06-29,7500000,Bayer 04 Leverkusen,15,L1
773,2011-06-29,3500000,Hamburger SV,14171,FR1
823,2011-06-29,2500000,Bayer 04 Leverkusen,4,L1
837,2011-06-29,1250000,Borussia Mönchengladbach,18,L1
892,2011-06-29,1750000,1.FSV Mainz 05,39,L1
1073,2011-06-29,3000000,Bayer 04 Leverkusen,16,L1
1094,2011-06-29,5000000,Hannover 96,4,L1
1095,2011-06-29,3500000,FC Schalke 04,44,L1
1126,2011-06-29,2000000,FC St. Pauli,3,L1
1139,2011-06-29,2250000,1.FSV Mainz 05,39,L1
1144,2011-06-29,750000,Borussia Mönchengladbach,18,L1
1150,2011-06-29,3000000,1.FC Nuremberg,4,L1
1277,2011-06-29,4000000,SV Werder Bremen,86,L1
1323,2011-06-29,2500000,1.FC Kaiserslautern,24,L1
1335,2011-06-29,2000000,Hannover 96,42,L1
1363,2011-06-29,1000000,1.FSV Mainz 05,33,L1
1368,2011-06-29,2500000,Hamburger SV,1519,SC1
1381,2011-06-29,3000000,Eintracht Frankfurt,44,L1
1426,2011-06-29,6000000,VfB Stuttgart,79,L1
1428,2011-06-29,1750000,Borussia Mönchengladbach,60,L1
1474,2011-06-29,10000000,SV Werder Bremen,533,L1
1496,2011-06-29,2000000,SC Freiburg,24,L1
1565,2011-06-29,2250000,Eintracht Frankfurt,24,L1
1568,2011-06-29,1500000,SC Freiburg,38,L1
1572,2011-06-29,2500000,1.FC Nuremberg,162,FR1
1586,2011-06-29,4500000,Hannover 96,42,L1
1587,2011-06-29,1250000,Hannover 96,42,L1
1662,2011-06-29,4500000,VfL Wolfsburg,33,L1
1667,2011-06-29,7500000,VfL Wolfsburg,162,FR1
1726,2011-06-29,7500000,Hamburger SV,610,NL1
1784,2011-06-29,12000000,Bayer 04 Leverkusen,39,L1
1791,2011-06-29,1500000,Eintracht Frankfurt,167,L1
1792,2011-06-29,6000000,Bayern Munich,105,L1
1986,2011-06-29,1000000,Borussia Dortmund,167,L1
2150,2011-06-29,1500000,1.FC Kaiserslautern,16,L1
2219,2011-06-29,28000000,Bayern Munich,27,L1
2233,2011-06-29,1750000,Hertha BSC,3368,ES1
2306,2011-06-29,750000,Hannover 96,42,L1
2334,2011-06-29,1250000,FC Augsburg,44,L1
2358,2011-06-29,5000000,Eintracht Frankfurt,82,L1
2374,2011-06-29,2000000,Borussia Dortmund,16,L1
2421,2011-06-29,3000000,1.FC Köln,38,L1
2514,2011-06-29,35000000,Bayern Munich,985,GB1
2623,2011-06-29,5000000,Hamburger SV,167,L1
2712,2011-06-29,2000000,FC Augsburg,38,L1
2767,2011-06-29,1750000,VfL Wolfsburg,24,L1
2805,2011-06-29,2000000,FC Schalke 04,42,L1
2874,2011-06-29,8500000,Hamburger SV,265,GR1
2923,2011-06-29,3000000,1.FSV Mainz 05,3368,ES1
2989,2011-06-29,4500000,Hamburger SV,41,L1
3114,2011-06-29,2500000,Hannover 96,42,L1
3233,2011-06-29,1500000,Eintracht Frankfurt,533,L1
3354,2011-06-29,2500000,Club Brugge KV,2282,BE1
1532,2011-06-30,800000,Lierse SK (- 2018),28643,BE1
1560,2011-06-30,800000,SC Heerenveen,306,NL1
1606,2011-06-30,600000,AC Horsens,2414,DK1
3201,2011-06-30,1250000,AE Larisa,265,GR1
299,2011-07-01,5800000,Besiktas JK,10484,TR1
755,2011-07-01,500000,Antalyaspor,589,TR1
831,2011-07-01,2000000,Kayserispor,1506,TR1
933,2011-07-01,1800000,Antalyaspor,2293,TR1
1841,2011-07-01,200000,Kayserispor,10484,TR1
2148,2011-07-01,450000,Genclerbirligi Ankara,2944,TR1
2587,2011-07-01,2000000,Gaziantepspor,524,TR1
2857,2011-07-01,1250000,Olympiakos Volou,29,GB1
2899,2011-07-01,1500000,Istanbul Büyüksehir Belediyespor,2292,TR1
3059,2011-07-01,3500000,Besiktas JK,524,TR1
3132,2011-07-01,2000000,Kardemir DC Karabükspor,126,TR1
3216,2011-07-01,8500000,Galatasaray,589,TR1
3256,2011-07-01,3500000,Besiktas JK,15,L1
3270,2011-07-01,9500000,Everton FC,1123,GB1
325,2011-07-05,3000000,Atlético de Madrid,141,TR1
1772,2011-07-05,500000,Celtic FC,38,L1
3287,2011-07-07,125000,Dundee United FC,2578,SC1
3098,2011-07-11,4800000,Olympiacos Piraeus,190,DK1
1075,2011-07-15,5000000,Dinamo Moscow,121,RU1
1331,2011-07-15,12000000,Dinamo Moscow,533,L1
1662,2011-07-15,4000000,1.FC Köln,33,L1
2309,2011-07-15,7000000,Dinamo Moscow,121,RU1
3321,2011-07-15,5000000,Dinamo Moscow,3725,RU1
3273,2011-07-18,5000000,West Ham United,1003,GB1
886,2011-07-20,600000,Fortuna Düsseldorf,38,L1
1257,2011-07-20,600000,Fortuna Düsseldorf,127,L1
2950,2011-07-20,500000,Fortuna Düsseldorf,42,L1
1725,2011-07-25,500000,IF Elfsborg,173,DK1
2201,2011-07-28,450000,SC Paderborn 07,127,L1
2989,2011-07-28,6000000,Hamburger SV,41,L1
597,2011-07-29,3500000,FC Barcelona,2696,RU1
1792,2011-07-29,6000000,Real Madrid,105,L1
2623,2011-07-29,5000000,Sevilla FC,167,L1
2963,2011-07-29,5000000,Málaga CF,714,ES1
3366,2011-07-29,30000000,Real Madrid,5,IT1
65,2011-08-08,24000000,Manchester United,1091,GR1
132,2011-08-08,5000000,Arsenal FC,11,GB1
215,2011-08-08,4000000,Manchester City,1084,ES1
670,2011-08-08,4000000,Bolton Wanderers,714,ES1
690,2011-08-08,2000000,Bolton Wanderers,39,L1
1368,2011-08-08,1750000,Hamburger SV,1519,SC1
1397,2011-08-08,5000000,Manchester United,512,GB1
1423,2011-08-08,1500000,West Ham United,855,FR1
1443,2011-08-08,3000000,Liverpool FC,190,DK1
1573,2011-08-08,5000000,West Ham United,29,GB1
2726,2011-08-08,1600000,Académica Coimbra,2990,PO1
2953,2011-08-08,4000000,West Bromwich Albion,41,L1
2998,2011-08-08,8000000,Stoke City,1003,GB1
3109,2011-08-08,30000000,Liverpool FC,31,GB1
3118,2011-08-08,1500000,Queens Park Rangers,1039,GB1
3130,2011-08-08,4500000,Sunderland AFC,289,GB1
3131,2011-08-08,500000,Blackpool FC,873,GB1
3146,2011-08-08,3500000,Aston Villa,512,GB1
3151,2011-08-08,750000,Tottenham Hotspur,148,GB1
3156,2011-08-08,4500000,Tottenham Hotspur,148,GB1
3160,2011-08-08,30000000,Chelsea FC,631,GB1
3163,2011-08-08,16000000,Chelsea FC,281,GB1
3176,2011-08-08,1500000,AEK Athens,2282,BE1
3179,2011-08-08,6000000,West Ham United,371,SC1
3182,2011-08-08,25000000,Chelsea FC,12,IT1
3190,2011-08-08,1000000,Manchester City,180,GB1
3195,2011-08-08,4000000,Stoke City,512,GB1
3202,2011-08-08,15000000,Manchester City,371,SC1
3205,2011-08-08,5500000,Tottenham Hotspur,1083,RU1
3226,2011-08-08,10000000,Chelsea FC,984,GB1
3235,2011-08-08,14000000,Manchester United,1039,GB1
3259,2011-08-08,3500000,Fulham FC,931,GB1
3271,2011-08-08,3000000,Aston Villa,1039,GB1
3276,2011-08-08,3500000,Newcastle United,873,GB1
3291,2011-08-08,14000000,Manchester City,984,GB1
3292,2011-08-08,6500000,Newcastle United,1132,GB1
3296,2011-08-08,2500000,Leicester City,1003,GB1
3297,2011-08-08,4000000,Manchester City,603,GB1
3306,2011-08-08,4000000,Stoke City,1132,GB1
3332,2011-08-08,54000000,Manchester United,985,GB1
3333,2011-08-08,18000000,Manchester City,281,GB1
3356,2011-08-08,4000000,Everton FC,989,GB1
3357,2011-08-08,3000000,Fulham FC,1003,GB1
3404,2011-08-08,2500000,Everton FC,29,GB1
3405,2011-08-08,4500000,Sunderland AFC,289,GB1
3406,2011-08-08,3500000,Manchester United,985,GB1
3354,2011-08-12,2000000,Club Brugge KV,2282,BE1
1573,2011-08-22,4000000,VfL Wolfsburg,29,GB1
1095,2011-08-25,3000000,FC Schalke 04,44,L1
3114,2011-08-25,3500000,Hannover 96,42,L1
3172,2011-08-29,900000,Celta de Vigo,940,ES1
1474,2011-09-01,9000000,SV Werder Bremen,533,L1
3251,2011-09-01,750000,Without Club,370,SC1
1443,2011-09-03,2500000,FC Évian Thonon Gaillard,190,DK1
1896,2011-09-03,1050000,Kardemir DC Karabükspor,19771,TR1
2999,2011-09-14,1000000,Watford FC,2578,SC1
1327,2011-09-25,10000000,Olympique Marseille,1159,FR1
3266,2011-09-27,1500000,FC Lorient,1158,FR1
80,2011-10-18,2500000,TSG 1899 Hoffenheim,27,L1
162,2011-10-18,300000,VfB Stuttgart,79,L1
691,2011-10-18,6000000,Bayer 04 Leverkusen,15,L1
992,2011-10-18,750000,Fortuna Düsseldorf,38,L1
1073,2011-10-18,2000000,Bayer 04 Leverkusen,16,L1
1144,2011-10-18,500000,Borussia Mönchengladbach,18,L1
1150,2011-10-18,2500000,1.FC Nuremberg,4,L1
1363,2011-10-18,750000,1.FSV Mainz 05,33,L1
1428,2011-10-18,2000000,Borussia Mönchengladbach,60,L1
1573,2011-10-18,2500000,VfL Wolfsburg,29,GB1
1659,2011-10-18,600000,Eintracht Braunschweig,23,L1
1667,2011-10-18,5000000,VfL Wolfsburg,162,FR1
1726,2011-10-18,5500000,Hamburger SV,610,NL1
1784,2011-10-18,10000000,Bayer 04 Leverkusen,39,L1
1986,2011-10-18,1750000,1.FC Nuremberg,167,L1
2233,2011-10-18,2000000,Hertha BSC,3368,ES1
2306,2011-10-18,500000,Hannover 96,42,L1
2374,2011-10-18,1000000,Borussia Dortmund,16,L1
2453,2011-10-18,800000,FC St. Pauli,127,L1
1725,2011-11-10,300000,IF Elfsborg,173,DK1
3201,2011-11-14,1250000,OFI Crete FC,265,GR1
2857,2011-11-21,1000000,Aris Thessaloniki,29,GB1
3098,2011-11-21,4000000,Olympiacos Piraeus,190,DK1
3176,2011-11-21,1500000,AEK Athens,2282,BE1
1075,2011-12-15,5000000,Dinamo Moscow,121,RU1
1331,2011-12-15,12000000,Dinamo Moscow,533,L1
2309,2011-12-15,5500000,Dinamo Moscow,121,RU1
3321,2011-12-15,4000000,Dinamo Moscow,3725,RU1
2050,2011-12-23,5000000,Rubin Kazan,24,L1
2963,2011-12-23,3500000,Málaga CF,714,ES1
1327,2011-12-24,7750000,Olympique Marseille,1159,FR1
1443,2011-12-24,2000000,FC Évian Thonon Gaillard,190,DK1
2878,2011-12-24,2000000,FC Sochaux-Montbéliard,750,FR1
3115,2011-12-24,1400000,FC Girondins Bordeaux,40,FR1
3165,2011-12-24,2000000,Olympique Lyon,141,TR1
3266,2011-12-24,1750000,FC Lorient,1158,FR1
1613,2011-12-25,800000,FC Nantes,855,FR1
1841,2011-12-29,250000,Kasimpasa,10484,TR1
2956,2011-12-30,1600000,Austria Vienna,68608,PO1
3170,2011-12-30,1300000,Red Bull Salzburg,1304,NL1
1197,2012-01-01,500000,Aarhus GF,678,DK1
2703,2012-01-01,750000,Odense Boldklub,173,DK1
3159,2012-01-01,400000,Torino FC,130,IT1
3226,2012-01-06,3000000,Shanghai Shenhua Liansheng,984,GB1
109,2012-01-09,1500000,Eskisehirspor,825,TR1
299,2012-01-09,4500000,Besiktas JK,10484,TR1
325,2012-01-09,3000000,Galatasaray,141,TR1
755,2012-01-09,400000,Antalyaspor,589,TR1
831,2012-01-09,1500000,Samsunspor,1506,TR1
933,2012-01-09,1800000,Antalyaspor,2293,TR1
1791,2012-01-09,2800000,Trabzonspor,167,L1
1896,2012-01-09,600000,Akhisar Belediyespor,19771,TR1
2148,2012-01-09,500000,Genclerbirligi Ankara,2944,TR1
2587,2012-01-09,1600000,Gaziantepspor,524,TR1
2899,2012-01-09,1500000,Genclerbirligi Ankara,2292,TR1
3059,2012-01-09,2500000,Besiktas JK,524,TR1
3132,2012-01-09,2000000,Kardemir DC Karabükspor,126,TR1
3216,2012-01-09,8000000,Galatasaray,589,TR1
3256,2012-01-09,4500000,Besiktas JK,15,L1
3270,2012-01-09,9500000,Fenerbahce,1123,GB1
735,2012-01-10,400000,Novara Calcio 1908,1210,IT1
1532,2012-01-10,600000,Lierse SK (- 2018),28643,BE1
1560,2012-01-10,650000,NAC Breda,306,NL1
2926,2012-01-10,2000000,Bologna FC 1909,105,L1
10,2012-01-11,6000000,SS Lazio,398,IT1
77,2012-01-11,6000000,FC Internazionale,506,IT1
1161,2012-01-11,4500000,FC Internazionale,46,IT1
1743,2012-01-11,150000,Arminia Bielefeld,105,L1
2865,2012-01-11,11000000,Juventus FC,167,L1
258,2012-01-16,750000,SpVgg Greuther Fürth,33,L1
332,2012-01-16,1500000,Eintracht Frankfurt,24,L1
447,2012-01-16,600000,Eintracht Frankfurt,24,L1
886,2012-01-16,600000,Fortuna Düsseldorf,38,L1
992,2012-01-16,750000,Fortuna Düsseldorf,38,L1
1116,2012-01-16,500000,SpVgg Greuther Fürth,65,L1
1126,2012-01-16,1500000,Eintracht Frankfurt,3,L1
1257,2012-01-16,800000,Fortuna Düsseldorf,127,L1
1496,2012-01-16,1000000,Eintracht Frankfurt,24,L1
1565,2012-01-16,2250000,Eintracht Frankfurt,24,L1
1659,2012-01-16,750000,Eintracht Braunschweig,23,L1
1684,2012-01-16,400000,SpVgg Greuther Fürth,65,L1
1716,2012-01-16,700000,Alemannia Aachen,6996,UKR1
1944,2012-01-16,400000,Eintracht Braunschweig,23,L1
2154,2012-01-16,1000000,FSV Frankfurt,4,L1
2201,2012-01-16,800000,SC Paderborn 07,127,L1
2386,2012-01-16,500000,Eintracht Braunschweig,23,L1
2453,2012-01-16,800000,FC St. Pauli,127,L1
2950,2012-01-16,500000,Fortuna Düsseldorf,42,L1
26,2012-01-23,5000000,Borussia Dortmund,16,L1
80,2012-01-23,2500000,TSG 1899 Hoffenheim,27,L1
123,2012-01-23,2500000,FC Schalke 04,33,L1
162,2012-01-23,300000,VfB Stuttgart,79,L1
264,2012-01-23,2500000,VfB Stuttgart,79,L1
277,2012-01-23,3500000,Hannover 96,3368,ES1
410,2012-01-23,2500000,Borussia Dortmund,16,L1
411,2012-01-23,750000,Hertha BSC,44,L1
532,2012-01-23,6000000,SV Werder Bremen,86,L1
557,2012-01-23,1000000,FC Augsburg,167,L1
568,2012-01-23,3000000,Borussia Mönchengladbach,18,L1
598,2012-01-23,1000000,FC Schalke 04,24,L1
643,2012-01-23,300000,SV Werder Bremen,86,L1
691,2012-01-23,5000000,Bayer 04 Leverkusen,15,L1
773,2012-01-23,2000000,Hamburger SV,14171,FR1
823,2012-01-23,2000000,1.FC Nuremberg,4,L1
837,2012-01-23,1250000,Borussia Mönchengladbach,18,L1
892,2012-01-23,1000000,1.FSV Mainz 05,39,L1
1073,2012-01-23,2000000,Bayer 04 Leverkusen,16,L1
1094,2012-01-23,5500000,Hannover 96,4,L1
1095,2012-01-23,2000000,FC Schalke 04,44,L1
1122,2012-01-23,200000,Hamburger SV,41,L1
1139,2012-01-23,1500000,1.FSV Mainz 05,39,L1
1144,2012-01-23,500000,Borussia Mönchengladbach,18,L1
1150,2012-01-23,2000000,1.FC Nuremberg,4,L1
1277,2012-01-23,4000000,SV Werder Bremen,86,L1
1321,2012-01-23,5000000,FC Schalke 04,114,TR1
1335,2012-01-23,1500000,Hannover 96,42,L1
1363,2012-01-23,800000,1.FSV Mainz 05,33,L1
1381,2012-01-23,2000000,Hertha BSC,44,L1
1426,2012-01-23,4000000,VfB Stuttgart,79,L1
1428,2012-01-23,2500000,Borussia Mönchengladbach,60,L1
1474,2012-01-23,7000000,SV Werder Bremen,533,L1
1568,2012-01-23,1500000,SC Freiburg,38,L1
1572,2012-01-23,2500000,AS Monaco,162,FR1
1573,2012-01-23,2000000,VfL Wolfsburg,29,GB1
1586,2012-01-23,4500000,Hannover 96,42,L1
1587,2012-01-23,1000000,Hannover 96,42,L1
1662,2012-01-23,4000000,1.FC Köln,33,L1
1667,2012-01-23,5000000,VfL Wolfsburg,162,FR1
1726,2012-01-23,6500000,Hamburger SV,610,NL1
1784,2012-01-23,7500000,Bayer 04 Leverkusen,39,L1
1986,2012-01-23,1750000,1.FC Nuremberg,167,L1
2150,2012-01-23,1500000,1.FC Kaiserslautern,16,L1
2219,2012-01-23,28000000,Bayern Munich,27,L1
2233,2012-01-23,3000000,Hertha BSC,3368,ES1
2306,2012-01-23,500000,Hannover 96,42,L1
2334,2012-01-23,1250000,FC Augsburg,44,L1
2358,2012-01-23,3500000,VfL Wolfsburg,82,L1
2374,2012-01-23,1000000,Borussia Dortmund,16,L1
2421,2012-01-23,3000000,1.FC Köln,38,L1
2514,2012-01-23,38000000,Bayern Munich,985,GB1
2712,2012-01-23,1500000,FC Augsburg,38,L1
2767,2012-01-23,1750000,VfL Wolfsburg,24,L1
2805,2012-01-23,2500000,Hannover 96,42,L1
2874,2012-01-23,7000000,Hamburger SV,265,GR1
2923,2012-01-23,3500000,1.FSV Mainz 05,3368,ES1
2989,2012-01-23,6000000,Hamburger SV,41,L1
3114,2012-01-23,4500000,Hannover 96,42,L1
3233,2012-01-23,1000000,VfL Wolfsburg,533,L1
3395,2012-01-23,500000,NEC Nijmegen,132,NL1
1327,2012-02-02,7500000,Olympique Marseille,1159,FR1
1572,2012-02-02,1500000,AS Monaco,162,FR1
1792,2012-02-03,5000000,Real Madrid,105,L1
2623,2012-02-03,4500000,Sevilla FC,167,L1
2963,2012-02-03,3500000,Málaga CF,714,ES1
3366,2012-02-03,30000000,Real Madrid,5,IT1
1323,2012-02-04,1500000,Eintracht Frankfurt,24,L1
215,2012-02-05,4000000,Real Betis Balompié,1084,ES1
65,2012-02-06,17000000,Manchester United,1091,GR1
132,2012-02-06,3500000,Arsenal FC,11,GB1
488,2012-02-06,500000,Swansea City,2288,GB1
670,2012-02-06,2000000,Bolton Wanderers,714,ES1
690,2012-02-06,2000000,Bolton Wanderers,39,L1
1397,2012-02-06,2500000,Manchester United,512,GB1
2953,2012-02-06,3000000,West Bromwich Albion,41,L1
2998,2012-02-06,8000000,Stoke City,1003,GB1
3109,2012-02-06,21000000,Liverpool FC,31,GB1
3118,2012-02-06,1000000,Queens Park Rangers,1039,GB1
3130,2012-02-06,4000000,Sunderland AFC,289,GB1
3146,2012-02-06,3500000,Aston Villa,512,GB1
3151,2012-02-06,500000,Tottenham Hotspur,148,GB1
3156,2012-02-06,2500000,Tottenham Hotspur,148,GB1
3160,2012-02-06,24000000,Chelsea FC,631,GB1
3163,2012-02-06,9500000,Chelsea FC,281,GB1
3182,2012-02-06,17000000,Chelsea FC,12,IT1
3190,2012-02-06,1000000,Manchester City,180,GB1
3195,2012-02-06,4000000,Stoke City,512,GB1
3202,2012-02-06,13000000,Manchester City,371,SC1
3220,2012-02-06,6000000,Fulham FC,931,GB1
3235,2012-02-06,9500000,Manchester United,1039,GB1
3251,2012-02-06,400000,Aberdeen FC,370,SC1
3259,2012-02-06,2500000,Fulham FC,931,GB1
3271,2012-02-06,2500000,Queens Park Rangers,1039,GB1
3273,2012-02-06,2500000,Stoke City,1003,GB1
3276,2012-02-06,2500000,Newcastle United,873,GB1
3291,2012-02-06,12000000,Manchester City,984,GB1
3292,2012-02-06,7000000,Queens Park Rangers,1132,GB1
3297,2012-02-06,4000000,Liverpool FC,603,GB1
3306,2012-02-06,5000000,Stoke City,1132,GB1
3332,2012-02-06,65000000,Manchester United,985,GB1
3333,2012-02-06,20000000,Manchester City,281,GB1
3356,2012-02-06,2500000,Everton FC,989,GB1
3397,2012-02-06,1000000,Manchester United,985,GB1
3404,2012-02-06,1500000,Everton FC,29,GB1
3405,2012-02-06,3000000,Sunderland AFC,289,GB1
3406,2012-02-06,1000000,Manchester United,985,GB1
1368,2012-02-07,1250000,West Ham United,1519,SC1
2999,2012-02-07,500000,Watford FC,2578,SC1
3120,2012-02-07,250000,Ipswich Town,281,GB1
3131,2012-02-07,250000,Blackpool FC,873,GB1
3179,2012-02-07,5000000,West Ham United,371,SC1
3296,2012-02-07,1750000,Leicester City,1003,GB1
2904,2012-02-09,2500000,New York Red Bulls,276,IT1
3357,2012-02-09,1500000,Fulham FC,1003,GB1
276,2012-02-16,250000,FC Vestsjaelland,20100,DK1
597,2012-02-19,3000000,Krylya Sovetov Samara,2696,RU1
2857,2012-02-26,750000,Aris Thessaloniki,29,GB1
3098,2012-02-26,3250000,Olympiacos Piraeus,190,DK1
3176,2012-02-26,1500000,AEK Athens,2282,BE1
3201,2012-02-26,1000000,OFI Crete FC,265,GR1
3172,2012-03-01,800000,Celta de Vigo,940,ES1
1428,2012-03-05,4000000,Borussia Mönchengladbach,60,L1
2805,2012-03-05,3000000,Hannover 96,42,L1
2950,2012-03-05,750000,Fortuna Düsseldorf,42,L1
2703,2012-04-02,600000,Odense Boldklub,173,DK1
2956,2012-04-02,1300000,Austria Vienna,68608,PO1
3170,2012-04-02,750000,Red Bull Salzburg,1304,NL1
2138,2012-05-22,600000,Ludogorets Razgrad,40426,RU1
1327,2012-05-23,6000000,Olympique Marseille,1159,FR1
1443,2012-05-23,2250000,FC Évian Thonon Gaillard,190,DK1
2878,2012-05-23,1500000,FC Sochaux-Montbéliard,750,FR1
3115,2012-05-23,1000000,FC Girondins Bordeaux,40,FR1
3165,2012-05-23,1500000,Olympique Lyon,141,TR1
3266,2012-05-23,1750000,FC Lorient,1158,FR1
2956,2012-05-30,1300000,Austria Vienna,68608,PO1
3170,2012-05-30,550000,Red Bull Salzburg,1304,NL1
1572,2012-05-31,1500000,AS Monaco,162,FR1
1613,2012-06-01,600000,FC Nantes,855,FR1
735,2012-06-07,400000,Novara Calcio 1908,1210,IT1
755,2012-06-07,400000,Antalyaspor,589,TR1
831,2012-06-07,1000000,Samsunspor,1506,TR1
933,2012-06-07,1500000,Antalyaspor,2293,TR1
2148,2012-06-07,700000,Mersin Idmanyurdu,2944,TR1
2587,2012-06-07,1600000,Gaziantepspor,524,TR1
2899,2012-06-07,1000000,Genclerbirligi Ankara,2292,TR1
2926,2012-06-07,2000000,Bologna FC 1909,105,L1
3132,2012-06-07,1800000,Kardemir DC Karabükspor,126,TR1
77,2012-06-08,4000000,FC Internazionale,506,IT1
1161,2012-06-08,1000000,FC Internazionale,46,IT1
2865,2012-06-08,14500000,Juventus FC,167,L1
1743,2012-06-09,175000,Arminia Bielefeld,105,L1
3159,2012-06-12,400000,Torino FC,130,IT1
1532,2012-06-18,300000,Lierse SK (- 2018),28643,BE1
109,2012-06-19,1500000,Eskisehirspor,825,TR1
299,2012-06-19,4000000,Besiktas JK,10484,TR1
325,2012-06-19,2500000,Galatasaray,141,TR1
1791,2012-06-19,3000000,Trabzonspor,167,L1
3059,2012-06-19,2000000,Besiktas JK,524,TR1
3256,2012-06-19,4500000,Besiktas JK,15,L1
3270,2012-06-19,8500000,Fenerbahce,1123,GB1
3391,2012-06-21,150000,AC Bellinzona,10484,TR1
1368,2012-06-22,1000000,West Ham United,1519,SC1
1841,2012-06-22,350000,Kasimpasa,10484,TR1
2999,2012-06-22,250000,Watford FC,2578,SC1
3120,2012-06-22,250000,Ipswich Town,281,GB1
3131,2012-06-22,250000,Blackpool FC,873,GB1
3179,2012-06-22,5000000,West Ham United,371,SC1
3296,2012-06-22,1500000,Leicester City,1003,GB1
65,2012-06-24,11500000,Manchester United,1091,GR1
132,2012-06-24,3500000,Arsenal FC,11,GB1
332,2012-06-24,1500000,Eintracht Frankfurt,24,L1
447,2012-06-24,500000,Eintracht Frankfurt,24,L1
488,2012-06-24,500000,Swansea City,2288,GB1
597,2012-06-24,2500000,Krylya Sovetov Samara,2696,RU1
670,2012-06-24,1000000,Bolton Wanderers,714,ES1
690,2012-06-24,1250000,Bolton Wanderers,39,L1
886,2012-06-24,600000,Fortuna Düsseldorf,38,L1
1116,2012-06-24,500000,SpVgg Greuther Fürth,65,L1
1126,2012-06-24,1250000,Eintracht Frankfurt,3,L1
1257,2012-06-24,450000,Fortuna Düsseldorf,127,L1
1323,2012-06-24,1000000,Eintracht Frankfurt,24,L1
1397,2012-06-24,1500000,Manchester United,512,GB1
1496,2012-06-24,1000000,Eintracht Frankfurt,24,L1
1565,2012-06-24,2500000,Eintracht Frankfurt,24,L1
1659,2012-06-24,700000,Eintracht Braunschweig,23,L1
1684,2012-06-24,400000,SpVgg Greuther Fürth,65,L1
1716,2012-06-24,500000,Alemannia Aachen,6996,UKR1
1944,2012-06-24,400000,Eintracht Braunschweig,23,L1
2154,2012-06-24,1000000,FSV Frankfurt,4,L1
2201,2012-06-24,800000,SC Paderborn 07,127,L1
2386,2012-06-24,300000,Eintracht Braunschweig,23,L1
2453,2012-06-24,600000,FC St. Pauli,127,L1
2953,2012-06-24,2000000,West Bromwich Albion,41,L1
2998,2012-06-24,8000000,Stoke City,1003,GB1
3109,2012-06-24,15500000,Liverpool FC,31,GB1
3118,2012-06-24,500000,Queens Park Rangers,1039,GB1
3130,2012-06-24,3000000,Sunderland AFC,289,GB1
3146,2012-06-24,3000000,Aston Villa,512,GB1
3151,2012-06-24,500000,Tottenham Hotspur,148,GB1
3156,2012-06-24,2500000,Tottenham Hotspur,148,GB1
3160,2012-06-24,17500000,Chelsea FC,631,GB1
3163,2012-06-24,5500000,Chelsea FC,281,GB1
3182,2012-06-24,12500000,Chelsea FC,12,IT1
3190,2012-06-24,750000,Manchester City,180,GB1
3195,2012-06-24,3500000,Stoke City,512,GB1
3202,2012-06-24,8000000,Manchester City,371,SC1
3205,2012-06-24,4500000,Tottenham Hotspur,1083,RU1
3220,2012-06-24,4000000,Fulham FC,931,GB1
3235,2012-06-24,6000000,Manchester United,1039,GB1
3259,2012-06-24,1500000,Fulham FC,931,GB1
3271,2012-06-24,1500000,Queens Park Rangers,1039,GB1
3273,2012-06-24,1250000,Stoke City,1003,GB1
3276,2012-06-24,2000000,Newcastle United,873,GB1
3291,2012-06-24,10000000,Manchester City,984,GB1
3292,2012-06-24,5000000,Queens Park Rangers,1132,GB1
3297,2012-06-24,3000000,Liverpool FC,603,GB1
3306,2012-06-24,5000000,Stoke City,1132,GB1
3332,2012-06-24,65000000,Manchester United,985,GB1
3333,2012-06-24,21000000,Manchester City,281,GB1
3356,2012-06-24,2000000,Everton FC,989,GB1
3357,2012-06-24,1500000,Fulham FC,1003,GB1
3397,2012-06-24,1000000,Manchester United,985,GB1
3404,2012-06-24,1500000,Everton FC,29,GB1
3405,2012-06-24,2000000,Sunderland AFC,289,GB1
3406,2012-06-24,1000000,Manchester United,985,GB1
258,2012-06-27,800000,SpVgg Greuther Fürth,33,L1
992,2012-06-27,600000,Fortuna Düsseldorf,38,L1
2950,2012-06-27,800000,Fortuna Düsseldorf,42,L1
26,2012-06-29,5000000,Borussia Dortmund,16,L1
80,2012-06-29,1500000,TSG 1899 Hoffenheim,27,L1
123,2012-06-29,2000000,FC Schalke 04,33,L1
162,2012-06-29,200000,VfB Stuttgart,79,L1
264,2012-06-29,2500000,VfB Stuttgart,79,L1
277,2012-06-29,3000000,Hannover 96,3368,ES1
410,2012-06-29,2500000,Borussia Dortmund,16,L1
411,2012-06-29,500000,Hertha BSC,44,L1
532,2012-06-29,5000000,SV Werder Bremen,86,L1
557,2012-06-29,1000000,FC Augsburg,167,L1
568,2012-06-29,3000000,Borussia Mönchengladbach,18,L1
598,2012-06-29,1000000,FC Schalke 04,24,L1
643,2012-06-29,200000,SV Werder Bremen,86,L1
691,2012-06-29,4000000,Bayer 04 Leverkusen,15,L1
773,2012-06-29,2000000,Hamburger SV,14171,FR1
823,2012-06-29,2000000,1.FC Nuremberg,4,L1
837,2012-06-29,800000,Borussia Mönchengladbach,18,L1
892,2012-06-29,500000,1.FSV Mainz 05,39,L1
1073,2012-06-29,1750000,Bayer 04 Leverkusen,16,L1
1094,2012-06-29,3500000,Hannover 96,4,L1
1095,2012-06-29,1000000,FC Schalke 04,44,L1
1122,2012-06-29,200000,Hamburger SV,41,L1
1139,2012-06-29,1250000,1.FSV Mainz 05,39,L1
1144,2012-06-29,500000,Borussia Mönchengladbach,18,L1
1150,2012-06-29,1500000,1.FC Nuremberg,4,L1
1277,2012-06-29,3000000,SV Werder Bremen,86,L1
1321,2012-06-29,5000000,FC Schalke 04,114,TR1
1335,2012-06-29,1500000,Hannover 96,42,L1
1363,2012-06-29,1000000,1.FSV Mainz 05,33,L1
1381,2012-06-29,1000000,Hertha BSC,44,L1
1426,2012-06-29,3000000,VfB Stuttgart,79,L1
1428,2012-06-29,4000000,Borussia Mönchengladbach,60,L1
1474,2012-06-29,5500000,SV Werder Bremen,533,L1
1568,2012-06-29,1000000,SC Freiburg,38,L1
1573,2012-06-29,1250000,VfL Wolfsburg,29,GB1
1586,2012-06-29,3500000,Hannover 96,42,L1
1587,2012-06-29,1500000,Hannover 96,42,L1
1662,2012-06-29,2500000,1.FC Köln,33,L1
1667,2012-06-29,5000000,VfL Wolfsburg,162,FR1
1726,2012-06-29,5000000,Hamburger SV,610,NL1
1784,2012-06-29,6000000,Bayer 04 Leverkusen,39,L1
1986,2012-06-29,1500000,1.FC Nuremberg,167,L1
2150,2012-06-29,1000000,1.FC Kaiserslautern,16,L1
2219,2012-06-29,28000000,Bayern Munich,27,L1
2233,2012-06-29,1750000,Hertha BSC,3368,ES1
2306,2012-06-29,500000,Hannover 96,42,L1
2334,2012-06-29,900000,FC Augsburg,44,L1
2358,2012-06-29,2500000,VfL Wolfsburg,82,L1
2374,2012-06-29,1000000,Borussia Dortmund,16,L1
2421,2012-06-29,2500000,1.FC Köln,38,L1
2514,2012-06-29,35000000,Bayern Munich,985,GB1
2712,2012-06-29,1500000,FC Augsburg,38,L1
2767,2012-06-29,1500000,VfL Wolfsburg,24,L1
2805,2012-06-29,3000000,Hannover 96,42,L1
2874,2012-06-29,5000000,Hamburger SV,265,GR1
2923,2012-06-29,3500000,1.FSV Mainz 05,3368,ES1
2989,2012-06-29,6000000,Hamburger SV,41,L1
3114,2012-06-29,4500000,Hannover 96,42,L1
3233,2012-06-29,500000,VfL Wolfsburg,533,L1
1075,2012-07-02,4200000,Dinamo Moscow,121,RU1
1331,2012-07-02,11000000,Dinamo Moscow,533,L1
2050,2012-07-02,5000000,Rubin Kazan,24,L1
2309,2012-07-02,6500000,Dinamo Moscow,121,RU1
2726,2012-07-02,1200000,Académica Coimbra,2990,PO1
3321,2012-07-02,3500000,Dinamo Moscow,3725,RU1
10,2012-07-03,6000000,SS Lazio,398,IT1
3216,2012-07-05,6500000,Galatasaray,589,TR1
1896,2012-07-10,650000,Akhisar Belediyespor,19771,TR1
1423,2012-07-18,1000000,FC Copenhagen,855,FR1
1197,2012-07-21,250000,Aarhus GF,678,DK1
1606,2012-07-21,500000,AC Horsens,2414,DK1
1725,2012-07-21,250000,Odense Boldklub,173,DK1
2703,2012-07-21,400000,Odense Boldklub,173,DK1
3251,2012-07-22,375000,Aberdeen FC,370,SC1
3287,2012-07-23,125000,Dundee United FC,2578,SC1
2048,2012-07-25,350000,Willem II Tilburg,403,NL1
2989,2012-07-29,4000000,Sport Club Corinthians Paulista,199,BRA1
3098,2012-07-31,1500000,Olympiacos Piraeus,190,DK1
3172,2012-08-01,800000,Celta de Vigo,940,ES1
2623,2012-08-07,4500000,Sevilla FC,167,L1
2963,2012-08-07,3500000,Málaga CF,714,ES1
3366,2012-08-07,18000000,Real Madrid,5,IT1
1327,2012-08-09,5000000,Olympique Marseille,1159,FR1
3098,2012-08-09,1000000,Villarreal CF,190,DK1
1075,2012-08-10,2500000,Fortuna Düsseldorf,121,RU1
2233,2012-08-12,1500000,Levante UD,3368,ES1
2050,2012-08-20,3000000,Valencia CF,24,L1
3165,2012-08-23,1000000,Olympique Lyon,141,TR1
2950,2012-08-26,600000,Fortuna Düsseldorf,42,L1
2421,2012-08-27,1750000,1.FC Köln,38,L1
773,2012-08-29,900000,FC Évian Thonon Gaillard,14171,FR1
215,2012-08-31,3000000,Málaga CF,1084,ES1
597,2012-08-31,2500000,BATE Borisov,2696,RU1
3176,2012-09-02,900000,Without Club,2282,BE1
3292,2012-09-05,4000000,Olympique Marseille,1132,GB1
65,2012-09-09,10000000,Fulham FC,1091,GR1
1327,2012-09-09,2500000,West Ham United,1159,FR1
1613,2012-09-21,800000,PAOK Thessaloniki,855,FR1
2138,2012-09-21,600000,Panthrakikos Komotini,40426,RU1
3201,2012-09-21,750000,Atromitos Athens,265,GR1
2956,2012-09-24,800000,Austria Vienna,68608,PO1
3354,2012-10-16,2500000,Club Brugge KV,2282,BE1
1428,2012-10-23,3500000,Borussia Mönchengladbach,60,L1
1496,2012-10-23,800000,Eintracht Frankfurt,24,L1
1586,2012-10-23,3000000,Hannover 96,42,L1
1743,2012-10-23,200000,Arminia Bielefeld,105,L1
2712,2012-10-23,1000000,Fortuna Düsseldorf,38,L1
597,2012-11-05,2000000,BATE Borisov,2696,RU1
77,2012-11-07,3000000,Juventus FC,506,IT1
773,2012-11-20,500000,Without Club,14171,FR1
1716,2012-11-20,700000,Goverla-Zakarpattia Uzhgorod,6996,UKR1
3098,2012-12-02,500000,Villarreal CF,190,DK1
2989,2012-12-05,4000000,Sport Club Corinthians Paulista,199,BRA1
1083,2012-12-07,500000,Without Club,128,GR1
2904,2012-12-13,1500000,New York Red Bulls,276,IT1
77,2012-12-18,1000000,Juventus FC,506,IT1
2956,2012-12-19,650000,Austria Vienna,68608,PO1
735,2012-12-23,400000,AS Livorno,1210,IT1
992,2012-12-28,350000,Alemannia Aachen,38,L1
1743,2012-12-30,300000,Arminia Bielefeld,105,L1
411,2013-01-04,400000,Hertha BSC,44,L1
1095,2013-01-04,1000000,Hertha BSC,44,L1
1126,2013-01-04,900000,1.FC Köln,3,L1
1381,2013-01-04,800000,Hertha BSC,44,L1
1572,2013-01-04,1500000,AS Monaco,162,FR1
1659,2013-01-04,700000,Eintracht Braunschweig,23,L1
1944,2013-01-04,400000,Eintracht Braunschweig,23,L1
2154,2013-01-04,800000,FSV Frankfurt,4,L1
2201,2013-01-04,800000,SC Paderborn 07,127,L1
2334,2013-01-04,900000,Hertha BSC,44,L1
2386,2013-01-04,200000,Eintracht Braunschweig,23,L1
2453,2013-01-04,500000,FC St. Pauli,127,L1
3165,2013-01-04,400000,Grêmio Foot-Ball Porto Alegrense,141,TR1
2309,2013-01-05,3500000,Guizhou Renhe,121,RU1
109,2013-01-06,1000000,Eskisehirspor,825,TR1
299,2013-01-06,2500000,Kasimpasa,10484,TR1
325,2013-01-06,2000000,Galatasaray,141,TR1
755,2013-01-06,400000,Antalyaspor,589,TR1
831,2013-01-06,700000,Kardemir DC Karabükspor,1506,TR1
933,2013-01-06,1700000,Antalyaspor,2293,TR1
1791,2013-01-06,2800000,Trabzonspor,167,L1
1792,2013-01-06,5000000,Galatasaray,105,L1
1841,2013-01-06,300000,Kasimpasa,10484,TR1
1896,2013-01-06,750000,Akhisar Belediyespor,19771,TR1
2148,2013-01-06,850000,Konyaspor,2944,TR1
2587,2013-01-06,1700000,Kasimpasa,524,TR1
2899,2013-01-06,600000,Elazigspor,2292,TR1
3059,2013-01-06,1500000,Gaziantepspor,524,TR1
3132,2013-01-06,1000000,Caykur Rizespor,126,TR1
3216,2013-01-06,3000000,Galatasaray,589,TR1
3256,2013-01-06,5000000,Besiktas JK,15,L1
2878,2013-01-07,1250000,FC Sochaux-Montbéliard,750,FR1
3115,2013-01-07,1000000,FC Girondins Bordeaux,40,FR1
3266,2013-01-07,2500000,FC Lorient,1158,FR1
3292,2013-01-07,4000000,Olympique Marseille,1132,GB1
3226,2013-01-08,2000000,Shanghai Shenhua Liansheng,984,GB1
1443,2013-01-09,2000000,Ajax Amsterdam,190,DK1
3139,2013-01-09,1000000,Los Angeles Galaxy,583,FR1
3176,2013-01-09,750000,Cercle Brugge ,2282,BE1
3366,2013-01-10,16000000,Real Madrid,5,IT1
215,2013-01-11,3000000,Málaga CF,1084,ES1
2050,2013-01-11,3000000,Valencia CF,24,L1
2233,2013-01-11,2500000,Levante UD,3368,ES1
2623,2013-01-11,4500000,Sevilla FC,167,L1
2963,2013-01-11,3500000,Málaga CF,714,ES1
3172,2013-01-11,600000,Celta de Vigo,940,ES1
26,2013-01-13,4000000,Borussia Dortmund,16,L1
80,2013-01-13,1000000,Bayern Munich,27,L1
123,2013-01-13,1500000,FC Schalke 04,33,L1
162,2013-01-13,200000,VfB Stuttgart,79,L1
258,2013-01-13,800000,SpVgg Greuther Fürth,33,L1
264,2013-01-13,1000000,VfB Stuttgart,79,L1
277,2013-01-13,2000000,Hannover 96,3368,ES1
332,2013-01-13,1000000,Eintracht Frankfurt,24,L1
410,2013-01-13,2500000,Borussia Dortmund,16,L1
447,2013-01-13,500000,Eintracht Frankfurt,24,L1
532,2013-01-13,3000000,Bayern Munich,86,L1
557,2013-01-13,600000,FC Augsburg,167,L1
568,2013-01-13,2500000,Borussia Mönchengladbach,18,L1
598,2013-01-13,1000000,FC Schalke 04,24,L1
643,2013-01-13,100000,SV Werder Bremen,86,L1
690,2013-01-13,800000,1.FSV Mainz 05,39,L1
691,2013-01-13,4000000,Bayer 04 Leverkusen,15,L1
823,2013-01-13,1500000,1.FC Nuremberg,4,L1
837,2013-01-13,800000,Borussia Mönchengladbach,18,L1
886,2013-01-13,500000,Fortuna Düsseldorf,38,L1
892,2013-01-13,500000,1.FSV Mainz 05,39,L1
1073,2013-01-13,1500000,Bayer 04 Leverkusen,16,L1
1075,2013-01-13,1500000,Fortuna Düsseldorf,121,RU1
1094,2013-01-13,2500000,VfL Wolfsburg,4,L1
1116,2013-01-13,500000,SpVgg Greuther Fürth,65,L1
1122,2013-01-13,200000,Hamburger SV,41,L1
1139,2013-01-13,1000000,1.FSV Mainz 05,39,L1
1144,2013-01-13,500000,Borussia Mönchengladbach,18,L1
1150,2013-01-13,1500000,1.FC Nuremberg,4,L1
1277,2013-01-13,2500000,SV Werder Bremen,86,L1
1321,2013-01-13,4500000,FC Schalke 04,114,TR1
1323,2013-01-13,500000,Eintracht Frankfurt,24,L1
1335,2013-01-13,1500000,Hannover 96,42,L1
1363,2013-01-13,1000000,1.FSV Mainz 05,33,L1
1426,2013-01-13,2000000,VfB Stuttgart,79,L1
1428,2013-01-13,2500000,Borussia Mönchengladbach,60,L1
1474,2013-01-13,2500000,TSG 1899 Hoffenheim,533,L1
1496,2013-01-13,600000,Eintracht Frankfurt,24,L1
1565,2013-01-13,2500000,Eintracht Frankfurt,24,L1
1568,2013-01-13,1000000,Fortuna Düsseldorf,38,L1
1586,2013-01-13,2500000,Hannover 96,42,L1
1587,2013-01-13,1500000,Hannover 96,42,L1
1667,2013-01-13,5000000,VfL Wolfsburg,162,FR1
1684,2013-01-13,400000,SpVgg Greuther Fürth,65,L1
1726,2013-01-13,5000000,Hamburger SV,610,NL1
1772,2013-01-13,500000,Fortuna Düsseldorf,38,L1
1784,2013-01-13,9000000,Hamburger SV,39,L1
1986,2013-01-13,1500000,1.FC Nuremberg,167,L1
2150,2013-01-13,1000000,Borussia Dortmund,16,L1
2219,2013-01-13,28000000,Bayern Munich,27,L1
2306,2013-01-13,500000,Hannover 96,42,L1
2358,2013-01-13,1500000,TSG 1899 Hoffenheim,82,L1
2374,2013-01-13,500000,Borussia Dortmund,16,L1
2421,2013-01-13,1000000,Bayer 04 Leverkusen,38,L1
2514,2013-01-13,35000000,Bayern Munich,985,GB1
2712,2013-01-13,1000000,Fortuna Düsseldorf,38,L1
2767,2013-01-13,1000000,VfL Wolfsburg,24,L1
2805,2013-01-13,2000000,Hannover 96,42,L1
2923,2013-01-13,3500000,1.FSV Mainz 05,3368,ES1
2950,2013-01-13,600000,Fortuna Düsseldorf,42,L1
2953,2013-01-13,1500000,Hamburger SV,41,L1
3114,2013-01-13,4500000,Hannover 96,42,L1
3233,2013-01-13,300000,TSG 1899 Hoffenheim,533,L1
10,2013-01-14,4000000,SS Lazio,398,IT1
670,2013-01-14,600000,RCD Espanyol Barcelona,714,ES1
2926,2013-01-14,1900000,Bologna FC 1909,105,L1
3159,2013-01-14,300000,Torino FC,130,IT1
3395,2013-01-14,250000,NEC Nijmegen,132,NL1
1161,2013-01-15,1000000,FC Internazionale,46,IT1
2865,2013-01-15,16500000,Juventus FC,167,L1
2048,2013-01-17,450000,Willem II Tilburg,403,NL1
2878,2013-01-19,1000000,FC Sochaux-Montbéliard,750,FR1
1331,2013-01-20,9500000,Dinamo Moscow,533,L1
3321,2013-01-20,3000000,Dinamo Moscow,3725,RU1
3098,2013-01-22,400000,Villarreal CF,190,DK1
1613,2013-01-23,600000,PAOK Thessaloniki,855,FR1
992,2013-01-26,200000,Fortuna Düsseldorf II,38,L1
65,2013-01-28,7000000,Fulham FC,1091,GR1
132,2013-01-28,2000000,Arsenal FC,11,GB1
488,2013-01-28,750000,Swansea City,2288,GB1
1257,2013-01-28,250000,Without Club,127,L1
1327,2013-01-28,1500000,West Ham United,1159,FR1
1368,2013-01-28,1000000,West Ham United,1519,SC1
1397,2013-01-28,1000000,Stoke City,512,GB1
1573,2013-01-28,1000000,Everton FC,29,GB1
1662,2013-01-28,3000000,Fulham FC,33,L1
2874,2013-01-28,3000000,Fulham FC,265,GR1
2998,2013-01-28,8500000,Stoke City,1003,GB1
3109,2013-01-28,11500000,Liverpool FC,31,GB1
3120,2013-01-28,250000,Manchester City,281,GB1
3130,2013-01-28,2000000,Sunderland AFC,289,GB1
3146,2013-01-28,2000000,Aston Villa,512,GB1
3156,2013-01-28,1000000,Tottenham Hotspur,148,GB1
3160,2013-01-28,12000000,Chelsea FC,631,GB1
3163,2013-01-28,4000000,Chelsea FC,281,GB1
3179,2013-01-28,3500000,West Ham United,371,SC1
3182,2013-01-28,8000000,Chelsea FC,12,IT1
3190,2013-01-28,750000,Reading FC,180,GB1
3195,2013-01-28,2500000,Stoke City,512,GB1
3202,2013-01-28,6000000,Manchester City,371,SC1
3205,2013-01-28,3000000,Tottenham Hotspur,1083,RU1
3220,2013-01-28,3000000,Fulham FC,931,GB1
3235,2013-01-28,3500000,Manchester United,1039,GB1
3259,2013-01-28,1500000,Fulham FC,931,GB1
3271,2013-01-28,1000000,Queens Park Rangers,1039,GB1
3273,2013-01-28,1000000,Stoke City,1003,GB1
3276,2013-01-28,2000000,Newcastle United,873,GB1
3291,2013-01-28,8500000,Manchester City,984,GB1
3306,2013-01-28,5500000,Stoke City,1132,GB1
3332,2013-01-28,65000000,Manchester United,985,GB1
3333,2013-01-28,17000000,Manchester City,281,GB1
3356,2013-01-28,1000000,Everton FC,989,GB1
3357,2013-01-28,1000000,Fulham FC,1003,GB1
3397,2013-01-28,1000000,Manchester United,985,GB1
3404,2013-01-28,1000000,Everton FC,29,GB1
3405,2013-01-28,1000000,Sunderland AFC,289,GB1
3406,2013-01-28,1000000,Manchester United,985,GB1
3270,2013-02-02,5000000,Fenerbahce,1123,GB1
1613,2013-02-07,500000,EA Guingamp,855,FR1
2138,2013-02-10,500000,Panthrakikos Komotini,40426,RU1
3201,2013-02-10,500000,Atromitos Athens,265,GR1
3226,2013-02-12,1000000,Juventus FC,984,GB1
3322,2013-02-14,500000,Hibernian FC,903,SC1
2989,2013-02-15,5000000,Sport Club Corinthians Paulista,199,BRA1
3251,2013-02-15,350000,Aberdeen FC,370,SC1
2857,2013-03-02,500000,Hull City,29,GB1
3118,2013-03-02,500000,Middlesbrough FC,1039,GB1
3131,2013-03-02,250000,Crystal Palace,873,GB1
3273,2013-03-02,750000,Brighton & Hove Albion,1003,GB1
3296,2013-03-02,1000000,Leicester City,1003,GB1
3297,2013-03-02,2000000,Cardiff City,603,GB1
3310,2013-03-02,250000,Sheffield Wednesday,370,SC1
557,2013-03-11,400000,FC Augsburg,167,L1
1277,2013-03-11,2000000,SV Werder Bremen,86,L1
1335,2013-03-11,1000000,Hannover 96,42,L1
1474,2013-03-11,1500000,TSG 1899 Hoffenheim,533,L1
3114,2013-03-11,3000000,Hannover 96,42,L1
3391,2013-03-28,275000,AC Bellinzona,10484,TR1
2726,2013-04-03,700000,Académica Coimbra,2990,PO1
3098,2013-05-10,300000,Villarreal CF,190,DK1
276,2013-05-24,200000,FC Vestsjaelland,20100,DK1
1443,2013-05-28,2000000,Ajax Amsterdam,190,DK1
2904,2013-05-28,1500000,Club León FC,276,IT1
1572,2013-05-29,1000000,AS Monaco,162,FR1
1327,2013-05-30,1250000,Stade Rennais FC,1159,FR1
1613,2013-05-30,400000,EA Guingamp,855,FR1
2878,2013-05-30,700000,FC Sochaux-Montbéliard,750,FR1
3115,2013-05-30,900000,FC Girondins Bordeaux,40,FR1
3139,2013-05-30,1000000,Paris Saint-Germain,583,FR1
3266,2013-05-30,3500000,FC Lorient,1158,FR1
3292,2013-05-30,3000000,Olympique Marseille,1132,GB1
1560,2013-06-03,350000,Excelsior Rotterdam,306,NL1
3170,2013-06-04,500000,Vitesse Arnhem,1304,NL1
215,2013-06-12,3000000,Málaga CF,1084,ES1
2050,2013-06-12,3000000,Valencia CF,24,L1
2623,2013-06-12,3500000,Sevilla FC,167,L1
2963,2013-06-12,3000000,Málaga CF,714,ES1
3366,2013-06-12,10000000,Real Madrid,5,IT1
109,2013-06-13,500000,Eskisehirspor,825,TR1
299,2013-06-13,1500000,Kasimpasa,10484,TR1
670,2013-06-13,500000,RCD Espanyol Barcelona,714,ES1
755,2013-06-13,300000,Antalyaspor,589,TR1
831,2013-06-13,500000,Kardemir DC Karabükspor,1506,TR1
933,2013-06-13,1300000,Antalyaspor,2293,TR1
1791,2013-06-13,3000000,Trabzonspor,167,L1
1896,2013-06-13,750000,Akhisar Belediyespor,19771,TR1
2587,2013-06-13,1700000,Kasimpasa,524,TR1
3059,2013-06-13,1000000,Gaziantepspor,524,TR1
2233,2013-06-14,1500000,Levante UD,3368,ES1
3172,2013-06-14,500000,Celta de Vigo,940,ES1
325,2013-06-15,1000000,Galatasaray,141,TR1
1716,2013-06-15,500000,Goverla-Zakarpattia Uzhgorod,6996,UKR1
1792,2013-06-15,4500000,Galatasaray,105,L1
3256,2013-06-15,5000000,Besiktas JK,15,L1
3270,2013-06-15,3500000,Fenerbahce,1123,GB1
2148,2013-06-16,1000000,Konyaspor,2944,TR1
3132,2013-06-16,700000,Caykur Rizespor,126,TR1
1423,2013-06-17,1000000,FC Copenhagen,855,FR1
1606,2013-06-18,400000,AC Horsens,2414,DK1
1725,2013-06-18,200000,Odense Boldklub,173,DK1
2048,2013-06-18,300000,Willem II Tilburg,403,NL1
2703,2013-06-18,300000,Odense Boldklub,173,DK1
3395,2013-06-18,100000,NEC Nijmegen,132,NL1
10,2013-06-19,2000000,SS Lazio,398,IT1
1161,2013-06-19,1000000,FC Internazionale,46,IT1
1331,2013-06-19,7000000,Dinamo Moscow,533,L1
1841,2013-06-19,250000,Göztepe,10484,TR1
2865,2013-06-19,17000000,Juventus FC,167,L1
2899,2013-06-19,250000,Göztepe,2292,TR1
2926,2013-06-19,1700000,Bologna FC 1909,105,L1
3159,2013-06-19,300000,Torino FC,130,IT1
3226,2013-06-19,500000,Juventus FC,984,GB1
3321,2013-06-19,3000000,Dinamo Moscow,3725,RU1
735,2013-06-25,300000,AS Livorno,1210,IT1
3176,2013-06-25,750000,Club Brugge KV,2282,BE1
3354,2013-06-25,2000000,Club Brugge KV,2282,BE1
1743,2013-06-28,500000,Arminia Bielefeld,105,L1
332,2013-06-29,500000,1.FC Kaiserslautern,24,L1
411,2013-06-29,400000,Hertha BSC,44,L1
1083,2013-06-29,500000,SSV Jahn Regensburg,128,GR1
1095,2013-06-29,1000000,Hertha BSC,44,L1
1126,2013-06-29,750000,1.FC Köln,3,L1
1381,2013-06-29,500000,Hertha BSC,44,L1
1659,2013-06-29,700000,Eintracht Braunschweig,23,L1
1944,2013-06-29,400000,Eintracht Braunschweig,23,L1
2154,2013-06-29,1000000,FSV Frankfurt,4,L1
2201,2013-06-29,800000,SC Paderborn 07,127,L1
2334,2013-06-29,900000,Hertha BSC,44,L1
2386,2013-06-29,200000,Eintracht Braunschweig,23,L1
2453,2013-06-29,350000,SC Paderborn 07,127,L1
26,2013-06-30,5000000,Borussia Dortmund,16,L1
80,2013-06-30,1000000,Bayern Munich,27,L1
258,2013-06-30,400000,SpVgg Greuther Fürth,33,L1
264,2013-06-30,500000,VfB Stuttgart,79,L1
277,2013-06-30,1500000,Hannover 96,3368,ES1
410,2013-06-30,2100000,Borussia Dortmund,16,L1
447,2013-06-30,350000,Eintracht Frankfurt,24,L1
532,2013-06-30,2750000,Bayern Munich,86,L1
557,2013-06-30,300000,FC Augsburg,167,L1
568,2013-06-30,2500000,Borussia Mönchengladbach,18,L1
598,2013-06-30,1500000,FC Schalke 04,24,L1
643,2013-06-30,100000,SV Werder Bremen,86,L1
690,2013-06-30,500000,1.FSV Mainz 05,39,L1
691,2013-06-30,3500000,Bayer 04 Leverkusen,15,L1
823,2013-06-30,1500000,1.FC Nuremberg,4,L1
837,2013-06-30,800000,Borussia Mönchengladbach,18,L1
886,2013-06-30,175000,Fortuna Düsseldorf,38,L1
892,2013-06-30,350000,1.FSV Mainz 05,39,L1
1073,2013-06-30,1000000,Bayer 04 Leverkusen,16,L1
1075,2013-06-30,1000000,Dinamo Moscow,121,RU1
1116,2013-06-30,300000,SpVgg Greuther Fürth,65,L1
1122,2013-06-30,200000,Hamburger SV,41,L1
1139,2013-06-30,1000000,1.FSV Mainz 05,39,L1
1144,2013-06-30,375000,Borussia Mönchengladbach,18,L1
1150,2013-06-30,1500000,1.FC Nuremberg,4,L1
1277,2013-06-30,1250000,SV Werder Bremen,86,L1
1321,2013-06-30,3750000,FC Schalke 04,114,TR1
1323,2013-06-30,400000,Eintracht Frankfurt,24,L1
1335,2013-06-30,900000,Hannover 96,42,L1
1363,2013-06-30,1000000,1.FSV Mainz 05,33,L1
1426,2013-06-30,1500000,VfB Stuttgart,79,L1
1428,2013-06-30,2500000,Borussia Mönchengladbach,60,L1
1474,2013-06-30,1000000,TSG 1899 Hoffenheim,533,L1
1496,2013-06-30,500000,Eintracht Frankfurt,24,L1
1532,2013-06-30,200000,SK Beveren,28643,BE1
1565,2013-06-30,3000000,Eintracht Frankfurt,24,L1
1568,2013-06-30,1000000,Fortuna Düsseldorf,38,L1
1586,2013-06-30,2500000,Hannover 96,42,L1
1587,2013-06-30,1000000,Hannover 96,42,L1
1667,2013-06-30,5750000,VfL Wolfsburg,162,FR1
1684,2013-06-30,250000,SpVgg Greuther Fürth,65,L1
1726,2013-06-30,5000000,Hamburger SV,610,NL1
1784,2013-06-30,10000000,Hamburger SV,39,L1
1986,2013-06-30,1500000,1.FC Nuremberg,167,L1
2150,2013-06-30,600000,Borussia Dortmund,16,L1
2219,2013-06-30,30000000,Bayern Munich,27,L1
2306,2013-06-30,375000,Hannover 96,42,L1
2358,2013-06-30,1500000,VfL Wolfsburg,82,L1
2374,2013-06-30,500000,Borussia Dortmund,16,L1
2421,2013-06-30,1000000,Bayer 04 Leverkusen,38,L1
2514,2013-06-30,40000000,Bayern Munich,985,GB1
2712,2013-06-30,700000,Fortuna Düsseldorf,38,L1
2767,2013-06-30,800000,VfL Wolfsburg,24,L1
2805,2013-06-30,1250000,Hannover 96,42,L1
2923,2013-06-30,3000000,1.FSV Mainz 05,3368,ES1
2950,2013-06-30,600000,Fortuna Düsseldorf,42,L1
2953,2013-06-30,1500000,Hamburger SV,41,L1
3114,2013-06-30,2500000,Hannover 96,42,L1
3233,2013-06-30,300000,TSG 1899 Hoffenheim,533,L1
65,2013-07-02,5000000,Fulham FC,1091,GR1
132,2013-07-02,2000000,Arsenal FC,11,GB1
488,2013-07-02,1000000,Swansea City,2288,GB1
597,2013-07-02,2000000,BATE Borisov,2696,RU1
1368,2013-07-02,1500000,West Ham United,1519,SC1
2726,2013-07-02,500000,Académica Coimbra,2990,PO1
2874,2013-07-02,2000000,Without Club,265,GR1
2998,2013-07-02,8000000,Stoke City,1003,GB1
3109,2013-07-02,9000000,Liverpool FC,31,GB1
3120,2013-07-02,250000,Manchester City,281,GB1
3146,2013-07-02,1000000,Aston Villa,512,GB1
3160,2013-07-02,10000000,Chelsea FC,631,GB1
3163,2013-07-02,3500000,Chelsea FC,281,GB1
3179,2013-07-02,3000000,Without Club,371,SC1
3182,2013-07-02,8000000,Chelsea FC,12,IT1
3190,2013-07-02,750000,Reading FC,180,GB1
3195,2013-07-02,2500000,Stoke City,512,GB1
3202,2013-07-02,4500000,Liverpool FC,371,SC1
3220,2013-07-02,2000000,Fulham FC,931,GB1
3235,2013-07-02,3000000,Manchester United,1039,GB1
3259,2013-07-02,1000000,Fulham FC,931,GB1
3271,2013-07-02,1000000,Queens Park Rangers,1039,GB1
3273,2013-07-02,750000,Stoke City,1003,GB1
3276,2013-07-02,2000000,Newcastle United,873,GB1
3291,2013-07-02,6000000,Manchester City,984,GB1
3306,2013-07-02,5000000,Stoke City,1132,GB1
3332,2013-07-02,50000000,Manchester United,985,GB1
3333,2013-07-02,18000000,Manchester City,281,GB1
3356,2013-07-02,1000000,Everton FC,989,GB1
3357,2013-07-02,1000000,Fulham FC,1003,GB1
3405,2013-07-02,500000,Sunderland AFC,289,GB1
3406,2013-07-02,1000000,Manchester United,985,GB1
3391,2013-07-05,400000,FC Vaduz,10484,TR1
2857,2013-07-11,500000,Hull City,29,GB1
3296,2013-07-11,750000,Leicester City,1003,GB1
3297,2013-07-11,2000000,Cardiff City,603,GB1
3131,2013-07-12,250000,Blackpool FC,873,GB1
3216,2013-07-12,1500000,Antalyaspor,589,TR1
3273,2013-07-12,500000,Brighton & Hove Albion,1003,GB1
77,2013-07-22,500000,São Paulo Futebol Clube,506,IT1
325,2013-07-22,300000,Galatasaray,141,TR1
3156,2013-07-22,500000,Without Club,148,GB1
277,2013-07-25,1500000,Levante UD,3368,ES1
2923,2013-07-25,3000000,Levante UD,3368,ES1
2963,2013-07-25,3000000,Atlético de Madrid,714,ES1
258,2013-08-26,250000,FC Schalke 04 II,33,L1
886,2013-08-26,125000,Fortuna Düsseldorf II,38,L1
992,2013-08-26,150000,Fortuna Düsseldorf II,38,L1
1772,2013-08-26,825000,FC Seoul,38,L1
2989,2013-08-26,4000000,Sport Club Corinthians Paulista,199,BRA1
3165,2013-08-26,250000,Clube de Regatas Vasco da Gama,141,TR1
410,2013-08-27,2000000,Borussia Dortmund,16,L1
1791,2013-08-27,2000000,FC Augsburg,167,L1
773,2013-08-29,250000,FK Mlada Boleslav,14171,FR1
1073,2013-09-13,500000,Without Club,16,L1
1572,2013-09-13,750000,AS Monaco,162,FR1
3115,2013-09-13,500000,FC Girondins Bordeaux,40,FR1
3179,2013-09-13,1500000,Without Club,371,SC1
1327,2013-09-18,1000000,West Ham United,1159,FR1
831,2013-09-24,250000,MKE Ankaragücü,1506,TR1
3366,2013-09-25,8000000,AC Milan,5,IT1
2309,2013-09-26,3000000,Guizhou Renhe,121,RU1
3172,2013-10-08,100000,Hércules CF,940,ES1
3251,2013-10-08,275000,Without Club,370,SC1
3269,2013-10-08,375000,Aberdeen FC,370,SC1
3287,2013-10-08,50000,St. Johnstone FC,2578,SC1
3310,2013-10-08,250000,Aberdeen FC,370,SC1
3322,2013-10-08,500000,Hibernian FC,903,SC1
2421,2013-10-14,700000,Fortuna Düsseldorf,38,L1
532,2013-11-05,2000000,Bayern Munich,86,L1
823,2013-11-05,1000000,1.FC Nuremberg,4,L1
1363,2013-11-05,500000,1.FSV Mainz 05,33,L1
1428,2013-11-05,1800000,SC Freiburg,60,L1
3114,2013-11-05,1500000,Hannover 96,42,L1
3256,2013-11-05,3500000,Bayer 04 Leverkusen,15,L1
597,2013-11-25,1500000,BATE Borisov,2696,RU1
3201,2013-12-02,400000,Atromitos Athens,265,GR1
1606,2013-12-27,250000,AC Horsens,2414,DK1
2138,2013-12-27,500000,Arsenal Tula,40426,RU1
2904,2013-12-27,1000000,Club León FC,276,IT1
258,2014-01-02,200000,FC Schalke 04 II,33,L1
886,2014-01-02,100000,Fortuna Düsseldorf II,38,L1
1841,2014-01-02,175000,Sportfreunde Lotte,10484,TR1
10,2014-01-07,1000000,SS Lazio,398,IT1
735,2014-01-07,200000,AS Livorno,1210,IT1
1161,2014-01-07,1000000,FC Internazionale,46,IT1
2865,2014-01-07,17000000,Juventus FC,167,L1
2926,2014-01-07,1700000,Bologna FC 1909,105,L1
3366,2014-01-07,8000000,AC Milan,5,IT1
3146,2014-01-08,1000000,Middlesbrough FC,512,GB1
3190,2014-01-08,400000,Reading FC,180,GB1
3271,2014-01-08,500000,Queens Park Rangers,1039,GB1
3273,2014-01-08,500000,Brighton & Hove Albion,1003,GB1
3292,2014-01-08,2500000,Queens Park Rangers,1132,GB1
3296,2014-01-08,600000,Leicester City,1003,GB1
1572,2014-01-14,500000,AS Monaco,162,FR1
1613,2014-01-14,400000,EA Guingamp,855,FR1
3115,2014-01-14,500000,FC Girondins Bordeaux,40,FR1
3266,2014-01-14,3000000,FC Lorient,1158,FR1
65,2014-01-15,3500000,Fulham FC,1091,GR1
132,2014-01-15,2000000,Arsenal FC,11,GB1
488,2014-01-15,1000000,Swansea City,2288,GB1
1327,2014-01-15,1000000,West Ham United,1159,FR1
1368,2014-01-15,1500000,West Ham United,1519,SC1
1662,2014-01-15,3000000,Fulham FC,33,L1
2583,2014-01-15,250000,Preston North End,2760,SC1
2963,2014-01-15,2500000,Manchester City,714,ES1
2998,2014-01-15,7000000,Stoke City,1003,GB1
3109,2014-01-15,7500000,Liverpool FC,31,GB1
3120,2014-01-15,250000,Manchester City,281,GB1
3160,2014-01-15,7500000,Chelsea FC,631,GB1
3163,2014-01-15,2000000,Chelsea FC,281,GB1
3179,2014-01-15,1500000,West Ham United,371,SC1
3182,2014-01-15,5000000,Chelsea FC,12,IT1
3195,2014-01-15,1500000,Stoke City,512,GB1
3202,2014-01-15,4000000,Liverpool FC,371,SC1
3220,2014-01-15,1000000,Fulham FC,931,GB1
3226,2014-01-15,1000000,West Bromwich Albion,984,GB1
3235,2014-01-15,1500000,Manchester United,1039,GB1
3259,2014-01-15,1000000,Fulham FC,931,GB1
3276,2014-01-15,1500000,Newcastle United,873,GB1
3291,2014-01-15,5000000,Everton FC,984,GB1
3297,2014-01-15,1000000,Cardiff City,603,GB1
3306,2014-01-15,4000000,Stoke City,1132,GB1
3332,2014-01-15,45000000,Manchester United,985,GB1
3333,2014-01-15,15000000,Manchester City,281,GB1
3356,2014-01-15,1000000,Everton FC,989,GB1
3357,2014-01-15,1000000,Chelsea FC,1003,GB1
3405,2014-01-15,750000,Sunderland AFC,289,GB1
3406,2014-01-15,1000000,Manchester United,985,GB1
264,2014-01-20,500000,FC Ingolstadt 04,79,L1
332,2014-01-20,500000,1.FC Union Berlin,24,L1
992,2014-01-20,150000,Fortuna Düsseldorf II,38,L1
1116,2014-01-20,300000,SpVgg Greuther Fürth,65,L1
1126,2014-01-20,750000,1.FC Köln,3,L1
1323,2014-01-20,350000,SC Paderborn 07,24,L1
1496,2014-01-20,400000,VfL Bochum,24,L1
1587,2014-01-20,700000,1.FC Union Berlin,42,L1
1743,2014-01-20,500000,Arminia Bielefeld,105,L1
2154,2014-01-20,800000,FSV Frankfurt,4,L1
2201,2014-01-20,700000,SC Paderborn 07,127,L1
2421,2014-01-20,600000,Fortuna Düsseldorf,38,L1
2453,2014-01-20,500000,SC Paderborn 07,127,L1
2950,2014-01-20,700000,FC Energie Cottbus,42,L1
215,2014-01-23,2500000,Málaga CF,1084,ES1
2623,2014-01-23,3000000,Sevilla FC,167,L1
277,2014-01-24,1000000,Levante UD,3368,ES1
1568,2014-01-24,500000,1.FC Saarbrücken,38,L1
2233,2014-01-24,800000,Levante UD,3368,ES1
2923,2014-01-24,3000000,Levante UD,3368,ES1
109,2014-01-27,400000,Eskisehirspor,825,TR1
597,2014-01-27,1200000,Konyaspor,2696,RU1
755,2014-01-27,300000,Antalyaspor,589,TR1
933,2014-01-27,1000000,Antalyaspor,2293,TR1
1792,2014-01-27,4000000,Galatasaray,105,L1
1896,2014-01-27,700000,Akhisar Belediyespor,19771,TR1
2148,2014-01-27,1400000,Konyaspor,2944,TR1
2587,2014-01-27,1800000,Kasimpasa,524,TR1
3059,2014-01-27,800000,Gaziantepspor,524,TR1
3132,2014-01-27,500000,Caykur Rizespor,126,TR1
3270,2014-01-27,2000000,Fenerbahce,1123,GB1
892,2014-01-29,200000,1.FSV Mainz 05 II,39,L1
3159,2014-01-29,300000,Brescia Calcio,130,IT1
2374,2014-02-05,200000,Hamburger SV II,16,L1
3172,2014-02-06,100000,Hércules CF,940,ES1
1095,2014-02-10,500000,Hertha BSC II,44,L1
1381,2014-02-10,300000,Hertha BSC II,44,L1
1423,2014-02-10,600000,FC Copenhagen,855,FR1
3176,2014-02-10,500000,Club Brugge KV,2282,BE1
3354,2014-02-10,1500000,Club Brugge KV,2282,BE1
1443,2014-02-11,1500000,Ajax Amsterdam,190,DK1
3170,2014-02-11,500000,Heracles Almelo,1304,NL1
3395,2014-02-11,100000,NAC Breda,132,NL1
532,2014-02-12,1000000,Bayern Munich,86,L1
598,2014-02-12,1000000,FC Schalke 04,24,L1
691,2014-02-12,3000000,Bayer 04 Leverkusen,15,L1
837,2014-02-12,600000,Borussia Mönchengladbach,18,L1
1277,2014-02-12,750000,SV Werder Bremen,86,L1
1335,2014-02-12,750000,Hannover 96,42,L1
1426,2014-02-12,1000000,VfB Stuttgart,79,L1
1428,2014-02-12,1250000,SC Freiburg,60,L1
1659,2014-02-12,500000,Eintracht Braunschweig,23,L1
1667,2014-02-12,6000000,VfL Wolfsburg,162,FR1
1726,2014-02-12,3000000,Hamburger SV,610,NL1
1784,2014-02-12,9000000,Hamburger SV,39,L1
2334,2014-02-12,750000,Hertha BSC,44,L1
2358,2014-02-12,2000000,VfL Wolfsburg,82,L1
2805,2014-02-12,1000000,Hannover 96,42,L1
3256,2014-02-12,2500000,Bayer 04 Leverkusen,15,L1
3269,2014-02-13,300000,Aberdeen FC,370,SC1
3310,2014-02-13,250000,Aberdeen FC,370,SC1
3322,2014-02-13,500000,Hibernian FC,903,SC1
2878,2014-02-14,500000,FC Luzern,750,FR1
3391,2014-02-14,450000,FC Vaduz,10484,TR1
1321,2014-02-20,3000000,Besiktas JK,114,TR1
2956,2014-02-26,500000,CF Os Belenenses,68608,PO1
1075,2014-03-03,1000000,Dinamo Moscow,121,RU1
1331,2014-03-03,5800000,Dinamo Moscow,533,L1
3321,2014-03-03,2500000,Dinamo Moscow,3725,RU1
670,2014-03-10,400000,CSKA Sofia,714,ES1
831,2014-03-19,200000,MKE Ankaragücü,1506,TR1
258,2014-03-28,150000,FC Schalke 04 II,33,L1
886,2014-03-28,125000,Fortuna Düsseldorf II,38,L1
992,2014-03-28,200000,Fortuna Düsseldorf II,38,L1
1083,2014-03-28,500000,Skoda Xanthi,128,GR1
2050,2014-03-28,2500000,Olympiacos Piraeus,24,L1
2874,2014-03-28,2000000,Panathinaikos Athens,265,GR1
2989,2014-03-28,3500000,Sport Club Corinthians Paulista,199,BRA1
3201,2014-03-28,400000,Atromitos Athens,265,GR1
77,2014-03-31,500000,Sociedade Esportiva Palmeiras,506,IT1
2309,2014-04-03,3200000,Guizhou Renhe,121,RU1
2712,2014-04-17,600000,Henan Jianye,38,L1
773,2014-04-22,250000,FK Mlada Boleslav,14171,FR1
258,2014-05-08,150000,FC Schalke 04 II,33,L1
886,2014-05-08,100000,Fortuna Düsseldorf II,38,L1
992,2014-05-08,175000,Fortuna Düsseldorf II,38,L1
3132,2014-06-18,400000,Caykur Rizespor,126,TR1
1606,2014-06-26,150000,AC Horsens,2414,DK1
2950,2014-06-26,500000,FC Energie Cottbus,42,L1
3176,2014-06-28,500000,Club Brugge KV,2282,BE1
3354,2014-06-28,1000000,Club Brugge KV,2282,BE1
2138,2014-06-29,500000,Arsenal Tula,40426,RU1
264,2014-06-30,400000,FC Ingolstadt 04,79,L1
332,2014-06-30,400000,1.FC Union Berlin,24,L1
992,2014-06-30,350000,Fortuna Düsseldorf II,38,L1
1116,2014-06-30,300000,SpVgg Greuther Fürth,65,L1
1126,2014-06-30,750000,1.FC Köln,3,L1
1257,2014-06-30,250000,MSV Duisburg,127,L1
1323,2014-06-30,300000,SC Paderborn 07,24,L1
1496,2014-06-30,300000,VfL Bochum,24,L1
1587,2014-06-30,500000,1.FC Union Berlin,42,L1
1743,2014-06-30,300000,Arminia Bielefeld,105,L1
2154,2014-06-30,700000,FSV Frankfurt,4,L1
2201,2014-06-30,900000,SC Paderborn 07,127,L1
2421,2014-06-30,600000,Fortuna Düsseldorf,38,L1
2453,2014-06-30,700000,SC Paderborn 07,127,L1
735,2014-07-01,100000,AS Livorno,1210,IT1
2926,2014-07-01,1500000,Bologna FC 1909,105,L1
3366,2014-07-01,6000000,Orlando City SC,5,IT1
10,2014-07-07,1000000,SS Lazio,398,IT1
1428,2014-07-07,1000000,Guizhou Renhe,60,L1
2309,2014-07-07,3000000,Guizhou Renhe,121,RU1
2712,2014-07-07,400000,Henan Jianye,38,L1
831,2014-07-08,175000,MKE Ankaragücü,1506,TR1
26,2014-07-10,5000000,Borussia Dortmund,16,L1
80,2014-07-10,1000000,Bayern Munich,27,L1
410,2014-07-10,1000000,Borussia Dortmund,16,L1
532,2014-07-10,1000000,Bayern Munich,86,L1
568,2014-07-10,1500000,Borussia Mönchengladbach,18,L1
691,2014-07-10,2000000,Bayer 04 Leverkusen,15,L1
837,2014-07-10,400000,Borussia Mönchengladbach,18,L1
1139,2014-07-10,1000000,1.FSV Mainz 05,39,L1
1144,2014-07-10,250000,Borussia Mönchengladbach,18,L1
1150,2014-07-10,800000,1.FC Nuremberg,4,L1
1277,2014-07-10,750000,SV Werder Bremen,86,L1
1474,2014-07-10,500000,Without Club,533,L1
1565,2014-07-10,3000000,Eintracht Frankfurt,24,L1
1586,2014-07-10,2000000,Hannover 96,42,L1
1659,2014-07-10,400000,Eintracht Braunschweig,23,L1
1662,2014-07-10,2500000,SC Freiburg,33,L1
1667,2014-07-10,6000000,VfL Wolfsburg,162,FR1
1726,2014-07-10,1750000,Hamburger SV,610,NL1
1784,2014-07-10,6000000,Hamburger SV,39,L1
1791,2014-07-10,2000000,FC Augsburg,167,L1
1944,2014-07-10,300000,Eintracht Braunschweig,23,L1
1986,2014-07-10,1000000,FC Augsburg,167,L1
2150,2014-07-10,750000,Borussia Dortmund,16,L1
2219,2014-07-10,30000000,Bayern Munich,27,L1
2306,2014-07-10,300000,Hannover 96,42,L1
2334,2014-07-10,500000,Hertha BSC,44,L1
2358,2014-07-10,1500000,VfL Wolfsburg,82,L1
2386,2014-07-10,200000,Eintracht Braunschweig,23,L1
2514,2014-07-10,35000000,Bayern Munich,985,GB1
2767,2014-07-10,1000000,Eintracht Frankfurt,24,L1
2805,2014-07-10,1000000,Hannover 96,42,L1
3114,2014-07-10,1000000,Hannover 96,42,L1
3256,2014-07-10,2000000,Bayer 04 Leverkusen,15,L1
2865,2014-07-11,15000000,Juventus FC,167,L1
3159,2014-07-15,250000,Brescia Calcio,130,IT1
2048,2014-07-17,75000,BFC Dynamo,403,NL1
2923,2014-07-19,3500000,Levante UD,3368,ES1
215,2014-07-20,2000000,Málaga CF,1084,ES1
2623,2014-07-20,2000000,Sevilla FC,167,L1
1321,2014-07-23,3000000,Besiktas JK,114,TR1
2587,2014-07-23,1500000,Kasimpasa,524,TR1
3059,2014-07-23,600000,Gaziantepspor,524,TR1
1896,2014-07-24,600000,Akhisar Belediyespor,19771,TR1
3270,2014-07-24,1500000,Fenerbahce,1123,GB1
2726,2014-07-25,500000,Ottawa Fury FC,2990,PO1
258,2014-07-27,100000,FC Schalke 04 II,33,L1
886,2014-07-27,100000,Fortuna Düsseldorf II,38,L1
277,2014-07-28,600000,Fortuna Düsseldorf,3368,ES1
1363,2014-07-28,400000,SV Darmstadt 98,33,L1
2878,2014-07-30,400000,Club Africain Tunis,750,FR1
1116,2014-07-31,250000,SpVgg Greuther Fürth II,65,L1
1331,2014-07-31,4000000,Dinamo Moscow,533,L1
1423,2014-08-03,750000,EA Guingamp,855,FR1
65,2014-08-07,3000000,AS Monaco,1091,GR1
1095,2014-08-08,350000,Arminia Bielefeld,44,L1
597,2014-08-11,1200000,Konyaspor,2696,RU1
933,2014-08-11,500000,Konyaspor,2293,TR1
1792,2014-08-11,3100000,Galatasaray,105,L1
3170,2014-08-11,500000,Heracles Almelo,1304,NL1
3321,2014-08-11,2000000,Feyenoord Rotterdam,3725,RU1
3395,2014-08-11,50000,NAC Breda,132,NL1
132,2014-08-12,2000000,Arsenal FC,11,GB1
488,2014-08-12,1000000,Swansea City,2288,GB1
1368,2014-08-12,1000000,West Ham United,1519,SC1
2857,2014-08-12,500000,Hull City,29,GB1
2963,2014-08-12,2000000,Manchester City,714,ES1
2998,2014-08-12,7000000,Stoke City,1003,GB1
3109,2014-08-12,6000000,Liverpool FC,31,GB1
3120,2014-08-12,250000,Manchester City,281,GB1
3146,2014-08-12,1000000,Aston Villa,512,GB1
3160,2014-08-12,6000000,Chelsea FC,631,GB1
3163,2014-08-12,1500000,Manchester City,281,GB1
3179,2014-08-12,1500000,West Ham United,371,SC1
3202,2014-08-12,3000000,Liverpool FC,371,SC1
3235,2014-08-12,1000000,Queens Park Rangers,1039,GB1
3273,2014-08-12,500000,Leicester City,1003,GB1
3291,2014-08-12,3500000,Everton FC,984,GB1
3292,2014-08-12,2500000,Queens Park Rangers,1132,GB1
3296,2014-08-12,750000,Leicester City,1003,GB1
3306,2014-08-12,3500000,Stoke City,1132,GB1
3332,2014-08-12,45000000,Manchester United,985,GB1
3333,2014-08-12,14000000,Manchester City,281,GB1
3356,2014-08-12,1000000,Everton FC,989,GB1
3357,2014-08-12,1000000,Chelsea FC,1003,GB1
3405,2014-08-12,500000,Sunderland AFC,289,GB1
1075,2014-08-16,700000,Retired,121,RU1
3190,2014-08-19,250000,Leeds United,180,GB1
1363,2014-08-21,250000,FC Schalke 04,33,L1
1725,2014-09-07,150000,Vendsyssel FF,173,DK1
2904,2014-09-11,1000000,Hellas Verona,276,IT1
3182,2014-09-15,3000000,AS Roma,12,IT1
2712,2014-09-16,350000,Henan Jianye,38,L1
3391,2014-09-16,450000,FC Vaduz,10484,TR1
3322,2014-09-23,250000,Bradford City,903,SC1
823,2014-10-01,600000,FSV Frankfurt,4,L1
2623,2014-10-05,1000000,Sevilla FC,167,L1
3357,2014-10-05,500000,Chelsea FC,1003,GB1
3287,2014-10-07,50000,St. Johnstone FC,2578,SC1
2583,2014-10-09,150000,Preston North End,2760,SC1
598,2014-11-03,750000,Eintracht Frankfurt,24,L1
1784,2014-11-03,4000000,Hamburger SV,39,L1
2309,2014-11-04,3200000,Guizhou Renhe,121,RU1
2712,2014-11-04,300000,Henan Jianye,38,L1
1095,2014-11-06,350000,Arminia Bielefeld,44,L1
1257,2014-11-06,250000,MSV Duisburg,127,L1
3182,2014-11-08,2000000,AS Roma,12,IT1
2874,2014-11-11,1250000,Panathinaikos Athens,265,GR1
3201,2014-11-11,350000,Atromitos Athens,265,GR1
1613,2014-11-20,400000,FC Sochaux-Montbéliard,855,FR1
3132,2014-12-15,400000,Otelul Galati,126,TR1
3391,2014-12-15,600000,FC Vaduz,10484,TR1
1606,2014-12-18,100000,AC Horsens,2414,DK1
1725,2014-12-18,150000,Vendsyssel FF,173,DK1
1075,2014-12-26,500000,Retired,121,RU1
258,2015-01-01,100000,FC Schalke 04 II,33,L1
886,2015-01-01,100000,Fortuna Düsseldorf II,38,L1
3259,2015-01-04,750000,Melbourne City FC,931,GB1
2148,2015-01-05,1500000,Osmanlispor FK,2944,TR1
3059,2015-01-05,600000,Sanliurfaspor,524,TR1
10,2015-01-07,1000000,SS Lazio,398,IT1
2865,2015-01-07,13000000,Juventus FC,167,L1
2904,2015-01-07,500000,Hellas Verona,276,IT1
3182,2015-01-07,1000000,AS Roma,12,IT1
3354,2015-01-07,500000,Club Brugge KV,2282,BE1
277,2015-01-13,500000,Fortuna Düsseldorf,3368,ES1
332,2015-01-13,300000,1.FC Union Berlin,24,L1
823,2015-01-13,600000,FSV Frankfurt,4,L1
992,2015-01-13,250000,Fortuna Düsseldorf,38,L1
1150,2015-01-13,400000,1.FC Nuremberg,4,L1
1496,2015-01-13,200000,VfL Bochum,24,L1
1587,2015-01-13,400000,1.FC Union Berlin,42,L1
1659,2015-01-13,400000,Eintracht Braunschweig,23,L1
1743,2015-01-13,250000,SV Darmstadt 98,105,L1
1944,2015-01-13,250000,Eintracht Braunschweig,23,L1
2154,2015-01-13,600000,FSV Frankfurt,4,L1
2386,2015-01-13,200000,Eintracht Braunschweig,23,L1
2421,2015-01-13,600000,Fortuna Düsseldorf,38,L1
65,2015-01-14,2500000,AS Monaco,1091,GR1
1423,2015-01-14,500000,EA Guingamp,855,FR1
3216,2015-01-17,900000,FC Banik Ostrava,589,TR1
1684,2015-01-18,200000,SV Eintracht Trier 05,65,L1
2623,2015-01-23,1000000,Sevilla FC,167,L1
2923,2015-01-23,3000000,Levante UD,3368,ES1
597,2015-01-26,900000,Konyaspor,2696,RU1
933,2015-01-26,350000,Konyaspor,2293,TR1
1792,2015-01-26,2500000,Galatasaray,105,L1
1896,2015-01-26,450000,Akhisar Belediyespor,19771,TR1
2587,2015-01-26,1200000,Gaziantepspor,524,TR1
77,2015-02-01,500000,Sociedade Esportiva Palmeiras,506,IT1
2989,2015-02-01,6500000,Sport Club Corinthians Paulista,199,BRA1
264,2015-02-03,400000,Ferencvárosi TC,79,L1
26,2015-02-04,3000000,Borussia Dortmund,16,L1
80,2015-02-04,500000,Bayern Munich,27,L1
410,2015-02-04,1000000,Borussia Dortmund,16,L1
532,2015-02-04,1000000,Bayern Munich,86,L1
568,2015-02-04,1500000,Borussia Mönchengladbach,18,L1
691,2015-02-04,2000000,Bayer 04 Leverkusen,15,L1
837,2015-02-04,300000,Borussia Mönchengladbach,18,L1
1126,2015-02-04,750000,1.FC Köln,3,L1
1139,2015-02-04,500000,1.FSV Mainz 05,39,L1
1144,2015-02-04,250000,Borussia Mönchengladbach,18,L1
1277,2015-02-04,750000,SV Werder Bremen,86,L1
1363,2015-02-04,150000,FC Schalke 04,33,L1
1565,2015-02-04,3000000,Eintracht Frankfurt,24,L1
1586,2015-02-04,2000000,Hannover 96,42,L1
1662,2015-02-04,1750000,SC Freiburg,33,L1
1667,2015-02-04,6000000,VfL Wolfsburg,162,FR1
1726,2015-02-04,1750000,Hamburger SV,610,NL1
1784,2015-02-04,2500000,Hamburger SV,39,L1
1791,2015-02-04,2000000,FC Augsburg,167,L1
1986,2015-02-04,1000000,FC Augsburg,167,L1
2050,2015-02-04,2000000,Eintracht Frankfurt,24,L1
2150,2015-02-04,750000,Borussia Dortmund,16,L1
2201,2015-02-04,1000000,SC Paderborn 07,127,L1
2219,2015-02-04,28000000,Bayern Munich,27,L1
2306,2015-02-04,300000,Hannover 96,42,L1
2334,2015-02-04,500000,Hertha BSC,44,L1
2358,2015-02-04,1000000,VfL Wolfsburg,82,L1
2453,2015-02-04,600000,SC Paderborn 07,127,L1
2514,2015-02-04,28000000,Bayern Munich,985,GB1
2767,2015-02-04,800000,Eintracht Frankfurt,24,L1
2805,2015-02-04,700000,Hannover 96,42,L1
2950,2015-02-04,500000,Hannover 96,42,L1
3114,2015-02-04,750000,Hannover 96,42,L1
3256,2015-02-04,2000000,Bayer 04 Leverkusen,15,L1
1443,2015-02-06,400000,FC Copenhagen,190,DK1
735,2015-02-10,100000,AS Livorno,1210,IT1
2926,2015-02-10,1000000,Bologna FC 1909,105,L1
3159,2015-02-10,250000,Brescia Calcio,130,IT1
3170,2015-02-11,400000,Heracles Almelo,1304,NL1
3395,2015-02-11,50000,NAC Breda,132,NL1
132,2015-02-12,2000000,Arsenal FC,11,GB1
488,2015-02-12,1000000,Swansea City,2288,GB1
1368,2015-02-12,1000000,West Ham United,1519,SC1
2857,2015-02-12,500000,Hull City,29,GB1
2963,2015-02-12,2000000,Manchester City,714,ES1
2998,2015-02-12,5000000,Leicester City,1003,GB1
3109,2015-02-12,4000000,Liverpool FC,31,GB1
3120,2015-02-12,250000,Manchester City,281,GB1
3146,2015-02-12,750000,Aston Villa,512,GB1
3160,2015-02-12,5000000,Chelsea FC,631,GB1
3163,2015-02-12,1000000,Manchester City,281,GB1
3179,2015-02-12,1500000,West Ham United,371,SC1
3202,2015-02-12,2500000,Liverpool FC,371,SC1
3235,2015-02-12,1000000,Queens Park Rangers,1039,GB1
3273,2015-02-12,500000,Leicester City,1003,GB1
3276,2015-02-12,1000000,Crystal Palace,873,GB1
3291,2015-02-12,3000000,Everton FC,984,GB1
3292,2015-02-12,2500000,Queens Park Rangers,1132,GB1
3296,2015-02-12,500000,Leicester City,1003,GB1
3306,2015-02-12,3500000,Stoke City,1132,GB1
3332,2015-02-12,45000000,Manchester United,985,GB1
3333,2015-02-12,14000000,Manchester City,281,GB1
3356,2015-02-12,750000,Everton FC,989,GB1
3357,2015-02-12,500000,Leicester City,1003,GB1
3405,2015-02-12,500000,Sunderland AFC,289,GB1
3321,2015-02-16,2000000,Feyenoord Rotterdam,3725,RU1
1331,2015-02-23,3000000,Dinamo Moscow,533,L1
2138,2015-02-23,500000,Arsenal Tula,40426,RU1
1327,2015-02-24,1000000,Charlton Athletic,1159,FR1
3176,2015-02-24,350000,Bolton Wanderers,2282,BE1
3190,2015-02-24,250000,Leeds United,180,GB1
3195,2015-02-24,1500000,Wigan Athletic,512,GB1
2583,2015-02-27,150000,Preston North End,2760,SC1
3322,2015-02-27,200000,Bradford City,903,SC1
1094,2015-03-01,1500000,Columbus Crew SC,4,L1
1321,2015-03-01,2500000,New England Revolution,114,TR1
3366,2015-03-01,5000000,Orlando City SC,5,IT1
3259,2015-03-03,600000,Melbourne City FC,931,GB1
1095,2015-03-07,200000,Arminia Bielefeld,44,L1
1257,2015-03-07,250000,MSV Duisburg,127,L1
1684,2015-03-24,150000,SV Eintracht Trier 05,65,L1
3220,2015-04-11,700000,APOEL Nicosia,931,GB1
3115,2015-04-30,250000,Red Star FC,40,FR1
2874,2015-05-10,1250000,Panathinaikos Athens,265,GR1
3201,2015-05-10,350000,Panathinaikos Athens,265,GR1
2989,2015-05-31,5500000,Sport Club Corinthians Paulista,199,BRA1
3132,2015-06-01,500000,Otelul Galati,126,TR1
1423,2015-06-05,500000,EA Guingamp,855,FR1
65,2015-06-06,1000000,AS Monaco,1091,GR1
1613,2015-06-06,250000,FC Sochaux-Montbéliard,855,FR1
2148,2015-06-08,1300000,Osmanlispor FK,2944,TR1
3059,2015-06-08,300000,Sanliurfaspor,524,TR1
1331,2015-06-18,2500000,Dinamo Moscow,533,L1
2138,2015-06-18,400000,Arsenal Tula,40426,RU1
3391,2015-06-18,900000,FC Vaduz,10484,TR1
597,2015-06-25,750000,Genclerbirligi Ankara,2696,RU1
933,2015-06-25,200000,Konyaspor,2293,TR1
1792,2015-06-25,2000000,Galatasaray,105,L1
1896,2015-06-25,250000,Akhisar Belediyespor,19771,TR1
2587,2015-06-25,900000,Gaziantepspor,524,TR1
735,2015-06-29,100000,AS Livorno,1210,IT1
2926,2015-06-29,600000,Bologna FC 1909,105,L1
3159,2015-06-29,250000,Brescia Calcio,130,IT1
10,2015-07-01,1000000,SS Lazio,398,IT1
26,2015-07-01,2000000,Borussia Dortmund,16,L1
80,2015-07-01,500000,Bayern Munich,27,L1
132,2015-07-01,1500000,Arsenal FC,11,GB1
277,2015-07-01,350000,Fortuna Düsseldorf,3368,ES1
332,2015-07-01,300000,1.FC Union Berlin,24,L1
488,2015-07-01,750000,Swansea City,2288,GB1
532,2015-07-01,1000000,Bayern Munich,86,L1
568,2015-07-01,1500000,Borussia Mönchengladbach,18,L1
823,2015-07-01,250000,SV Waldhof Mannheim,4,L1
992,2015-07-01,200000,Fortuna Düsseldorf II,38,L1
1095,2015-07-01,150000,Arminia Bielefeld,44,L1
1126,2015-07-01,750000,1.FC Köln,3,L1
1144,2015-07-01,200000,Borussia Mönchengladbach,18,L1
1150,2015-07-01,300000,1.FC Nuremberg,4,L1
1257,2015-07-01,250000,MSV Duisburg,127,L1
1277,2015-07-01,750000,SV Werder Bremen,86,L1
1368,2015-07-01,500000,Without Club,1519,SC1
1565,2015-07-01,3000000,Eintracht Frankfurt,24,L1
1586,2015-07-01,1500000,Hannover 96,42,L1
1662,2015-07-01,1000000,SC Freiburg,33,L1
1667,2015-07-01,6000000,VfL Wolfsburg,162,FR1
1726,2015-07-01,1500000,Hamburger SV,610,NL1
1743,2015-07-01,250000,SV Darmstadt 98,105,L1
1784,2015-07-01,3000000,Hamburger SV,39,L1
1791,2015-07-01,2000000,FC Augsburg,167,L1
1986,2015-07-01,1000000,FC Augsburg,167,L1
2050,2015-07-01,1500000,Eintracht Frankfurt,24,L1
2150,2015-07-01,750000,Borussia Dortmund,16,L1
2154,2015-07-01,600000,SC Freiburg,4,L1
2201,2015-07-01,700000,SC Paderborn 07,127,L1
2219,2015-07-01,22000000,Bayern Munich,27,L1
2334,2015-07-01,400000,SC Paderborn 07,44,L1
2358,2015-07-01,1000000,Without Club,82,L1
2421,2015-07-01,700000,Fortuna Düsseldorf,38,L1
2453,2015-07-01,450000,SC Paderborn 07,127,L1
2514,2015-07-01,22000000,Bayern Munich,985,GB1
2712,2015-07-01,250000,VfL Bochum,38,L1
2767,2015-07-01,800000,Without Club,24,L1
2805,2015-07-01,500000,Without Club,42,L1
2865,2015-07-01,11000000,Juventus FC,167,L1
2904,2015-07-01,500000,Hellas Verona,276,IT1
2923,2015-07-01,2500000,Levante UD,3368,ES1
2963,2015-07-01,2000000,Manchester City,714,ES1
2998,2015-07-01,5000000,Leicester City,1003,GB1
3120,2015-07-01,250000,Manchester City,281,GB1
3146,2015-07-01,500000,Aston Villa,512,GB1
3160,2015-07-01,4000000,Chelsea FC,631,GB1
3182,2015-07-01,500000,AS Roma,12,IT1
3202,2015-07-01,2000000,Liverpool FC,371,SC1
3256,2015-07-01,2000000,Bayer 04 Leverkusen,15,L1
3291,2015-07-01,2500000,Everton FC,984,GB1
3296,2015-07-01,500000,Leicester City,1003,GB1
3306,2015-07-01,3500000,Stoke City,1132,GB1
3321,2015-07-01,1000000,Feyenoord Rotterdam,3725,RU1
3332,2015-07-01,40000000,Manchester United,985,GB1
3333,2015-07-01,14000000,Liverpool FC,31,GB1
3356,2015-07-01,750000,AFC Bournemouth,989,GB1
3357,2015-07-01,500000,Leicester City,1003,GB1
3405,2015-07-01,500000,Sunderland AFC,289,GB1
3109,2015-07-08,2000000,Los Angeles Galaxy,31,GB1
3163,2015-07-08,1000000,New York City FC,281,GB1
1944,2015-07-14,100000,Eintracht Braunschweig II,23,L1
2878,2015-07-14,350000,Club Africain Tunis,750,FR1
264,2015-07-21,400000,Ferencvárosi TC,79,L1
2950,2015-08-13,800000,Austria Vienna,42,L1
2048,2015-08-20,75000,BFC Dynamo,403,NL1
1606,2015-09-02,100000,FC Vestsjaelland,2414,DK1
1725,2015-09-02,100000,Vendsyssel FF,173,DK1
597,2015-09-15,750000,BATE Borisov,2696,RU1
215,2015-09-20,1500000,Málaga CF,1084,ES1
1327,2015-09-24,1000000,Charlton Athletic,1159,FR1
2857,2015-09-24,350000,Hull City,29,GB1
3273,2015-09-24,500000,Milton Keynes Dons,1003,GB1
3292,2015-09-24,2000000,Burnley FC,1132,GB1
65,2015-09-27,1000000,PAOK Thessaloniki,1091,GR1
2874,2015-09-27,1000000,Panathinaikos Athens,265,GR1
3201,2015-09-27,400000,Panathinaikos Athens,265,GR1
3270,2015-10-13,750000,Without Club,1123,GB1
2514,2015-10-14,18000000,Manchester United,985,GB1
3216,2015-10-14,500000,FK Mlada Boleslav,589,TR1
26,2015-10-16,1000000,Borussia Dortmund,16,L1
2583,2015-10-16,150000,Doncaster Rovers,2760,SC1
2154,2015-10-22,400000,SC Freiburg,4,L1
2309,2015-11-01,1500000,Beijing Renhe,121,RU1
3176,2015-11-01,300000,Shijiazhuang Ever Bright,2282,BE1
1944,2015-11-04,100000,Eintracht Braunschweig II,23,L1
2865,2015-11-05,9000000,Juventus FC,167,L1
597,2015-11-20,500000,BATE Borisov,2696,RU1
215,2015-11-22,1000000,Málaga CF,1084,ES1
264,2015-11-27,400000,Ferencvárosi TC,79,L1
3179,2015-11-30,1250000,Celtic FC,371,SC1
1368,2015-12-07,400000,Dundee United FC,1519,SC1
2989,2015-12-15,5000000,CR Flamengo,614,BRA1
3391,2015-12-18,750000,FC Vaduz,10484,TR1
3132,2015-12-22,400000,FC Viitorul Constanta,126,TR1
735,2015-12-28,100000,FC Bari 1908,1210,IT1
3159,2015-12-28,250000,FC Bari 1908,130,IT1
2950,2015-12-29,1000000,Austria Vienna,42,L1
1606,2015-12-31,100000,FC Vestsjaelland,2414,DK1
10,2016-01-04,1000000,SS Lazio,398,IT1
2865,2016-01-04,7500000,Juventus FC,167,L1
2904,2016-01-04,300000,Atlas Guadalajara,276,IT1
3059,2016-01-04,200000,Sanliurfaspor,524,TR1
3182,2016-01-04,500000,AS Roma,12,IT1
3321,2016-01-06,500000,Terek Grozny,3725,RU1
2138,2016-01-10,300000,Arsenal Tula,40426,RU1
992,2016-01-15,150000,Fortuna Düsseldorf II,38,L1
1363,2016-01-15,100000,FC Schalke 04 II,33,L1
1792,2016-01-18,1200000,Galatasaray,105,L1
1896,2016-01-18,350000,Akhisar Belediyespor,19771,TR1
2148,2016-01-18,1200000,Osmanlispor FK,2944,TR1
2587,2016-01-18,650000,Gaziantepspor,524,TR1
1725,2016-01-25,100000,Vendsyssel FF,173,DK1
2048,2016-02-01,100000,BFC Dynamo,403,NL1
1423,2016-02-04,500000,EA Guingamp,855,FR1
1613,2016-02-04,250000,FC Sochaux-Montbéliard,855,FR1
3115,2016-02-04,250000,Red Star FC,40,FR1
933,2016-02-05,200000,Roda JC Kerkrade,2293,TR1
1426,2016-02-08,350000,VfB Stuttgart II,79,L1
132,2016-02-09,1500000,Arsenal FC,11,GB1
2514,2016-02-09,15000000,Manchester United,985,GB1
2963,2016-02-09,2000000,Manchester City,714,ES1
2998,2016-02-09,6000000,Leicester City,1003,GB1
3120,2016-02-09,250000,Manchester City,281,GB1
3146,2016-02-09,500000,Stoke City,512,GB1
3160,2016-02-09,3000000,Chelsea FC,631,GB1
3202,2016-02-09,2000000,Liverpool FC,371,SC1
3291,2016-02-09,2500000,Everton FC,984,GB1
3306,2016-02-09,3500000,Stoke City,1132,GB1
3332,2016-02-09,40000000,Manchester United,985,GB1
3333,2016-02-09,14000000,Liverpool FC,31,GB1
3356,2016-02-09,750000,AFC Bournemouth,989,GB1
3357,2016-02-09,500000,Leicester City,1003,GB1
3405,2016-02-09,500000,Sunderland AFC,289,GB1
277,2016-02-11,150000,Fortuna Düsseldorf,3368,ES1
332,2016-02-11,300000,1.FC Union Berlin,24,L1
1094,2016-02-11,600000,1.FC Union Berlin,4,L1
1095,2016-02-11,125000,Arminia Bielefeld,44,L1
1150,2016-02-11,300000,1.FC Nuremberg,4,L1
1257,2016-02-11,250000,MSV Duisburg,127,L1
2150,2016-02-11,500000,SC Paderborn 07,16,L1
2154,2016-02-11,400000,SC Freiburg,4,L1
2201,2016-02-11,700000,SC Paderborn 07,127,L1
2334,2016-02-11,300000,SC Paderborn 07,44,L1
2421,2016-02-11,700000,Fortuna Düsseldorf,38,L1
2453,2016-02-11,300000,SC Paderborn 07,127,L1
2712,2016-02-11,250000,VfL Bochum,38,L1
2767,2016-02-11,600000,Fortuna Düsseldorf,24,L1
823,2016-02-13,200000,SV Waldhof Mannheim,4,L1
26,2016-02-15,1000000,Borussia Dortmund,16,L1
80,2016-02-15,300000,Bayern Munich,27,L1
488,2016-02-15,500000,SV Werder Bremen,2288,GB1
532,2016-02-15,1000000,SV Werder Bremen,86,L1
568,2016-02-15,1000000,Borussia Mönchengladbach,18,L1
1126,2016-02-15,750000,1.FC Köln,3,L1
1144,2016-02-15,200000,Borussia Mönchengladbach,18,L1
1277,2016-02-15,750000,SV Werder Bremen,86,L1
1331,2016-02-15,1250000,TSG 1899 Hoffenheim,533,L1
1565,2016-02-15,3000000,Eintracht Frankfurt,24,L1
1586,2016-02-15,1000000,Hannover 96,42,L1
1662,2016-02-15,1000000,FC Schalke 04,33,L1
1667,2016-02-15,5000000,VfL Wolfsburg,162,FR1
1743,2016-02-15,250000,SV Darmstadt 98,105,L1
1784,2016-02-15,3000000,Hamburger SV,39,L1
1791,2016-02-15,1250000,FC Augsburg,167,L1
1986,2016-02-15,750000,FC Augsburg,167,L1
2219,2016-02-15,16000000,Bayern Munich,27,L1
2623,2016-02-15,750000,FC Augsburg,167,L1
2805,2016-02-15,250000,Without Club,42,L1
2926,2016-02-15,750000,SV Darmstadt 98,105,L1
3256,2016-02-15,2000000,Bayer 04 Leverkusen,15,L1
2878,2016-02-17,250000,Club Africain Tunis,750,FR1
2874,2016-02-21,800000,Panathinaikos Athens,265,GR1
215,2016-02-22,1000000,Málaga CF,1084,ES1
1726,2016-02-22,1500000,Real Betis Balompié,610,NL1
1944,2016-02-25,100000,Eintracht Braunschweig II,23,L1
2050,2016-03-01,1000000,Seattle Sounders FC,24,L1
2923,2016-03-01,2000000,Seattle Sounders FC,3368,ES1
3109,2016-03-01,1750000,Los Angeles Galaxy,31,GB1
3163,2016-03-01,1000000,New York City FC,281,GB1
3182,2016-03-01,500000,Los Angeles Galaxy,12,IT1
3366,2016-03-01,3500000,Orlando City SC,5,IT1
2201,2016-03-22,500000,SC Paderborn 07,127,L1
3266,2016-03-31,1300000,Muaither SC,1158,FR1
597,2016-04-07,500000,Genclerbirligi Ankara,2696,RU1
1327,2016-04-20,500000,Charlton Athletic,1159,FR1
2857,2016-04-20,350000,Hull City,29,GB1
3273,2016-04-20,250000,Milton Keynes Dons,1003,GB1
3292,2016-04-20,1500000,Burnley FC,1132,GB1
3296,2016-04-20,500000,Queens Park Rangers,1003,GB1
3321,2016-05-25,350000,Terek Grozny,3725,RU1
2989,2016-05-27,4000000,CR Flamengo,614,BRA1
1321,2016-05-30,2500000,Colorado Rapids,114,TR1
2050,2016-05-30,800000,Seattle Sounders FC,24,L1
2583,2016-05-30,150000,Doncaster Rovers,2760,SC1
2923,2016-05-30,2000000,Seattle Sounders FC,3368,ES1
3109,2016-05-30,1750000,Los Angeles Galaxy,31,GB1
3163,2016-05-30,1000000,New York City FC,281,GB1
3182,2016-05-30,500000,Los Angeles Galaxy,12,IT1
3276,2016-05-30,500000,Fleetwood Town,873,GB1
3322,2016-05-30,200000,Bradford City,903,SC1
3366,2016-05-30,3500000,Orlando City SC,5,IT1
132,2016-06-01,1000000,Arsenal FC,11,GB1
264,2016-06-01,250000,Ferencvárosi TC,79,L1
2514,2016-06-01,12000000,Manchester United,985,GB1
2865,2016-06-01,6000000,Juventus FC,167,L1
2926,2016-06-01,750000,SV Darmstadt 98,105,L1
2950,2016-06-01,1000000,Austria Vienna,42,L1
3132,2016-06-01,200000,FC Viitorul Constanta,126,TR1
3146,2016-06-01,500000,Stoke City,512,GB1
3176,2016-06-01,200000,Molde FK,2282,BE1
3306,2016-06-01,3500000,Stoke City,1132,GB1
3332,2016-06-01,35000000,Manchester United,985,GB1
3333,2016-06-01,15000000,Liverpool FC,31,GB1
735,2016-06-13,75000,FC Bari 1908,1210,IT1
3159,2016-06-13,250000,FC Bari 1908,130,IT1
2309,2016-06-20,900000,Beijing Renhe,121,RU1
65,2016-06-21,1000000,PAOK Thessaloniki,1091,GR1
2874,2016-06-21,600000,Panathinaikos Athens,265,GR1
3201,2016-06-21,300000,Panathinaikos Athens,265,GR1
1257,2016-07-01,200000,Without Club,127,L1
1586,2016-07-01,750000,Hannover 96,42,L1
2138,2016-07-01,150000,FC Tosno (-2018),40426,RU1
2334,2016-07-01,200000,Atlético Baleares,44,L1
2453,2016-07-01,200000,SC Paderborn 07,127,L1
1613,2016-07-13,250000,FC Sochaux-Montbéliard,855,FR1
933,2016-07-14,350000,Eskisehirspor,2293,TR1
1896,2016-07-14,200000,Sivasspor,19771,TR1
2201,2016-07-14,325000,SC Paderborn 07,127,L1
2358,2016-07-14,300000,FSV Frankfurt,82,L1
3059,2016-07-14,100000,Without Club,524,TR1
597,2016-07-15,400000,Genclerbirligi Ankara,2696,RU1
992,2016-07-15,150000,Fortuna Düsseldorf II,38,L1
1363,2016-07-15,100000,FC Schalke 04 II,33,L1
1726,2016-07-15,1500000,Ajax Amsterdam,610,NL1
1792,2016-07-15,600000,Galatasaray,105,L1
2148,2016-07-15,1000000,Osmanlispor FK,2944,TR1
2587,2016-07-15,350000,Gaziantepspor,524,TR1
2865,2016-07-15,5000000,Juventus FC,167,L1
3391,2016-07-16,750000,FC Luzern,10484,TR1
26,2016-07-22,1000000,Borussia Dortmund,16,L1
80,2016-07-22,200000,Bayern Munich,27,L1
332,2016-07-22,200000,1.FC Union Berlin,24,L1
532,2016-07-22,1000000,SV Werder Bremen,86,L1
1094,2016-07-22,500000,1.FC Union Berlin,4,L1
1126,2016-07-22,750000,1.FC Köln,3,L1
1144,2016-07-22,150000,Borussia Mönchengladbach,18,L1
1150,2016-07-22,250000,1.FC Nuremberg,4,L1
1277,2016-07-22,750000,SV Werder Bremen,86,L1
1565,2016-07-22,2500000,Eintracht Frankfurt,24,L1
1662,2016-07-22,750000,FC Schalke 04,33,L1
1667,2016-07-22,3500000,VfL Wolfsburg,162,FR1
1784,2016-07-22,3500000,Hamburger SV,39,L1
1791,2016-07-22,1000000,FC Augsburg,167,L1
1986,2016-07-22,500000,FC Augsburg,167,L1
2154,2016-07-22,400000,SC Freiburg,4,L1
2219,2016-07-22,13000000,Bayern Munich,27,L1
2421,2016-07-22,700000,Fortuna Düsseldorf,38,L1
2767,2016-07-22,450000,Fortuna Düsseldorf,24,L1
2926,2016-07-22,750000,SV Darmstadt 98,105,L1
3256,2016-07-22,1500000,Bayer 04 Leverkusen,15,L1
1944,2016-07-27,75000,Eintracht Braunschweig II,23,L1
488,2016-08-01,500000,Swansea City,2288,GB1
2514,2016-08-01,10000000,Manchester United,985,GB1
2857,2016-08-01,500000,Hull City,29,GB1
2998,2016-08-01,6000000,Leicester City,1003,GB1
3146,2016-08-01,500000,Stoke City,512,GB1
3160,2016-08-01,2500000,Chelsea FC,631,GB1
3291,2016-08-01,2000000,Everton FC,984,GB1
3306,2016-08-01,3500000,Stoke City,1132,GB1
3332,2016-08-01,35000000,Manchester United,985,GB1
3333,2016-08-01,15000000,Liverpool FC,31,GB1
3216,2016-08-03,500000,FC Slovan Liberec,589,TR1
2904,2016-08-04,300000,Atlas Guadalajara,276,IT1
2963,2016-08-10,1000000,RCD Espanyol Barcelona,714,ES1
1606,2016-08-12,100000,BK Fremad Amager,2414,DK1
215,2016-08-15,500000,Olimpia Asunción,1084,ES1
264,2016-09-30,200000,Ferencvárosi TC,79,L1
2453,2016-09-30,200000,Vasas FC,127,L1
3296,2016-10-11,250000,Gillingham FC,1003,GB1
1667,2016-10-13,2000000,VfL Wolfsburg,162,FR1
132,2016-10-16,750000,AC Sparta Prague,11,GB1
2514,2016-10-24,8000000,Manchester United,985,GB1
3190,2016-10-24,250000,Southampton FC,180,GB1
3332,2016-10-24,30000000,Manchester United,985,GB1
2334,2016-10-27,150000,Atlético Baleares,44,L1
1083,2016-11-14,250000,Ottawa Fury FC,128,GR1
2726,2016-11-14,200000,Ottawa Fury FC,2990,PO1
77,2016-11-15,200000,FC Goa,506,IT1
992,2016-11-20,100000,Fortuna Düsseldorf II,38,L1
1363,2016-11-20,50000,FC Schalke 04 II,33,L1
2309,2016-11-20,700000,Beijing Renhe,121,RU1
2989,2016-11-28,3500000,CR Flamengo,614,BRA1
597,2016-11-30,300000,BATE Borisov,2696,RU1
735,2016-12-12,75000,US Cremonese,1210,IT1
1606,2016-12-12,100000,BK Fremad Amager,2414,DK1
1725,2016-12-12,50000,Vendsyssel FF,173,DK1
1321,2016-12-15,1750000,Colorado Rapids,114,TR1
2050,2016-12-15,650000,Seattle Sounders FC,24,L1
2923,2016-12-15,1500000,Seattle Sounders FC,3368,ES1
3109,2016-12-15,1750000,Los Angeles Galaxy,31,GB1
3163,2016-12-15,1000000,New York City FC,281,GB1
3182,2016-12-15,500000,Los Angeles Galaxy,12,IT1
3366,2016-12-15,2000000,Orlando City SC,5,IT1
2904,2016-12-16,800000,Atlas Guadalajara,276,IT1
132,2016-12-19,500000,AC Sparta Prague,11,GB1
3159,2016-12-19,200000,FC Bari 1908,130,IT1
3216,2016-12-19,400000,FC Slovan Liberec,589,TR1
3391,2016-12-20,750000,FC Luzern,10484,TR1
3132,2016-12-21,200000,FC Voluntari,126,TR1
3201,2016-12-21,150000,Panathinaikos Athens,265,GR1
1586,2016-12-22,750000,SK Sturm Graz,42,L1
2950,2016-12-22,1000000,Austria Vienna,42,L1
3321,2016-12-23,100000,Dinamo Moscow,3725,RU1
2138,2016-12-27,150000,FC Tosno (-2018),40426,RU1
2583,2016-12-30,150000,Partick Thistle FC ,2760,SC1
2865,2017-01-02,4000000,Juventus FC,167,L1
933,2017-01-09,150000,Eskisehirspor,2293,TR1
1896,2017-01-09,100000,Sivasspor,19771,TR1
1792,2017-01-10,300000,Galatasaray,105,L1
2148,2017-01-10,750000,Osmanlispor FK,2944,TR1
2587,2017-01-10,350000,Gaziantepspor,524,TR1
1327,2017-01-16,400000,AS Nancy-Lorraine,1159,FR1
3266,2017-01-16,1000000,FC Lorient,1158,FR1
1726,2017-01-18,700000,Ajax Amsterdam,610,NL1
332,2017-01-23,150000,1.FC Union Berlin,24,L1
1094,2017-01-23,250000,1.FC Union Berlin,4,L1
1150,2017-01-23,200000,1.FC Nuremberg,4,L1
2421,2017-01-23,700000,Fortuna Düsseldorf,38,L1
2767,2017-01-23,300000,Fortuna Düsseldorf,24,L1
2963,2017-01-24,200000,Málaga CF,714,ES1
2334,2017-02-02,150000,Atlético Baleares,44,L1
1944,2017-02-05,75000,Eintracht Braunschweig II,23,L1
26,2017-02-07,1000000,Borussia Dortmund,16,L1
80,2017-02-07,200000,Bayern Munich,27,L1
532,2017-02-07,1000000,SV Werder Bremen,86,L1
1126,2017-02-07,750000,1.FC Köln,3,L1
1144,2017-02-07,150000,Borussia Mönchengladbach,18,L1
1277,2017-02-07,750000,SV Werder Bremen,86,L1
1565,2017-02-07,2000000,Eintracht Frankfurt,24,L1
1662,2017-02-07,500000,FC Schalke 04,33,L1
1667,2017-02-07,2000000,VfL Wolfsburg,162,FR1
1784,2017-02-07,2500000,Hamburger SV,39,L1
1791,2017-02-07,750000,FC Augsburg,167,L1
1986,2017-02-07,300000,FC Augsburg,167,L1
2154,2017-02-07,250000,SC Freiburg,4,L1
2219,2017-02-07,11000000,Bayern Munich,27,L1
2926,2017-02-07,500000,Without Club,105,L1
3256,2017-02-07,1000000,Bayer 04 Leverkusen,15,L1
1257,2017-02-10,150000,SC Paderborn 07,127,L1
2201,2017-02-10,275000,SC Paderborn 07,127,L1
2358,2017-02-10,300000,FSV Frankfurt,82,L1
3202,2017-02-14,1750000,Celtic FC,371,SC1
488,2017-02-20,250000,Swansea City,2288,GB1
2514,2017-02-20,5000000,Manchester United,985,GB1
2857,2017-02-20,750000,Hull City,29,GB1
2998,2017-02-20,5000000,Leicester City,1003,GB1
3146,2017-02-20,500000,Stoke City,512,GB1
3160,2017-02-20,1000000,Chelsea FC,631,GB1
3190,2017-02-20,250000,Southampton FC,180,GB1
3291,2017-02-20,1500000,Everton FC,984,GB1
3292,2017-02-20,1500000,Burnley FC,1132,GB1
3306,2017-02-20,3000000,Stoke City,1132,GB1
3332,2017-02-20,20000000,Manchester United,985,GB1
3333,2017-02-20,15000000,Liverpool FC,31,GB1
264,2017-02-23,200000,Ferencvárosi TC,79,L1
2453,2017-02-23,200000,Vasas FC,127,L1
3405,2017-02-27,500000,Blackburn Rovers,289,GB1
1368,2017-03-20,150000,Red Star FC,1519,SC1
1613,2017-03-20,200000,FC Sochaux-Montbéliard,855,FR1
2923,2017-04-15,1250000,FC Viktoria Plzen,3368,ES1
3201,2017-04-20,150000,Aris Thessaloniki,265,GR1
3195,2017-04-21,500000,Bury FC,512,GB1
2726,2017-05-08,100000,San Francisco Deltas,2990,PO1
1321,2017-05-24,1250000,Los Angeles Galaxy,114,TR1
2514,2017-05-24,4500000,Chicago Fire,985,GB1
3182,2017-05-24,500000,Los Angeles Galaxy,12,IT1
3366,2017-05-24,1500000,Orlando City SC,5,IT1
3179,2017-05-31,500000,PERSIB Bandung,371,SC1
597,2017-06-01,200000,Krylya Sovetov Samara,2696,RU1
1327,2017-06-01,250000,AS Nancy-Lorraine,1159,FR1
2138,2017-06-01,100000,FC Tosno (-2018),40426,RU1
3266,2017-06-01,500000,FC Lorient,1158,FR1
3321,2017-06-01,50000,Dinamo Moscow,3725,RU1
1586,2017-06-02,750000,SK Sturm Graz,42,L1
2950,2017-06-02,1000000,Austria Vienna,42,L1
2963,2017-06-05,200000,Málaga CF,714,ES1
1726,2017-06-07,500000,Ajax Amsterdam,610,NL1
2865,2017-06-08,3000000,Juventus FC,167,L1
2148,2017-06-09,400000,Osmanlispor FK,2944,TR1
132,2017-06-10,350000,AC Sparta Prague,11,GB1
2923,2017-06-10,1000000,FC Viktoria Plzen,3368,ES1
3216,2017-06-10,300000,FC Slovan Liberec,589,TR1
1257,2017-06-14,100000,SC Paderborn 07,127,L1
2201,2017-06-14,200000,SC Paderborn 07,127,L1
2358,2017-06-14,200000,FSV Frankfurt,82,L1
1368,2017-06-15,150000,Red Star FC,1519,SC1
1613,2017-06-15,100000,FC Sochaux-Montbéliard,855,FR1
3132,2017-06-17,100000,FC Voluntari,126,TR1
26,2017-06-19,1000000,Borussia Dortmund,16,L1
80,2017-06-19,200000,Bayern Munich,27,L1
532,2017-06-19,1000000,SV Werder Bremen,86,L1
1126,2017-06-19,750000,1.FC Köln,3,L1
1144,2017-06-19,100000,Borussia Mönchengladbach,18,L1
1565,2017-06-19,1000000,Eintracht Frankfurt,24,L1
1662,2017-06-19,500000,FC Schalke 04,33,L1
1667,2017-06-19,1000000,VfL Wolfsburg,162,FR1
1784,2017-06-19,2000000,Hamburger SV,39,L1
1791,2017-06-19,500000,FC Augsburg,167,L1
1792,2017-06-19,300000,SV Darmstadt 98,105,L1
1986,2017-06-19,300000,FC Augsburg,167,L1
2154,2017-06-19,200000,SC Freiburg,4,L1
3256,2017-06-19,750000,Bayer 04 Leverkusen,15,L1
735,2017-06-20,75000,US Cremonese,1210,IT1
1606,2017-06-21,50000,BK Fremad Amager,2414,DK1
1725,2017-06-21,50000,Vendsyssel FF,173,DK1
3159,2017-06-21,175000,Parma Calcio 1913,130,IT1
332,2017-06-27,150000,1.FC Union Berlin,24,L1
1094,2017-06-27,200000,1.FC Union Berlin,4,L1
2421,2017-06-27,600000,Fortuna Düsseldorf,38,L1
2767,2017-06-27,250000,Fortuna Düsseldorf,24,L1
488,2017-06-28,250000,Swansea City,2288,GB1
2857,2017-06-28,1000000,Hull City,29,GB1
2998,2017-06-28,5000000,Leicester City,1003,GB1
3146,2017-06-28,250000,Stoke City,512,GB1
3160,2017-06-28,1000000,Chelsea FC,631,GB1
3190,2017-06-28,250000,Southampton FC,180,GB1
3291,2017-06-28,1500000,Everton FC,984,GB1
3292,2017-06-28,1000000,Burnley FC,1132,GB1
3306,2017-06-28,2500000,Stoke City,1132,GB1
3332,2017-06-28,15000000,Manchester United,985,GB1
3333,2017-06-28,12000000,Liverpool FC,31,GB1
933,2017-06-30,100000,Eskisehirspor,2293,TR1
1896,2017-06-30,50000,Sivasspor,19771,TR1
2587,2017-06-30,150000,Gaziantepspor,524,TR1
992,2017-07-01,100000,Fortuna Düsseldorf II,38,L1
2878,2017-07-14,200000,FC Schaffhausen,750,FR1
3321,2017-07-30,100000,Sydney FC,3725,RU1
264,2017-07-31,100000,Ferencvárosi TC,79,L1
2904,2017-07-31,800000,Atlas Guadalajara,276,IT1
1944,2017-08-02,75000,Eintracht Braunschweig II,23,L1
2334,2017-08-17,100000,Atlético Baleares,44,L1
1986,2017-08-20,200000,FC Augsburg II,167,L1
2453,2017-09-09,100000,Sakaryaspor,127,L1
80,2017-09-21,100000,Bayern Munich,27,L1
2926,2017-10-02,100000,Imolese Calcio 1919,105,L1
1662,2017-10-06,500000,FC Schalke 04,33,L1
3391,2017-10-06,1000000,Kasimpasa,10484,TR1
2923,2017-10-07,900000,FC Viktoria Plzen,3368,ES1
1586,2017-10-11,500000,SK Sturm Graz,42,L1
2950,2017-10-11,750000,Austria Vienna,42,L1
992,2017-10-16,75000,Fortuna Düsseldorf II,38,L1
3256,2017-10-17,500000,SpVgg Greuther Fürth,15,L1
3322,2017-10-24,100000,Blackpool FC,903,SC1
2726,2017-11-27,100000,San Francisco Deltas,2990,PO1
215,2017-11-30,250000,Olimpia Asunción,1084,ES1
2050,2017-11-30,400000,Club Cerro Porteño,24,L1
1321,2017-12-05,600000,Los Angeles Galaxy,114,TR1
2514,2017-12-05,3000000,Chicago Fire,985,GB1
3182,2017-12-05,500000,Los Angeles Galaxy,12,IT1
3366,2017-12-05,1000000,Orlando City SC,5,IT1
2989,2017-12-07,3000000,CR Flamengo,614,BRA1
1791,2017-12-21,300000,SK Slavia Prague,167,L1
2923,2017-12-21,600000,FC Viktoria Plzen,3368,ES1
3159,2017-12-21,200000,Parma Calcio 1913,130,IT1
3216,2017-12-21,300000,FC Banik Ostrava,589,TR1
3132,2017-12-27,100000,FC Voluntari,126,TR1
26,2017-12-28,750000,Borussia Dortmund,16,L1
80,2017-12-28,100000,Bayern Munich,27,L1
532,2017-12-28,1000000,1.FC Köln,86,L1
1126,2017-12-28,750000,1.FC Köln,3,L1
1144,2017-12-28,100000,Borussia Mönchengladbach,18,L1
1565,2017-12-28,750000,Eintracht Frankfurt,24,L1
1662,2017-12-28,500000,FC Schalke 04,33,L1
1784,2017-12-28,1750000,1.FSV Mainz 05,39,L1
2154,2017-12-28,200000,SC Freiburg,4,L1
2865,2017-12-29,2000000,Juventus FC,167,L1
2334,2018-01-01,100000,Atlético Baleares,44,L1
1094,2018-01-02,250000,LASK,4,L1
1586,2018-01-02,500000,SK Sturm Graz,42,L1
1726,2018-01-02,400000,Austria Vienna,610,NL1
2857,2018-01-02,1000000,Leicester City,29,GB1
2950,2018-01-02,750000,Austria Vienna,42,L1
2998,2018-01-02,5000000,Leicester City,1003,GB1
3190,2018-01-02,250000,Southampton FC,180,GB1
3291,2018-01-02,1000000,West Bromwich Albion,984,GB1
3306,2018-01-02,2000000,Burnley FC,1132,GB1
3332,2018-01-02,15000000,Everton FC,985,GB1
3333,2018-01-02,12000000,Liverpool FC,31,GB1
2878,2018-01-08,150000,FC Schaffhausen,750,FR1
1257,2018-01-19,100000,SC Paderborn 07,127,L1
2201,2018-01-22,200000,Holstein Kiel,127,L1
2421,2018-01-22,500000,Fortuna Düsseldorf,38,L1
3256,2018-01-22,450000,SpVgg Greuther Fürth,15,L1
1667,2018-01-24,1000000,AS Monaco,162,FR1
992,2018-02-03,50000,Fortuna Düsseldorf II,38,L1
2583,2018-02-03,100000,Fortuna Düsseldorf II,2760,SC1
933,2018-02-05,50000,Eskisehirspor,2293,TR1
1896,2018-02-05,50000,Samsunspor,19771,TR1
2587,2018-02-05,25000,Gaziantepspor,524,TR1
1944,2018-02-09,75000,Eintracht Braunschweig II,23,L1
3391,2018-02-12,750000,Kasimpasa,10484,TR1
1986,2018-02-20,150000,FC Augsburg II,167,L1
3160,2018-02-27,1000000,Aston Villa,631,GB1
264,2018-03-15,100000,Ferencvárosi TC,79,L1
2950,2018-03-30,500000,Austria Vienna,42,L1
1784,2018-04-04,1000000,1.FSV Mainz 05,39,L1
2904,2018-04-10,800000,Atlas Guadalajara,276,IT1
2514,2018-05-02,3000000,Chicago Fire,985,GB1
3182,2018-05-02,500000,Los Angeles Galaxy,12,IT1
2989,2018-05-23,3000000,CR Flamengo,614,BRA1
2857,2018-05-28,1000000,Leicester City,29,GB1
2998,2018-05-28,2500000,Leicester City,1003,GB1
3190,2018-05-28,250000,Southampton FC,180,GB1
3291,2018-05-28,1000000,West Bromwich Albion,984,GB1
3306,2018-05-28,2000000,Burnley FC,1132,GB1
3332,2018-05-28,10000000,Everton FC,985,GB1
3333,2018-05-28,15000000,Liverpool FC,31,GB1
3391,2018-05-29,400000,Kasimpasa,10484,TR1
1896,2018-05-30,50000,Samsunspor,19771,TR1
2334,2018-05-30,50000,Atlético Baleares,44,L1
597,2018-06-01,200000,BATE Borisov,2696,RU1
1667,2018-06-04,1000000,AS Monaco,162,FR1
80,2018-06-05,100000,Bayern Munich,27,L1
532,2018-06-05,500000,1.FC Köln,86,L1
1126,2018-06-05,500000,1.FC Köln,3,L1
1565,2018-06-05,750000,Eintracht Frankfurt,24,L1
1662,2018-06-05,500000,FC Schalke 04,33,L1
1784,2018-06-05,1000000,1.FSV Mainz 05,39,L1
2154,2018-06-05,100000,SC Freiburg,4,L1
2138,2018-06-06,100000,FK Tambov,40426,RU1
2865,2018-06-07,1500000,Juventus FC,167,L1
1257,2018-06-08,100000,SC Paderborn 07,127,L1
1094,2018-06-14,250000,LASK,4,L1
1586,2018-06-14,350000,SK Sturm Graz,42,L1
2950,2018-06-14,250000,Austria Vienna,42,L1
3132,2018-06-14,100000,FC Voluntari,126,TR1
3159,2018-06-18,200000,Parma Calcio 1913,130,IT1
1791,2018-06-19,200000,1.FC Kaiserslautern,167,L1
2201,2018-06-19,200000,Holstein Kiel,127,L1
2421,2018-06-19,400000,Fortuna Düsseldorf,38,L1
3256,2018-06-19,300000,SpVgg Greuther Fürth,15,L1
2923,2018-06-30,500000,FC Viktoria Plzen,3368,ES1
2453,2018-07-04,50000,Sakaryaspor,127,L1
2726,2018-07-11,100000,Penn FC,2990,PO1
3216,2018-07-14,300000,FC Banik Ostrava,589,TR1
1586,2018-08-08,250000,Hannover 96 II,42,L1
1986,2018-09-07,100000,FC Augsburg II,167,L1
3306,2018-09-24,1500000,Ipswich Town,1132,GB1
3322,2018-09-24,100000,Bolton Wanderers,903,SC1
1586,2018-10-10,200000,Hannover 96 II,42,L1
2201,2018-10-13,150000,Eintracht Braunschweig,127,L1
2923,2018-10-24,200000,Without Club,3368,ES1
2726,2018-11-15,75000,Penn FC,2990,PO1
597,2018-12-04,150000,BATE Borisov,2696,RU1
2514,2018-12-15,2500000,Chicago Fire,985,GB1
3182,2018-12-15,500000,Los Angeles Galaxy,12,IT1
3332,2018-12-15,8000000,D.C. United,985,GB1
1667,2018-12-17,1000000,AS Monaco,162,FR1
532,2018-12-18,500000,SV Werder Bremen,86,L1
1662,2018-12-18,300000,FC Schalke 04,33,L1
1784,2018-12-18,800000,1.FSV Mainz 05,39,L1
2154,2018-12-18,100000,1.FC Nuremberg,4,L1
2421,2018-12-18,400000,Fortuna Düsseldorf,38,L1
1094,2018-12-19,250000,LASK,4,L1
2857,2018-12-19,1000000,Leicester City,29,GB1
2865,2018-12-19,1500000,Arsenal FC,167,L1
3333,2018-12-19,15000000,Liverpool FC,31,GB1
2138,2018-12-20,100000,FK Tambov,40426,RU1
3391,2018-12-25,300000,Esteghlal FC,10484,TR1
3216,2018-12-30,300000,FC Banik Ostrava,589,TR1
1126,2019-01-08,250000,1.FC Köln,3,L1
1257,2019-01-08,100000,SC Paderborn 07,127,L1
1565,2019-01-08,500000,FC St. Pauli,24,L1
3256,2019-01-08,100000,SpVgg Greuther Fürth II,15,L1
2201,2019-01-15,100000,Eintracht Braunschweig,127,L1
3391,2019-01-21,300000,FC Aarau,10484,TR1
3159,2019-02-06,100000,SSC Bari,130,IT1
2989,2019-02-18,3000000,Sport Club Internacional,6600,BRA1
1586,2019-02-24,150000,Hannover 96 II,42,L1
2514,2019-05-27,2500000,Chicago Fire,985,GB1
3332,2019-05-27,6000000,D.C. United,985,GB1
1094,2019-06-03,250000,LASK,4,L1
1667,2019-06-03,500000,AS Monaco,162,FR1
3391,2019-06-04,300000,FC Aarau,10484,TR1
532,2019-06-05,500000,SV Werder Bremen,86,L1
1662,2019-06-05,300000,FC Schalke 04,33,L1
1784,2019-06-05,500000,1.FSV Mainz 05,39,L1
2154,2019-06-05,100000,1.FC Nuremberg,4,L1
2421,2019-06-05,500000,Fortuna Düsseldorf,38,L1
3159,2019-06-06,100000,SSC Bari,130,IT1
1126,2019-06-12,250000,1.FC Köln,3,L1
1257,2019-06-12,100000,SC Paderborn 07,127,L1
1565,2019-06-12,300000,FC St. Pauli,24,L1
2857,2019-06-13,750000,Leicester City,29,GB1
3333,2019-06-13,15000000,Liverpool FC,31,GB1
2138,2019-06-14,50000,FK Tambov,40426,RU1
3216,2019-06-25,300000,FC Banik Ostrava,589,TR1
3182,2019-06-28,500000,Derby County,12,IT1
3291,2019-06-28,750000,West Bromwich Albion,984,GB1
3322,2019-06-28,100000,Bolton Wanderers,903,SC1
1586,2019-07-28,125000,Hannover 96 II,42,L1
2514,2019-11-18,1000000,Chicago Fire FC,985,GB1
2989,2019-11-27,2300000,Sport Club Internacional,6600,BRA1
3332,2019-11-30,4500000,D.C. United,985,GB1
3216,2019-12-07,250000,FC Banik Ostrava,589,TR1
597,2019-12-09,150000,Isloch Minsk Region,2696,RU1
2857,2019-12-10,750000,Leicester City,29,GB1
3333,2019-12-10,12000000,Liverpool FC,31,GB1
2154,2019-12-13,100000,1.FC Nuremberg,4,L1
1094,2019-12-16,200000,LASK,4,L1
532,2019-12-17,500000,SV Werder Bremen,86,L1
1257,2019-12-17,100000,SC Paderborn 07,127,L1
2421,2019-12-17,350000,Fortuna Düsseldorf,38,L1
2865,2019-12-17,1000000,FC Augsburg,167,L1
1667,2019-12-19,250000,AS Monaco,162,FR1
3159,2019-12-20,100000,SSC Bari,130,IT1
2138,2019-12-23,50000,Baltika Kaliningrad,40426,RU1
3391,2020-01-06,300000,FC Aarau,10484,TR1
1586,2020-02-20,100000,Hannover 96 II,42,L1
3291,2020-02-27,400000,West Bromwich Albion,984,GB1
3332,2020-02-27,3000000,Derby County,985,GB1
215,2020-03-02,250000,Olimpia Asunción,1084,ES1
2050,2020-03-02,250000,Club Cerro Porteño,24,L1
3333,2020-03-09,8000000,Liverpool FC,31,GB1
532,2020-04-08,400000,SV Werder Bremen,86,L1
2421,2020-04-08,300000,Fortuna Düsseldorf,38,L1
2857,2020-04-08,600000,Leicester City,29,GB1
2865,2020-04-08,800000,FC Augsburg,167,L1
2989,2020-04-08,1800000,Sport Club Internacional,6600,BRA1
3291,2020-04-08,325000,West Bromwich Albion,984,GB1
3332,2020-04-08,2400000,Derby County,985,GB1
3333,2020-04-08,6500000,Liverpool FC,31,GB1
2138,2020-06-29,50000,Baltika Kaliningrad,40426,RU1
3159,2020-07-24,100000,SSC Bari,130,IT1
3391,2020-07-31,250000,FC Aarau,10484,TR1
2989,2020-09-09,1500000,Sport Club Internacional,6600,BRA1
2453,2020-09-15,50000,KSV Hessen Kassel,127,L1
1586,2020-09-16,100000,Hannover 96 II,42,L1
2857,2020-10-13,600000,Leicester City,29,GB1
3333,2020-10-13,5000000,Liverpool FC,31,GB1
215,2020-10-14,250000,Olimpia Asunción,1084,ES1
2050,2020-10-14,200000,Club Cerro Porteño,24,L1
3332,2020-10-15,2000000,Derby County,985,GB1
3391,2020-11-09,200000,Without Club,10484,TR1
2138,2020-12-29,50000,Baltika Kaliningrad,40426,RU1
3159,2021-01-13,75000,SSC Bari,130,IT1
215,2021-02-04,250000,Olimpia Asunción,1084,ES1
2050,2021-02-04,100000,Without Club,24,L1
1257,2021-02-08,100000,Hannover 96,127,L1
2154,2021-02-08,100000,1.FC Nuremberg,4,L1
2989,2021-02-09,1000000,Sport Club Internacional,6600,BRA1
2453,2021-02-15,50000,KSV Hessen Kassel,127,L1
2857,2021-03-18,400000,Leicester City,29,GB1
3333,2021-03-18,3000000,Liverpool FC,31,GB1
2138,2021-05-24,50000,Baltika Kaliningrad,40426,RU1
2989,2021-05-28,750000,Sport Club Internacional,6600,BRA1
2857,2021-06-08,300000,Leicester City,29,GB1
3333,2021-06-08,3000000,Liverpool FC,31,GB1
1257,2021-06-16,50000,Hannover 96,127,L1
2154,2021-06-16,50000,1.FC Nuremberg,4,L1
3159,2021-06-23,50000,SSC Bari,130,IT1
215,2021-06-28,250000,Olimpia Asunción,1084,ES1
2453,2021-06-30,50000,KSV Hessen Kassel,127,L1
2989,2021-10-28,500000,Without Club,515,
2138,2021-12-07,50000,Baltika Kaliningrad,40426,RU1
215,2021-12-09,250000,Olimpia Asunción,1084,ES1
2154,2021-12-15,50000,1.FC Nuremberg,4,L1
3159,2021-12-22,25000,SSC Bari,130,IT1
2857,2021-12-23,300000,Leicester City,29,GB1
3333,2021-12-23,2000000,Liverpool FC,31,GB1
2453,2021-12-30,50000,SC Verl,127,L1
2989,2022-04-21,250000,Without Club,515,
2138,2022-05-30,25000,Baltika Kaliningrad,40426,RU1
215,2022-06-14,250000,Club Libertad Asunción,1084,ES1
2857,2022-06-15,250000,Leicester City,29,GB1
3333,2022-06-15,2000000,Liverpool FC,31,GB1
2154,2022-06-16,50000,1.FC Nuremberg,4,L1
3159,2022-06-22,25000,SSC Bari,130,IT1
2989,2022-08-19,250000,Avaí FC,2035,
2857,2022-11-03,200000,Everton FC,29,GB1
3333,2022-11-03,2000000,Liverpool FC,31,GB1
2989,2022-11-14,200000,Avaí FC,2035,
215,2022-11-30,250000,Club Libertad Asunción,1084,ES1
2138,2022-12-08,25000,Baltika Kaliningrad,40426,RU1
3159,2022-12-22,100000,SSC Bari,130,IT1
3159,2023-06-12,200000,SSC Bari,130,IT1
3333,2023-06-20,1500000,Liverpool FC,31,GB1
215,2023-06-30,250000,Club Libertad Asunción,1084,ES1
2989,2023-07-04,150000,Racing Club,1444,ARG1
2857,2023-08-22,100000,Los Angeles FC,29,GB1
2989,2023-12-05,175000,LDU Quito,9855,
3333,2023-12-19,1000000,Brighton & Hove Albion,1237,GB1
3333,2024-05-27,1000000,Brighton & Hove Albion,1237,GB1
2989,2024-05-28,100000,Universidad César Vallejo,6889,
2989,2024-11-07,75000,Club Alianza Lima,184,
3333,2024-12-16,1000000,Brighton & Hove Albion,1237,GB1
3333,2025-05-30,1000000,Brighton & Hove Albion,1237,GB1
2989,2025-06-12,50000,Club Alianza Lima,184,
2989,2025-11-06,50000,Club Alianza Lima,184,
3333,2025-12-09,750000,Brighton & Hove Albion,1237,GB1
3333,2026-06-03,500000,Brighton & Hove Albion,1237,GB1
2989,2026-06-05,50000,Club Alianza Lima,184,
